2026-01-09 20:05:12,845 : Namespace(seed=3, gpu_deterministic=False, data_scale=1.0, dec_size=[1024, 512, 1024], enc_dest_size=[256, 128], enc_latent_size=[256, 512], enc_past_size=[512, 256], predictor_hidden_size=[1024, 512, 256], non_local_theta_size=[256, 128, 64], non_local_phi_size=[256, 128, 64], non_local_g_size=[256, 128, 64], non_local_dim=128, fdim=16, future_length=10, device=0, kld_coeff=0.5, future_loss_coeff=1, dest_loss_coeff=2, learning_rate=5e-05, lr_decay_step_size=4, lr_decay_gamma=0.5, mu=0, n_values=20, nonlocal_pools=3, num_epochs=50, num_workers=0, past_length=20, sigma=1.3, zdim=16, print_log=6, sub_goal_indexes=[2, 5, 7, 9], e_prior_sig=2, e_init_sig=2, e_activation='lrelu', e_activation_leak=0.2, e_energy_form='identity', e_l_steps=5, e_l_steps_pcd=20, e_l_step_size=0.4, e_l_with_noise=True, e_sn=False, e_lr=3e-05, e_is_grad_clamp=False, e_max_norm=25, e_decay=0.0001, e_gamma=0.998, e_beta1=0.9, e_beta2=0.999, memory_size=200000, dataset_name='swarm', dataset_folder='dataset', obs=20, preds=10, delim='\t', verbose=False, val_size=0, batch_size=512, ny=1, model_path='saved_models/lbebm3D_scene1.pt', test_mode=False, vis=False, lstm_layers=1, state_layers=3, way_points=[0, 1, 3, 4, 6, 8])
2026-01-09 20:08:22,722 :     5/    0 dest_loss=3.905980 future_loss=2.873575 offset_loss=167.886617 kld=3.736739 cd=-0.050917 en_pos=-0.041186 en_neg=0.009730 pcd=False subgoal_reg=0.0069297418499540695 
2026-01-09 20:08:37,558 :    11/    0 dest_loss=4.748679 future_loss=3.500260 offset_loss=166.018299 kld=1.966533 cd=-0.079467 en_pos=-0.026534 en_neg=0.052933 pcd=False subgoal_reg=0.006235099891650071 
2026-01-09 20:08:52,456 :    17/    0 dest_loss=5.504798 future_loss=4.077510 offset_loss=164.394923 kld=0.990042 cd=-0.111687 en_pos=-0.011515 en_neg=0.100172 pcd=False subgoal_reg=0.006943275659288787 
2026-01-09 20:09:07,248 :    23/    0 dest_loss=7.303755 future_loss=5.399078 offset_loss=162.685860 kld=0.598010 cd=-0.144087 en_pos=0.007105 en_neg=0.151192 pcd=False subgoal_reg=0.010966708617047544 
2026-01-09 20:09:22,186 :    29/    0 dest_loss=4.048370 future_loss=3.043764 offset_loss=157.232340 kld=0.300650 cd=-0.176599 en_pos=0.022507 en_neg=0.199106 pcd=False subgoal_reg=0.015298862659345986 
2026-01-09 20:09:37,573 :    35/    0 dest_loss=5.274655 future_loss=4.019738 offset_loss=154.500544 kld=0.293345 cd=-0.221299 en_pos=0.041319 en_neg=0.262618 pcd=False subgoal_reg=0.04122503356409586 
2026-01-09 20:09:52,566 :    41/    0 dest_loss=4.627200 future_loss=3.815477 offset_loss=149.504289 kld=0.285275 cd=-0.252056 en_pos=0.063244 en_neg=0.315300 pcd=False subgoal_reg=0.10794420699150134 
2026-01-09 20:10:07,440 :    47/    0 dest_loss=2.986255 future_loss=3.223532 offset_loss=139.767550 kld=0.399400 cd=-0.300918 en_pos=0.089246 en_neg=0.390163 pcd=False subgoal_reg=0.33587073039214294 
2026-01-09 20:10:22,801 :    53/    0 dest_loss=3.893826 future_loss=4.507042 offset_loss=135.551484 kld=0.306621 cd=-0.320419 en_pos=0.108395 en_neg=0.428814 pcd=False subgoal_reg=0.5898975664507118 
2026-01-09 20:10:37,791 :    59/    0 dest_loss=3.178904 future_loss=5.129884 offset_loss=125.113492 kld=0.304743 cd=-0.346092 en_pos=0.155532 en_neg=0.501625 pcd=False subgoal_reg=1.006663032483348 
2026-01-09 20:10:52,594 :    65/    0 dest_loss=1.563835 future_loss=7.918380 offset_loss=112.804470 kld=0.414014 cd=-0.385639 en_pos=0.213222 en_neg=0.598862 pcd=False subgoal_reg=2.7551288143345403 
2026-01-09 20:11:07,494 :    71/    0 dest_loss=2.307715 future_loss=10.529681 offset_loss=107.677042 kld=0.365734 cd=-0.436309 en_pos=0.224834 en_neg=0.661144 pcd=False subgoal_reg=3.2761967565569257 
2026-01-09 20:11:22,350 :    77/    0 dest_loss=1.626997 future_loss=9.782067 offset_loss=97.974622 kld=0.355550 cd=-0.496920 en_pos=0.227646 en_neg=0.724566 pcd=False subgoal_reg=3.3484065699454444 
2026-01-09 20:11:37,193 :    83/    0 dest_loss=1.259979 future_loss=8.731166 offset_loss=88.294290 kld=0.304153 cd=-0.491723 en_pos=0.250740 en_neg=0.742464 pcd=False subgoal_reg=3.3850385377938323 
2026-01-09 20:11:52,148 :    89/    0 dest_loss=2.169622 future_loss=12.619197 offset_loss=75.591221 kld=0.407053 cd=-0.559900 en_pos=0.288352 en_neg=0.848252 pcd=False subgoal_reg=3.8744456658861592 
2026-01-09 20:12:06,972 :    95/    0 dest_loss=2.679971 future_loss=10.891834 offset_loss=65.020231 kld=0.258932 cd=-0.599128 en_pos=0.262922 en_neg=0.862050 pcd=False subgoal_reg=2.407346525819619 
2026-01-09 20:12:21,787 :   101/    0 dest_loss=3.954824 future_loss=14.600360 offset_loss=47.247571 kld=0.321999 cd=-0.643230 en_pos=0.301075 en_neg=0.944305 pcd=False subgoal_reg=2.6600029591462278 
2026-01-09 20:12:36,646 :   107/    0 dest_loss=2.111034 future_loss=14.152231 offset_loss=36.344079 kld=0.246193 cd=-0.692476 en_pos=0.301612 en_neg=0.994088 pcd=False subgoal_reg=3.442968255778886 
2026-01-09 20:12:51,644 :   113/    0 dest_loss=1.853468 future_loss=15.775670 offset_loss=28.185709 kld=0.357954 cd=-0.706702 en_pos=0.378664 en_neg=1.085366 pcd=False subgoal_reg=4.079578973608577 
2026-01-09 20:13:06,532 :   119/    0 dest_loss=1.646670 future_loss=12.490016 offset_loss=25.685641 kld=0.258589 cd=-0.799827 en_pos=0.352982 en_neg=1.152809 pcd=False subgoal_reg=3.0942094637473234 
2026-01-09 20:13:21,400 :   125/    0 dest_loss=1.169928 future_loss=11.264975 offset_loss=19.747732 kld=0.247549 cd=-0.847604 en_pos=0.364986 en_neg=1.212590 pcd=False subgoal_reg=2.5220640821980083 
2026-01-09 20:13:36,313 :   131/    0 dest_loss=1.001937 future_loss=10.011060 offset_loss=14.983212 kld=0.246462 cd=-0.910766 en_pos=0.411819 en_neg=1.322585 pcd=False subgoal_reg=2.197344009200302 
2026-01-09 20:13:51,132 :   137/    0 dest_loss=0.805274 future_loss=7.610325 offset_loss=11.394919 kld=0.185776 cd=-0.968813 en_pos=0.419416 en_neg=1.388229 pcd=False subgoal_reg=1.6289275399606986 
2026-01-09 20:14:06,153 :   143/    0 dest_loss=0.328325 future_loss=6.276157 offset_loss=7.695891 kld=0.262696 cd=-0.982081 en_pos=0.511131 en_neg=1.493212 pcd=False subgoal_reg=1.7276087722049136 
2026-01-09 20:14:20,999 :   149/    0 dest_loss=0.261012 future_loss=4.674184 offset_loss=5.502117 kld=0.223852 cd=-1.083898 en_pos=0.536546 en_neg=1.620445 pcd=False subgoal_reg=1.3527047857046697 
2026-01-09 20:14:35,927 :   155/    0 dest_loss=0.322014 future_loss=3.946110 offset_loss=4.114729 kld=0.283906 cd=-1.131707 en_pos=0.590424 en_neg=1.722132 pcd=False subgoal_reg=1.4709973675887527 
2026-01-09 20:14:50,762 :   161/    0 dest_loss=0.332103 future_loss=3.055992 offset_loss=3.704294 kld=0.177458 cd=-1.185680 en_pos=0.618998 en_neg=1.804679 pcd=False subgoal_reg=0.8192462854413253 
2026-01-09 20:15:05,842 :   167/    0 dest_loss=0.486163 future_loss=2.594792 offset_loss=3.230985 kld=0.204074 cd=-1.259797 en_pos=0.654913 en_neg=1.914710 pcd=False subgoal_reg=0.6037397530108974 
2026-01-09 20:15:20,821 :   173/    0 dest_loss=0.458881 future_loss=2.017489 offset_loss=2.525845 kld=0.172024 cd=-1.337629 en_pos=0.705144 en_neg=2.042773 pcd=False subgoal_reg=0.4038252236830978 
2026-01-09 20:15:35,708 :   179/    0 dest_loss=0.348008 future_loss=1.863029 offset_loss=2.073706 kld=0.226643 cd=-1.435339 en_pos=0.810817 en_neg=2.246156 pcd=False subgoal_reg=0.39464295413272316 
2026-01-09 20:15:50,549 :   185/    0 dest_loss=0.205344 future_loss=1.339176 offset_loss=1.796416 kld=0.184526 cd=-1.498637 en_pos=0.850753 en_neg=2.349390 pcd=False subgoal_reg=0.3547765593064005 
2026-01-09 20:16:05,403 :   191/    0 dest_loss=0.220157 future_loss=1.098023 offset_loss=1.653494 kld=0.162888 cd=-1.525392 en_pos=0.916413 en_neg=2.441805 pcd=False subgoal_reg=0.20439740172003348 
2026-01-09 20:16:20,424 :   197/    0 dest_loss=0.377582 future_loss=1.055926 offset_loss=1.393908 kld=0.172994 cd=-1.636709 en_pos=0.981039 en_neg=2.617748 pcd=False subgoal_reg=0.18764120006892487 
2026-01-09 20:16:35,283 :   203/    0 dest_loss=0.259982 future_loss=0.829156 offset_loss=1.260985 kld=0.129360 cd=-1.729886 en_pos=0.978499 en_neg=2.708385 pcd=False subgoal_reg=0.14977451236836384 
2026-01-09 20:16:50,153 :   209/    0 dest_loss=0.256163 future_loss=0.793915 offset_loss=1.099121 kld=0.116165 cd=-1.875357 en_pos=0.945986 en_neg=2.821343 pcd=False subgoal_reg=0.10849029338417032 
2026-01-09 20:17:05,132 :   215/    0 dest_loss=0.307509 future_loss=0.782330 offset_loss=0.933418 kld=0.162660 cd=-1.900531 en_pos=1.170110 en_neg=3.070641 pcd=False subgoal_reg=0.12364363186370847 
2026-01-09 20:17:20,070 :   221/    0 dest_loss=0.376859 future_loss=0.714699 offset_loss=0.907541 kld=0.152225 cd=-2.078231 en_pos=1.132882 en_neg=3.211113 pcd=False subgoal_reg=0.1027168253894051 
2026-01-09 20:17:34,934 :   227/    0 dest_loss=0.261031 future_loss=0.627506 offset_loss=0.883378 kld=0.122463 cd=-2.179912 en_pos=1.233214 en_neg=3.413126 pcd=False subgoal_reg=0.07065524842981283 
2026-01-09 20:17:49,757 :   233/    0 dest_loss=0.157020 future_loss=0.531475 offset_loss=0.783147 kld=0.105238 cd=-2.198215 en_pos=1.240352 en_neg=3.438566 pcd=False subgoal_reg=0.10024550807029942 
2026-01-09 20:18:04,554 :   239/    0 dest_loss=0.159211 future_loss=0.496613 offset_loss=0.721464 kld=0.090570 cd=-2.350073 en_pos=1.297064 en_neg=3.647137 pcd=False subgoal_reg=0.06756749180849514 
2026-01-09 20:18:19,639 :   245/    0 dest_loss=0.257035 future_loss=0.450456 offset_loss=0.872298 kld=0.093407 cd=-2.510731 en_pos=1.413787 en_neg=3.924518 pcd=False subgoal_reg=0.06390173580869346 
2026-01-09 20:18:35,020 :   251/    0 dest_loss=0.226102 future_loss=0.505545 offset_loss=0.695486 kld=0.116661 cd=-2.629664 en_pos=1.470625 en_neg=4.100290 pcd=False subgoal_reg=0.07180010578334069 
2026-01-09 20:18:49,883 :   257/    0 dest_loss=0.192538 future_loss=0.489254 offset_loss=0.626280 kld=0.078691 cd=-2.615917 en_pos=1.498183 en_neg=4.114099 pcd=False subgoal_reg=0.05571536645113124 
2026-01-09 20:19:04,723 :   263/    0 dest_loss=0.166651 future_loss=0.444144 offset_loss=0.582644 kld=0.072984 cd=-2.928379 en_pos=1.499904 en_neg=4.428283 pcd=False subgoal_reg=0.04903352835940078 
2026-01-09 20:19:19,618 :   269/    0 dest_loss=0.434682 future_loss=0.522647 offset_loss=0.721971 kld=0.110388 cd=-2.736374 en_pos=1.796042 en_neg=4.532416 pcd=False subgoal_reg=0.09013268387430265 
2026-01-09 20:19:34,489 :   275/    0 dest_loss=0.409186 future_loss=0.540857 offset_loss=0.703750 kld=0.097976 cd=-3.049454 en_pos=1.855121 en_neg=4.904575 pcd=False subgoal_reg=0.03475402168892741 
2026-01-09 20:19:49,364 :   281/    0 dest_loss=0.189512 future_loss=0.359020 offset_loss=0.527683 kld=0.076439 cd=-3.195267 en_pos=1.840407 en_neg=5.035674 pcd=False subgoal_reg=0.06973508611437262 
2026-01-09 20:20:04,307 :   287/    0 dest_loss=0.142899 future_loss=0.361794 offset_loss=0.567804 kld=0.085214 cd=-3.118492 en_pos=1.942827 en_neg=5.061318 pcd=False subgoal_reg=0.0520708977851382 
2026-01-09 20:20:19,288 :   293/    0 dest_loss=0.228147 future_loss=0.381959 offset_loss=0.542121 kld=0.058474 cd=-3.283373 en_pos=1.957958 en_neg=5.241331 pcd=False subgoal_reg=0.04502301452430971 
2026-01-09 20:20:34,203 :   299/    0 dest_loss=0.227904 future_loss=0.410810 offset_loss=0.557709 kld=0.074312 cd=-3.517055 en_pos=2.105635 en_neg=5.622689 pcd=False subgoal_reg=0.04158174334841939 
2026-01-09 20:20:49,083 :   305/    0 dest_loss=0.177460 future_loss=0.385582 offset_loss=0.474376 kld=0.074711 cd=-3.569003 en_pos=2.257998 en_neg=5.827001 pcd=False subgoal_reg=0.046435540906068 
2026-01-09 20:21:04,254 :   311/    0 dest_loss=0.489126 future_loss=0.500530 offset_loss=0.596855 kld=0.100793 cd=-3.636006 en_pos=2.409472 en_neg=6.045479 pcd=False subgoal_reg=0.05874470103249899 
2026-01-09 20:21:19,273 :   317/    0 dest_loss=0.158370 future_loss=0.214088 offset_loss=0.613944 kld=0.069610 cd=-3.973244 en_pos=2.290688 en_neg=6.263932 pcd=False subgoal_reg=0.030105250904012854 
2026-01-09 20:21:34,183 :   323/    0 dest_loss=0.186193 future_loss=0.361663 offset_loss=0.515130 kld=0.078579 cd=-3.910632 en_pos=2.603123 en_neg=6.513755 pcd=False subgoal_reg=0.05382692269655291 
2026-01-09 20:21:49,089 :   329/    0 dest_loss=0.414852 future_loss=0.406861 offset_loss=0.534230 kld=0.080167 cd=-4.103555 en_pos=2.585328 en_neg=6.688882 pcd=False subgoal_reg=0.04555661955315291 
2026-01-09 20:22:04,086 :   335/    0 dest_loss=0.323718 future_loss=0.457302 offset_loss=0.449652 kld=0.075108 cd=-4.115191 en_pos=2.893380 en_neg=7.008571 pcd=False subgoal_reg=0.03521784471688628 
2026-01-09 20:22:19,035 :   341/    0 dest_loss=0.517683 future_loss=0.445550 offset_loss=0.521836 kld=0.088597 cd=-4.151025 en_pos=2.927736 en_neg=7.078761 pcd=False subgoal_reg=0.09160631650197656 
2026-01-09 20:22:33,869 :   347/    0 dest_loss=0.214596 future_loss=0.469276 offset_loss=0.195156 kld=0.065994 cd=-4.700796 en_pos=2.828154 en_neg=7.528950 pcd=False subgoal_reg=0.032233165618787724 
2026-01-09 20:22:48,748 :   353/    0 dest_loss=0.142405 future_loss=0.286941 offset_loss=0.370282 kld=0.060216 cd=-4.687694 en_pos=2.999863 en_neg=7.687558 pcd=False subgoal_reg=0.027325758843839917 
2026-01-09 20:23:03,625 :   359/    0 dest_loss=0.166217 future_loss=0.232025 offset_loss=0.404948 kld=0.077614 cd=-4.653874 en_pos=3.193066 en_neg=7.846940 pcd=False subgoal_reg=0.05769818026855169 
2026-01-09 20:23:18,559 :   365/    0 dest_loss=0.126268 future_loss=0.230520 offset_loss=0.325748 kld=0.047698 cd=-4.857974 en_pos=2.968001 en_neg=7.825975 pcd=False subgoal_reg=0.029897106854020618 
2026-01-09 20:23:33,434 :   371/    0 dest_loss=0.362103 future_loss=0.370601 offset_loss=0.542131 kld=0.075029 cd=-5.091552 en_pos=3.515895 en_neg=8.607446 pcd=False subgoal_reg=0.04801583841265955 
2026-01-09 20:23:48,332 :   377/    0 dest_loss=0.264917 future_loss=0.295193 offset_loss=0.466061 kld=0.079356 cd=-5.053709 en_pos=3.644231 en_neg=8.697940 pcd=False subgoal_reg=0.027194379214692817 
2026-01-09 20:24:03,427 :   383/    0 dest_loss=0.255978 future_loss=0.305170 offset_loss=0.394535 kld=0.050869 cd=-5.142537 en_pos=3.493345 en_neg=8.635882 pcd=False subgoal_reg=0.02277189817783372 
2026-01-09 20:24:19,219 :   389/    0 dest_loss=0.127365 future_loss=0.258691 offset_loss=0.338304 kld=0.053039 cd=-5.637070 en_pos=3.603524 en_neg=9.240593 pcd=False subgoal_reg=0.05361190993709129 
2026-01-09 20:24:34,813 :   395/    0 dest_loss=0.103235 future_loss=0.227009 offset_loss=0.296826 kld=0.047045 cd=-2.977048 en_pos=3.590681 en_neg=6.567729 pcd=True subgoal_reg=0.028027747583145277 
2026-01-09 20:24:50,271 :   401/    0 dest_loss=0.417297 future_loss=0.419754 offset_loss=0.546438 kld=0.071530 cd=-2.856602 en_pos=3.968032 en_neg=6.824634 pcd=True subgoal_reg=0.028743081097838262 
2026-01-09 20:25:05,809 :   407/    0 dest_loss=0.251251 future_loss=0.355038 offset_loss=0.475148 kld=0.070088 cd=-2.951923 en_pos=4.011894 en_neg=6.963817 pcd=True subgoal_reg=0.04264984632950291 
2026-01-09 20:25:21,123 :   413/    0 dest_loss=0.199739 future_loss=0.244545 offset_loss=0.366120 kld=0.061351 cd=-2.936712 en_pos=4.043203 en_neg=6.979915 pcd=True subgoal_reg=0.028858748193943715 
2026-01-09 20:25:36,415 :   419/    0 dest_loss=0.146038 future_loss=0.244441 offset_loss=0.292343 kld=0.057527 cd=-2.813275 en_pos=4.111630 en_neg=6.924906 pcd=True subgoal_reg=0.02401621870471892 
2026-01-09 20:25:51,601 :   425/    0 dest_loss=0.564177 future_loss=0.475091 offset_loss=0.516782 kld=0.083129 cd=-2.941265 en_pos=4.363013 en_neg=7.304278 pcd=True subgoal_reg=0.043738914142799595 
2026-01-09 20:26:06,762 :   431/    0 dest_loss=0.197751 future_loss=0.198697 offset_loss=0.422679 kld=0.066151 cd=-2.879558 en_pos=4.326680 en_neg=7.206238 pcd=True subgoal_reg=0.02791346951377303 
2026-01-09 20:26:21,938 :   437/    0 dest_loss=0.294145 future_loss=0.351093 offset_loss=0.264019 kld=0.053152 cd=-2.842721 en_pos=4.056812 en_neg=6.899532 pcd=True subgoal_reg=0.029193506581968603 
2026-01-09 20:26:37,064 :   443/    0 dest_loss=0.138575 future_loss=0.209035 offset_loss=0.358568 kld=0.064621 cd=-3.016007 en_pos=4.376295 en_neg=7.392301 pcd=True subgoal_reg=0.038420088516924286 
2026-01-09 20:26:52,240 :   449/    0 dest_loss=0.196173 future_loss=0.235968 offset_loss=0.345246 kld=0.063308 cd=-3.051922 en_pos=4.405717 en_neg=7.457639 pcd=True subgoal_reg=0.021119420898189953 
2026-01-09 20:27:07,388 :   455/    0 dest_loss=0.282825 future_loss=0.308423 offset_loss=0.432483 kld=0.054917 cd=-2.823164 en_pos=4.559334 en_neg=7.382497 pcd=True subgoal_reg=0.03127189706052166 
2026-01-09 20:27:22,610 :   461/    0 dest_loss=0.188474 future_loss=0.251898 offset_loss=0.319087 kld=0.046358 cd=-2.972650 en_pos=4.443826 en_neg=7.416476 pcd=True subgoal_reg=0.023136121122181497 
2026-01-09 20:27:38,056 :   467/    0 dest_loss=0.217217 future_loss=0.308528 offset_loss=0.321455 kld=0.064160 cd=-2.873412 en_pos=4.849225 en_neg=7.722637 pcd=True subgoal_reg=0.026826544069175968 
2026-01-09 20:27:53,586 :   473/    0 dest_loss=0.106400 future_loss=0.189450 offset_loss=0.263909 kld=0.045972 cd=-2.725093 en_pos=4.652585 en_neg=7.377677 pcd=True subgoal_reg=0.025073187645844514 
2026-01-09 20:28:08,953 :   479/    0 dest_loss=0.228032 future_loss=0.263813 offset_loss=0.386559 kld=0.050285 cd=-2.892063 en_pos=4.757380 en_neg=7.649443 pcd=True subgoal_reg=0.02124896803254271 
2026-01-09 20:28:24,036 :   485/    0 dest_loss=0.216348 future_loss=0.233444 offset_loss=0.271960 kld=0.054581 cd=-3.011911 en_pos=5.040220 en_neg=8.052130 pcd=True subgoal_reg=0.02765431569027246 
2026-01-09 20:28:39,229 :   491/    0 dest_loss=0.145275 future_loss=0.211032 offset_loss=0.254349 kld=0.046158 cd=-2.442417 en_pos=4.972887 en_neg=7.415304 pcd=True subgoal_reg=0.03456212856632326 
2026-01-09 20:28:54,378 :   497/    0 dest_loss=0.226499 future_loss=0.235176 offset_loss=0.342170 kld=0.059634 cd=-2.563028 en_pos=5.159053 en_neg=7.722081 pcd=True subgoal_reg=0.02292548066983914 
2026-01-09 20:29:09,576 :   503/    0 dest_loss=0.168040 future_loss=0.196543 offset_loss=0.302350 kld=0.045167 cd=-2.628478 en_pos=4.886127 en_neg=7.514605 pcd=True subgoal_reg=0.026856181041434724 
2026-01-09 20:29:24,706 :   509/    0 dest_loss=0.189750 future_loss=0.278823 offset_loss=0.248432 kld=0.047825 cd=-2.535862 en_pos=5.131867 en_neg=7.667728 pcd=True subgoal_reg=0.021654707642467616 
2026-01-09 20:30:58,086 : Train Loss 15908.009971021662
2026-01-09 20:30:58,086 : Overall Loss 1379.9239993633084
2026-01-09 20:30:58,086 : Dest Loss 504.0385797970643
2026-01-09 20:30:58,086 : Val ADE 0.4891086521110544
2026-01-09 20:30:58,086 : Val FDE 0.3263182529575328
2026-01-09 20:30:58,087 : Val Best ADE 0.4891086521110544
2026-01-09 20:30:58,087 : Val Best FDE 0.3263182529575328
2026-01-09 20:30:58,087 : ----->learning rate 0.005
2026-01-09 20:31:14,633 :     5/    1 dest_loss=0.217938 future_loss=0.214697 offset_loss=0.367511 kld=0.048678 cd=-2.746160 en_pos=5.303233 en_neg=8.049392 pcd=True subgoal_reg=0.01670996121493622 
2026-01-09 20:31:30,325 :    11/    1 dest_loss=0.161944 future_loss=0.155339 offset_loss=0.375819 kld=0.050356 cd=-2.567179 en_pos=5.298555 en_neg=7.865734 pcd=True subgoal_reg=0.03659432426828027 
2026-01-09 20:31:45,914 :    17/    1 dest_loss=0.099728 future_loss=0.170424 offset_loss=0.205226 kld=0.048782 cd=-2.374509 en_pos=5.461233 en_neg=7.835742 pcd=True subgoal_reg=0.025509393297463996 
2026-01-09 20:32:01,540 :    23/    1 dest_loss=0.472206 future_loss=0.383045 offset_loss=0.471226 kld=0.059415 cd=-2.033349 en_pos=5.740007 en_neg=7.773356 pcd=True subgoal_reg=0.025185630841865318 
2026-01-09 20:32:16,973 :    29/    1 dest_loss=0.124592 future_loss=0.151558 offset_loss=0.239154 kld=0.045789 cd=-2.366406 en_pos=5.572790 en_neg=7.939195 pcd=True subgoal_reg=0.031351381855809664 
2026-01-09 20:32:32,778 :    35/    1 dest_loss=0.206007 future_loss=0.198455 offset_loss=0.271113 kld=0.049110 cd=-2.054049 en_pos=5.585905 en_neg=7.639954 pcd=True subgoal_reg=0.02292714519431772 
2026-01-09 20:32:48,355 :    41/    1 dest_loss=0.214748 future_loss=0.183136 offset_loss=0.376883 kld=0.046309 cd=-2.359355 en_pos=5.613674 en_neg=7.973030 pcd=True subgoal_reg=0.017787663337080366 
2026-01-09 20:33:03,884 :    47/    1 dest_loss=0.189088 future_loss=0.230422 offset_loss=0.292999 kld=0.047778 cd=-2.156071 en_pos=5.835076 en_neg=7.991147 pcd=True subgoal_reg=0.03469425727446859 
2026-01-09 20:33:19,442 :    53/    1 dest_loss=0.269937 future_loss=0.222608 offset_loss=0.309847 kld=0.051270 cd=-2.227802 en_pos=5.968058 en_neg=8.195860 pcd=True subgoal_reg=0.017871177783297092 
2026-01-09 20:33:35,020 :    59/    1 dest_loss=0.350830 future_loss=0.301524 offset_loss=0.367479 kld=0.056119 cd=-2.286826 en_pos=5.988922 en_neg=8.275749 pcd=True subgoal_reg=0.024452610792967584 
2026-01-09 20:33:50,611 :    65/    1 dest_loss=0.153290 future_loss=0.172260 offset_loss=0.231886 kld=0.045058 cd=-2.240595 en_pos=5.813818 en_neg=8.054413 pcd=True subgoal_reg=0.02131579340598332 
2026-01-09 20:34:06,151 :    71/    1 dest_loss=0.238186 future_loss=0.199936 offset_loss=0.295885 kld=0.048885 cd=-2.356989 en_pos=6.085706 en_neg=8.442696 pcd=True subgoal_reg=0.025134196210366888 
2026-01-09 20:34:21,806 :    77/    1 dest_loss=0.175116 future_loss=0.201188 offset_loss=0.280878 kld=0.044727 cd=-2.116312 en_pos=5.810961 en_neg=7.927273 pcd=True subgoal_reg=0.01686441811643393 
2026-01-09 20:34:37,491 :    83/    1 dest_loss=0.216980 future_loss=0.229411 offset_loss=0.263386 kld=0.050852 cd=-1.900548 en_pos=6.351192 en_neg=8.251740 pcd=True subgoal_reg=0.028102297836163387 
2026-01-09 20:34:52,969 :    89/    1 dest_loss=0.250111 future_loss=0.228631 offset_loss=0.389811 kld=0.045183 cd=-1.845456 en_pos=6.160811 en_neg=8.006267 pcd=True subgoal_reg=0.011804978655323388 
2026-01-09 20:35:08,443 :    95/    1 dest_loss=0.228988 future_loss=0.253787 offset_loss=0.254183 kld=0.043430 cd=-2.027354 en_pos=6.029310 en_neg=8.056664 pcd=True subgoal_reg=0.02115675845834664 
2026-01-09 20:35:24,022 :   101/    1 dest_loss=0.317224 future_loss=0.340257 offset_loss=0.285701 kld=0.053050 cd=-1.885066 en_pos=6.146018 en_neg=8.031084 pcd=True subgoal_reg=0.019605031023329673 
2026-01-09 20:35:39,784 :   107/    1 dest_loss=0.114318 future_loss=0.145497 offset_loss=0.227903 kld=0.044527 cd=-1.615250 en_pos=6.455164 en_neg=8.070414 pcd=True subgoal_reg=0.01483519120020925 
2026-01-09 20:35:55,360 :   113/    1 dest_loss=0.245174 future_loss=0.253688 offset_loss=0.285945 kld=0.041480 cd=-1.792682 en_pos=6.323569 en_neg=8.116251 pcd=True subgoal_reg=0.025110525920209917 
2026-01-09 20:36:11,006 :   119/    1 dest_loss=0.162792 future_loss=0.190164 offset_loss=0.251819 kld=0.042955 cd=-1.661803 en_pos=6.412673 en_neg=8.074476 pcd=True subgoal_reg=0.016124337466893745 
2026-01-09 20:36:26,582 :   125/    1 dest_loss=0.112244 future_loss=0.154162 offset_loss=0.226477 kld=0.041210 cd=-1.631342 en_pos=6.285142 en_neg=7.916484 pcd=True subgoal_reg=0.02304614425995069 
2026-01-09 20:36:42,221 :   131/    1 dest_loss=0.568197 future_loss=0.407646 offset_loss=0.472966 kld=0.058609 cd=-1.826233 en_pos=6.672608 en_neg=8.498842 pcd=True subgoal_reg=0.01921315777390173 
2026-01-09 20:36:57,700 :   137/    1 dest_loss=0.085290 future_loss=0.117022 offset_loss=0.214000 kld=0.048878 cd=-1.778351 en_pos=6.835040 en_neg=8.613391 pcd=True subgoal_reg=0.02054588197043003 
2026-01-09 20:37:13,309 :   143/    1 dest_loss=0.256878 future_loss=0.292713 offset_loss=0.369120 kld=0.058252 cd=-1.742091 en_pos=6.872979 en_neg=8.615070 pcd=True subgoal_reg=0.020340462710516143 
2026-01-09 20:37:28,854 :   149/    1 dest_loss=0.229244 future_loss=0.239881 offset_loss=0.224654 kld=0.050321 cd=-1.348739 en_pos=6.585001 en_neg=7.933740 pcd=True subgoal_reg=0.027679804337793587 
2026-01-09 20:37:44,431 :   155/    1 dest_loss=0.224714 future_loss=0.206890 offset_loss=0.288613 kld=0.049042 cd=-1.549481 en_pos=6.449114 en_neg=7.998595 pcd=True subgoal_reg=0.02143038707439646 
2026-01-09 20:37:59,917 :   161/    1 dest_loss=0.217658 future_loss=0.211324 offset_loss=0.263867 kld=0.040578 cd=-1.340115 en_pos=6.497420 en_neg=7.837536 pcd=True subgoal_reg=0.015376087169533358 
2026-01-09 20:38:15,255 :   167/    1 dest_loss=0.137221 future_loss=0.158222 offset_loss=0.220859 kld=0.039791 cd=-1.579537 en_pos=6.593352 en_neg=8.172889 pcd=True subgoal_reg=0.02846732450662853 
2026-01-09 20:38:30,754 :   173/    1 dest_loss=0.358656 future_loss=0.290842 offset_loss=0.381491 kld=0.055744 cd=-1.309398 en_pos=6.897114 en_neg=8.206512 pcd=True subgoal_reg=0.021327240261723262 
2026-01-09 20:38:46,260 :   179/    1 dest_loss=0.235049 future_loss=0.228777 offset_loss=0.322299 kld=0.047786 cd=-1.457246 en_pos=6.773282 en_neg=8.230528 pcd=True subgoal_reg=0.017017096664330586 
2026-01-09 20:39:01,765 :   185/    1 dest_loss=0.125748 future_loss=0.163722 offset_loss=0.268263 kld=0.048522 cd=-1.338284 en_pos=7.052502 en_neg=8.390785 pcd=True subgoal_reg=0.01877995049760106 
2026-01-09 20:39:17,323 :   191/    1 dest_loss=0.128920 future_loss=0.171875 offset_loss=0.205557 kld=0.048099 cd=-1.234087 en_pos=6.867663 en_neg=8.101751 pcd=True subgoal_reg=0.015346834001986668 
2026-01-09 20:39:32,942 :   197/    1 dest_loss=0.248553 future_loss=0.250331 offset_loss=0.271309 kld=0.046372 cd=-1.034575 en_pos=6.935281 en_neg=7.969856 pcd=True subgoal_reg=0.019537439242285567 
2026-01-09 20:39:48,511 :   203/    1 dest_loss=0.173829 future_loss=0.199532 offset_loss=0.280265 kld=0.041606 cd=-1.215209 en_pos=6.940861 en_neg=8.156071 pcd=True subgoal_reg=0.021566611968615573 
2026-01-09 20:40:04,098 :   209/    1 dest_loss=0.155840 future_loss=0.205278 offset_loss=0.191493 kld=0.045664 cd=-1.132808 en_pos=7.084695 en_neg=8.217502 pcd=True subgoal_reg=0.015081871111150395 
2026-01-09 20:40:19,636 :   215/    1 dest_loss=0.105793 future_loss=0.138298 offset_loss=0.197706 kld=0.047414 cd=-0.993301 en_pos=7.203119 en_neg=8.196419 pcd=True subgoal_reg=0.01606863742988183 
2026-01-09 20:40:35,124 :   221/    1 dest_loss=0.349800 future_loss=0.307981 offset_loss=0.359267 kld=0.050873 cd=-1.083081 en_pos=7.035330 en_neg=8.118410 pcd=True subgoal_reg=0.010147797430490331 
2026-01-09 20:40:50,688 :   227/    1 dest_loss=0.105930 future_loss=0.121634 offset_loss=0.195626 kld=0.043061 cd=-0.966582 en_pos=7.056327 en_neg=8.022909 pcd=True subgoal_reg=0.023217995080893703 
2026-01-09 20:41:06,289 :   233/    1 dest_loss=0.192546 future_loss=0.167594 offset_loss=0.253889 kld=0.040031 cd=-1.004608 en_pos=6.905723 en_neg=7.910332 pcd=True subgoal_reg=0.013459583230177133 
2026-01-09 20:41:21,917 :   239/    1 dest_loss=0.235336 future_loss=0.228417 offset_loss=0.258152 kld=0.043672 cd=-0.851718 en_pos=7.377291 en_neg=8.229009 pcd=True subgoal_reg=0.021996588489576606 
2026-01-09 20:41:37,375 :   245/    1 dest_loss=0.160849 future_loss=0.161941 offset_loss=0.210840 kld=0.039652 cd=-0.861213 en_pos=6.823523 en_neg=7.684737 pcd=True subgoal_reg=0.02472415752803738 
2026-01-09 20:41:52,948 :   251/    1 dest_loss=0.184687 future_loss=0.154897 offset_loss=0.268564 kld=0.050718 cd=-0.957612 en_pos=7.355807 en_neg=8.313418 pcd=True subgoal_reg=0.012074551250473521 
2026-01-09 20:42:08,667 :   257/    1 dest_loss=0.330324 future_loss=0.204606 offset_loss=0.464744 kld=0.061662 cd=-1.058015 en_pos=7.759810 en_neg=8.817826 pcd=True subgoal_reg=0.021997507784833503 
2026-01-09 20:42:24,252 :   263/    1 dest_loss=0.222029 future_loss=0.244097 offset_loss=0.233758 kld=0.049315 cd=-0.991073 en_pos=7.377554 en_neg=8.368628 pcd=True subgoal_reg=0.03390562709648379 
2026-01-09 20:42:39,834 :   269/    1 dest_loss=0.132447 future_loss=0.145111 offset_loss=0.240275 kld=0.041253 cd=-0.820423 en_pos=7.158742 en_neg=7.979165 pcd=True subgoal_reg=0.011672051516027987 
2026-01-09 20:42:55,421 :   275/    1 dest_loss=0.179888 future_loss=0.178511 offset_loss=0.224340 kld=0.043814 cd=-0.781675 en_pos=7.317995 en_neg=8.099670 pcd=True subgoal_reg=0.014030441215199736 
2026-01-09 20:43:10,967 :   281/    1 dest_loss=0.203813 future_loss=0.202016 offset_loss=0.228254 kld=0.045682 cd=-0.941379 en_pos=7.165174 en_neg=8.106552 pcd=True subgoal_reg=0.02279371632721647 
2026-01-09 20:43:26,575 :   287/    1 dest_loss=0.158543 future_loss=0.157080 offset_loss=0.231099 kld=0.043824 cd=-0.565833 en_pos=7.251092 en_neg=7.816924 pcd=True subgoal_reg=0.016526416667523552 
2026-01-09 20:43:42,219 :   293/    1 dest_loss=0.130272 future_loss=0.142779 offset_loss=0.226101 kld=0.040160 cd=-0.644182 en_pos=7.062999 en_neg=7.707181 pcd=True subgoal_reg=0.014009206596391044 
2026-01-09 20:43:57,782 :   299/    1 dest_loss=0.111574 future_loss=0.140833 offset_loss=0.184822 kld=0.040150 cd=-0.493448 en_pos=7.370345 en_neg=7.863794 pcd=True subgoal_reg=0.015633580021864702 
2026-01-09 20:44:13,481 :   305/    1 dest_loss=0.164300 future_loss=0.175088 offset_loss=0.231408 kld=0.043968 cd=-0.692717 en_pos=7.355797 en_neg=8.048514 pcd=True subgoal_reg=0.01535638199212452 
2026-01-09 20:44:29,052 :   311/    1 dest_loss=0.266819 future_loss=0.200446 offset_loss=0.318761 kld=0.045222 cd=-0.482269 en_pos=7.332010 en_neg=7.814279 pcd=True subgoal_reg=0.011719990127709929 
2026-01-09 20:44:44,575 :   317/    1 dest_loss=0.191244 future_loss=0.201934 offset_loss=0.210133 kld=0.046013 cd=-0.680884 en_pos=7.259652 en_neg=7.940536 pcd=True subgoal_reg=0.02145092391574354 
2026-01-09 20:44:59,950 :   323/    1 dest_loss=0.156623 future_loss=0.184205 offset_loss=0.194142 kld=0.050247 cd=-0.578120 en_pos=7.633964 en_neg=8.212084 pcd=True subgoal_reg=0.01782712609750684 
2026-01-09 20:45:15,551 :   329/    1 dest_loss=0.083166 future_loss=0.104212 offset_loss=0.185937 kld=0.042398 cd=-0.573470 en_pos=7.458709 en_neg=8.032178 pcd=True subgoal_reg=0.010840617171953136 
2026-01-09 20:45:31,169 :   335/    1 dest_loss=0.100894 future_loss=0.126296 offset_loss=0.160660 kld=0.039133 cd=-0.846344 en_pos=7.127529 en_neg=7.973873 pcd=True subgoal_reg=0.024253580746092747 
2026-01-09 20:45:46,747 :   341/    1 dest_loss=0.224887 future_loss=0.203893 offset_loss=0.290168 kld=0.044039 cd=-0.744845 en_pos=7.348762 en_neg=8.093607 pcd=True subgoal_reg=0.02091761432513138 
2026-01-09 20:46:02,284 :   347/    1 dest_loss=0.188345 future_loss=0.178466 offset_loss=0.266477 kld=0.044597 cd=-0.358976 en_pos=7.452051 en_neg=7.811028 pcd=True subgoal_reg=0.007959933597749377 
2026-01-09 20:46:17,940 :   353/    1 dest_loss=0.111458 future_loss=0.138882 offset_loss=0.171495 kld=0.038801 cd=-0.524418 en_pos=7.484101 en_neg=8.008519 pcd=True subgoal_reg=0.025621821121291855 
2026-01-09 20:46:33,504 :   359/    1 dest_loss=0.120817 future_loss=0.137649 offset_loss=0.183182 kld=0.039611 cd=-0.584652 en_pos=7.351256 en_neg=7.935908 pcd=True subgoal_reg=0.017034729262680313 
2026-01-09 20:46:49,070 :   365/    1 dest_loss=0.092081 future_loss=0.115798 offset_loss=0.173310 kld=0.050369 cd=-0.377440 en_pos=7.826082 en_neg=8.203522 pcd=True subgoal_reg=0.03015353510436233 
2026-01-09 20:47:04,679 :   371/    1 dest_loss=0.123287 future_loss=0.171224 offset_loss=0.130977 kld=0.045997 cd=-0.582103 en_pos=7.535803 en_neg=8.117906 pcd=True subgoal_reg=0.031331632951452526 
2026-01-09 20:47:20,244 :   377/    1 dest_loss=0.076366 future_loss=0.094065 offset_loss=0.184877 kld=0.044353 cd=-0.611372 en_pos=7.531268 en_neg=8.142641 pcd=True subgoal_reg=0.010975439601611282 
2026-01-09 20:47:35,844 :   383/    1 dest_loss=0.101035 future_loss=0.118399 offset_loss=0.161453 kld=0.039825 cd=-0.335277 en_pos=7.573671 en_neg=7.908948 pcd=True subgoal_reg=0.03210589473433968 
2026-01-09 20:47:51,455 :   389/    1 dest_loss=0.119211 future_loss=0.139189 offset_loss=0.209874 kld=0.044469 cd=-0.430078 en_pos=7.389049 en_neg=7.819127 pcd=True subgoal_reg=0.012145039943066531 
2026-01-09 20:48:06,990 :   395/    1 dest_loss=0.161542 future_loss=0.177831 offset_loss=0.183576 kld=0.043486 cd=-0.424707 en_pos=7.690559 en_neg=8.115266 pcd=True subgoal_reg=0.018732660357745033 
2026-01-09 20:48:22,878 :   401/    1 dest_loss=0.157562 future_loss=0.152449 offset_loss=0.243277 kld=0.044538 cd=-0.296293 en_pos=7.577097 en_neg=7.873390 pcd=True subgoal_reg=0.02192874183493662 
2026-01-09 20:48:38,516 :   407/    1 dest_loss=0.270467 future_loss=0.260243 offset_loss=0.255603 kld=0.043402 cd=-0.315737 en_pos=7.506087 en_neg=7.821824 pcd=True subgoal_reg=0.012965996444576884 
2026-01-09 20:48:54,062 :   413/    1 dest_loss=0.176246 future_loss=0.177256 offset_loss=0.210985 kld=0.052018 cd=-0.289585 en_pos=8.039419 en_neg=8.329005 pcd=True subgoal_reg=0.017776571992123305 
2026-01-09 20:49:09,728 :   419/    1 dest_loss=0.182863 future_loss=0.176840 offset_loss=0.221968 kld=0.042105 cd=-0.551429 en_pos=7.649648 en_neg=8.201077 pcd=True subgoal_reg=0.010830557202446736 
2026-01-09 20:49:25,309 :   425/    1 dest_loss=0.107415 future_loss=0.135747 offset_loss=0.161382 kld=0.043793 cd=-0.460606 en_pos=7.470263 en_neg=7.930869 pcd=True subgoal_reg=0.022007864993519147 
2026-01-09 20:49:41,005 :   431/    1 dest_loss=0.069998 future_loss=0.092138 offset_loss=0.159996 kld=0.040847 cd=-0.290530 en_pos=7.688620 en_neg=7.979150 pcd=True subgoal_reg=0.010988611529610864 
2026-01-09 20:49:56,684 :   437/    1 dest_loss=0.125498 future_loss=0.121275 offset_loss=0.273654 kld=0.036857 cd=-0.334690 en_pos=7.412436 en_neg=7.747126 pcd=True subgoal_reg=0.014360748109343242 
2026-01-09 20:50:12,319 :   443/    1 dest_loss=0.219367 future_loss=0.223024 offset_loss=0.221495 kld=0.045405 cd=-0.380698 en_pos=7.596468 en_neg=7.977165 pcd=True subgoal_reg=0.010489333932821174 
2026-01-09 20:50:28,024 :   449/    1 dest_loss=0.241052 future_loss=0.217954 offset_loss=0.262474 kld=0.050034 cd=-0.502732 en_pos=7.751787 en_neg=8.254519 pcd=True subgoal_reg=0.029039674063410195 
2026-01-09 20:50:43,686 :   455/    1 dest_loss=0.214200 future_loss=0.179725 offset_loss=0.240758 kld=0.051289 cd=-0.341586 en_pos=7.792024 en_neg=8.133610 pcd=True subgoal_reg=0.017980647485217743 
2026-01-09 20:50:59,349 :   461/    1 dest_loss=0.092408 future_loss=0.111167 offset_loss=0.171949 kld=0.036304 cd=-0.292324 en_pos=7.480765 en_neg=7.773089 pcd=True subgoal_reg=0.01718415976329962 
2026-01-09 20:51:15,021 :   467/    1 dest_loss=0.084460 future_loss=0.107860 offset_loss=0.159544 kld=0.038138 cd=-0.098011 en_pos=7.370926 en_neg=7.468937 pcd=True subgoal_reg=0.016143666925952763 
2026-01-09 20:51:30,694 :   473/    1 dest_loss=0.075475 future_loss=0.095575 offset_loss=0.159701 kld=0.040331 cd=-0.395839 en_pos=7.639828 en_neg=8.035667 pcd=True subgoal_reg=0.011234768426763304 
2026-01-09 20:51:46,216 :   479/    1 dest_loss=0.081872 future_loss=0.104110 offset_loss=0.155859 kld=0.040687 cd=-0.332119 en_pos=7.393850 en_neg=7.725969 pcd=True subgoal_reg=0.014874906861942304 
2026-01-09 20:52:01,869 :   485/    1 dest_loss=0.110305 future_loss=0.118142 offset_loss=0.144389 kld=0.035938 cd=-0.244849 en_pos=7.558016 en_neg=7.802866 pcd=True subgoal_reg=0.015072345045516779 
2026-01-09 20:52:17,515 :   491/    1 dest_loss=0.108283 future_loss=0.122770 offset_loss=0.169505 kld=0.036687 cd=-0.254906 en_pos=7.654653 en_neg=7.909559 pcd=True subgoal_reg=0.021699383512754702 
2026-01-09 20:52:33,184 :   497/    1 dest_loss=0.104645 future_loss=0.127004 offset_loss=0.166976 kld=0.044182 cd=-0.438323 en_pos=7.553462 en_neg=7.991784 pcd=True subgoal_reg=0.014470153945167305 
2026-01-09 20:52:48,771 :   503/    1 dest_loss=0.384739 future_loss=0.285817 offset_loss=0.335383 kld=0.050633 cd=-0.092033 en_pos=8.006846 en_neg=8.098879 pcd=True subgoal_reg=0.01853926306938174 
2026-01-09 20:53:04,461 :   509/    1 dest_loss=0.128487 future_loss=0.134975 offset_loss=0.136134 kld=0.042248 cd=-0.281942 en_pos=7.637737 en_neg=7.919680 pcd=True subgoal_reg=0.010949427736238984 
2026-01-09 20:54:42,136 : Train Loss -122.71774691617046
2026-01-09 20:54:42,136 : Overall Loss 93.70719391245288
2026-01-09 20:54:42,136 : Dest Loss 90.0617452062292
2026-01-09 20:54:42,136 : Val ADE 0.3649794808086567
2026-01-09 20:54:42,137 : Val FDE 0.25550436041044594
2026-01-09 20:54:42,137 : Val Best ADE 0.3649794808086567
2026-01-09 20:54:42,137 : Val Best FDE 0.25550436041044594
2026-01-09 20:54:42,137 : ----->learning rate 0.005
2026-01-09 20:54:57,834 :     5/    2 dest_loss=0.143030 future_loss=0.134727 offset_loss=0.184329 kld=0.040146 cd=-0.301177 en_pos=7.679794 en_neg=7.980972 pcd=True subgoal_reg=0.013471083585917719 
2026-01-09 20:55:13,423 :    11/    2 dest_loss=0.119119 future_loss=0.126440 offset_loss=0.174646 kld=0.046226 cd=-0.261108 en_pos=7.653809 en_neg=7.914917 pcd=True subgoal_reg=0.011643520119598069 
2026-01-09 20:55:29,016 :    17/    2 dest_loss=0.170506 future_loss=0.178306 offset_loss=0.196425 kld=0.042162 cd=0.094758 en_pos=8.009183 en_neg=7.914425 pcd=True subgoal_reg=0.01470976081154889 
2026-01-09 20:55:44,536 :    23/    2 dest_loss=0.271063 future_loss=0.207396 offset_loss=0.269927 kld=0.042773 cd=-0.319059 en_pos=7.675959 en_neg=7.995018 pcd=True subgoal_reg=0.019133980846659144 
2026-01-09 20:56:00,099 :    29/    2 dest_loss=0.074423 future_loss=0.096789 offset_loss=0.152106 kld=0.042930 cd=0.002220 en_pos=8.020181 en_neg=8.017961 pcd=True subgoal_reg=0.026468056958006025 
2026-01-09 20:56:15,672 :    35/    2 dest_loss=0.156859 future_loss=0.158787 offset_loss=0.236098 kld=0.044355 cd=-0.171894 en_pos=7.560225 en_neg=7.732119 pcd=True subgoal_reg=0.01611279349034423 
2026-01-09 20:56:31,216 :    41/    2 dest_loss=0.108888 future_loss=0.121706 offset_loss=0.176626 kld=0.038145 cd=0.075243 en_pos=7.685320 en_neg=7.610077 pcd=True subgoal_reg=0.02594679243475647 
2026-01-09 20:56:46,835 :    47/    2 dest_loss=0.065733 future_loss=0.088220 offset_loss=0.139168 kld=0.038399 cd=-0.100748 en_pos=7.511040 en_neg=7.611788 pcd=True subgoal_reg=0.009302848722398994 
2026-01-09 20:57:02,358 :    53/    2 dest_loss=0.143721 future_loss=0.203352 offset_loss=0.155714 kld=0.048729 cd=-0.287331 en_pos=8.123295 en_neg=8.410626 pcd=True subgoal_reg=0.012145516195684799 
2026-01-09 20:57:17,968 :    59/    2 dest_loss=0.174296 future_loss=0.149480 offset_loss=0.197899 kld=0.040810 cd=0.024633 en_pos=7.833306 en_neg=7.808673 pcd=True subgoal_reg=0.018603589853507695 
2026-01-09 20:57:33,762 :    65/    2 dest_loss=0.147139 future_loss=0.145466 offset_loss=0.218667 kld=0.041852 cd=0.044193 en_pos=7.723367 en_neg=7.679174 pcd=True subgoal_reg=0.014136032107096881 
2026-01-09 20:57:49,443 :    71/    2 dest_loss=0.175196 future_loss=0.189635 offset_loss=0.180899 kld=0.046180 cd=-0.185802 en_pos=7.461893 en_neg=7.647695 pcd=True subgoal_reg=0.01603707283948459 
2026-01-09 20:58:04,939 :    77/    2 dest_loss=0.107076 future_loss=0.117875 offset_loss=0.132628 kld=0.042125 cd=-0.315371 en_pos=7.390284 en_neg=7.705655 pcd=True subgoal_reg=0.00766419717678119 
2026-01-09 20:58:20,517 :    83/    2 dest_loss=0.281722 future_loss=0.216004 offset_loss=0.266833 kld=0.046374 cd=-0.214101 en_pos=7.814882 en_neg=8.028983 pcd=True subgoal_reg=0.031069317851224916 
2026-01-09 20:58:36,185 :    89/    2 dest_loss=0.193180 future_loss=0.168909 offset_loss=0.217387 kld=0.041266 cd=0.090959 en_pos=7.667266 en_neg=7.576308 pcd=True subgoal_reg=0.0075723059009856816 
2026-01-09 20:58:51,655 :    95/    2 dest_loss=0.151733 future_loss=0.170022 offset_loss=0.188226 kld=0.038081 cd=-0.136018 en_pos=7.545802 en_neg=7.681820 pcd=True subgoal_reg=0.026118949569642107 
2026-01-09 20:59:07,327 :   101/    2 dest_loss=0.255402 future_loss=0.347750 offset_loss=0.080278 kld=0.053812 cd=-0.158922 en_pos=7.436012 en_neg=7.594934 pcd=True subgoal_reg=0.011025427412804774 
2026-01-09 20:59:22,902 :   107/    2 dest_loss=0.181582 future_loss=0.142379 offset_loss=0.238179 kld=0.040578 cd=0.199572 en_pos=7.710737 en_neg=7.511165 pcd=True subgoal_reg=0.01180310097860813 
2026-01-09 20:59:38,545 :   113/    2 dest_loss=0.118756 future_loss=0.104037 offset_loss=0.206594 kld=0.039344 cd=0.060944 en_pos=7.515874 en_neg=7.454929 pcd=True subgoal_reg=0.0231466234089299 
2026-01-09 20:59:54,101 :   119/    2 dest_loss=0.105105 future_loss=0.101679 offset_loss=0.146962 kld=0.038093 cd=-0.105545 en_pos=7.481501 en_neg=7.587046 pcd=True subgoal_reg=0.006618849844957767 
2026-01-09 21:00:09,650 :   125/    2 dest_loss=0.157781 future_loss=0.144446 offset_loss=0.168857 kld=0.039172 cd=-0.113311 en_pos=7.657699 en_neg=7.771010 pcd=True subgoal_reg=0.04297233866299703 
2026-01-09 21:00:25,316 :   131/    2 dest_loss=0.178504 future_loss=0.149837 offset_loss=0.207679 kld=0.042315 cd=-0.075799 en_pos=7.619597 en_neg=7.695396 pcd=True subgoal_reg=0.007491235257424581 
2026-01-09 21:00:40,977 :   137/    2 dest_loss=0.120385 future_loss=0.170325 offset_loss=0.139314 kld=0.034941 cd=-0.270849 en_pos=7.302948 en_neg=7.573798 pcd=True subgoal_reg=0.021647824205731372 
2026-01-09 21:00:56,695 :   143/    2 dest_loss=0.109463 future_loss=0.107887 offset_loss=0.148906 kld=0.040381 cd=0.006742 en_pos=7.646869 en_neg=7.640127 pcd=True subgoal_reg=0.00985471597832364 
2026-01-09 21:01:12,407 :   149/    2 dest_loss=0.066653 future_loss=0.078743 offset_loss=0.130978 kld=0.036357 cd=-0.148474 en_pos=7.427117 en_neg=7.575591 pcd=True subgoal_reg=0.02641087732264807 
2026-01-09 21:01:28,052 :   155/    2 dest_loss=0.142383 future_loss=0.130768 offset_loss=0.216065 kld=0.039733 cd=-0.096907 en_pos=7.624041 en_neg=7.720948 pcd=True subgoal_reg=0.012504337198075982 
2026-01-09 21:01:43,751 :   161/    2 dest_loss=0.083729 future_loss=0.120061 offset_loss=0.119381 kld=0.038554 cd=-0.012480 en_pos=7.710608 en_neg=7.723088 pcd=True subgoal_reg=0.018882587486630548 
2026-01-09 21:01:59,292 :   167/    2 dest_loss=0.268791 future_loss=0.215304 offset_loss=0.233904 kld=0.042838 cd=0.251877 en_pos=7.828333 en_neg=7.576456 pcd=True subgoal_reg=0.022316387675710408 
2026-01-09 21:02:14,761 :   173/    2 dest_loss=0.112332 future_loss=0.107796 offset_loss=0.221042 kld=0.041465 cd=0.083730 en_pos=7.741916 en_neg=7.658186 pcd=True subgoal_reg=0.012994455496298825 
2026-01-09 21:02:30,445 :   179/    2 dest_loss=0.059692 future_loss=0.089941 offset_loss=0.104086 kld=0.035003 cd=0.046413 en_pos=7.765827 en_neg=7.719414 pcd=True subgoal_reg=0.01886933759784449 
2026-01-09 21:02:46,047 :   185/    2 dest_loss=0.058432 future_loss=0.072795 offset_loss=0.135304 kld=0.033847 cd=-0.191644 en_pos=7.345816 en_neg=7.537461 pcd=True subgoal_reg=0.017240252529366923 
2026-01-09 21:03:01,652 :   191/    2 dest_loss=0.072211 future_loss=0.076247 offset_loss=0.153052 kld=0.039601 cd=0.105856 en_pos=7.802028 en_neg=7.696171 pcd=True subgoal_reg=0.012238228878707211 
2026-01-09 21:03:17,295 :   197/    2 dest_loss=0.085247 future_loss=0.099362 offset_loss=0.132101 kld=0.038386 cd=-0.247399 en_pos=7.508825 en_neg=7.756223 pcd=True subgoal_reg=0.018627578490708535 
2026-01-09 21:03:32,927 :   203/    2 dest_loss=0.100465 future_loss=0.108299 offset_loss=0.161506 kld=0.034749 cd=-0.083573 en_pos=7.647963 en_neg=7.731537 pcd=True subgoal_reg=0.014050394659073644 
2026-01-09 21:03:48,674 :   209/    2 dest_loss=0.115664 future_loss=0.120422 offset_loss=0.147018 kld=0.040693 cd=-0.043617 en_pos=7.633763 en_neg=7.677381 pcd=True subgoal_reg=0.009359093598796431 
2026-01-09 21:04:04,244 :   215/    2 dest_loss=0.104598 future_loss=0.120915 offset_loss=0.124971 kld=0.038604 cd=0.074371 en_pos=7.632065 en_neg=7.557694 pcd=True subgoal_reg=0.014372360579555089 
2026-01-09 21:04:19,812 :   221/    2 dest_loss=0.074520 future_loss=0.087283 offset_loss=0.136568 kld=0.034330 cd=0.037362 en_pos=7.454598 en_neg=7.417236 pcd=True subgoal_reg=0.018723679513308222 
2026-01-09 21:04:35,448 :   227/    2 dest_loss=0.176414 future_loss=0.230911 offset_loss=0.063213 kld=0.051101 cd=0.035232 en_pos=7.559961 en_neg=7.524728 pcd=True subgoal_reg=0.012756923443414295 
2026-01-09 21:04:51,096 :   233/    2 dest_loss=0.123286 future_loss=0.096971 offset_loss=0.178539 kld=0.032758 cd=-0.142770 en_pos=7.389558 en_neg=7.532328 pcd=True subgoal_reg=0.018278192570919567 
2026-01-09 21:05:06,729 :   239/    2 dest_loss=0.116218 future_loss=0.112404 offset_loss=0.149521 kld=0.033628 cd=-0.036781 en_pos=7.223142 en_neg=7.259922 pcd=True subgoal_reg=0.016098302378484874 
2026-01-09 21:05:22,394 :   245/    2 dest_loss=0.184544 future_loss=0.135893 offset_loss=0.209677 kld=0.039838 cd=-0.184487 en_pos=7.468186 en_neg=7.652673 pcd=True subgoal_reg=0.020335151954801726 
2026-01-09 21:05:37,852 :   251/    2 dest_loss=0.086976 future_loss=0.093486 offset_loss=0.152107 kld=0.034867 cd=-0.058952 en_pos=7.374092 en_neg=7.433044 pcd=True subgoal_reg=0.01985508082259753 
2026-01-09 21:05:53,494 :   257/    2 dest_loss=0.161702 future_loss=0.152458 offset_loss=0.186083 kld=0.042557 cd=0.071774 en_pos=7.630216 en_neg=7.558442 pcd=True subgoal_reg=0.021112773550833352 
2026-01-09 21:06:09,158 :   263/    2 dest_loss=0.128835 future_loss=0.120060 offset_loss=0.165849 kld=0.037685 cd=-0.253452 en_pos=7.530342 en_neg=7.783794 pcd=True subgoal_reg=0.013628454884237595 
2026-01-09 21:06:24,783 :   269/    2 dest_loss=0.069699 future_loss=0.086101 offset_loss=0.122580 kld=0.036602 cd=-0.325864 en_pos=7.262985 en_neg=7.588849 pcd=True subgoal_reg=0.014302106545085593 
2026-01-09 21:06:40,479 :   275/    2 dest_loss=0.054920 future_loss=0.063119 offset_loss=0.145856 kld=0.032626 cd=-0.191950 en_pos=7.249254 en_neg=7.441204 pcd=True subgoal_reg=0.01470157285165833 
2026-01-09 21:06:56,088 :   281/    2 dest_loss=0.057886 future_loss=0.067952 offset_loss=0.124687 kld=0.033287 cd=0.018393 en_pos=7.457116 en_neg=7.438722 pcd=True subgoal_reg=0.013852394802454468 
2026-01-09 21:07:11,717 :   287/    2 dest_loss=0.069974 future_loss=0.073776 offset_loss=0.124291 kld=0.036633 cd=-0.033380 en_pos=7.712616 en_neg=7.745996 pcd=True subgoal_reg=0.0264919138241166 
2026-01-09 21:07:27,339 :   293/    2 dest_loss=0.082696 future_loss=0.080208 offset_loss=0.144425 kld=0.039074 cd=-0.008395 en_pos=7.678154 en_neg=7.686549 pcd=True subgoal_reg=0.013175256286218389 
2026-01-09 21:07:43,002 :   299/    2 dest_loss=0.106484 future_loss=0.115653 offset_loss=0.145612 kld=0.045202 cd=0.157676 en_pos=7.676065 en_neg=7.518388 pcd=True subgoal_reg=0.02131031369738421 
2026-01-09 21:07:58,627 :   305/    2 dest_loss=0.117468 future_loss=0.113419 offset_loss=0.142057 kld=0.038991 cd=-0.197630 en_pos=7.373950 en_neg=7.571579 pcd=True subgoal_reg=0.012728629941939709 
2026-01-09 21:08:14,434 :   311/    2 dest_loss=0.131750 future_loss=0.108758 offset_loss=0.165869 kld=0.040744 cd=0.030655 en_pos=7.636488 en_neg=7.605834 pcd=True subgoal_reg=0.025703868245068998 
2026-01-09 21:08:30,091 :   317/    2 dest_loss=0.104029 future_loss=0.095984 offset_loss=0.134640 kld=0.038084 cd=-0.148448 en_pos=7.451042 en_neg=7.599491 pcd=True subgoal_reg=0.01617071682782902 
2026-01-09 21:08:45,622 :   323/    2 dest_loss=0.092868 future_loss=0.096800 offset_loss=0.116891 kld=0.037224 cd=-0.009645 en_pos=7.588130 en_neg=7.597775 pcd=True subgoal_reg=0.020761312538687036 
2026-01-09 21:09:01,085 :   329/    2 dest_loss=0.064463 future_loss=0.075098 offset_loss=0.128286 kld=0.036185 cd=0.120026 en_pos=7.415605 en_neg=7.295579 pcd=True subgoal_reg=0.023675707492497856 
2026-01-09 21:09:16,849 :   335/    2 dest_loss=0.071497 future_loss=0.081185 offset_loss=0.125604 kld=0.037489 cd=-0.149622 en_pos=7.616836 en_neg=7.766458 pcd=True subgoal_reg=0.010216025170718982 
2026-01-09 21:09:32,759 :   341/    2 dest_loss=0.127610 future_loss=0.113200 offset_loss=0.146395 kld=0.033645 cd=-0.031173 en_pos=7.363417 en_neg=7.394590 pcd=True subgoal_reg=0.023019354778242858 
2026-01-09 21:09:48,363 :   347/    2 dest_loss=0.192120 future_loss=0.155144 offset_loss=0.184523 kld=0.041304 cd=-0.263231 en_pos=7.463114 en_neg=7.726345 pcd=True subgoal_reg=0.01007236085491535 
2026-01-09 21:10:04,094 :   353/    2 dest_loss=0.079561 future_loss=0.090854 offset_loss=0.138849 kld=0.041492 cd=-0.146063 en_pos=7.588620 en_neg=7.734683 pcd=True subgoal_reg=0.02086148661228511 
2026-01-09 21:10:19,754 :   359/    2 dest_loss=0.072585 future_loss=0.085749 offset_loss=0.111029 kld=0.042855 cd=-0.095006 en_pos=7.324888 en_neg=7.419894 pcd=True subgoal_reg=0.008658782157437017 
2026-01-09 21:10:35,389 :   365/    2 dest_loss=0.066781 future_loss=0.088008 offset_loss=0.109494 kld=0.042259 cd=0.141894 en_pos=7.786506 en_neg=7.644612 pcd=True subgoal_reg=0.016980226815311594 
2026-01-09 21:10:50,999 :   371/    2 dest_loss=0.118539 future_loss=0.102994 offset_loss=0.163913 kld=0.038543 cd=-0.048387 en_pos=7.613969 en_neg=7.662356 pcd=True subgoal_reg=0.00876132264029779 
2026-01-09 21:11:06,654 :   377/    2 dest_loss=0.053437 future_loss=0.071496 offset_loss=0.113017 kld=0.033249 cd=-0.049979 en_pos=7.105624 en_neg=7.155602 pcd=True subgoal_reg=0.01393168208389902 
2026-01-09 21:11:22,334 :   383/    2 dest_loss=0.215314 future_loss=0.170569 offset_loss=0.206053 kld=0.041543 cd=-0.222100 en_pos=7.408980 en_neg=7.631080 pcd=True subgoal_reg=0.008022092712899342 
2026-01-09 21:11:37,887 :   389/    2 dest_loss=0.092416 future_loss=0.088805 offset_loss=0.138050 kld=0.037466 cd=-0.126119 en_pos=7.641830 en_neg=7.767949 pcd=True subgoal_reg=0.020633823570563693 
2026-01-09 21:11:53,492 :   395/    2 dest_loss=0.094623 future_loss=0.095184 offset_loss=0.118694 kld=0.032953 cd=-0.047867 en_pos=7.356212 en_neg=7.404080 pcd=True subgoal_reg=0.011021528375535418 
2026-01-09 21:12:09,006 :   401/    2 dest_loss=0.138672 future_loss=0.086160 offset_loss=0.240578 kld=0.037320 cd=-0.130712 en_pos=7.237162 en_neg=7.367874 pcd=True subgoal_reg=0.013053618363138375 
2026-01-09 21:12:24,404 :   407/    2 dest_loss=0.168905 future_loss=0.157111 offset_loss=0.166147 kld=0.039260 cd=-0.141462 en_pos=7.178174 en_neg=7.319636 pcd=True subgoal_reg=0.0200006901732877 
2026-01-09 21:12:40,047 :   413/    2 dest_loss=0.051282 future_loss=0.060897 offset_loss=0.126117 kld=0.037735 cd=-0.075137 en_pos=7.629303 en_neg=7.704440 pcd=True subgoal_reg=0.012121410863708262 
2026-01-09 21:12:55,666 :   419/    2 dest_loss=0.175892 future_loss=0.152730 offset_loss=0.185877 kld=0.044644 cd=-0.235776 en_pos=7.383428 en_neg=7.619204 pcd=True subgoal_reg=0.012056856422612238 
2026-01-09 21:13:11,280 :   425/    2 dest_loss=0.157093 future_loss=0.121156 offset_loss=0.166555 kld=0.037171 cd=0.035753 en_pos=7.594481 en_neg=7.558728 pcd=True subgoal_reg=0.011210148511548338 
2026-01-09 21:13:26,895 :   431/    2 dest_loss=0.084322 future_loss=0.088743 offset_loss=0.117211 kld=0.037757 cd=0.024884 en_pos=7.415997 en_neg=7.391113 pcd=True subgoal_reg=0.014630236315791124 
2026-01-09 21:13:42,528 :   437/    2 dest_loss=0.173131 future_loss=0.173579 offset_loss=0.155820 kld=0.038158 cd=0.075081 en_pos=7.297685 en_neg=7.222604 pcd=True subgoal_reg=0.014313023408304312 
2026-01-09 21:13:58,126 :   443/    2 dest_loss=0.067259 future_loss=0.076582 offset_loss=0.123725 kld=0.038788 cd=-0.148204 en_pos=7.567986 en_neg=7.716191 pcd=True subgoal_reg=0.015479322921443774 
2026-01-09 21:14:13,721 :   449/    2 dest_loss=0.191905 future_loss=0.152402 offset_loss=0.199957 kld=0.039848 cd=-0.007106 en_pos=7.589229 en_neg=7.596335 pcd=True subgoal_reg=0.008598728010434438 
2026-01-09 21:14:29,260 :   455/    2 dest_loss=0.061371 future_loss=0.072612 offset_loss=0.107779 kld=0.036472 cd=0.214225 en_pos=7.571906 en_neg=7.357681 pcd=True subgoal_reg=0.014145912407970095 
2026-01-09 21:14:44,895 :   461/    2 dest_loss=0.170990 future_loss=0.169940 offset_loss=0.092165 kld=0.040374 cd=-0.106767 en_pos=7.226946 en_neg=7.333714 pcd=True subgoal_reg=0.014403013932720024 
2026-01-09 21:15:00,510 :   467/    2 dest_loss=0.090329 future_loss=0.079292 offset_loss=0.145568 kld=0.033339 cd=-0.028278 en_pos=7.371509 en_neg=7.399786 pcd=True subgoal_reg=0.00855661860369649 
2026-01-09 21:15:16,168 :   473/    2 dest_loss=0.059995 future_loss=0.082143 offset_loss=0.095261 kld=0.039339 cd=-0.036981 en_pos=7.661459 en_neg=7.698440 pcd=True subgoal_reg=0.024371578257739127 
2026-01-09 21:15:31,867 :   479/    2 dest_loss=0.063356 future_loss=0.066028 offset_loss=0.118815 kld=0.038755 cd=-0.109189 en_pos=7.595868 en_neg=7.705057 pcd=True subgoal_reg=0.011375743484997758 
2026-01-09 21:15:47,351 :   485/    2 dest_loss=0.050727 future_loss=0.080806 offset_loss=0.081037 kld=0.038552 cd=0.035382 en_pos=7.635473 en_neg=7.600091 pcd=True subgoal_reg=0.030592226108530886 
2026-01-09 21:16:02,966 :   491/    2 dest_loss=0.079401 future_loss=0.073366 offset_loss=0.147930 kld=0.035747 cd=-0.298149 en_pos=7.565323 en_neg=7.863473 pcd=True subgoal_reg=0.01537073158858281 
2026-01-09 21:16:18,536 :   497/    2 dest_loss=0.110555 future_loss=0.115119 offset_loss=0.169561 kld=0.035118 cd=-0.029849 en_pos=7.461018 en_neg=7.490867 pcd=True subgoal_reg=0.014052312015768158 
2026-01-09 21:16:34,215 :   503/    2 dest_loss=0.146931 future_loss=0.149070 offset_loss=0.132941 kld=0.037685 cd=-0.107514 en_pos=7.368517 en_neg=7.476031 pcd=True subgoal_reg=0.009826228973071274 
2026-01-09 21:16:49,858 :   509/    2 dest_loss=0.113218 future_loss=0.125405 offset_loss=0.110568 kld=0.035336 cd=0.093841 en_pos=7.348598 en_neg=7.254757 pcd=True subgoal_reg=0.02613476920912653 
2026-01-09 21:18:32,290 : Train Loss 248.94391008656743
2026-01-09 21:18:32,290 : Overall Loss 61.927622212646874
2026-01-09 21:18:32,290 : Dest Loss 63.499126343876654
2026-01-09 21:18:32,290 : Val ADE 0.329141462065154
2026-01-09 21:18:32,290 : Val FDE 0.23221877102532723
2026-01-09 21:18:32,290 : Val Best ADE 0.329141462065154
2026-01-09 21:18:32,291 : Val Best FDE 0.23221877102532723
2026-01-09 21:18:32,291 : ----->learning rate 0.005
2026-01-09 21:18:48,222 :     5/    3 dest_loss=0.138950 future_loss=0.114303 offset_loss=0.173281 kld=0.037853 cd=-0.092981 en_pos=7.415027 en_neg=7.508008 pcd=True subgoal_reg=0.013374607569495182 
2026-01-09 21:19:03,839 :    11/    3 dest_loss=0.064285 future_loss=0.063071 offset_loss=0.117319 kld=0.035790 cd=0.168056 en_pos=7.553175 en_neg=7.385119 pcd=True subgoal_reg=0.008786564521061895 
2026-01-09 21:19:19,368 :    17/    3 dest_loss=0.088221 future_loss=0.101875 offset_loss=0.080153 kld=0.037166 cd=0.177652 en_pos=7.471428 en_neg=7.293776 pcd=True subgoal_reg=0.009607844579350466 
2026-01-09 21:19:34,882 :    23/    3 dest_loss=0.150318 future_loss=0.115315 offset_loss=0.176605 kld=0.042218 cd=0.059439 en_pos=7.556952 en_neg=7.497512 pcd=True subgoal_reg=0.019171462534143025 
2026-01-09 21:19:50,542 :    29/    3 dest_loss=0.097223 future_loss=0.090370 offset_loss=0.141289 kld=0.031892 cd=-0.248481 en_pos=7.082789 en_neg=7.331270 pcd=True subgoal_reg=0.008961490968667673 
2026-01-09 21:20:06,130 :    35/    3 dest_loss=0.090500 future_loss=0.076693 offset_loss=0.139516 kld=0.033799 cd=0.329067 en_pos=7.403785 en_neg=7.074718 pcd=True subgoal_reg=0.02130276961869272 
2026-01-09 21:20:21,700 :    41/    3 dest_loss=0.064674 future_loss=0.069010 offset_loss=0.107423 kld=0.034963 cd=-0.020473 en_pos=7.187377 en_neg=7.207851 pcd=True subgoal_reg=0.006567581144879488 
2026-01-09 21:20:37,267 :    47/    3 dest_loss=0.053421 future_loss=0.072477 offset_loss=0.097301 kld=0.037678 cd=0.157797 en_pos=7.343580 en_neg=7.185782 pcd=True subgoal_reg=0.01658602042158069 
2026-01-09 21:20:52,871 :    53/    3 dest_loss=0.070535 future_loss=0.070991 offset_loss=0.121560 kld=0.033866 cd=-0.044046 en_pos=7.359438 en_neg=7.403484 pcd=True subgoal_reg=0.01233090014762361 
2026-01-09 21:21:08,469 :    59/    3 dest_loss=0.049801 future_loss=0.058050 offset_loss=0.106461 kld=0.034881 cd=0.055798 en_pos=7.398092 en_neg=7.342295 pcd=True subgoal_reg=0.00784687297902823 
2026-01-09 21:21:24,128 :    65/    3 dest_loss=0.063523 future_loss=0.070475 offset_loss=0.104525 kld=0.031172 cd=-0.014141 en_pos=7.162829 en_neg=7.176969 pcd=True subgoal_reg=0.014302052179013206 
2026-01-09 21:21:39,767 :    71/    3 dest_loss=0.059702 future_loss=0.068577 offset_loss=0.105144 kld=0.037182 cd=-0.213302 en_pos=7.038751 en_neg=7.252052 pcd=True subgoal_reg=0.008496124830271578 
2026-01-09 21:21:55,391 :    77/    3 dest_loss=0.076238 future_loss=0.085760 offset_loss=0.090597 kld=0.034876 cd=-0.248848 en_pos=7.145849 en_neg=7.394697 pcd=True subgoal_reg=0.006751853310228383 
2026-01-09 21:22:11,112 :    83/    3 dest_loss=0.100633 future_loss=0.137931 offset_loss=0.102568 kld=0.036572 cd=-0.182585 en_pos=7.203500 en_neg=7.386085 pcd=True subgoal_reg=0.020577027509922005 
2026-01-09 21:22:26,837 :    89/    3 dest_loss=0.046144 future_loss=0.056013 offset_loss=0.099066 kld=0.033606 cd=-0.151818 en_pos=7.201026 en_neg=7.352844 pcd=True subgoal_reg=0.013295311593369802 
2026-01-09 21:22:42,383 :    95/    3 dest_loss=0.046458 future_loss=0.053288 offset_loss=0.106414 kld=0.031778 cd=0.221896 en_pos=7.589204 en_neg=7.367308 pcd=True subgoal_reg=0.012565360743433939 
2026-01-09 21:22:58,031 :   101/    3 dest_loss=0.043225 future_loss=0.050317 offset_loss=0.108703 kld=0.035222 cd=-0.199082 en_pos=7.463275 en_neg=7.662357 pcd=True subgoal_reg=0.015036794435549516 
2026-01-09 21:23:13,627 :   107/    3 dest_loss=0.059054 future_loss=0.068063 offset_loss=0.091953 kld=0.034646 cd=-0.320451 en_pos=7.163721 en_neg=7.484172 pcd=True subgoal_reg=0.010151914809419554 
2026-01-09 21:23:29,286 :   113/    3 dest_loss=0.062923 future_loss=0.080221 offset_loss=0.090096 kld=0.034185 cd=0.032369 en_pos=7.477252 en_neg=7.444883 pcd=True subgoal_reg=0.014977121273188388 
2026-01-09 21:23:44,945 :   119/    3 dest_loss=0.121610 future_loss=0.090606 offset_loss=0.145705 kld=0.036819 cd=0.002713 en_pos=7.254702 en_neg=7.251989 pcd=True subgoal_reg=0.015353335269240126 
2026-01-09 21:24:00,515 :   125/    3 dest_loss=0.080151 future_loss=0.074466 offset_loss=0.113065 kld=0.032159 cd=-0.108254 en_pos=6.908204 en_neg=7.016458 pcd=True subgoal_reg=0.01472308058896124 
2026-01-09 21:24:16,089 :   131/    3 dest_loss=0.089350 future_loss=0.081847 offset_loss=0.127821 kld=0.037881 cd=-0.287656 en_pos=7.087839 en_neg=7.375494 pcd=True subgoal_reg=0.010169161642222969 
2026-01-09 21:24:31,657 :   137/    3 dest_loss=0.075894 future_loss=0.081035 offset_loss=0.104015 kld=0.041966 cd=-0.346231 en_pos=7.188250 en_neg=7.534481 pcd=True subgoal_reg=0.012844426748236236 
2026-01-09 21:24:47,356 :   143/    3 dest_loss=0.080922 future_loss=0.085736 offset_loss=0.086068 kld=0.031824 cd=-0.093030 en_pos=7.082730 en_neg=7.175760 pcd=True subgoal_reg=0.00578705500985033 
2026-01-09 21:25:02,962 :   149/    3 dest_loss=0.099031 future_loss=0.083612 offset_loss=0.179089 kld=0.035255 cd=-0.009706 en_pos=7.302455 en_neg=7.312161 pcd=True subgoal_reg=0.02346445848628177 
2026-01-09 21:25:18,562 :   155/    3 dest_loss=0.063030 future_loss=0.071665 offset_loss=0.081288 kld=0.036707 cd=0.122475 en_pos=7.414676 en_neg=7.292201 pcd=True subgoal_reg=0.008406969319331613 
2026-01-09 21:25:34,299 :   161/    3 dest_loss=0.105867 future_loss=0.155913 offset_loss=0.104447 kld=0.037416 cd=-0.417186 en_pos=6.935357 en_neg=7.352543 pcd=True subgoal_reg=0.029118111871399545 
2026-01-09 21:25:49,869 :   167/    3 dest_loss=0.074698 future_loss=0.081257 offset_loss=0.093301 kld=0.043268 cd=-0.159790 en_pos=7.259036 en_neg=7.418826 pcd=True subgoal_reg=0.012277664048647632 
2026-01-09 21:26:05,306 :   173/    3 dest_loss=0.080181 future_loss=0.083335 offset_loss=0.107578 kld=0.032948 cd=0.087400 en_pos=7.255986 en_neg=7.168586 pcd=True subgoal_reg=0.024819190629516562 
2026-01-09 21:26:20,934 :   179/    3 dest_loss=0.101207 future_loss=0.082536 offset_loss=0.138662 kld=0.040219 cd=0.139238 en_pos=7.539683 en_neg=7.400445 pcd=True subgoal_reg=0.01049193568634271 
2026-01-09 21:26:36,622 :   185/    3 dest_loss=0.064716 future_loss=0.063459 offset_loss=0.107591 kld=0.034749 cd=-0.165848 en_pos=6.945236 en_neg=7.111083 pcd=True subgoal_reg=0.009651814404903048 
2026-01-09 21:26:52,217 :   191/    3 dest_loss=0.062863 future_loss=0.065650 offset_loss=0.102629 kld=0.038534 cd=0.395087 en_pos=7.429987 en_neg=7.034901 pcd=True subgoal_reg=0.0107621827282228 
2026-01-09 21:27:07,835 :   197/    3 dest_loss=0.119820 future_loss=0.104911 offset_loss=0.100538 kld=0.035263 cd=-0.132766 en_pos=7.299717 en_neg=7.432483 pcd=True subgoal_reg=0.01003738371788029 
2026-01-09 21:27:23,415 :   203/    3 dest_loss=0.072850 future_loss=0.060575 offset_loss=0.098658 kld=0.037705 cd=0.028094 en_pos=7.303688 en_neg=7.275594 pcd=True subgoal_reg=0.03625649182125709 
2026-01-09 21:27:39,174 :   209/    3 dest_loss=0.090255 future_loss=0.069064 offset_loss=0.076406 kld=0.034618 cd=0.018658 en_pos=7.244025 en_neg=7.225367 pcd=True subgoal_reg=0.026456663974532633 
2026-01-09 21:27:54,734 :   215/    3 dest_loss=0.050271 future_loss=0.064390 offset_loss=0.080179 kld=0.043449 cd=-0.316131 en_pos=7.154459 en_neg=7.470590 pcd=True subgoal_reg=0.04507907907090744 
2026-01-09 21:28:10,427 :   221/    3 dest_loss=0.161643 future_loss=0.111381 offset_loss=0.133075 kld=0.036095 cd=-0.289690 en_pos=6.896401 en_neg=7.186091 pcd=True subgoal_reg=0.020539249498137797 
2026-01-09 21:28:26,053 :   227/    3 dest_loss=0.075863 future_loss=0.069759 offset_loss=0.100039 kld=0.039801 cd=0.037122 en_pos=7.368872 en_neg=7.331751 pcd=True subgoal_reg=0.02849864481597146 
2026-01-09 21:28:41,640 :   233/    3 dest_loss=0.078807 future_loss=0.066594 offset_loss=0.117184 kld=0.033508 cd=0.150182 en_pos=7.039866 en_neg=6.889684 pcd=True subgoal_reg=0.01520160752466871 
2026-01-09 21:28:57,325 :   239/    3 dest_loss=0.076516 future_loss=0.081981 offset_loss=0.083957 kld=0.036637 cd=-0.161993 en_pos=7.371850 en_neg=7.533843 pcd=True subgoal_reg=0.020472363843524514 
2026-01-09 21:29:12,990 :   245/    3 dest_loss=0.075732 future_loss=0.078290 offset_loss=0.094082 kld=0.034534 cd=-0.054369 en_pos=7.493604 en_neg=7.547973 pcd=True subgoal_reg=0.012974997779209947 
2026-01-09 21:29:28,394 :   251/    3 dest_loss=0.047175 future_loss=0.050672 offset_loss=0.104422 kld=0.035845 cd=0.034427 en_pos=7.400166 en_neg=7.365738 pcd=True subgoal_reg=0.010365077567801816 
2026-01-09 21:29:44,074 :   257/    3 dest_loss=0.110428 future_loss=0.091164 offset_loss=0.113287 kld=0.035279 cd=-0.075130 en_pos=7.124889 en_neg=7.200019 pcd=True subgoal_reg=0.022515390737507072 
2026-01-09 21:29:59,729 :   263/    3 dest_loss=0.105165 future_loss=0.092302 offset_loss=0.099602 kld=0.034269 cd=0.085332 en_pos=7.468256 en_neg=7.382924 pcd=True subgoal_reg=0.017757116806086774 
2026-01-09 21:30:15,382 :   269/    3 dest_loss=0.062286 future_loss=0.068062 offset_loss=0.097771 kld=0.037908 cd=0.147911 en_pos=7.323692 en_neg=7.175781 pcd=True subgoal_reg=0.0181527289124252 
2026-01-09 21:30:31,012 :   275/    3 dest_loss=0.083450 future_loss=0.070740 offset_loss=0.098218 kld=0.034979 cd=-0.008040 en_pos=7.171451 en_neg=7.179491 pcd=True subgoal_reg=0.00711443642108564 
2026-01-09 21:30:46,612 :   281/    3 dest_loss=0.051410 future_loss=0.056220 offset_loss=0.090401 kld=0.040149 cd=-0.001360 en_pos=7.428645 en_neg=7.430005 pcd=True subgoal_reg=0.02619713626534449 
2026-01-09 21:31:02,292 :   287/    3 dest_loss=0.051444 future_loss=0.054010 offset_loss=0.086122 kld=0.038912 cd=0.248761 en_pos=7.419926 en_neg=7.171165 pcd=True subgoal_reg=0.012819555323274372 
2026-01-09 21:31:18,018 :   293/    3 dest_loss=0.052783 future_loss=0.066748 offset_loss=0.078607 kld=0.032633 cd=0.218705 en_pos=7.070494 en_neg=6.851789 pcd=True subgoal_reg=0.017688965143862433 
2026-01-09 21:31:33,741 :   299/    3 dest_loss=0.082028 future_loss=0.061817 offset_loss=0.121819 kld=0.032369 cd=-0.000114 en_pos=7.079962 en_neg=7.080076 pcd=True subgoal_reg=0.014699516506335466 
2026-01-09 21:31:49,481 :   305/    3 dest_loss=0.047345 future_loss=0.053589 offset_loss=0.086273 kld=0.033453 cd=-0.032877 en_pos=7.200073 en_neg=7.232950 pcd=True subgoal_reg=0.014091169292382631 
2026-01-09 21:32:05,071 :   311/    3 dest_loss=0.088768 future_loss=0.079034 offset_loss=0.111708 kld=0.036702 cd=0.093672 en_pos=7.364275 en_neg=7.270603 pcd=True subgoal_reg=0.00776683872758055 
2026-01-09 21:32:20,741 :   317/    3 dest_loss=0.085508 future_loss=0.102898 offset_loss=0.091824 kld=0.037347 cd=0.058649 en_pos=7.327212 en_neg=7.268563 pcd=True subgoal_reg=0.02535392057818221 
2026-01-09 21:32:36,423 :   323/    3 dest_loss=0.062197 future_loss=0.079848 offset_loss=0.072680 kld=0.037237 cd=0.026342 en_pos=7.215415 en_neg=7.189072 pcd=True subgoal_reg=0.01353975352318973 
2026-01-09 21:32:51,966 :   329/    3 dest_loss=0.142033 future_loss=0.155559 offset_loss=0.198622 kld=0.036566 cd=-0.060906 en_pos=7.050672 en_neg=7.111578 pcd=True subgoal_reg=0.021403940718151934 
2026-01-09 21:33:07,676 :   335/    3 dest_loss=0.063672 future_loss=0.076342 offset_loss=0.104490 kld=0.035349 cd=-0.369820 en_pos=6.998668 en_neg=7.368488 pcd=True subgoal_reg=0.014322263361594756 
2026-01-09 21:33:23,358 :   341/    3 dest_loss=0.070949 future_loss=0.048115 offset_loss=0.098119 kld=0.038445 cd=-0.054614 en_pos=7.334571 en_neg=7.389185 pcd=True subgoal_reg=0.03929674438520714 
2026-01-09 21:33:39,080 :   347/    3 dest_loss=0.083726 future_loss=0.076731 offset_loss=0.133569 kld=0.035274 cd=-0.052492 en_pos=7.067075 en_neg=7.119568 pcd=True subgoal_reg=0.028224030597996934 
2026-01-09 21:33:54,726 :   353/    3 dest_loss=0.053412 future_loss=0.067428 offset_loss=0.067169 kld=0.031445 cd=0.024764 en_pos=7.074122 en_neg=7.049359 pcd=True subgoal_reg=0.02475060902184575 
2026-01-09 21:34:10,451 :   359/    3 dest_loss=0.058144 future_loss=0.053284 offset_loss=0.096566 kld=0.033985 cd=-0.128386 en_pos=7.134368 en_neg=7.262754 pcd=True subgoal_reg=0.018172656318427308 
2026-01-09 21:34:26,107 :   365/    3 dest_loss=0.124744 future_loss=0.107077 offset_loss=0.156317 kld=0.036340 cd=-0.060910 en_pos=7.096483 en_neg=7.157392 pcd=True subgoal_reg=0.01509226722388885 
2026-01-09 21:34:41,842 :   371/    3 dest_loss=0.054563 future_loss=0.066542 offset_loss=0.079172 kld=0.030246 cd=0.286103 en_pos=7.422101 en_neg=7.135997 pcd=True subgoal_reg=0.013175633865249371 
2026-01-09 21:34:57,506 :   377/    3 dest_loss=0.079957 future_loss=0.072155 offset_loss=0.096490 kld=0.039255 cd=-0.108444 en_pos=7.212568 en_neg=7.321012 pcd=True subgoal_reg=0.011100543703564699 
2026-01-09 21:35:13,122 :   383/    3 dest_loss=0.085997 future_loss=0.065226 offset_loss=0.145732 kld=0.033147 cd=0.258009 en_pos=7.353146 en_neg=7.095137 pcd=True subgoal_reg=0.02001320811958024 
2026-01-09 21:35:28,741 :   389/    3 dest_loss=0.084419 future_loss=0.075304 offset_loss=0.116803 kld=0.037967 cd=0.192192 en_pos=7.370852 en_neg=7.178660 pcd=True subgoal_reg=0.013204511516214846 
2026-01-09 21:35:44,506 :   395/    3 dest_loss=0.110631 future_loss=0.086030 offset_loss=0.177633 kld=0.033730 cd=-0.046954 en_pos=7.205640 en_neg=7.252593 pcd=True subgoal_reg=0.02729289514527682 
2026-01-09 21:36:00,145 :   401/    3 dest_loss=0.079038 future_loss=0.073834 offset_loss=0.083797 kld=0.032735 cd=0.129032 en_pos=7.252549 en_neg=7.123517 pcd=True subgoal_reg=0.00855036905534463 
2026-01-09 21:36:15,618 :   407/    3 dest_loss=0.069387 future_loss=0.069604 offset_loss=0.084510 kld=0.033334 cd=-0.051856 en_pos=7.103736 en_neg=7.155592 pcd=True subgoal_reg=0.03482760026533133 
2026-01-09 21:36:31,319 :   413/    3 dest_loss=0.070143 future_loss=0.059513 offset_loss=0.078215 kld=0.031777 cd=0.119715 en_pos=7.124401 en_neg=7.004685 pcd=True subgoal_reg=0.00882236217651914 
2026-01-09 21:36:46,920 :   419/    3 dest_loss=0.043954 future_loss=0.058439 offset_loss=0.062484 kld=0.032452 cd=-0.070823 en_pos=7.022838 en_neg=7.093660 pcd=True subgoal_reg=0.03247877987415096 
2026-01-09 21:37:02,522 :   425/    3 dest_loss=0.068973 future_loss=0.051592 offset_loss=0.083175 kld=0.030419 cd=-0.005139 en_pos=7.143717 en_neg=7.148856 pcd=True subgoal_reg=0.012970326013316241 
2026-01-09 21:37:18,099 :   431/    3 dest_loss=0.107986 future_loss=0.083838 offset_loss=0.109828 kld=0.034955 cd=0.157669 en_pos=7.289652 en_neg=7.131984 pcd=True subgoal_reg=0.028998428986231353 
2026-01-09 21:37:33,624 :   437/    3 dest_loss=0.168046 future_loss=0.154534 offset_loss=0.047629 kld=0.035857 cd=-0.035443 en_pos=6.938186 en_neg=6.973629 pcd=True subgoal_reg=0.005873815954185757 
2026-01-09 21:37:49,256 :   443/    3 dest_loss=0.037986 future_loss=0.043842 offset_loss=0.081625 kld=0.029826 cd=-0.203214 en_pos=7.234804 en_neg=7.438018 pcd=True subgoal_reg=0.012738612216256235 
2026-01-09 21:38:04,892 :   449/    3 dest_loss=0.040856 future_loss=0.043640 offset_loss=0.086693 kld=0.030929 cd=0.112794 en_pos=7.240670 en_neg=7.127877 pcd=True subgoal_reg=0.008591810303579396 
2026-01-09 21:38:20,592 :   455/    3 dest_loss=0.066928 future_loss=0.056307 offset_loss=0.101072 kld=0.037198 cd=0.019830 en_pos=7.275323 en_neg=7.255493 pcd=True subgoal_reg=0.01262014323247175 
2026-01-09 21:38:36,226 :   461/    3 dest_loss=0.044819 future_loss=0.043652 offset_loss=0.093035 kld=0.037379 cd=0.134995 en_pos=6.936585 en_neg=6.801590 pcd=True subgoal_reg=0.02133569265112564 
2026-01-09 21:38:51,846 :   467/    3 dest_loss=0.060364 future_loss=0.053979 offset_loss=0.084569 kld=0.034667 cd=-0.128437 en_pos=7.170390 en_neg=7.298828 pcd=True subgoal_reg=0.008491891206526617 
2026-01-09 21:39:07,497 :   473/    3 dest_loss=0.061451 future_loss=0.055754 offset_loss=0.095756 kld=0.032545 cd=-0.069759 en_pos=7.052035 en_neg=7.121794 pcd=True subgoal_reg=0.01396092407304187 
2026-01-09 21:39:23,126 :   479/    3 dest_loss=0.059304 future_loss=0.061513 offset_loss=0.072171 kld=0.031809 cd=-0.128619 en_pos=7.072389 en_neg=7.201007 pcd=True subgoal_reg=0.007019712930146042 
2026-01-09 21:39:38,668 :   485/    3 dest_loss=0.049695 future_loss=0.055416 offset_loss=0.077386 kld=0.034859 cd=-0.184221 en_pos=7.329674 en_neg=7.513895 pcd=True subgoal_reg=0.014582379426721657 
2026-01-09 21:39:54,371 :   491/    3 dest_loss=0.042848 future_loss=0.051115 offset_loss=0.074541 kld=0.035168 cd=0.070894 en_pos=7.051016 en_neg=6.980122 pcd=True subgoal_reg=0.00688725103914372 
2026-01-09 21:40:10,033 :   497/    3 dest_loss=0.089989 future_loss=0.053771 offset_loss=0.161565 kld=0.030602 cd=0.067425 en_pos=7.130972 en_neg=7.063547 pcd=True subgoal_reg=0.01430307990871379 
2026-01-09 21:40:25,687 :   503/    3 dest_loss=0.047588 future_loss=0.054816 offset_loss=0.074638 kld=0.031573 cd=0.105962 en_pos=7.124872 en_neg=7.018909 pcd=True subgoal_reg=0.008263054965421587 
2026-01-09 21:40:41,371 :   509/    3 dest_loss=0.133804 future_loss=0.099506 offset_loss=0.102810 kld=0.033041 cd=-0.005545 en_pos=7.022174 en_neg=7.027719 pcd=True subgoal_reg=0.011946015650408514 
2026-01-09 21:42:18,987 : Train Loss 191.01077622923412
2026-01-09 21:42:18,987 : Overall Loss 41.16423112824415
2026-01-09 21:42:18,987 : Dest Loss 43.39484796393406
2026-01-09 21:42:18,987 : Val ADE 0.25000026158881455
2026-01-09 21:42:18,988 : Val FDE 0.22305676270589186
2026-01-09 21:42:18,988 : Val Best ADE 0.25000026158881455
2026-01-09 21:42:18,988 : Val Best FDE 0.22305676270589186
2026-01-09 21:42:18,988 : ----->learning rate 0.005
2026-01-09 21:42:34,684 :     5/    4 dest_loss=0.074300 future_loss=0.076875 offset_loss=0.080387 kld=0.032098 cd=0.220869 en_pos=7.197820 en_neg=6.976951 pcd=True subgoal_reg=0.009343449207388771 
2026-01-09 21:42:50,316 :    11/    4 dest_loss=0.065690 future_loss=0.061779 offset_loss=0.071271 kld=0.032808 cd=0.160040 en_pos=7.093301 en_neg=6.933261 pcd=True subgoal_reg=0.013084207778654516 
2026-01-09 21:43:05,725 :    17/    4 dest_loss=0.037722 future_loss=0.033800 offset_loss=0.083168 kld=0.029433 cd=0.083562 en_pos=7.108992 en_neg=7.025429 pcd=True subgoal_reg=0.023302004064009285 
2026-01-09 21:43:21,260 :    23/    4 dest_loss=0.089754 future_loss=0.070401 offset_loss=0.100076 kld=0.035312 cd=-0.251729 en_pos=7.213734 en_neg=7.465463 pcd=True subgoal_reg=0.01004518557999982 
2026-01-09 21:43:36,964 :    29/    4 dest_loss=0.046956 future_loss=0.044573 offset_loss=0.086608 kld=0.029740 cd=-0.065809 en_pos=7.106760 en_neg=7.172569 pcd=True subgoal_reg=0.017535048029603074 
2026-01-09 21:43:52,584 :    35/    4 dest_loss=0.053869 future_loss=0.049329 offset_loss=0.093907 kld=0.028440 cd=-0.088407 en_pos=7.101601 en_neg=7.190008 pcd=True subgoal_reg=0.010228863785902449 
2026-01-09 21:44:08,224 :    41/    4 dest_loss=0.047710 future_loss=0.048039 offset_loss=0.079877 kld=0.032056 cd=-0.144561 en_pos=7.265333 en_neg=7.409895 pcd=True subgoal_reg=0.005904990996840649 
2026-01-09 21:44:23,879 :    47/    4 dest_loss=0.043617 future_loss=0.051995 offset_loss=0.072111 kld=0.030316 cd=0.058129 en_pos=7.183535 en_neg=7.125406 pcd=True subgoal_reg=0.010509660737303242 
2026-01-09 21:44:39,434 :    53/    4 dest_loss=0.044717 future_loss=0.052261 offset_loss=0.072385 kld=0.030171 cd=-0.053974 en_pos=7.098264 en_neg=7.152237 pcd=True subgoal_reg=0.0070363659285711255 
2026-01-09 21:44:55,089 :    59/    4 dest_loss=0.047687 future_loss=0.056550 offset_loss=0.064328 kld=0.032147 cd=-0.231115 en_pos=6.861070 en_neg=7.092185 pcd=True subgoal_reg=0.006789489173979278 
2026-01-09 21:45:10,769 :    65/    4 dest_loss=0.053234 future_loss=0.058812 offset_loss=0.072205 kld=0.032959 cd=0.020084 en_pos=7.224857 en_neg=7.204773 pcd=True subgoal_reg=0.016309209067628123 
2026-01-09 21:45:26,423 :    71/    4 dest_loss=0.092890 future_loss=0.077547 offset_loss=0.071611 kld=0.033748 cd=0.024278 en_pos=6.965534 en_neg=6.941256 pcd=True subgoal_reg=0.00887016258628169 
2026-01-09 21:45:42,106 :    77/    4 dest_loss=0.054197 future_loss=0.050961 offset_loss=0.082110 kld=0.029890 cd=0.006320 en_pos=7.187661 en_neg=7.181341 pcd=True subgoal_reg=0.02229526596987431 
2026-01-09 21:45:57,660 :    83/    4 dest_loss=0.043005 future_loss=0.043909 offset_loss=0.090596 kld=0.030030 cd=0.209671 en_pos=7.136910 en_neg=6.927239 pcd=True subgoal_reg=0.008354407945565846 
2026-01-09 21:46:12,998 :    89/    4 dest_loss=0.050330 future_loss=0.047809 offset_loss=0.085170 kld=0.032293 cd=-0.048204 en_pos=7.329497 en_neg=7.377701 pcd=True subgoal_reg=0.007793343576034724 
2026-01-09 21:46:28,554 :    95/    4 dest_loss=0.048015 future_loss=0.036938 offset_loss=0.095207 kld=0.029612 cd=-0.085906 en_pos=7.072071 en_neg=7.157977 pcd=True subgoal_reg=0.015611063884160663 
2026-01-09 21:46:44,031 :   101/    4 dest_loss=0.045408 future_loss=0.047894 offset_loss=0.081798 kld=0.031695 cd=0.107538 en_pos=7.103292 en_neg=6.995754 pcd=True subgoal_reg=0.006341749755127697 
2026-01-09 21:46:59,660 :   107/    4 dest_loss=0.054079 future_loss=0.062318 offset_loss=0.065839 kld=0.028461 cd=-0.011914 en_pos=6.944857 en_neg=6.956771 pcd=True subgoal_reg=0.01107543948061678 
2026-01-09 21:47:15,262 :   113/    4 dest_loss=0.058069 future_loss=0.061872 offset_loss=0.078682 kld=0.027860 cd=0.159536 en_pos=6.948766 en_neg=6.789230 pcd=True subgoal_reg=0.01146495668175107 
2026-01-09 21:47:30,958 :   119/    4 dest_loss=0.058310 future_loss=0.059829 offset_loss=0.073502 kld=0.030170 cd=-0.018709 en_pos=6.918120 en_neg=6.936829 pcd=True subgoal_reg=0.006587437719769607 
2026-01-09 21:47:46,598 :   125/    4 dest_loss=0.060068 future_loss=0.054207 offset_loss=0.090361 kld=0.033965 cd=-0.100734 en_pos=7.064084 en_neg=7.164818 pcd=True subgoal_reg=0.00991552259490748 
2026-01-09 21:48:02,272 :   131/    4 dest_loss=0.062383 future_loss=0.054083 offset_loss=0.082913 kld=0.030280 cd=0.378118 en_pos=7.040579 en_neg=6.662460 pcd=True subgoal_reg=0.00870484599126222 
2026-01-09 21:48:17,949 :   137/    4 dest_loss=0.048516 future_loss=0.045845 offset_loss=0.067095 kld=0.030022 cd=0.181610 en_pos=7.282321 en_neg=7.100711 pcd=True subgoal_reg=0.011784874808142665 
2026-01-09 21:48:33,600 :   143/    4 dest_loss=0.073856 future_loss=0.043764 offset_loss=0.184825 kld=0.028652 cd=-0.106363 en_pos=6.831034 en_neg=6.937397 pcd=True subgoal_reg=0.011441789462442684 
2026-01-09 21:48:49,105 :   149/    4 dest_loss=0.051346 future_loss=0.059691 offset_loss=0.058438 kld=0.028354 cd=0.212282 en_pos=7.039114 en_neg=6.826832 pcd=True subgoal_reg=0.007931189952911848 
2026-01-09 21:49:04,705 :   155/    4 dest_loss=0.098687 future_loss=0.097678 offset_loss=0.127122 kld=0.033348 cd=-0.079059 en_pos=6.982277 en_neg=7.061336 pcd=True subgoal_reg=0.016605976265248186 
2026-01-09 21:49:20,271 :   161/    4 dest_loss=0.075110 future_loss=0.063302 offset_loss=0.082707 kld=0.035332 cd=0.015426 en_pos=7.104659 en_neg=7.089233 pcd=True subgoal_reg=0.009937748632858099 
2026-01-09 21:49:35,795 :   167/    4 dest_loss=0.049171 future_loss=0.054754 offset_loss=0.069831 kld=0.035773 cd=-0.011518 en_pos=7.138865 en_neg=7.150383 pcd=True subgoal_reg=0.010851372137116391 
2026-01-09 21:49:51,397 :   173/    4 dest_loss=0.057376 future_loss=0.056262 offset_loss=0.077531 kld=0.030357 cd=-0.059539 en_pos=7.081409 en_neg=7.140948 pcd=True subgoal_reg=0.01335871788346448 
2026-01-09 21:50:06,883 :   179/    4 dest_loss=0.039013 future_loss=0.045361 offset_loss=0.067060 kld=0.027928 cd=0.358065 en_pos=7.005775 en_neg=6.647710 pcd=True subgoal_reg=0.00577683554687705 
2026-01-09 21:50:22,539 :   185/    4 dest_loss=0.081172 future_loss=0.074965 offset_loss=0.089209 kld=0.032726 cd=-0.030516 en_pos=6.968430 en_neg=6.998946 pcd=True subgoal_reg=0.008457139137392872 
2026-01-09 21:50:38,237 :   191/    4 dest_loss=0.050448 future_loss=0.046867 offset_loss=0.079234 kld=0.029938 cd=0.160698 en_pos=7.142354 en_neg=6.981656 pcd=True subgoal_reg=0.015759432359631197 
2026-01-09 21:50:53,844 :   197/    4 dest_loss=0.289423 future_loss=0.308950 offset_loss=0.077234 kld=0.044695 cd=-0.138154 en_pos=6.805611 en_neg=6.943765 pcd=True subgoal_reg=0.006488276219651533 
2026-01-09 21:51:09,531 :   203/    4 dest_loss=0.046715 future_loss=0.038145 offset_loss=0.099132 kld=0.030394 cd=0.207162 en_pos=6.956631 en_neg=6.749469 pcd=True subgoal_reg=0.011354712977302834 
2026-01-09 21:51:25,120 :   209/    4 dest_loss=0.220138 future_loss=0.228838 offset_loss=0.077936 kld=0.037194 cd=-0.043921 en_pos=7.128693 en_neg=7.172614 pcd=True subgoal_reg=0.008441810559981422 
2026-01-09 21:51:40,836 :   215/    4 dest_loss=0.050142 future_loss=0.032853 offset_loss=0.108016 kld=0.027910 cd=0.063947 en_pos=7.050861 en_neg=6.986913 pcd=True subgoal_reg=0.012455655563242202 
2026-01-09 21:51:56,552 :   221/    4 dest_loss=0.052231 future_loss=0.050378 offset_loss=0.075116 kld=0.030126 cd=-0.116086 en_pos=6.916910 en_neg=7.032997 pcd=True subgoal_reg=0.0057364890011176815 
2026-01-09 21:52:12,237 :   227/    4 dest_loss=0.043058 future_loss=0.054420 offset_loss=0.060062 kld=0.030272 cd=0.029648 en_pos=6.963375 en_neg=6.933727 pcd=True subgoal_reg=0.008937565046628383 
2026-01-09 21:52:27,875 :   233/    4 dest_loss=0.038955 future_loss=0.047061 offset_loss=0.065700 kld=0.030785 cd=-0.003129 en_pos=7.213467 en_neg=7.216596 pcd=True subgoal_reg=0.013425975306893649 
2026-01-09 21:52:43,483 :   239/    4 dest_loss=0.139352 future_loss=0.146004 offset_loss=0.131642 kld=0.033223 cd=0.017706 en_pos=7.097159 en_neg=7.079453 pcd=True subgoal_reg=0.005609104693490559 
2026-01-09 21:52:58,970 :   245/    4 dest_loss=0.193264 future_loss=0.172904 offset_loss=0.169151 kld=0.035184 cd=-0.003598 en_pos=7.010599 en_neg=7.014197 pcd=True subgoal_reg=0.011173497274892617 
2026-01-09 21:53:14,637 :   251/    4 dest_loss=0.058455 future_loss=0.055389 offset_loss=0.073330 kld=0.034432 cd=0.204203 en_pos=7.179513 en_neg=6.975311 pcd=True subgoal_reg=0.011670366796690096 
2026-01-09 21:53:30,401 :   257/    4 dest_loss=0.103488 future_loss=0.048911 offset_loss=0.231739 kld=0.031423 cd=-0.067361 en_pos=7.221224 en_neg=7.288585 pcd=True subgoal_reg=0.008819091282808918 
2026-01-09 21:53:46,093 :   263/    4 dest_loss=0.169122 future_loss=0.158125 offset_loss=0.130082 kld=0.031347 cd=-0.095277 en_pos=6.951854 en_neg=7.047130 pcd=True subgoal_reg=0.011360909043312193 
2026-01-09 21:54:01,694 :   269/    4 dest_loss=0.140100 future_loss=0.065262 offset_loss=0.195191 kld=0.034230 cd=-0.050040 en_pos=7.397232 en_neg=7.447272 pcd=True subgoal_reg=0.017722784919493546 
2026-01-09 21:54:17,313 :   275/    4 dest_loss=0.095381 future_loss=0.089032 offset_loss=0.111939 kld=0.031897 cd=0.003780 en_pos=7.045229 en_neg=7.041449 pcd=True subgoal_reg=0.005142159394353251 
2026-01-09 21:54:33,027 :   281/    4 dest_loss=0.073225 future_loss=0.055481 offset_loss=0.100306 kld=0.034682 cd=-0.135302 en_pos=7.115149 en_neg=7.250451 pcd=True subgoal_reg=0.012952243246532082 
2026-01-09 21:54:48,638 :   287/    4 dest_loss=0.052248 future_loss=0.045032 offset_loss=0.081778 kld=0.029349 cd=-0.190082 en_pos=6.715496 en_neg=6.905578 pcd=True subgoal_reg=0.00963906470405941 
2026-01-09 21:55:04,319 :   293/    4 dest_loss=0.052524 future_loss=0.050806 offset_loss=0.082204 kld=0.033729 cd=0.151287 en_pos=7.263906 en_neg=7.112619 pcd=True subgoal_reg=0.007774381448799611 
2026-01-09 21:55:20,063 :   299/    4 dest_loss=0.093747 future_loss=0.073083 offset_loss=0.134005 kld=0.030329 cd=-0.317694 en_pos=7.020074 en_neg=7.337768 pcd=True subgoal_reg=0.011070255582718081 
2026-01-09 21:55:35,720 :   305/    4 dest_loss=0.045981 future_loss=0.049210 offset_loss=0.070858 kld=0.029232 cd=-0.011742 en_pos=7.125935 en_neg=7.137677 pcd=True subgoal_reg=0.006728493464508635 
2026-01-09 21:55:51,460 :   311/    4 dest_loss=0.035978 future_loss=0.042026 offset_loss=0.066625 kld=0.028045 cd=0.034151 en_pos=6.998880 en_neg=6.964729 pcd=True subgoal_reg=0.00848668981975438 
2026-01-09 21:56:07,074 :   317/    4 dest_loss=0.043730 future_loss=0.051771 offset_loss=0.068008 kld=0.029025 cd=0.017617 en_pos=6.951919 en_neg=6.934301 pcd=True subgoal_reg=0.008204512312642272 
2026-01-09 21:56:22,609 :   323/    4 dest_loss=0.045718 future_loss=0.047292 offset_loss=0.071209 kld=0.036674 cd=-0.199980 en_pos=7.160882 en_neg=7.360863 pcd=True subgoal_reg=0.008172966868387265 
2026-01-09 21:56:38,295 :   329/    4 dest_loss=0.141925 future_loss=0.099580 offset_loss=0.194163 kld=0.027619 cd=-0.100626 en_pos=6.880802 en_neg=6.981428 pcd=True subgoal_reg=0.00834719071929297 
2026-01-09 21:56:53,951 :   335/    4 dest_loss=0.098395 future_loss=0.146026 offset_loss=0.068858 kld=0.032781 cd=-0.258051 en_pos=6.844362 en_neg=7.102412 pcd=True subgoal_reg=0.01195352060155631 
2026-01-09 21:57:09,666 :   341/    4 dest_loss=0.043528 future_loss=0.039117 offset_loss=0.092446 kld=0.029283 cd=-0.078955 en_pos=6.874924 en_neg=6.953878 pcd=True subgoal_reg=0.009561357495192586 
2026-01-09 21:57:25,333 :   347/    4 dest_loss=0.069266 future_loss=0.058724 offset_loss=0.089858 kld=0.031984 cd=-0.083582 en_pos=6.847182 en_neg=6.930764 pcd=True subgoal_reg=0.006015167701034963 
2026-01-09 21:57:41,052 :   353/    4 dest_loss=0.057603 future_loss=0.047896 offset_loss=0.091424 kld=0.032903 cd=-0.173630 en_pos=6.945479 en_neg=7.119109 pcd=True subgoal_reg=0.010528472428813801 
2026-01-09 21:57:56,741 :   359/    4 dest_loss=0.046653 future_loss=0.046806 offset_loss=0.068975 kld=0.032091 cd=0.051690 en_pos=7.075476 en_neg=7.023785 pcd=True subgoal_reg=0.006869016962518614 
2026-01-09 21:58:12,387 :   365/    4 dest_loss=0.105465 future_loss=0.119374 offset_loss=0.111813 kld=0.030985 cd=0.273357 en_pos=6.949782 en_neg=6.676425 pcd=True subgoal_reg=0.01001003926479881 
2026-01-09 21:58:28,053 :   371/    4 dest_loss=0.050454 future_loss=0.055284 offset_loss=0.065179 kld=0.030345 cd=-0.013946 en_pos=7.054800 en_neg=7.068746 pcd=True subgoal_reg=0.009084916419759769 
2026-01-09 21:58:43,755 :   377/    4 dest_loss=0.046473 future_loss=0.045687 offset_loss=0.068178 kld=0.027857 cd=0.102462 en_pos=6.883757 en_neg=6.781294 pcd=True subgoal_reg=0.012638272783505598 
2026-01-09 21:58:59,390 :   383/    4 dest_loss=0.079909 future_loss=0.061950 offset_loss=0.080412 kld=0.034688 cd=-0.359426 en_pos=7.012123 en_neg=7.371549 pcd=True subgoal_reg=0.011504059235219088 
2026-01-09 21:59:15,070 :   389/    4 dest_loss=0.049110 future_loss=0.051607 offset_loss=0.072768 kld=0.033057 cd=0.132514 en_pos=6.996009 en_neg=6.863496 pcd=True subgoal_reg=0.011950027310885132 
2026-01-09 21:59:30,776 :   395/    4 dest_loss=0.060697 future_loss=0.058092 offset_loss=0.072044 kld=0.029916 cd=-0.018360 en_pos=7.112200 en_neg=7.130560 pcd=True subgoal_reg=0.008937217011731113 
2026-01-09 21:59:46,354 :   401/    4 dest_loss=0.047052 future_loss=0.048510 offset_loss=0.068592 kld=0.030152 cd=-0.333120 en_pos=6.799495 en_neg=7.132615 pcd=True subgoal_reg=0.007708465604208813 
2026-01-09 22:00:01,983 :   407/    4 dest_loss=0.117230 future_loss=0.116499 offset_loss=0.116434 kld=0.029818 cd=0.234132 en_pos=7.226002 en_neg=6.991870 pcd=True subgoal_reg=0.009184439943234533 
2026-01-09 22:00:17,561 :   413/    4 dest_loss=0.130100 future_loss=0.159929 offset_loss=0.064433 kld=0.032969 cd=0.079822 en_pos=7.070647 en_neg=6.990825 pcd=True subgoal_reg=0.0070361351993071695 
2026-01-09 22:00:33,221 :   419/    4 dest_loss=0.206305 future_loss=0.146364 offset_loss=0.212993 kld=0.035792 cd=0.196012 en_pos=7.080222 en_neg=6.884210 pcd=True subgoal_reg=0.009037134069041768 
2026-01-09 22:00:48,893 :   425/    4 dest_loss=0.068264 future_loss=0.063975 offset_loss=0.071751 kld=0.029952 cd=-0.000274 en_pos=7.079374 en_neg=7.079647 pcd=True subgoal_reg=0.006279923011716487 
2026-01-09 22:01:04,590 :   431/    4 dest_loss=0.058596 future_loss=0.065709 offset_loss=0.059013 kld=0.030239 cd=-0.030474 en_pos=7.127571 en_neg=7.158045 pcd=True subgoal_reg=0.014493678970148532 
2026-01-09 22:01:20,228 :   437/    4 dest_loss=0.052332 future_loss=0.050722 offset_loss=0.076996 kld=0.029446 cd=0.079939 en_pos=7.056438 en_neg=6.976498 pcd=True subgoal_reg=0.009646795676861154 
2026-01-09 22:01:35,894 :   443/    4 dest_loss=0.036204 future_loss=0.042537 offset_loss=0.064961 kld=0.030110 cd=0.017492 en_pos=7.106591 en_neg=7.089100 pcd=True subgoal_reg=0.00666113533497216 
2026-01-09 22:01:51,568 :   449/    4 dest_loss=0.046933 future_loss=0.048755 offset_loss=0.069182 kld=0.033727 cd=0.250941 en_pos=7.140074 en_neg=6.889133 pcd=True subgoal_reg=0.00974015273334038 
2026-01-09 22:02:07,256 :   455/    4 dest_loss=0.043421 future_loss=0.048133 offset_loss=0.068954 kld=0.032432 cd=-0.179727 en_pos=6.984102 en_neg=7.163829 pcd=True subgoal_reg=0.008555204709060543 
2026-01-09 22:02:22,903 :   461/    4 dest_loss=0.039236 future_loss=0.043716 offset_loss=0.067084 kld=0.032041 cd=-0.038607 en_pos=6.865761 en_neg=6.904368 pcd=True subgoal_reg=0.0067074663782820555 
2026-01-09 22:02:38,569 :   467/    4 dest_loss=0.044289 future_loss=0.046634 offset_loss=0.068882 kld=0.029321 cd=-0.010424 en_pos=7.013501 en_neg=7.023924 pcd=True subgoal_reg=0.008325317963064554 
2026-01-09 22:02:54,249 :   473/    4 dest_loss=0.039663 future_loss=0.042586 offset_loss=0.065145 kld=0.029946 cd=-0.115919 en_pos=6.982075 en_neg=7.097994 pcd=True subgoal_reg=0.006885060475483266 
2026-01-09 22:03:09,743 :   479/    4 dest_loss=0.054455 future_loss=0.052699 offset_loss=0.069732 kld=0.029391 cd=0.014497 en_pos=6.901977 en_neg=6.887480 pcd=True subgoal_reg=0.010059374184227681 
2026-01-09 22:03:25,387 :   485/    4 dest_loss=0.071599 future_loss=0.043329 offset_loss=0.155364 kld=0.025694 cd=-0.147770 en_pos=6.836616 en_neg=6.984385 pcd=True subgoal_reg=0.008712161341799531 
2026-01-09 22:03:41,022 :   491/    4 dest_loss=0.053060 future_loss=0.053239 offset_loss=0.066097 kld=0.033184 cd=-0.111080 en_pos=6.831934 en_neg=6.943014 pcd=True subgoal_reg=0.008894975169888391 
2026-01-09 22:03:56,784 :   497/    4 dest_loss=0.040114 future_loss=0.045836 offset_loss=0.064834 kld=0.028308 cd=0.099193 en_pos=6.916697 en_neg=6.817504 pcd=True subgoal_reg=0.010459533584506592 
2026-01-09 22:04:12,457 :   503/    4 dest_loss=0.051282 future_loss=0.051402 offset_loss=0.070128 kld=0.030899 cd=0.175860 en_pos=7.100478 en_neg=6.924618 pcd=True subgoal_reg=0.007856827981612096 
2026-01-09 22:04:28,233 :   509/    4 dest_loss=0.044473 future_loss=0.048256 offset_loss=0.053659 kld=0.029582 cd=-0.143324 en_pos=7.050751 en_neg=7.194075 pcd=True subgoal_reg=0.00945305263938715 
2026-01-09 22:06:06,058 : Train Loss 153.2411984056837
2026-01-09 22:06:06,058 : Overall Loss 32.901908936346516
2026-01-09 22:06:06,058 : Dest Loss 34.28137006970929
2026-01-09 22:06:06,058 : Val ADE 0.2283893573221021
2026-01-09 22:06:06,058 : Val FDE 0.16483015554942973
2026-01-09 22:06:06,058 : Val Best ADE 0.2283893573221021
2026-01-09 22:06:06,058 : Val Best FDE 0.16483015554942973
2026-01-09 22:06:06,058 : ----->learning rate 0.0025
2026-01-09 22:06:21,974 :     5/    5 dest_loss=0.049173 future_loss=0.052545 offset_loss=0.062627 kld=0.034921 cd=0.074495 en_pos=7.102318 en_neg=7.027823 pcd=True subgoal_reg=0.007359714425422908 
2026-01-09 22:06:37,434 :    11/    5 dest_loss=0.037448 future_loss=0.044159 offset_loss=0.063795 kld=0.031779 cd=-0.195091 en_pos=6.852956 en_neg=7.048047 pcd=True subgoal_reg=0.009144201262535788 
2026-01-09 22:06:52,966 :    17/    5 dest_loss=0.052641 future_loss=0.048216 offset_loss=0.075046 kld=0.033679 cd=-0.093991 en_pos=7.055512 en_neg=7.149503 pcd=True subgoal_reg=0.007650929151625189 
2026-01-09 22:07:08,295 :    23/    5 dest_loss=0.056775 future_loss=0.055317 offset_loss=0.060791 kld=0.031140 cd=0.021677 en_pos=7.012683 en_neg=6.991006 pcd=True subgoal_reg=0.007915079905622999 
2026-01-09 22:07:23,785 :    29/    5 dest_loss=0.041171 future_loss=0.046200 offset_loss=0.063963 kld=0.028588 cd=0.371011 en_pos=7.157853 en_neg=6.786843 pcd=True subgoal_reg=0.014625581074919694 
2026-01-09 22:07:39,378 :    35/    5 dest_loss=0.040726 future_loss=0.044617 offset_loss=0.064433 kld=0.028054 cd=-0.107182 en_pos=6.904439 en_neg=7.011621 pcd=True subgoal_reg=0.006292577168951924 
2026-01-09 22:07:55,088 :    41/    5 dest_loss=0.040636 future_loss=0.038803 offset_loss=0.077657 kld=0.029744 cd=-0.011400 en_pos=7.086320 en_neg=7.097719 pcd=True subgoal_reg=0.007844796132918386 
2026-01-09 22:08:10,548 :    47/    5 dest_loss=0.132474 future_loss=0.113700 offset_loss=0.103037 kld=0.031072 cd=0.008712 en_pos=7.001430 en_neg=6.992718 pcd=True subgoal_reg=0.009516557482123907 
2026-01-09 22:08:26,164 :    53/    5 dest_loss=0.199775 future_loss=0.099583 offset_loss=0.304338 kld=0.035647 cd=-0.045115 en_pos=7.078427 en_neg=7.123543 pcd=True subgoal_reg=0.012778943895456885 
2026-01-09 22:08:41,633 :    59/    5 dest_loss=0.041437 future_loss=0.053433 offset_loss=0.047633 kld=0.027431 cd=0.233780 en_pos=6.998392 en_neg=6.764613 pcd=True subgoal_reg=0.008498154752696576 
2026-01-09 22:08:57,137 :    65/    5 dest_loss=0.040920 future_loss=0.048737 offset_loss=0.061710 kld=0.032722 cd=-0.076551 en_pos=6.985166 en_neg=7.061717 pcd=True subgoal_reg=0.012122641641090259 
2026-01-09 22:09:12,800 :    71/    5 dest_loss=0.050530 future_loss=0.050050 offset_loss=0.073059 kld=0.029876 cd=-0.026533 en_pos=7.075521 en_neg=7.102054 pcd=True subgoal_reg=0.007037166939730782 
2026-01-09 22:09:28,322 :    77/    5 dest_loss=0.048914 future_loss=0.044500 offset_loss=0.074310 kld=0.029917 cd=-0.162056 en_pos=6.871887 en_neg=7.033943 pcd=True subgoal_reg=0.009332869769886953 
2026-01-09 22:09:43,936 :    83/    5 dest_loss=0.033730 future_loss=0.036751 offset_loss=0.067092 kld=0.030781 cd=0.096253 en_pos=7.035976 en_neg=6.939723 pcd=True subgoal_reg=0.0078733059715948 
2026-01-09 22:09:59,566 :    89/    5 dest_loss=0.043695 future_loss=0.047349 offset_loss=0.068133 kld=0.031265 cd=0.000116 en_pos=7.035243 en_neg=7.035128 pcd=True subgoal_reg=0.006456844714922917 
2026-01-09 22:10:15,247 :    95/    5 dest_loss=0.048711 future_loss=0.048217 offset_loss=0.065944 kld=0.030072 cd=-0.284738 en_pos=6.952806 en_neg=7.237544 pcd=True subgoal_reg=0.009414877766023916 
2026-01-09 22:10:30,818 :   101/    5 dest_loss=0.142461 future_loss=0.120853 offset_loss=0.103887 kld=0.030837 cd=-0.002660 en_pos=6.965693 en_neg=6.968353 pcd=True subgoal_reg=0.010574303093486108 
2026-01-09 22:10:46,313 :   107/    5 dest_loss=0.229388 future_loss=0.232849 offset_loss=0.077972 kld=0.036545 cd=-0.019880 en_pos=6.887259 en_neg=6.907140 pcd=True subgoal_reg=0.006798694497727827 
2026-01-09 22:11:01,771 :   113/    5 dest_loss=0.050486 future_loss=0.043739 offset_loss=0.081588 kld=0.030958 cd=-0.097137 en_pos=6.809789 en_neg=6.906926 pcd=True subgoal_reg=0.012464817641483671 
2026-01-09 22:11:17,238 :   119/    5 dest_loss=0.034315 future_loss=0.038986 offset_loss=0.059119 kld=0.028003 cd=-0.124944 en_pos=6.866249 en_neg=6.991193 pcd=True subgoal_reg=0.006151434136171594 
2026-01-09 22:11:32,773 :   125/    5 dest_loss=0.039393 future_loss=0.035663 offset_loss=0.073885 kld=0.027109 cd=-0.298891 en_pos=6.785897 en_neg=7.084788 pcd=True subgoal_reg=0.01080835048293904 
2026-01-09 22:11:48,306 :   131/    5 dest_loss=0.043690 future_loss=0.041679 offset_loss=0.075666 kld=0.029103 cd=0.268577 en_pos=7.041288 en_neg=6.772711 pcd=True subgoal_reg=0.006799800657971727 
2026-01-09 22:12:03,858 :   137/    5 dest_loss=0.049418 future_loss=0.051063 offset_loss=0.064678 kld=0.029801 cd=-0.124072 en_pos=6.894003 en_neg=7.018075 pcd=True subgoal_reg=0.006380725522566621 
2026-01-09 22:12:19,393 :   143/    5 dest_loss=0.157606 future_loss=0.133203 offset_loss=0.167225 kld=0.036537 cd=0.070636 en_pos=7.051614 en_neg=6.980978 pcd=True subgoal_reg=0.010453212325647719 
2026-01-09 22:12:34,886 :   149/    5 dest_loss=0.106119 future_loss=0.115961 offset_loss=0.057533 kld=0.029308 cd=-0.003027 en_pos=6.976746 en_neg=6.979772 pcd=True subgoal_reg=0.007204871127700427 
2026-01-09 22:12:50,315 :   155/    5 dest_loss=0.040706 future_loss=0.034260 offset_loss=0.080219 kld=0.028761 cd=-0.019575 en_pos=6.903166 en_neg=6.922741 pcd=True subgoal_reg=0.008553213686625299 
2026-01-09 22:13:05,848 :   161/    5 dest_loss=0.052044 future_loss=0.044324 offset_loss=0.080872 kld=0.029524 cd=0.175176 en_pos=7.080592 en_neg=6.905416 pcd=True subgoal_reg=0.009070871960998698 
2026-01-09 22:13:21,343 :   167/    5 dest_loss=0.093684 future_loss=0.099284 offset_loss=0.162962 kld=0.030200 cd=-0.104529 en_pos=6.925017 en_neg=7.029546 pcd=True subgoal_reg=0.009602544676106637 
2026-01-09 22:13:36,690 :   173/    5 dest_loss=0.047061 future_loss=0.047695 offset_loss=0.062480 kld=0.033452 cd=-0.069862 en_pos=6.914195 en_neg=6.984057 pcd=True subgoal_reg=0.01264481163801931 
2026-01-09 22:13:52,119 :   179/    5 dest_loss=0.043280 future_loss=0.049862 offset_loss=0.061347 kld=0.028506 cd=-0.016621 en_pos=6.793318 en_neg=6.809939 pcd=True subgoal_reg=0.009382040555252075 
2026-01-09 22:14:07,613 :   185/    5 dest_loss=0.047540 future_loss=0.047801 offset_loss=0.060585 kld=0.030279 cd=0.051303 en_pos=6.989908 en_neg=6.938605 pcd=True subgoal_reg=0.005723803938755205 
2026-01-09 22:14:23,072 :   191/    5 dest_loss=0.046149 future_loss=0.046496 offset_loss=0.065170 kld=0.027850 cd=-0.080769 en_pos=6.942184 en_neg=7.022953 pcd=True subgoal_reg=0.010403808095469955 
2026-01-09 22:14:38,527 :   197/    5 dest_loss=0.030450 future_loss=0.036262 offset_loss=0.054721 kld=0.028417 cd=-0.105534 en_pos=6.956270 en_neg=7.061804 pcd=True subgoal_reg=0.007793988889720651 
2026-01-09 22:14:54,005 :   203/    5 dest_loss=0.135483 future_loss=0.082863 offset_loss=0.193192 kld=0.032331 cd=0.025591 en_pos=7.070614 en_neg=7.045023 pcd=True subgoal_reg=0.007346680443503217 
2026-01-09 22:15:09,479 :   209/    5 dest_loss=0.068287 future_loss=0.069091 offset_loss=0.064069 kld=0.027940 cd=0.045849 en_pos=6.920326 en_neg=6.874477 pcd=True subgoal_reg=0.0100707314828275 
2026-01-09 22:15:25,001 :   215/    5 dest_loss=0.078523 future_loss=0.062870 offset_loss=0.103027 kld=0.031076 cd=0.070758 en_pos=7.118749 en_neg=7.047991 pcd=True subgoal_reg=0.008552516698849396 
2026-01-09 22:15:40,488 :   221/    5 dest_loss=0.056315 future_loss=0.053630 offset_loss=0.067942 kld=0.032800 cd=-0.010715 en_pos=7.130440 en_neg=7.141155 pcd=True subgoal_reg=0.007026260668884585 
2026-01-09 22:15:55,951 :   227/    5 dest_loss=0.043910 future_loss=0.045952 offset_loss=0.059451 kld=0.031448 cd=-0.185674 en_pos=6.835001 en_neg=7.020675 pcd=True subgoal_reg=0.007315810182633739 
2026-01-09 22:16:11,436 :   233/    5 dest_loss=0.036424 future_loss=0.041450 offset_loss=0.057857 kld=0.032100 cd=-0.043154 en_pos=6.949184 en_neg=6.992338 pcd=True subgoal_reg=0.0071865728543399066 
2026-01-09 22:16:26,796 :   239/    5 dest_loss=0.050007 future_loss=0.046544 offset_loss=0.059601 kld=0.028854 cd=0.112967 en_pos=7.078619 en_neg=6.965652 pcd=True subgoal_reg=0.009102861042465913 
2026-01-09 22:16:42,293 :   245/    5 dest_loss=0.052243 future_loss=0.060188 offset_loss=0.048991 kld=0.031052 cd=-0.174675 en_pos=6.975904 en_neg=7.150580 pcd=True subgoal_reg=0.01034479411522516 
2026-01-09 22:16:57,626 :   251/    5 dest_loss=0.038813 future_loss=0.040341 offset_loss=0.063813 kld=0.029304 cd=-0.078247 en_pos=6.779099 en_neg=6.857346 pcd=True subgoal_reg=0.014658317769329712 
2026-01-09 22:17:13,006 :   257/    5 dest_loss=0.045652 future_loss=0.047769 offset_loss=0.057046 kld=0.030775 cd=-0.278559 en_pos=6.741128 en_neg=7.019687 pcd=True subgoal_reg=0.005737104659847348 
2026-01-09 22:17:28,499 :   263/    5 dest_loss=0.064353 future_loss=0.071767 offset_loss=0.052884 kld=0.028544 cd=-0.141060 en_pos=6.876245 en_neg=7.017304 pcd=True subgoal_reg=0.011458172151574868 
2026-01-09 22:17:44,044 :   269/    5 dest_loss=0.035554 future_loss=0.038912 offset_loss=0.062828 kld=0.032422 cd=-0.169870 en_pos=6.980700 en_neg=7.150569 pcd=True subgoal_reg=0.008758108500016754 
2026-01-09 22:17:59,481 :   275/    5 dest_loss=0.054371 future_loss=0.045196 offset_loss=0.072261 kld=0.027707 cd=0.011768 en_pos=6.922949 en_neg=6.911181 pcd=True subgoal_reg=0.009524453068225374 
2026-01-09 22:18:15,026 :   281/    5 dest_loss=0.056362 future_loss=0.050995 offset_loss=0.064606 kld=0.031460 cd=-0.323837 en_pos=6.740732 en_neg=7.064569 pcd=True subgoal_reg=0.008230941774939307 
2026-01-09 22:18:30,652 :   287/    5 dest_loss=0.049246 future_loss=0.047245 offset_loss=0.065094 kld=0.027621 cd=0.195246 en_pos=7.001058 en_neg=6.805812 pcd=True subgoal_reg=0.009475653979391622 
2026-01-09 22:18:46,173 :   293/    5 dest_loss=0.048169 future_loss=0.051340 offset_loss=0.052899 kld=0.033141 cd=-0.229285 en_pos=6.974839 en_neg=7.204124 pcd=True subgoal_reg=0.005552494892502181 
2026-01-09 22:19:01,594 :   299/    5 dest_loss=0.053851 future_loss=0.054746 offset_loss=0.058077 kld=0.029057 cd=-0.090787 en_pos=6.931344 en_neg=7.022131 pcd=True subgoal_reg=0.012949286964073404 
2026-01-09 22:19:16,940 :   305/    5 dest_loss=0.049359 future_loss=0.046917 offset_loss=0.067153 kld=0.028918 cd=-0.073937 en_pos=6.922045 en_neg=6.995982 pcd=True subgoal_reg=0.012823407942721955 
2026-01-09 22:19:32,361 :   311/    5 dest_loss=0.039673 future_loss=0.039696 offset_loss=0.059426 kld=0.028566 cd=0.232856 en_pos=7.189551 en_neg=6.956695 pcd=True subgoal_reg=0.008630006072965895 
2026-01-09 22:19:47,899 :   317/    5 dest_loss=0.039237 future_loss=0.040495 offset_loss=0.058832 kld=0.028583 cd=0.231367 en_pos=7.005257 en_neg=6.773891 pcd=True subgoal_reg=0.00987560395737013 
2026-01-09 22:20:03,306 :   323/    5 dest_loss=0.044641 future_loss=0.045645 offset_loss=0.063435 kld=0.027347 cd=0.086827 en_pos=6.811668 en_neg=6.724841 pcd=True subgoal_reg=0.0074643558414055145 
2026-01-09 22:20:18,514 :   329/    5 dest_loss=0.043124 future_loss=0.042335 offset_loss=0.063874 kld=0.028638 cd=0.046114 en_pos=7.034080 en_neg=6.987966 pcd=True subgoal_reg=0.009314472878704341 
2026-01-09 22:20:34,150 :   335/    5 dest_loss=0.047394 future_loss=0.047623 offset_loss=0.062568 kld=0.027786 cd=0.024931 en_pos=7.164828 en_neg=7.139896 pcd=True subgoal_reg=0.007683593797054945 
2026-01-09 22:20:49,682 :   341/    5 dest_loss=0.046346 future_loss=0.046811 offset_loss=0.060241 kld=0.028825 cd=-0.009592 en_pos=6.863578 en_neg=6.873170 pcd=True subgoal_reg=0.0068880739790443315 
2026-01-09 22:21:05,133 :   347/    5 dest_loss=0.042113 future_loss=0.041256 offset_loss=0.064979 kld=0.028569 cd=-0.109270 en_pos=6.927581 en_neg=7.036851 pcd=True subgoal_reg=0.0119342824004513 
2026-01-09 22:21:20,574 :   353/    5 dest_loss=0.044407 future_loss=0.040813 offset_loss=0.073488 kld=0.029081 cd=-0.155724 en_pos=6.857565 en_neg=7.013289 pcd=True subgoal_reg=0.008592899730159895 
2026-01-09 22:21:36,129 :   359/    5 dest_loss=0.076571 future_loss=0.057353 offset_loss=0.067338 kld=0.030537 cd=0.058316 en_pos=7.051838 en_neg=6.993521 pcd=True subgoal_reg=0.010016015631235099 
2026-01-09 22:21:51,675 :   365/    5 dest_loss=0.047555 future_loss=0.044122 offset_loss=0.058685 kld=0.030879 cd=0.077574 en_pos=7.157760 en_neg=7.080186 pcd=True subgoal_reg=0.02006747757392493 
2026-01-09 22:22:07,226 :   371/    5 dest_loss=0.060639 future_loss=0.054673 offset_loss=0.078683 kld=0.029790 cd=0.143416 en_pos=6.966816 en_neg=6.823400 pcd=True subgoal_reg=0.007179173513389422 
2026-01-09 22:22:22,732 :   377/    5 dest_loss=0.062676 future_loss=0.053938 offset_loss=0.071922 kld=0.029988 cd=-0.211634 en_pos=6.816022 en_neg=7.027655 pcd=True subgoal_reg=0.009574975582606176 
2026-01-09 22:22:38,377 :   383/    5 dest_loss=0.049809 future_loss=0.046862 offset_loss=0.062357 kld=0.030221 cd=-0.176357 en_pos=7.015877 en_neg=7.192235 pcd=True subgoal_reg=0.014355147447062927 
2026-01-09 22:22:53,856 :   389/    5 dest_loss=0.046265 future_loss=0.045363 offset_loss=0.070442 kld=0.027286 cd=0.092883 en_pos=7.052992 en_neg=6.960109 pcd=True subgoal_reg=0.008231807037441086 
2026-01-09 22:23:09,308 :   395/    5 dest_loss=0.038256 future_loss=0.041267 offset_loss=0.057480 kld=0.030349 cd=-0.036490 en_pos=6.966725 en_neg=7.003215 pcd=True subgoal_reg=0.006834223547170273 
2026-01-09 22:23:24,952 :   401/    5 dest_loss=0.043811 future_loss=0.045187 offset_loss=0.059910 kld=0.028156 cd=0.135486 en_pos=6.962421 en_neg=6.826935 pcd=True subgoal_reg=0.008199412258026385 
2026-01-09 22:23:40,246 :   407/    5 dest_loss=0.058885 future_loss=0.039294 offset_loss=0.085277 kld=0.031306 cd=0.118717 en_pos=6.947436 en_neg=6.828719 pcd=True subgoal_reg=0.011697741325033071 
2026-01-09 22:23:55,753 :   413/    5 dest_loss=0.050463 future_loss=0.044795 offset_loss=0.062356 kld=0.030428 cd=-0.115015 en_pos=6.727470 en_neg=6.842486 pcd=True subgoal_reg=0.00821084877527852 
2026-01-09 22:24:11,261 :   419/    5 dest_loss=0.037726 future_loss=0.034648 offset_loss=0.068184 kld=0.029341 cd=0.015717 en_pos=6.864586 en_neg=6.848870 pcd=True subgoal_reg=0.010188554866001207 
2026-01-09 22:24:26,710 :   425/    5 dest_loss=0.041421 future_loss=0.035735 offset_loss=0.072187 kld=0.029284 cd=0.055866 en_pos=6.983052 en_neg=6.927186 pcd=True subgoal_reg=0.007734331053290868 
2026-01-09 22:24:42,274 :   431/    5 dest_loss=0.059466 future_loss=0.052695 offset_loss=0.060800 kld=0.029320 cd=-0.045795 en_pos=6.844076 en_neg=6.889872 pcd=True subgoal_reg=0.0052860960150642 
2026-01-09 22:24:57,780 :   437/    5 dest_loss=0.134855 future_loss=0.137996 offset_loss=0.105690 kld=0.029837 cd=0.049881 en_pos=7.094421 en_neg=7.044539 pcd=True subgoal_reg=0.011562497056302155 
2026-01-09 22:25:13,281 :   443/    5 dest_loss=0.045411 future_loss=0.039943 offset_loss=0.071635 kld=0.028854 cd=0.168408 en_pos=7.075868 en_neg=6.907460 pcd=True subgoal_reg=0.008240005232976935 
2026-01-09 22:25:28,794 :   449/    5 dest_loss=0.047703 future_loss=0.050737 offset_loss=0.052389 kld=0.028829 cd=-0.167246 en_pos=6.897907 en_neg=7.065153 pcd=True subgoal_reg=0.006676685345986224 
2026-01-09 22:25:44,393 :   455/    5 dest_loss=0.042743 future_loss=0.043004 offset_loss=0.057039 kld=0.027784 cd=0.244093 en_pos=7.062003 en_neg=6.817910 pcd=True subgoal_reg=0.011083127514759901 
2026-01-09 22:25:59,867 :   461/    5 dest_loss=0.037691 future_loss=0.040808 offset_loss=0.054620 kld=0.027441 cd=-0.375466 en_pos=6.624982 en_neg=7.000448 pcd=True subgoal_reg=0.006518655682932934 
2026-01-09 22:26:15,511 :   467/    5 dest_loss=0.047587 future_loss=0.045596 offset_loss=0.064566 kld=0.029711 cd=-0.186200 en_pos=6.753753 en_neg=6.939952 pcd=True subgoal_reg=0.006679986226638554 
2026-01-09 22:26:31,076 :   473/    5 dest_loss=0.042652 future_loss=0.039657 offset_loss=0.063107 kld=0.028530 cd=0.091505 en_pos=6.787229 en_neg=6.695724 pcd=True subgoal_reg=0.010805612902104498 
2026-01-09 22:26:46,701 :   479/    5 dest_loss=0.040800 future_loss=0.038177 offset_loss=0.061440 kld=0.028892 cd=-0.187362 en_pos=6.645506 en_neg=6.832868 pcd=True subgoal_reg=0.0064036762218572935 
2026-01-09 22:27:02,137 :   485/    5 dest_loss=0.036251 future_loss=0.037971 offset_loss=0.061420 kld=0.028678 cd=-0.075644 en_pos=6.760691 en_neg=6.836335 pcd=True subgoal_reg=0.007305844272961991 
2026-01-09 22:27:17,626 :   491/    5 dest_loss=0.047356 future_loss=0.046963 offset_loss=0.058576 kld=0.030188 cd=0.059036 en_pos=6.803173 en_neg=6.744137 pcd=True subgoal_reg=0.005731772237073468 
2026-01-09 22:27:33,113 :   497/    5 dest_loss=0.167321 future_loss=0.167350 offset_loss=0.162734 kld=0.034582 cd=-0.164491 en_pos=7.048365 en_neg=7.212857 pcd=True subgoal_reg=0.007344010166504011 
2026-01-09 22:27:48,609 :   503/    5 dest_loss=0.050243 future_loss=0.048285 offset_loss=0.064999 kld=0.030286 cd=-0.075744 en_pos=6.836929 en_neg=6.912674 pcd=True subgoal_reg=0.007739269378362797 
2026-01-09 22:28:04,130 :   509/    5 dest_loss=0.058561 future_loss=0.051166 offset_loss=0.059276 kld=0.029984 cd=-0.152181 en_pos=6.897842 en_neg=7.050023 pcd=True subgoal_reg=0.01095055632155723 
2026-01-09 22:29:37,859 : Train Loss 132.77771954657854
2026-01-09 22:29:37,859 : Overall Loss 28.9128036334796
2026-01-09 22:29:37,859 : Dest Loss 30.614074756019043
2026-01-09 22:29:37,859 : Val ADE 0.20944944304129434
2026-01-09 22:29:37,860 : Val FDE 0.17084489408580533
2026-01-09 22:29:37,860 : Val Best ADE 0.20944944304129434
2026-01-09 22:29:37,860 : Val Best FDE 0.17084489408580533
2026-01-09 22:29:37,860 : ----->learning rate 0.0025
2026-01-09 22:29:53,506 :     5/    6 dest_loss=0.049686 future_loss=0.046537 offset_loss=0.087417 kld=0.027553 cd=-0.040023 en_pos=6.787718 en_neg=6.827742 pcd=True subgoal_reg=0.007694165351106472 
2026-01-09 22:30:08,914 :    11/    6 dest_loss=0.038299 future_loss=0.037709 offset_loss=0.061349 kld=0.027818 cd=-0.196977 en_pos=6.874547 en_neg=7.071524 pcd=True subgoal_reg=0.00650959868655057 
2026-01-09 22:30:24,380 :    17/    6 dest_loss=0.046622 future_loss=0.047822 offset_loss=0.048527 kld=0.029782 cd=0.179531 en_pos=6.945143 en_neg=6.765612 pcd=True subgoal_reg=0.0045631447620046355 
2026-01-09 22:30:39,565 :    23/    6 dest_loss=0.205541 future_loss=0.225252 offset_loss=0.111600 kld=0.034600 cd=-0.024032 en_pos=6.932879 en_neg=6.956912 pcd=True subgoal_reg=0.009355181658424338 
2026-01-09 22:30:54,979 :    29/    6 dest_loss=0.050499 future_loss=0.042861 offset_loss=0.080336 kld=0.028788 cd=-0.270819 en_pos=6.651317 en_neg=6.922136 pcd=True subgoal_reg=0.008092008892852519 
2026-01-09 22:31:10,407 :    35/    6 dest_loss=0.065015 future_loss=0.049114 offset_loss=0.068386 kld=0.028759 cd=0.190055 en_pos=7.024228 en_neg=6.834173 pcd=True subgoal_reg=0.00798368838329136 
2026-01-09 22:31:25,894 :    41/    6 dest_loss=0.058100 future_loss=0.038671 offset_loss=0.080135 kld=0.030687 cd=0.025881 en_pos=6.880071 en_neg=6.854190 pcd=True subgoal_reg=0.02254933824725759 
2026-01-09 22:31:41,426 :    47/    6 dest_loss=0.080305 future_loss=0.078026 offset_loss=0.056450 kld=0.030195 cd=0.221260 en_pos=7.008514 en_neg=6.787254 pcd=True subgoal_reg=0.0068911929717428815 
2026-01-09 22:31:56,815 :    53/    6 dest_loss=0.042710 future_loss=0.040051 offset_loss=0.062956 kld=0.029328 cd=0.152828 en_pos=6.928110 en_neg=6.775281 pcd=True subgoal_reg=0.010953514709097747 
2026-01-09 22:32:12,271 :    59/    6 dest_loss=0.058981 future_loss=0.042763 offset_loss=0.071947 kld=0.029343 cd=-0.052461 en_pos=6.800999 en_neg=6.853460 pcd=True subgoal_reg=0.010312174594250897 
2026-01-09 22:32:27,736 :    65/    6 dest_loss=0.040890 future_loss=0.042646 offset_loss=0.057975 kld=0.029867 cd=-0.035479 en_pos=6.920577 en_neg=6.956056 pcd=True subgoal_reg=0.007173787873595955 
2026-01-09 22:32:43,277 :    71/    6 dest_loss=0.043302 future_loss=0.040626 offset_loss=0.056904 kld=0.028182 cd=-0.155365 en_pos=6.822686 en_neg=6.978051 pcd=True subgoal_reg=0.010090409107866802 
2026-01-09 22:32:58,736 :    77/    6 dest_loss=0.132426 future_loss=0.095831 offset_loss=0.115681 kld=0.029439 cd=-0.060005 en_pos=7.054902 en_neg=7.114907 pcd=True subgoal_reg=0.009290688908962622 
2026-01-09 22:33:14,167 :    83/    6 dest_loss=0.043995 future_loss=0.045133 offset_loss=0.055846 kld=0.032193 cd=-0.011132 en_pos=7.010151 en_neg=7.021283 pcd=True subgoal_reg=0.008595886250435638 
2026-01-09 22:33:29,609 :    89/    6 dest_loss=0.044961 future_loss=0.047003 offset_loss=0.053691 kld=0.027341 cd=-0.054562 en_pos=6.830266 en_neg=6.884828 pcd=True subgoal_reg=0.006907858410722764 
2026-01-09 22:33:44,898 :    95/    6 dest_loss=0.047382 future_loss=0.048072 offset_loss=0.048625 kld=0.030859 cd=0.188588 en_pos=6.831844 en_neg=6.643256 pcd=True subgoal_reg=0.0065432291248410535 
2026-01-09 22:34:00,362 :   101/    6 dest_loss=0.090072 future_loss=0.090270 offset_loss=0.099513 kld=0.031084 cd=-0.124926 en_pos=6.871747 en_neg=6.996673 pcd=True subgoal_reg=0.008669772265518424 
2026-01-09 22:34:15,843 :   107/    6 dest_loss=0.046605 future_loss=0.046927 offset_loss=0.056955 kld=0.027377 cd=-0.072680 en_pos=7.027565 en_neg=7.100245 pcd=True subgoal_reg=0.006511711048272955 
2026-01-09 22:34:31,284 :   113/    6 dest_loss=0.042460 future_loss=0.032388 offset_loss=0.070755 kld=0.028367 cd=0.004040 en_pos=6.940652 en_neg=6.936613 pcd=True subgoal_reg=0.009461958496231972 
2026-01-09 22:34:46,807 :   119/    6 dest_loss=0.050370 future_loss=0.042447 offset_loss=0.066574 kld=0.028802 cd=0.022776 en_pos=6.776226 en_neg=6.753450 pcd=True subgoal_reg=0.005802186106976981 
2026-01-09 22:35:02,303 :   125/    6 dest_loss=0.058987 future_loss=0.048468 offset_loss=0.063875 kld=0.030059 cd=0.011846 en_pos=6.904655 en_neg=6.892809 pcd=True subgoal_reg=0.00797125286324669 
2026-01-09 22:35:17,799 :   131/    6 dest_loss=0.147401 future_loss=0.140309 offset_loss=0.187114 kld=0.028457 cd=-0.281835 en_pos=6.695764 en_neg=6.977600 pcd=True subgoal_reg=0.010055332689307476 
2026-01-09 22:35:33,256 :   137/    6 dest_loss=0.091107 future_loss=0.065601 offset_loss=0.116273 kld=0.026315 cd=-0.190133 en_pos=6.565873 en_neg=6.756006 pcd=True subgoal_reg=0.00955132338272631 
2026-01-09 22:35:48,770 :   143/    6 dest_loss=0.051508 future_loss=0.044797 offset_loss=0.056674 kld=0.028291 cd=-0.180444 en_pos=6.644588 en_neg=6.825033 pcd=True subgoal_reg=0.008727219667854398 
2026-01-09 22:36:04,292 :   149/    6 dest_loss=0.041771 future_loss=0.035790 offset_loss=0.061970 kld=0.029370 cd=-0.098517 en_pos=6.474899 en_neg=6.573416 pcd=True subgoal_reg=0.012884264000588728 
2026-01-09 22:36:19,763 :   155/    6 dest_loss=0.048291 future_loss=0.045499 offset_loss=0.059945 kld=0.030196 cd=0.216482 en_pos=6.788366 en_neg=6.571885 pcd=True subgoal_reg=0.008266062171666363 
2026-01-09 22:36:35,249 :   161/    6 dest_loss=0.040938 future_loss=0.039335 offset_loss=0.063802 kld=0.029077 cd=0.049037 en_pos=6.814098 en_neg=6.765060 pcd=True subgoal_reg=0.008196182385596797 
2026-01-09 22:36:50,723 :   167/    6 dest_loss=0.046010 future_loss=0.038499 offset_loss=0.062485 kld=0.026172 cd=-0.138878 en_pos=6.899728 en_neg=7.038605 pcd=True subgoal_reg=0.00888500248073865 
2026-01-09 22:37:06,080 :   173/    6 dest_loss=0.053444 future_loss=0.040848 offset_loss=0.067098 kld=0.027609 cd=-0.197689 en_pos=6.809404 en_neg=7.007094 pcd=True subgoal_reg=0.010698661365573792 
2026-01-09 22:37:21,568 :   179/    6 dest_loss=0.034517 future_loss=0.035691 offset_loss=0.050901 kld=0.030252 cd=0.372902 en_pos=6.991835 en_neg=6.618933 pcd=True subgoal_reg=0.009702391937824687 
2026-01-09 22:37:37,090 :   185/    6 dest_loss=0.034065 future_loss=0.036314 offset_loss=0.052752 kld=0.028468 cd=-0.102137 en_pos=6.822627 en_neg=6.924764 pcd=True subgoal_reg=0.0062036933960615236 
2026-01-09 22:37:52,489 :   191/    6 dest_loss=0.042440 future_loss=0.044072 offset_loss=0.050972 kld=0.030952 cd=0.088305 en_pos=6.888788 en_neg=6.800483 pcd=True subgoal_reg=0.006898033731566427 
2026-01-09 22:38:07,967 :   197/    6 dest_loss=0.042669 future_loss=0.038986 offset_loss=0.058874 kld=0.026416 cd=0.114121 en_pos=6.776740 en_neg=6.662619 pcd=True subgoal_reg=0.009565633348264675 
2026-01-09 22:38:23,528 :   203/    6 dest_loss=0.042765 future_loss=0.041649 offset_loss=0.059874 kld=0.027939 cd=-0.082034 en_pos=6.914619 en_neg=6.996653 pcd=True subgoal_reg=0.006416603669584319 
2026-01-09 22:38:39,130 :   209/    6 dest_loss=0.046130 future_loss=0.043667 offset_loss=0.056032 kld=0.029966 cd=0.302135 en_pos=6.974686 en_neg=6.672551 pcd=True subgoal_reg=0.007214325495345494 
2026-01-09 22:38:54,675 :   215/    6 dest_loss=0.040143 future_loss=0.041708 offset_loss=0.052747 kld=0.031347 cd=-0.073872 en_pos=6.817273 en_neg=6.891144 pcd=True subgoal_reg=0.006849797077747636 
2026-01-09 22:39:10,120 :   221/    6 dest_loss=0.086778 future_loss=0.069533 offset_loss=0.068713 kld=0.031301 cd=-0.005547 en_pos=6.815309 en_neg=6.820856 pcd=True subgoal_reg=0.00839197862166914 
2026-01-09 22:39:25,582 :   227/    6 dest_loss=0.055927 future_loss=0.045027 offset_loss=0.053988 kld=0.025779 cd=0.136923 en_pos=6.710399 en_neg=6.573476 pcd=True subgoal_reg=0.01708341449500912 
2026-01-09 22:39:40,995 :   233/    6 dest_loss=0.078981 future_loss=0.044461 offset_loss=0.115397 kld=0.028619 cd=0.112845 en_pos=6.830547 en_neg=6.717701 pcd=True subgoal_reg=0.009708332307996302 
2026-01-09 22:39:56,482 :   239/    6 dest_loss=0.038489 future_loss=0.046714 offset_loss=0.043523 kld=0.029692 cd=-0.424916 en_pos=6.642429 en_neg=7.067345 pcd=True subgoal_reg=0.008387631676704813 
2026-01-09 22:40:11,994 :   245/    6 dest_loss=0.045211 future_loss=0.044387 offset_loss=0.060838 kld=0.027267 cd=-0.189117 en_pos=6.718589 en_neg=6.907706 pcd=True subgoal_reg=0.00977389356170809 
2026-01-09 22:40:27,374 :   251/    6 dest_loss=0.055162 future_loss=0.041321 offset_loss=0.061274 kld=0.028987 cd=-0.180552 en_pos=6.795435 en_neg=6.975987 pcd=True subgoal_reg=0.008814209918859308 
2026-01-09 22:40:42,924 :   257/    6 dest_loss=0.222279 future_loss=0.211477 offset_loss=0.082305 kld=0.038403 cd=-0.115094 en_pos=6.764757 en_neg=6.879851 pcd=True subgoal_reg=0.012270942421176196 
2026-01-09 22:40:58,474 :   263/    6 dest_loss=0.124332 future_loss=0.125049 offset_loss=0.100219 kld=0.029646 cd=0.106778 en_pos=6.858216 en_neg=6.751438 pcd=True subgoal_reg=0.00912670471150811 
2026-01-09 22:41:13,967 :   269/    6 dest_loss=0.048564 future_loss=0.038102 offset_loss=0.076059 kld=0.030070 cd=-0.126606 en_pos=6.721621 en_neg=6.848227 pcd=True subgoal_reg=0.006726238692950707 
2026-01-09 22:41:29,401 :   275/    6 dest_loss=0.059876 future_loss=0.053917 offset_loss=0.057420 kld=0.029425 cd=0.059098 en_pos=6.931632 en_neg=6.872534 pcd=True subgoal_reg=0.007687927662663708 
2026-01-09 22:41:44,931 :   281/    6 dest_loss=0.231061 future_loss=0.179886 offset_loss=0.165510 kld=0.032774 cd=0.213669 en_pos=6.802297 en_neg=6.588628 pcd=True subgoal_reg=0.010797565542789586 
2026-01-09 22:42:00,439 :   287/    6 dest_loss=0.069798 future_loss=0.043845 offset_loss=0.129058 kld=0.026847 cd=0.080401 en_pos=7.030937 en_neg=6.950536 pcd=True subgoal_reg=0.009465532260825953 
2026-01-09 22:42:15,930 :   293/    6 dest_loss=0.050102 future_loss=0.053480 offset_loss=0.045963 kld=0.028605 cd=0.039848 en_pos=6.930603 en_neg=6.890755 pcd=True subgoal_reg=0.009742628987037084 
2026-01-09 22:42:31,458 :   299/    6 dest_loss=0.055093 future_loss=0.056035 offset_loss=0.052443 kld=0.027318 cd=-0.112318 en_pos=6.640806 en_neg=6.753124 pcd=True subgoal_reg=0.008175854172004653 
2026-01-09 22:42:47,026 :   305/    6 dest_loss=0.122771 future_loss=0.076199 offset_loss=0.171871 kld=0.028635 cd=-0.073622 en_pos=6.892468 en_neg=6.966090 pcd=True subgoal_reg=0.010308868361799499 
2026-01-09 22:43:02,520 :   311/    6 dest_loss=0.223418 future_loss=0.153111 offset_loss=0.185035 kld=0.032090 cd=0.010721 en_pos=6.861605 en_neg=6.850885 pcd=True subgoal_reg=0.007614123894658693 
2026-01-09 22:43:18,011 :   317/    6 dest_loss=0.043033 future_loss=0.045111 offset_loss=0.048364 kld=0.025642 cd=-0.310170 en_pos=6.850217 en_neg=7.160387 pcd=True subgoal_reg=0.009461235381125291 
2026-01-09 22:43:33,594 :   323/    6 dest_loss=0.044070 future_loss=0.045704 offset_loss=0.049983 kld=0.028346 cd=-0.120214 en_pos=6.710041 en_neg=6.830255 pcd=True subgoal_reg=0.007251248733663498 
2026-01-09 22:43:48,862 :   329/    6 dest_loss=0.105626 future_loss=0.076899 offset_loss=0.094418 kld=0.028822 cd=0.124119 en_pos=6.872522 en_neg=6.748403 pcd=True subgoal_reg=0.005902663068147165 
2026-01-09 22:44:04,381 :   335/    6 dest_loss=0.048683 future_loss=0.044299 offset_loss=0.056167 kld=0.028310 cd=-0.124530 en_pos=6.550271 en_neg=6.674801 pcd=True subgoal_reg=0.010618574262599888 
2026-01-09 22:44:19,771 :   341/    6 dest_loss=0.153294 future_loss=0.109294 offset_loss=0.147670 kld=0.030074 cd=-0.000444 en_pos=6.990753 en_neg=6.991197 pcd=True subgoal_reg=0.005274846658838837 
2026-01-09 22:44:35,196 :   347/    6 dest_loss=0.194439 future_loss=0.214922 offset_loss=0.057760 kld=0.034106 cd=-0.132399 en_pos=6.710637 en_neg=6.843036 pcd=True subgoal_reg=0.006054195768477205 
2026-01-09 22:44:50,659 :   353/    6 dest_loss=0.046484 future_loss=0.040108 offset_loss=0.061525 kld=0.026121 cd=-0.231178 en_pos=6.635190 en_neg=6.866368 pcd=True subgoal_reg=0.008896376122699336 
2026-01-09 22:45:06,152 :   359/    6 dest_loss=0.049879 future_loss=0.042490 offset_loss=0.057842 kld=0.028661 cd=0.063736 en_pos=6.897307 en_neg=6.833572 pcd=True subgoal_reg=0.005987127326139362 
2026-01-09 22:45:21,593 :   365/    6 dest_loss=0.040452 future_loss=0.045190 offset_loss=0.043382 kld=0.027111 cd=0.110390 en_pos=6.964592 en_neg=6.854202 pcd=True subgoal_reg=0.01155864722781364 
2026-01-09 22:45:37,098 :   371/    6 dest_loss=0.043802 future_loss=0.037390 offset_loss=0.059312 kld=0.027508 cd=0.016190 en_pos=6.872805 en_neg=6.856615 pcd=True subgoal_reg=0.005065119207910888 
2026-01-09 22:45:52,516 :   377/    6 dest_loss=0.040498 future_loss=0.046228 offset_loss=0.038967 kld=0.028745 cd=0.064318 en_pos=6.924172 en_neg=6.859854 pcd=True subgoal_reg=0.00565871750831895 
2026-01-09 22:46:08,001 :   383/    6 dest_loss=0.043145 future_loss=0.037587 offset_loss=0.061959 kld=0.028937 cd=0.097684 en_pos=6.785734 en_neg=6.688050 pcd=True subgoal_reg=0.009687561426898313 
2026-01-09 22:46:23,442 :   389/    6 dest_loss=0.047485 future_loss=0.039239 offset_loss=0.057225 kld=0.027060 cd=-0.172925 en_pos=6.682221 en_neg=6.855146 pcd=True subgoal_reg=0.005210369556045046 
2026-01-09 22:46:38,837 :   395/    6 dest_loss=0.051164 future_loss=0.042159 offset_loss=0.060955 kld=0.030962 cd=0.245467 en_pos=7.020507 en_neg=6.775040 pcd=True subgoal_reg=0.00848935237386854 
2026-01-09 22:46:54,268 :   401/    6 dest_loss=0.037426 future_loss=0.032246 offset_loss=0.061225 kld=0.025043 cd=0.029544 en_pos=6.620378 en_neg=6.590834 pcd=True subgoal_reg=0.006520360684399396 
2026-01-09 22:47:09,481 :   407/    6 dest_loss=0.044791 future_loss=0.032238 offset_loss=0.075270 kld=0.027282 cd=-0.234414 en_pos=6.778808 en_neg=7.013222 pcd=True subgoal_reg=0.006770131697575649 
2026-01-09 22:47:24,888 :   413/    6 dest_loss=0.034294 future_loss=0.036433 offset_loss=0.047100 kld=0.028071 cd=0.081208 en_pos=6.914639 en_neg=6.833431 pcd=True subgoal_reg=0.00577831178416593 
2026-01-09 22:47:40,366 :   419/    6 dest_loss=0.049974 future_loss=0.050127 offset_loss=0.049230 kld=0.028317 cd=0.058687 en_pos=6.816662 en_neg=6.757975 pcd=True subgoal_reg=0.004558331737299915 
2026-01-09 22:47:55,771 :   425/    6 dest_loss=0.040283 future_loss=0.041308 offset_loss=0.049150 kld=0.027441 cd=-0.198822 en_pos=6.632493 en_neg=6.831315 pcd=True subgoal_reg=0.006935252794131585 
2026-01-09 22:48:11,253 :   431/    6 dest_loss=0.037175 future_loss=0.036028 offset_loss=0.049907 kld=0.029083 cd=-0.256821 en_pos=6.633441 en_neg=6.890262 pcd=True subgoal_reg=0.007202757242174041 
2026-01-09 22:48:27,043 :   437/    6 dest_loss=0.038958 future_loss=0.039914 offset_loss=0.050234 kld=0.026361 cd=-0.052322 en_pos=6.860880 en_neg=6.913202 pcd=True subgoal_reg=0.006945352784853004 
2026-01-09 22:48:42,452 :   443/    6 dest_loss=0.038828 future_loss=0.034706 offset_loss=0.056571 kld=0.029313 cd=0.004897 en_pos=6.899716 en_neg=6.894819 pcd=True subgoal_reg=0.007219708443405546 
2026-01-09 22:48:57,904 :   449/    6 dest_loss=0.039680 future_loss=0.035207 offset_loss=0.057035 kld=0.029746 cd=-0.031566 en_pos=6.976428 en_neg=7.007994 pcd=True subgoal_reg=0.005528769734922214 
2026-01-09 22:49:13,387 :   455/    6 dest_loss=0.038373 future_loss=0.036051 offset_loss=0.054662 kld=0.026314 cd=0.119246 en_pos=6.804767 en_neg=6.685522 pcd=True subgoal_reg=0.007409883565124779 
2026-01-09 22:49:28,810 :   461/    6 dest_loss=0.044936 future_loss=0.041037 offset_loss=0.052440 kld=0.028365 cd=-0.068465 en_pos=6.733135 en_neg=6.801600 pcd=True subgoal_reg=0.004835571401719769 
2026-01-09 22:49:44,408 :   467/    6 dest_loss=0.049731 future_loss=0.042659 offset_loss=0.060220 kld=0.029756 cd=-0.032044 en_pos=6.893026 en_neg=6.925070 pcd=True subgoal_reg=0.007012193481805127 
2026-01-09 22:49:59,881 :   473/    6 dest_loss=0.038456 future_loss=0.042904 offset_loss=0.038877 kld=0.026179 cd=-0.170830 en_pos=6.962818 en_neg=7.133647 pcd=True subgoal_reg=0.006033632215065225 
2026-01-09 22:50:15,387 :   479/    6 dest_loss=0.036669 future_loss=0.036593 offset_loss=0.052238 kld=0.026301 cd=-0.024334 en_pos=6.789683 en_neg=6.814017 pcd=True subgoal_reg=0.005328487981764549 
2026-01-09 22:50:30,758 :   485/    6 dest_loss=0.034990 future_loss=0.032981 offset_loss=0.054278 kld=0.028535 cd=0.045678 en_pos=6.813457 en_neg=6.767779 pcd=True subgoal_reg=0.006171538217608996 
2026-01-09 22:50:46,231 :   491/    6 dest_loss=0.044230 future_loss=0.042075 offset_loss=0.054195 kld=0.027677 cd=0.191584 en_pos=6.900296 en_neg=6.708713 pcd=True subgoal_reg=0.005089230736473736 
2026-01-09 22:51:01,747 :   497/    6 dest_loss=0.030181 future_loss=0.033450 offset_loss=0.046626 kld=0.026682 cd=-0.033371 en_pos=6.775353 en_neg=6.808724 pcd=True subgoal_reg=0.0058607858539319576 
2026-01-09 22:51:17,264 :   503/    6 dest_loss=0.037412 future_loss=0.035907 offset_loss=0.050778 kld=0.026297 cd=-0.192827 en_pos=6.592152 en_neg=6.784979 pcd=True subgoal_reg=0.005732013194426499 
2026-01-09 22:51:32,744 :   509/    6 dest_loss=0.044511 future_loss=0.039622 offset_loss=0.060008 kld=0.026870 cd=0.286521 en_pos=6.930554 en_neg=6.644034 pcd=True subgoal_reg=0.005346175802580915 
2026-01-09 22:53:05,472 : Train Loss 133.01005089682545
2026-01-09 22:53:05,472 : Overall Loss 27.705149153864035
2026-01-09 22:53:05,472 : Dest Loss 30.968206163268572
2026-01-09 22:53:05,472 : Val ADE 0.19514922257201361
2026-01-09 22:53:05,473 : Val FDE 0.1431088297513861
2026-01-09 22:53:05,473 : Val Best ADE 0.19514922257201361
2026-01-09 22:53:05,473 : Val Best FDE 0.1431088297513861
2026-01-09 22:53:05,473 : ----->learning rate 0.0025
2026-01-09 22:53:20,996 :     5/    7 dest_loss=0.045575 future_loss=0.041732 offset_loss=0.056405 kld=0.030329 cd=0.135053 en_pos=6.811718 en_neg=6.676665 pcd=True subgoal_reg=0.006238475272226143 
2026-01-09 22:53:36,441 :    11/    7 dest_loss=0.033306 future_loss=0.030742 offset_loss=0.055604 kld=0.026360 cd=-0.205789 en_pos=6.925122 en_neg=7.130910 pcd=True subgoal_reg=0.007333839391530714 
2026-01-09 22:53:51,676 :    17/    7 dest_loss=0.059280 future_loss=0.042821 offset_loss=0.067560 kld=0.030665 cd=-0.006354 en_pos=6.804064 en_neg=6.810418 pcd=True subgoal_reg=0.00818896203501624 
2026-01-09 22:54:07,112 :    23/    7 dest_loss=0.092554 future_loss=0.063372 offset_loss=0.161043 kld=0.024983 cd=-0.166556 en_pos=6.743568 en_neg=6.910124 pcd=True subgoal_reg=0.0070129754150236165 
2026-01-09 22:54:22,592 :    29/    7 dest_loss=0.161289 future_loss=0.154877 offset_loss=0.122653 kld=0.032280 cd=-0.140999 en_pos=6.730778 en_neg=6.871776 pcd=True subgoal_reg=0.005871307776900581 
2026-01-09 22:54:38,053 :    35/    7 dest_loss=0.057498 future_loss=0.042449 offset_loss=0.068892 kld=0.027646 cd=-0.099345 en_pos=6.628414 en_neg=6.727759 pcd=True subgoal_reg=0.008170949572712303 
2026-01-09 22:54:53,509 :    41/    7 dest_loss=0.053791 future_loss=0.038966 offset_loss=0.061096 kld=0.027065 cd=-0.205574 en_pos=6.755455 en_neg=6.961030 pcd=True subgoal_reg=0.009702812419287794 
2026-01-09 22:55:08,949 :    47/    7 dest_loss=0.037801 future_loss=0.033830 offset_loss=0.049562 kld=0.029585 cd=-0.114478 en_pos=6.841640 en_neg=6.956118 pcd=True subgoal_reg=0.01121932288146148 
2026-01-09 22:55:24,436 :    53/    7 dest_loss=0.042555 future_loss=0.037521 offset_loss=0.058306 kld=0.026610 cd=-0.234650 en_pos=6.682893 en_neg=6.917543 pcd=True subgoal_reg=0.007863788687739149 
2026-01-09 22:55:39,927 :    59/    7 dest_loss=0.153903 future_loss=0.148537 offset_loss=0.090498 kld=0.030133 cd=-0.064756 en_pos=6.797489 en_neg=6.862246 pcd=True subgoal_reg=0.007071193393887106 
2026-01-09 22:55:55,361 :    65/    7 dest_loss=0.119510 future_loss=0.072129 offset_loss=0.193723 kld=0.026942 cd=0.025483 en_pos=6.749359 en_neg=6.723876 pcd=True subgoal_reg=0.007880318105175584 
2026-01-09 22:56:10,842 :    71/    7 dest_loss=0.043829 future_loss=0.034868 offset_loss=0.062894 kld=0.026866 cd=0.320722 en_pos=6.872558 en_neg=6.551835 pcd=True subgoal_reg=0.007430873450442894 
2026-01-09 22:56:26,230 :    77/    7 dest_loss=0.035406 future_loss=0.031809 offset_loss=0.051441 kld=0.028050 cd=-0.154083 en_pos=6.628851 en_neg=6.782935 pcd=True subgoal_reg=0.007160219125366209 
2026-01-09 22:56:41,649 :    83/    7 dest_loss=0.041421 future_loss=0.035947 offset_loss=0.058193 kld=0.028655 cd=0.177763 en_pos=6.867848 en_neg=6.690085 pcd=True subgoal_reg=0.006998200647772849 
2026-01-09 22:56:56,852 :    89/    7 dest_loss=0.034815 future_loss=0.032138 offset_loss=0.049696 kld=0.027603 cd=0.043118 en_pos=6.674413 en_neg=6.631295 pcd=True subgoal_reg=0.005578378366893569 
2026-01-09 22:57:12,325 :    95/    7 dest_loss=0.099753 future_loss=0.054560 offset_loss=0.173113 kld=0.028767 cd=-0.015855 en_pos=6.897531 en_neg=6.913387 pcd=True subgoal_reg=0.00859238147886962 
2026-01-09 22:57:27,801 :   101/    7 dest_loss=0.037859 future_loss=0.039809 offset_loss=0.040394 kld=0.027763 cd=-0.009917 en_pos=6.793599 en_neg=6.803516 pcd=True subgoal_reg=0.00593813983040899 
2026-01-09 22:57:43,230 :   107/    7 dest_loss=0.044352 future_loss=0.046975 offset_loss=0.041936 kld=0.026444 cd=0.213400 en_pos=6.997590 en_neg=6.784189 pcd=True subgoal_reg=0.007098939882707331 
2026-01-09 22:57:58,622 :   113/    7 dest_loss=0.151830 future_loss=0.132055 offset_loss=0.117347 kld=0.031646 cd=-0.192298 en_pos=6.693738 en_neg=6.886036 pcd=True subgoal_reg=0.00647462426235119 
2026-01-09 22:58:14,121 :   119/    7 dest_loss=0.038188 future_loss=0.037224 offset_loss=0.050840 kld=0.025798 cd=-0.120152 en_pos=6.662333 en_neg=6.782485 pcd=True subgoal_reg=0.006287347634919241 
2026-01-09 22:58:29,628 :   125/    7 dest_loss=0.036069 future_loss=0.035756 offset_loss=0.049688 kld=0.029153 cd=0.018187 en_pos=6.779186 en_neg=6.760999 pcd=True subgoal_reg=0.006753096813239067 
2026-01-09 22:58:45,073 :   131/    7 dest_loss=0.057867 future_loss=0.047485 offset_loss=0.065054 kld=0.026561 cd=0.361940 en_pos=6.919167 en_neg=6.557227 pcd=True subgoal_reg=0.005044159782399831 
2026-01-09 22:59:00,504 :   137/    7 dest_loss=0.054470 future_loss=0.045462 offset_loss=0.056286 kld=0.029132 cd=-0.156190 en_pos=6.738683 en_neg=6.894874 pcd=True subgoal_reg=0.006935608502725435 
2026-01-09 22:59:15,961 :   143/    7 dest_loss=0.036445 future_loss=0.036724 offset_loss=0.051133 kld=0.026045 cd=0.334449 en_pos=7.107929 en_neg=6.773481 pcd=True subgoal_reg=0.006976243673248781 
2026-01-09 22:59:31,346 :   149/    7 dest_loss=0.044217 future_loss=0.042171 offset_loss=0.047898 kld=0.027970 cd=-0.086001 en_pos=6.653962 en_neg=6.739963 pcd=True subgoal_reg=0.004540225110629308 
2026-01-09 22:59:46,736 :   155/    7 dest_loss=0.043439 future_loss=0.037081 offset_loss=0.053789 kld=0.025479 cd=-0.133263 en_pos=6.688773 en_neg=6.822037 pcd=True subgoal_reg=0.010269883677774566 
2026-01-09 23:00:02,209 :   161/    7 dest_loss=0.034679 future_loss=0.033064 offset_loss=0.045205 kld=0.027981 cd=0.204209 en_pos=6.775129 en_neg=6.570920 pcd=True subgoal_reg=0.006354767035728086 
2026-01-09 23:00:17,534 :   167/    7 dest_loss=0.042960 future_loss=0.040741 offset_loss=0.046695 kld=0.027147 cd=0.057979 en_pos=6.941327 en_neg=6.883348 pcd=True subgoal_reg=0.007058827566393899 
2026-01-09 23:00:33,124 :   173/    7 dest_loss=0.032194 future_loss=0.032573 offset_loss=0.045585 kld=0.027204 cd=0.032378 en_pos=6.801505 en_neg=6.769127 pcd=True subgoal_reg=0.006737860655984435 
2026-01-09 23:00:48,677 :   179/    7 dest_loss=0.042436 future_loss=0.038321 offset_loss=0.053374 kld=0.026209 cd=0.034887 en_pos=6.883241 en_neg=6.848354 pcd=True subgoal_reg=0.005134935223830313 
2026-01-09 23:01:04,142 :   185/    7 dest_loss=0.038719 future_loss=0.033189 offset_loss=0.051806 kld=0.027781 cd=0.153739 en_pos=6.689918 en_neg=6.536179 pcd=True subgoal_reg=0.00771897863997521 
2026-01-09 23:01:19,599 :   191/    7 dest_loss=0.056990 future_loss=0.047497 offset_loss=0.043163 kld=0.027855 cd=-0.127425 en_pos=6.730528 en_neg=6.857953 pcd=True subgoal_reg=0.00556712490648937 
2026-01-09 23:01:35,199 :   197/    7 dest_loss=0.048052 future_loss=0.048682 offset_loss=0.044750 kld=0.025486 cd=0.069664 en_pos=6.759768 en_neg=6.690104 pcd=True subgoal_reg=0.008044327827203376 
2026-01-09 23:01:50,714 :   203/    7 dest_loss=0.041102 future_loss=0.041506 offset_loss=0.042341 kld=0.029416 cd=0.026044 en_pos=6.785933 en_neg=6.759889 pcd=True subgoal_reg=0.007661796976957046 
2026-01-09 23:02:06,218 :   209/    7 dest_loss=0.054052 future_loss=0.045191 offset_loss=0.055853 kld=0.025582 cd=-0.101989 en_pos=6.471508 en_neg=6.573497 pcd=True subgoal_reg=0.007220451708644592 
2026-01-09 23:02:21,713 :   215/    7 dest_loss=0.046117 future_loss=0.042505 offset_loss=0.058309 kld=0.027233 cd=0.021328 en_pos=6.824813 en_neg=6.803485 pcd=True subgoal_reg=0.008960820673227721 
2026-01-09 23:02:37,277 :   221/    7 dest_loss=0.047201 future_loss=0.040130 offset_loss=0.058278 kld=0.026811 cd=-0.044576 en_pos=6.656794 en_neg=6.701370 pcd=True subgoal_reg=0.00554630268258776 
2026-01-09 23:02:52,965 :   227/    7 dest_loss=0.037913 future_loss=0.031682 offset_loss=0.056498 kld=0.027517 cd=-0.253785 en_pos=6.656523 en_neg=6.910308 pcd=True subgoal_reg=0.009243090411224723 
2026-01-09 23:03:08,509 :   233/    7 dest_loss=0.037147 future_loss=0.034474 offset_loss=0.053238 kld=0.029902 cd=-0.000932 en_pos=6.700856 en_neg=6.701789 pcd=True subgoal_reg=0.004797881455722755 
2026-01-09 23:03:24,021 :   239/    7 dest_loss=0.042984 future_loss=0.040732 offset_loss=0.046728 kld=0.028222 cd=0.176919 en_pos=6.933491 en_neg=6.756572 pcd=True subgoal_reg=0.005866901392825048 
2026-01-09 23:03:39,422 :   245/    7 dest_loss=0.090760 future_loss=0.091310 offset_loss=0.080851 kld=0.028651 cd=0.045479 en_pos=6.732104 en_neg=6.686625 pcd=True subgoal_reg=0.006807538499245329 
2026-01-09 23:03:54,964 :   251/    7 dest_loss=0.035167 future_loss=0.031115 offset_loss=0.054354 kld=0.027530 cd=0.004805 en_pos=6.777306 en_neg=6.772501 pcd=True subgoal_reg=0.006078403829660508 
2026-01-09 23:04:10,478 :   257/    7 dest_loss=0.217431 future_loss=0.175079 offset_loss=0.127558 kld=0.031469 cd=0.107800 en_pos=6.906544 en_neg=6.798744 pcd=True subgoal_reg=0.006071665421868041 
2026-01-09 23:04:26,014 :   263/    7 dest_loss=0.052509 future_loss=0.035551 offset_loss=0.069900 kld=0.027388 cd=-0.015092 en_pos=6.672718 en_neg=6.687810 pcd=True subgoal_reg=0.006760572377047804 
2026-01-09 23:04:41,449 :   269/    7 dest_loss=0.045194 future_loss=0.037408 offset_loss=0.060645 kld=0.028441 cd=-0.047420 en_pos=6.833173 en_neg=6.880592 pcd=True subgoal_reg=0.007630402514701904 
2026-01-09 23:04:57,038 :   275/    7 dest_loss=0.039479 future_loss=0.033403 offset_loss=0.049260 kld=0.025187 cd=-0.044376 en_pos=6.771635 en_neg=6.816011 pcd=True subgoal_reg=0.005898457586258617 
2026-01-09 23:05:12,665 :   281/    7 dest_loss=0.048177 future_loss=0.042253 offset_loss=0.057098 kld=0.029193 cd=0.036515 en_pos=6.700944 en_neg=6.664429 pcd=True subgoal_reg=0.004947583953913203 
2026-01-09 23:05:28,227 :   287/    7 dest_loss=0.041097 future_loss=0.039768 offset_loss=0.048190 kld=0.025719 cd=-0.163764 en_pos=6.738384 en_neg=6.902148 pcd=True subgoal_reg=0.006902207727919969 
2026-01-09 23:05:43,782 :   293/    7 dest_loss=0.039209 future_loss=0.035869 offset_loss=0.046311 kld=0.028627 cd=0.251335 en_pos=6.696389 en_neg=6.445054 pcd=True subgoal_reg=0.00550677066181088 
2026-01-09 23:05:59,268 :   299/    7 dest_loss=0.037475 future_loss=0.036013 offset_loss=0.046510 kld=0.026320 cd=-0.067726 en_pos=6.752917 en_neg=6.820643 pcd=True subgoal_reg=0.006330589042924569 
2026-01-09 23:06:14,882 :   305/    7 dest_loss=0.039329 future_loss=0.036411 offset_loss=0.046305 kld=0.028780 cd=0.137261 en_pos=6.823071 en_neg=6.685810 pcd=True subgoal_reg=0.005809854356513568 
2026-01-09 23:06:30,357 :   311/    7 dest_loss=0.040477 future_loss=0.036386 offset_loss=0.048726 kld=0.027298 cd=0.091374 en_pos=6.911896 en_neg=6.820522 pcd=True subgoal_reg=0.006298648578502658 
2026-01-09 23:06:45,914 :   317/    7 dest_loss=0.035849 future_loss=0.034217 offset_loss=0.047953 kld=0.027025 cd=0.048186 en_pos=6.942447 en_neg=6.894261 pcd=True subgoal_reg=0.006197037115047589 
2026-01-09 23:07:01,445 :   323/    7 dest_loss=0.053316 future_loss=0.041099 offset_loss=0.056191 kld=0.025596 cd=0.367892 en_pos=6.948165 en_neg=6.580273 pcd=True subgoal_reg=0.007008134082008519 
2026-01-09 23:07:16,972 :   329/    7 dest_loss=0.062711 future_loss=0.042507 offset_loss=0.057440 kld=0.031277 cd=0.009734 en_pos=6.818916 en_neg=6.809182 pcd=True subgoal_reg=0.010693105959657345 
2026-01-09 23:07:32,490 :   335/    7 dest_loss=0.039668 future_loss=0.033044 offset_loss=0.050111 kld=0.025588 cd=0.053253 en_pos=6.743395 en_neg=6.690142 pcd=True subgoal_reg=0.009541870146238248 
2026-01-09 23:07:47,944 :   341/    7 dest_loss=0.040936 future_loss=0.037600 offset_loss=0.041697 kld=0.026980 cd=0.044069 en_pos=6.781163 en_neg=6.737093 pcd=True subgoal_reg=0.0057540535871303585 
2026-01-09 23:08:03,505 :   347/    7 dest_loss=0.173828 future_loss=0.085065 offset_loss=0.240731 kld=0.029842 cd=0.124115 en_pos=6.867502 en_neg=6.743386 pcd=True subgoal_reg=0.013147002122068582 
2026-01-09 23:08:19,000 :   353/    7 dest_loss=0.055162 future_loss=0.049790 offset_loss=0.045549 kld=0.025353 cd=-0.015907 en_pos=6.634626 en_neg=6.650533 pcd=True subgoal_reg=0.008423119483731768 
2026-01-09 23:08:34,535 :   359/    7 dest_loss=0.095138 future_loss=0.088639 offset_loss=0.069557 kld=0.028079 cd=-0.281364 en_pos=6.637557 en_neg=6.918921 pcd=True subgoal_reg=0.010424467603455341 
2026-01-09 23:08:50,069 :   365/    7 dest_loss=0.166879 future_loss=0.135174 offset_loss=0.110897 kld=0.030841 cd=-0.187031 en_pos=6.746318 en_neg=6.933349 pcd=True subgoal_reg=0.0053178412388111065 
2026-01-09 23:09:05,573 :   371/    7 dest_loss=0.041916 future_loss=0.041617 offset_loss=0.048666 kld=0.026351 cd=-0.180376 en_pos=6.618324 en_neg=6.798699 pcd=True subgoal_reg=0.005921262272842554 
2026-01-09 23:09:21,205 :   377/    7 dest_loss=0.044610 future_loss=0.037693 offset_loss=0.057092 kld=0.026624 cd=-0.048921 en_pos=6.785037 en_neg=6.833958 pcd=True subgoal_reg=0.007356794922737756 
2026-01-09 23:09:36,806 :   383/    7 dest_loss=0.050753 future_loss=0.045662 offset_loss=0.046796 kld=0.028868 cd=0.170072 en_pos=6.962053 en_neg=6.791981 pcd=True subgoal_reg=0.0045054615635506745 
2026-01-09 23:09:52,312 :   389/    7 dest_loss=0.037701 future_loss=0.035862 offset_loss=0.045417 kld=0.026197 cd=0.026754 en_pos=6.693221 en_neg=6.666467 pcd=True subgoal_reg=0.00879665811716705 
2026-01-09 23:10:07,753 :   395/    7 dest_loss=0.085003 future_loss=0.042430 offset_loss=0.135541 kld=0.029193 cd=-0.142038 en_pos=6.765753 en_neg=6.907791 pcd=True subgoal_reg=0.005228552769587379 
2026-01-09 23:10:23,046 :   401/    7 dest_loss=0.042353 future_loss=0.041531 offset_loss=0.043236 kld=0.026589 cd=0.105191 en_pos=6.693088 en_neg=6.587897 pcd=True subgoal_reg=0.004827929027272774 
2026-01-09 23:10:38,504 :   407/    7 dest_loss=0.098119 future_loss=0.059727 offset_loss=0.123959 kld=0.024752 cd=0.156653 en_pos=6.773222 en_neg=6.616569 pcd=True subgoal_reg=0.007635420640999804 
2026-01-09 23:10:53,954 :   413/    7 dest_loss=0.033588 future_loss=0.032375 offset_loss=0.044068 kld=0.026850 cd=-0.108613 en_pos=6.743656 en_neg=6.852269 pcd=True subgoal_reg=0.00556376827100381 
2026-01-09 23:11:09,414 :   419/    7 dest_loss=0.046719 future_loss=0.041305 offset_loss=0.051410 kld=0.027887 cd=-0.044242 en_pos=6.773390 en_neg=6.817632 pcd=True subgoal_reg=0.006064534110489338 
2026-01-09 23:11:24,886 :   425/    7 dest_loss=0.038115 future_loss=0.037626 offset_loss=0.039511 kld=0.025810 cd=0.014421 en_pos=6.656962 en_neg=6.642541 pcd=True subgoal_reg=0.004334117547926283 
2026-01-09 23:11:40,399 :   431/    7 dest_loss=0.052126 future_loss=0.036391 offset_loss=0.058057 kld=0.027420 cd=-0.030028 en_pos=6.801400 en_neg=6.831428 pcd=True subgoal_reg=0.01117570542577477 
2026-01-09 23:11:55,848 :   437/    7 dest_loss=0.031570 future_loss=0.026768 offset_loss=0.057199 kld=0.027038 cd=0.185596 en_pos=6.802574 en_neg=6.616978 pcd=True subgoal_reg=0.004750822695142076 
2026-01-09 23:12:11,404 :   443/    7 dest_loss=0.044986 future_loss=0.034907 offset_loss=0.052815 kld=0.027615 cd=0.030492 en_pos=6.786623 en_neg=6.756130 pcd=True subgoal_reg=0.010283832392596316 
2026-01-09 23:12:26,868 :   449/    7 dest_loss=0.087778 future_loss=0.054064 offset_loss=0.116735 kld=0.025730 cd=-0.097445 en_pos=6.712205 en_neg=6.809650 pcd=True subgoal_reg=0.005590836717842057 
2026-01-09 23:12:42,417 :   455/    7 dest_loss=0.053286 future_loss=0.048567 offset_loss=0.037062 kld=0.025442 cd=0.019127 en_pos=6.830130 en_neg=6.811003 pcd=True subgoal_reg=0.003883280729318749 
2026-01-09 23:12:57,959 :   461/    7 dest_loss=0.048970 future_loss=0.034495 offset_loss=0.057233 kld=0.029249 cd=-0.130593 en_pos=6.738371 en_neg=6.868964 pcd=True subgoal_reg=0.012932443642354501 
2026-01-09 23:13:13,491 :   467/    7 dest_loss=0.056434 future_loss=0.042122 offset_loss=0.063560 kld=0.030504 cd=-0.047528 en_pos=7.002944 en_neg=7.050472 pcd=True subgoal_reg=0.006661231945821795 
2026-01-09 23:13:29,104 :   473/    7 dest_loss=0.045577 future_loss=0.036189 offset_loss=0.056510 kld=0.028282 cd=-0.367449 en_pos=6.598658 en_neg=6.966107 pcd=True subgoal_reg=0.007485562555109522 
2026-01-09 23:13:44,429 :   479/    7 dest_loss=0.038600 future_loss=0.030887 offset_loss=0.055817 kld=0.027671 cd=0.007273 en_pos=6.937198 en_neg=6.929925 pcd=True subgoal_reg=0.0059688129805269725 
2026-01-09 23:13:59,883 :   485/    7 dest_loss=0.103169 future_loss=0.062465 offset_loss=0.122746 kld=0.028033 cd=0.029051 en_pos=6.744892 en_neg=6.715841 pcd=True subgoal_reg=0.00615529499543719 
2026-01-09 23:14:15,481 :   491/    7 dest_loss=0.036358 future_loss=0.035099 offset_loss=0.039725 kld=0.028229 cd=0.001481 en_pos=6.687141 en_neg=6.685659 pcd=True subgoal_reg=0.007753849334515237 
2026-01-09 23:14:30,942 :   497/    7 dest_loss=0.038351 future_loss=0.036296 offset_loss=0.045005 kld=0.029032 cd=-0.013425 en_pos=6.610234 en_neg=6.623659 pcd=True subgoal_reg=0.005852719973805792 
2026-01-09 23:14:46,548 :   503/    7 dest_loss=0.078208 future_loss=0.063582 offset_loss=0.107029 kld=0.028779 cd=0.123581 en_pos=6.875858 en_neg=6.752277 pcd=True subgoal_reg=0.004965473777519986 
2026-01-09 23:15:02,035 :   509/    7 dest_loss=0.079001 future_loss=0.070303 offset_loss=0.062722 kld=0.026182 cd=-0.090752 en_pos=6.653254 en_neg=6.744006 pcd=True subgoal_reg=0.007086280879641747 
2026-01-09 23:16:34,828 : Train Loss 119.42472977723533
2026-01-09 23:16:34,828 : Overall Loss 25.298739568701393
2026-01-09 23:16:34,828 : Dest Loss 29.001630003169012
2026-01-09 23:16:34,828 : Val ADE 0.20404716055696626
2026-01-09 23:16:34,828 : Val FDE 0.18177662143979495
2026-01-09 23:16:34,829 : Val Best ADE 0.19514922257201361
2026-01-09 23:16:34,829 : Val Best FDE 0.1431088297513861
2026-01-09 23:16:34,829 : ----->learning rate 0.0025
2026-01-09 23:16:50,380 :     5/    8 dest_loss=0.043054 future_loss=0.036331 offset_loss=0.049901 kld=0.030118 cd=0.076403 en_pos=6.710765 en_neg=6.634362 pcd=True subgoal_reg=0.004707402647115418 
2026-01-09 23:17:05,960 :    11/    8 dest_loss=0.035115 future_loss=0.033729 offset_loss=0.038231 kld=0.024441 cd=0.015589 en_pos=6.627863 en_neg=6.612274 pcd=True subgoal_reg=0.005214360590324692 
2026-01-09 23:17:21,544 :    17/    8 dest_loss=0.040043 future_loss=0.037898 offset_loss=0.043649 kld=0.025583 cd=-0.144755 en_pos=6.696307 en_neg=6.841062 pcd=True subgoal_reg=0.0064557360331982516 
2026-01-09 23:17:36,912 :    23/    8 dest_loss=0.036699 future_loss=0.036138 offset_loss=0.036754 kld=0.027527 cd=0.202312 en_pos=6.852278 en_neg=6.649966 pcd=True subgoal_reg=0.0045746634114008184 
2026-01-09 23:17:52,516 :    29/    8 dest_loss=0.138020 future_loss=0.124298 offset_loss=0.066547 kld=0.029562 cd=-0.025355 en_pos=6.816836 en_neg=6.842191 pcd=True subgoal_reg=0.0052990860816396 
2026-01-09 23:18:08,041 :    35/    8 dest_loss=0.037988 future_loss=0.036513 offset_loss=0.040958 kld=0.024160 cd=0.091603 en_pos=6.828075 en_neg=6.736471 pcd=True subgoal_reg=0.006841755345190292 
2026-01-09 23:18:23,580 :    41/    8 dest_loss=0.035918 future_loss=0.034453 offset_loss=0.042986 kld=0.026828 cd=-0.061405 en_pos=6.681306 en_neg=6.742712 pcd=True subgoal_reg=0.00527773183580116 
2026-01-09 23:18:39,177 :    47/    8 dest_loss=0.036583 future_loss=0.034887 offset_loss=0.037722 kld=0.025650 cd=-0.184252 en_pos=6.449446 en_neg=6.633698 pcd=True subgoal_reg=0.0047985025407042605 
2026-01-09 23:18:54,651 :    53/    8 dest_loss=0.162507 future_loss=0.160685 offset_loss=0.097114 kld=0.029956 cd=-0.061089 en_pos=6.603379 en_neg=6.664468 pcd=True subgoal_reg=0.005979576099178629 
2026-01-09 23:19:10,137 :    59/    8 dest_loss=0.078771 future_loss=0.050450 offset_loss=0.126835 kld=0.025956 cd=-0.064530 en_pos=6.874558 en_neg=6.939087 pcd=True subgoal_reg=0.008411369275236724 
2026-01-09 23:19:25,549 :    65/    8 dest_loss=0.040302 future_loss=0.036258 offset_loss=0.047748 kld=0.030131 cd=-0.184721 en_pos=6.860525 en_neg=7.045247 pcd=True subgoal_reg=0.006032870296481806 
2026-01-09 23:19:41,045 :    71/    8 dest_loss=0.149543 future_loss=0.115483 offset_loss=0.130124 kld=0.028521 cd=0.003853 en_pos=6.936973 en_neg=6.933120 pcd=True subgoal_reg=0.006308434598935479 
2026-01-09 23:19:56,583 :    77/    8 dest_loss=0.036537 future_loss=0.032442 offset_loss=0.048567 kld=0.025561 cd=-0.060866 en_pos=6.819311 en_neg=6.880177 pcd=True subgoal_reg=0.005604737428519958 
2026-01-09 23:20:12,058 :    83/    8 dest_loss=0.036114 future_loss=0.029491 offset_loss=0.054104 kld=0.025621 cd=0.026862 en_pos=6.730969 en_neg=6.704107 pcd=True subgoal_reg=0.005522752155080243 
2026-01-09 23:20:27,539 :    89/    8 dest_loss=0.033939 future_loss=0.030606 offset_loss=0.046401 kld=0.027410 cd=0.152540 en_pos=6.791559 en_neg=6.639020 pcd=True subgoal_reg=0.0043867093687130106 
2026-01-09 23:20:43,057 :    95/    8 dest_loss=0.039303 future_loss=0.034482 offset_loss=0.048334 kld=0.028758 cd=0.208992 en_pos=6.830105 en_neg=6.621114 pcd=True subgoal_reg=0.005183936659495826 
2026-01-09 23:20:58,622 :   101/    8 dest_loss=0.038435 future_loss=0.035586 offset_loss=0.043744 kld=0.025520 cd=0.000157 en_pos=6.689175 en_neg=6.689018 pcd=True subgoal_reg=0.005029738908639924 
2026-01-09 23:21:14,157 :   107/    8 dest_loss=0.038773 future_loss=0.035295 offset_loss=0.041958 kld=0.024900 cd=0.422905 en_pos=7.008336 en_neg=6.585432 pcd=True subgoal_reg=0.0054451919886702935 
2026-01-09 23:21:29,693 :   113/    8 dest_loss=0.028845 future_loss=0.029612 offset_loss=0.037382 kld=0.025414 cd=-0.063754 en_pos=6.776782 en_neg=6.840536 pcd=True subgoal_reg=0.005247896063675889 
2026-01-09 23:21:45,193 :   119/    8 dest_loss=0.086950 future_loss=0.072744 offset_loss=0.085502 kld=0.026004 cd=-0.132763 en_pos=6.701002 en_neg=6.833765 pcd=True subgoal_reg=0.006785821758215841 
2026-01-09 23:22:00,702 :   125/    8 dest_loss=0.038488 future_loss=0.033922 offset_loss=0.047124 kld=0.025369 cd=-0.077873 en_pos=6.632574 en_neg=6.710448 pcd=True subgoal_reg=0.004720337648023635 
2026-01-09 23:22:16,258 :   131/    8 dest_loss=0.035721 future_loss=0.034438 offset_loss=0.039988 kld=0.028390 cd=-0.086461 en_pos=6.623990 en_neg=6.710451 pcd=True subgoal_reg=0.004712076097682474 
2026-01-09 23:22:31,889 :   137/    8 dest_loss=0.036282 future_loss=0.034177 offset_loss=0.045368 kld=0.027983 cd=0.109027 en_pos=6.781580 en_neg=6.672553 pcd=True subgoal_reg=0.006442259031658638 
2026-01-09 23:22:47,419 :   143/    8 dest_loss=0.042182 future_loss=0.038062 offset_loss=0.036432 kld=0.028257 cd=0.144648 en_pos=6.899899 en_neg=6.755251 pcd=True subgoal_reg=0.004258028217142792 
2026-01-09 23:23:02,945 :   149/    8 dest_loss=0.168700 future_loss=0.113836 offset_loss=0.188497 kld=0.028458 cd=-0.017516 en_pos=6.651087 en_neg=6.668602 pcd=True subgoal_reg=0.005707309573853346 
2026-01-09 23:23:18,375 :   155/    8 dest_loss=0.254341 future_loss=0.200540 offset_loss=0.225262 kld=0.025742 cd=-0.101104 en_pos=6.698103 en_neg=6.799207 pcd=True subgoal_reg=0.007586240185692193 
2026-01-09 23:23:33,877 :   161/    8 dest_loss=0.052552 future_loss=0.041101 offset_loss=0.053939 kld=0.027185 cd=0.303078 en_pos=6.872979 en_neg=6.569901 pcd=True subgoal_reg=0.008078763414873496 
2026-01-09 23:23:49,267 :   167/    8 dest_loss=0.032792 future_loss=0.032458 offset_loss=0.041583 kld=0.026950 cd=0.071418 en_pos=6.805111 en_neg=6.733693 pcd=True subgoal_reg=0.0065921375679738005 
2026-01-09 23:24:04,533 :   173/    8 dest_loss=0.038050 future_loss=0.036305 offset_loss=0.039426 kld=0.026602 cd=0.130272 en_pos=6.687934 en_neg=6.557662 pcd=True subgoal_reg=0.005042341151663549 
2026-01-09 23:24:19,984 :   179/    8 dest_loss=0.031020 future_loss=0.032055 offset_loss=0.040900 kld=0.027769 cd=0.029763 en_pos=6.691001 en_neg=6.661238 pcd=True subgoal_reg=0.005781604831039698 
2026-01-09 23:24:35,478 :   185/    8 dest_loss=0.038501 future_loss=0.026835 offset_loss=0.059729 kld=0.026366 cd=-0.338443 en_pos=6.500560 en_neg=6.839003 pcd=True subgoal_reg=0.00627936793406203 
2026-01-09 23:24:50,923 :   191/    8 dest_loss=0.043879 future_loss=0.039019 offset_loss=0.045962 kld=0.026984 cd=-0.128170 en_pos=6.523649 en_neg=6.651819 pcd=True subgoal_reg=0.004298044945156564 
2026-01-09 23:25:06,404 :   197/    8 dest_loss=0.041583 future_loss=0.036467 offset_loss=0.044994 kld=0.025623 cd=-0.099159 en_pos=6.666371 en_neg=6.765530 pcd=True subgoal_reg=0.004992219857627106 
2026-01-09 23:25:21,758 :   203/    8 dest_loss=0.173469 future_loss=0.179102 offset_loss=0.117430 kld=0.028270 cd=0.045245 en_pos=6.657073 en_neg=6.611828 pcd=True subgoal_reg=0.007540768991297258 
2026-01-09 23:25:37,144 :   209/    8 dest_loss=0.029184 future_loss=0.025966 offset_loss=0.045326 kld=0.025905 cd=-0.140218 en_pos=6.637546 en_neg=6.777764 pcd=True subgoal_reg=0.0049787219010798515 
2026-01-09 23:25:52,464 :   215/    8 dest_loss=0.038649 future_loss=0.035268 offset_loss=0.041130 kld=0.025713 cd=0.037301 en_pos=6.675774 en_neg=6.638473 pcd=True subgoal_reg=0.0036802795704389294 
2026-01-09 23:26:07,818 :   221/    8 dest_loss=0.035597 future_loss=0.032212 offset_loss=0.043350 kld=0.027338 cd=0.128819 en_pos=6.828147 en_neg=6.699328 pcd=True subgoal_reg=0.005570681803318665 
2026-01-09 23:26:23,229 :   227/    8 dest_loss=0.042021 future_loss=0.038400 offset_loss=0.043764 kld=0.025799 cd=0.175837 en_pos=6.903861 en_neg=6.728024 pcd=True subgoal_reg=0.006123890608516862 
2026-01-09 23:26:38,580 :   233/    8 dest_loss=0.039926 future_loss=0.034869 offset_loss=0.044305 kld=0.027078 cd=-0.053153 en_pos=6.726846 en_neg=6.779999 pcd=True subgoal_reg=0.004965977946824296 
2026-01-09 23:26:53,923 :   239/    8 dest_loss=0.043684 future_loss=0.038091 offset_loss=0.045942 kld=0.027215 cd=-0.096001 en_pos=6.626423 en_neg=6.722424 pcd=True subgoal_reg=0.004545970340265337 
2026-01-09 23:27:09,390 :   245/    8 dest_loss=0.041921 future_loss=0.038853 offset_loss=0.044991 kld=0.028495 cd=-0.178263 en_pos=6.653032 en_neg=6.831295 pcd=True subgoal_reg=0.0053953596161996735 
2026-01-09 23:27:24,615 :   251/    8 dest_loss=0.034683 future_loss=0.032990 offset_loss=0.043000 kld=0.026461 cd=-0.031404 en_pos=6.752527 en_neg=6.783931 pcd=True subgoal_reg=0.00661967289065545 
2026-01-09 23:27:40,194 :   257/    8 dest_loss=0.038990 future_loss=0.036655 offset_loss=0.046304 kld=0.026015 cd=0.117363 en_pos=6.621658 en_neg=6.504295 pcd=True subgoal_reg=0.0052147949304186935 
2026-01-09 23:27:55,785 :   263/    8 dest_loss=0.161399 future_loss=0.110580 offset_loss=0.170982 kld=0.027787 cd=0.009344 en_pos=6.846408 en_neg=6.837064 pcd=True subgoal_reg=0.0057866134963391 
2026-01-09 23:28:11,216 :   269/    8 dest_loss=0.042561 future_loss=0.038961 offset_loss=0.046043 kld=0.027648 cd=0.100766 en_pos=6.795946 en_neg=6.695180 pcd=True subgoal_reg=0.004934268690919245 
2026-01-09 23:28:26,862 :   275/    8 dest_loss=0.046481 future_loss=0.038989 offset_loss=0.054313 kld=0.027238 cd=-0.140637 en_pos=6.676438 en_neg=6.817075 pcd=True subgoal_reg=0.005400677198657663 
2026-01-09 23:28:42,360 :   281/    8 dest_loss=0.039758 future_loss=0.035119 offset_loss=0.040483 kld=0.027488 cd=-0.217465 en_pos=6.736273 en_neg=6.953738 pcd=True subgoal_reg=0.004312284922172876 
2026-01-09 23:28:57,741 :   287/    8 dest_loss=0.043476 future_loss=0.038711 offset_loss=0.044238 kld=0.027727 cd=0.003482 en_pos=6.580605 en_neg=6.577123 pcd=True subgoal_reg=0.004590269743847165 
2026-01-09 23:29:13,102 :   293/    8 dest_loss=0.034498 future_loss=0.033514 offset_loss=0.037650 kld=0.026750 cd=0.059653 en_pos=6.544930 en_neg=6.485277 pcd=True subgoal_reg=0.005039585428623825 
2026-01-09 23:29:28,512 :   299/    8 dest_loss=0.034970 future_loss=0.034017 offset_loss=0.039106 kld=0.025781 cd=0.048380 en_pos=6.724484 en_neg=6.676104 pcd=True subgoal_reg=0.00472211676796368 
2026-01-09 23:29:43,988 :   305/    8 dest_loss=0.039349 future_loss=0.036202 offset_loss=0.043452 kld=0.026520 cd=-0.265213 en_pos=6.439335 en_neg=6.704548 pcd=True subgoal_reg=0.0057717377961589685 
2026-01-09 23:29:59,456 :   311/    8 dest_loss=0.034699 future_loss=0.033690 offset_loss=0.039594 kld=0.028467 cd=0.028505 en_pos=6.746528 en_neg=6.718023 pcd=True subgoal_reg=0.0063453889135447455 
2026-01-09 23:30:14,889 :   317/    8 dest_loss=0.043473 future_loss=0.040560 offset_loss=0.043318 kld=0.025677 cd=0.063258 en_pos=6.757676 en_neg=6.694419 pcd=True subgoal_reg=0.004939640960537583 
2026-01-09 23:30:30,380 :   323/    8 dest_loss=0.030310 future_loss=0.030035 offset_loss=0.038221 kld=0.025561 cd=-0.219645 en_pos=6.633277 en_neg=6.852921 pcd=True subgoal_reg=0.004335629643794452 
2026-01-09 23:30:45,703 :   329/    8 dest_loss=0.041913 future_loss=0.037506 offset_loss=0.041978 kld=0.028155 cd=0.173773 en_pos=6.770165 en_neg=6.596392 pcd=True subgoal_reg=0.004843818273816366 
2026-01-09 23:31:01,181 :   335/    8 dest_loss=0.036523 future_loss=0.030574 offset_loss=0.044501 kld=0.026615 cd=-0.002452 en_pos=6.718277 en_neg=6.720729 pcd=True subgoal_reg=0.00604554475906169 
2026-01-09 23:31:16,657 :   341/    8 dest_loss=0.031676 future_loss=0.027738 offset_loss=0.042799 kld=0.025356 cd=-0.191963 en_pos=6.520860 en_neg=6.712823 pcd=True subgoal_reg=0.006335036861295274 
2026-01-09 23:31:32,208 :   347/    8 dest_loss=0.034880 future_loss=0.031847 offset_loss=0.039897 kld=0.025572 cd=-0.008147 en_pos=6.673598 en_neg=6.681745 pcd=True subgoal_reg=0.004504502697174 
2026-01-09 23:31:47,697 :   353/    8 dest_loss=0.032756 future_loss=0.029000 offset_loss=0.047119 kld=0.026003 cd=-0.110556 en_pos=6.857002 en_neg=6.967558 pcd=True subgoal_reg=0.006307860656590397 
2026-01-09 23:32:03,157 :   359/    8 dest_loss=0.040153 future_loss=0.033945 offset_loss=0.041329 kld=0.026079 cd=0.039842 en_pos=6.574803 en_neg=6.534961 pcd=True subgoal_reg=0.004802444003189479 
2026-01-09 23:32:18,638 :   365/    8 dest_loss=0.050422 future_loss=0.042184 offset_loss=0.045927 kld=0.028534 cd=0.208062 en_pos=6.745512 en_neg=6.537449 pcd=True subgoal_reg=0.005224586395206336 
2026-01-09 23:32:34,029 :   371/    8 dest_loss=0.039842 future_loss=0.033754 offset_loss=0.044848 kld=0.024652 cd=0.174548 en_pos=6.882600 en_neg=6.708052 pcd=True subgoal_reg=0.006240356522924581 
2026-01-09 23:32:49,499 :   377/    8 dest_loss=0.051892 future_loss=0.042654 offset_loss=0.055919 kld=0.027916 cd=-0.120201 en_pos=6.801708 en_neg=6.921909 pcd=True subgoal_reg=0.0054656439244765275 
2026-01-09 23:33:04,964 :   383/    8 dest_loss=0.041528 future_loss=0.038215 offset_loss=0.045368 kld=0.027044 cd=-0.115472 en_pos=6.383153 en_neg=6.498624 pcd=True subgoal_reg=0.004769043538731588 
2026-01-09 23:33:20,511 :   389/    8 dest_loss=0.042941 future_loss=0.037632 offset_loss=0.046230 kld=0.026437 cd=-0.210555 en_pos=6.605652 en_neg=6.816207 pcd=True subgoal_reg=0.006126316639707044 
2026-01-09 23:33:36,046 :   395/    8 dest_loss=0.039431 future_loss=0.033132 offset_loss=0.049228 kld=0.025929 cd=0.024655 en_pos=6.792546 en_neg=6.767891 pcd=True subgoal_reg=0.006001236771646599 
2026-01-09 23:33:51,490 :   401/    8 dest_loss=0.042494 future_loss=0.033662 offset_loss=0.044446 kld=0.028110 cd=-0.116710 en_pos=6.542942 en_neg=6.659651 pcd=True subgoal_reg=0.004680963927001118 
2026-01-09 23:34:06,802 :   407/    8 dest_loss=0.039872 future_loss=0.037201 offset_loss=0.041088 kld=0.025763 cd=0.047440 en_pos=6.810521 en_neg=6.763081 pcd=True subgoal_reg=0.00401710026440017 
2026-01-09 23:34:22,362 :   413/    8 dest_loss=0.035268 future_loss=0.033691 offset_loss=0.039066 kld=0.025282 cd=-0.083869 en_pos=6.675005 en_neg=6.758874 pcd=True subgoal_reg=0.005961946472156721 
2026-01-09 23:34:37,886 :   419/    8 dest_loss=0.041688 future_loss=0.034147 offset_loss=0.045102 kld=0.025875 cd=-0.030653 en_pos=6.783953 en_neg=6.814606 pcd=True subgoal_reg=0.005506365915170428 
2026-01-09 23:34:53,389 :   425/    8 dest_loss=0.047446 future_loss=0.041986 offset_loss=0.046497 kld=0.028524 cd=-0.043420 en_pos=6.679568 en_neg=6.722988 pcd=True subgoal_reg=0.004757138926914497 
2026-01-09 23:35:08,861 :   431/    8 dest_loss=0.035709 future_loss=0.032699 offset_loss=0.040704 kld=0.026520 cd=-0.027998 en_pos=6.850081 en_neg=6.878080 pcd=True subgoal_reg=0.0063939365232472505 
2026-01-09 23:35:24,334 :   437/    8 dest_loss=0.036320 future_loss=0.034212 offset_loss=0.038827 kld=0.025844 cd=-0.308962 en_pos=6.749814 en_neg=7.058776 pcd=True subgoal_reg=0.006153288252541429 
2026-01-09 23:35:39,776 :   443/    8 dest_loss=0.038677 future_loss=0.034071 offset_loss=0.048287 kld=0.028337 cd=-0.139562 en_pos=6.773116 en_neg=6.912678 pcd=True subgoal_reg=0.005564001142135603 
2026-01-09 23:35:55,239 :   449/    8 dest_loss=0.035475 future_loss=0.030485 offset_loss=0.043910 kld=0.025879 cd=0.067463 en_pos=6.684879 en_neg=6.617415 pcd=True subgoal_reg=0.004673521455969821 
2026-01-09 23:36:10,787 :   455/    8 dest_loss=0.027634 future_loss=0.027987 offset_loss=0.037266 kld=0.027340 cd=-0.029850 en_pos=6.688406 en_neg=6.718255 pcd=True subgoal_reg=0.005075744219969948 
2026-01-09 23:36:26,310 :   461/    8 dest_loss=0.036391 future_loss=0.033077 offset_loss=0.043760 kld=0.025731 cd=0.023866 en_pos=6.634867 en_neg=6.611002 pcd=True subgoal_reg=0.0050013913208462515 
2026-01-09 23:36:41,782 :   467/    8 dest_loss=0.036784 future_loss=0.032623 offset_loss=0.042328 kld=0.026667 cd=-0.014193 en_pos=6.656575 en_neg=6.670767 pcd=True subgoal_reg=0.0050056178908062885 
2026-01-09 23:36:57,261 :   473/    8 dest_loss=0.035565 future_loss=0.032621 offset_loss=0.042209 kld=0.025509 cd=0.013201 en_pos=6.535733 en_neg=6.522531 pcd=True subgoal_reg=0.004410932139956348 
2026-01-09 23:37:12,730 :   479/    8 dest_loss=0.042575 future_loss=0.031048 offset_loss=0.058186 kld=0.025570 cd=0.017428 en_pos=6.762777 en_neg=6.745349 pcd=True subgoal_reg=0.005545168613891366 
2026-01-09 23:37:27,984 :   485/    8 dest_loss=0.042755 future_loss=0.034186 offset_loss=0.054920 kld=0.025532 cd=0.062304 en_pos=6.680334 en_neg=6.618031 pcd=True subgoal_reg=0.006295101638200339 
2026-01-09 23:37:43,485 :   491/    8 dest_loss=0.032985 future_loss=0.029840 offset_loss=0.042062 kld=0.026631 cd=-0.041392 en_pos=6.693074 en_neg=6.734465 pcd=True subgoal_reg=0.004363022500211449 
2026-01-09 23:37:58,960 :   497/    8 dest_loss=0.038618 future_loss=0.034643 offset_loss=0.046021 kld=0.026498 cd=0.135823 en_pos=6.518911 en_neg=6.383088 pcd=True subgoal_reg=0.004350435937888626 
2026-01-09 23:38:14,454 :   503/    8 dest_loss=0.123004 future_loss=0.147357 offset_loss=0.044566 kld=0.028162 cd=-0.166947 en_pos=6.589188 en_neg=6.756134 pcd=True subgoal_reg=0.00522903781818088 
2026-01-09 23:38:29,945 :   509/    8 dest_loss=0.042652 future_loss=0.027085 offset_loss=0.064717 kld=0.026115 cd=0.086148 en_pos=6.677273 en_neg=6.591125 pcd=True subgoal_reg=0.005972796229471996 
2026-01-09 23:40:02,838 : Train Loss 112.83889061340815
2026-01-09 23:40:02,838 : Overall Loss 24.26909914160503
2026-01-09 23:40:02,838 : Dest Loss 28.154429689925287
2026-01-09 23:40:02,838 : Val ADE 0.18699124896488523
2026-01-09 23:40:02,838 : Val FDE 0.15506379265890743
2026-01-09 23:40:02,839 : Val Best ADE 0.18699124896488523
2026-01-09 23:40:02,839 : Val Best FDE 0.15506379265890743
2026-01-09 23:40:02,839 : ----->learning rate 0.00125
2026-01-09 23:40:18,457 :     5/    9 dest_loss=0.059678 future_loss=0.065083 offset_loss=0.066303 kld=0.029151 cd=0.189829 en_pos=6.738772 en_neg=6.548943 pcd=True subgoal_reg=0.004790467647235279 
2026-01-09 23:40:33,928 :    11/    9 dest_loss=0.037889 future_loss=0.033942 offset_loss=0.044726 kld=0.027258 cd=0.181955 en_pos=6.811749 en_neg=6.629794 pcd=True subgoal_reg=0.006180272526735254 
2026-01-09 23:40:49,233 :    17/    9 dest_loss=0.038747 future_loss=0.031389 offset_loss=0.044612 kld=0.026969 cd=0.065614 en_pos=6.788445 en_neg=6.722832 pcd=True subgoal_reg=0.0055358230088193554 
2026-01-09 23:41:04,652 :    23/    9 dest_loss=0.034185 future_loss=0.033351 offset_loss=0.037915 kld=0.027935 cd=-0.035597 en_pos=6.831793 en_neg=6.867390 pcd=True subgoal_reg=0.004453280677934678 
2026-01-09 23:41:20,185 :    29/    9 dest_loss=0.043583 future_loss=0.043170 offset_loss=0.036601 kld=0.025260 cd=0.023743 en_pos=6.850869 en_neg=6.827127 pcd=True subgoal_reg=0.0050119089401278955 
2026-01-09 23:41:35,683 :    35/    9 dest_loss=0.030136 future_loss=0.027283 offset_loss=0.040814 kld=0.026479 cd=0.058901 en_pos=6.974595 en_neg=6.915694 pcd=True subgoal_reg=0.0061772762287673165 
2026-01-09 23:41:51,167 :    41/    9 dest_loss=0.037871 future_loss=0.030788 offset_loss=0.048045 kld=0.026497 cd=-0.046720 en_pos=6.604802 en_neg=6.651522 pcd=True subgoal_reg=0.0052037249997996474 
2026-01-09 23:42:06,651 :    47/    9 dest_loss=0.037395 future_loss=0.032324 offset_loss=0.043812 kld=0.027382 cd=-0.145286 en_pos=6.608728 en_neg=6.754014 pcd=True subgoal_reg=0.0043263406748453625 
2026-01-09 23:42:22,145 :    53/    9 dest_loss=0.038025 future_loss=0.032221 offset_loss=0.046282 kld=0.027593 cd=-0.136208 en_pos=6.869762 en_neg=7.005970 pcd=True subgoal_reg=0.005309321501362188 
2026-01-09 23:42:37,670 :    59/    9 dest_loss=0.031938 future_loss=0.028313 offset_loss=0.040908 kld=0.025125 cd=-0.066702 en_pos=6.740835 en_neg=6.807537 pcd=True subgoal_reg=0.005254412902006321 
2026-01-09 23:42:53,185 :    65/    9 dest_loss=0.075824 future_loss=0.056126 offset_loss=0.136053 kld=0.026355 cd=-0.263810 en_pos=6.711594 en_neg=6.975404 pcd=True subgoal_reg=0.005748647473165129 
2026-01-09 23:43:08,659 :    71/    9 dest_loss=0.037699 future_loss=0.032077 offset_loss=0.047195 kld=0.025218 cd=0.094625 en_pos=6.599136 en_neg=6.504511 pcd=True subgoal_reg=0.00481979236355536 
2026-01-09 23:43:24,145 :    77/    9 dest_loss=0.091952 future_loss=0.086060 offset_loss=0.073854 kld=0.024987 cd=-0.102828 en_pos=6.750419 en_neg=6.853247 pcd=True subgoal_reg=0.0041250512541647156 
2026-01-09 23:43:39,669 :    83/    9 dest_loss=0.042813 future_loss=0.037052 offset_loss=0.044873 kld=0.027223 cd=0.089190 en_pos=6.868631 en_neg=6.779442 pcd=True subgoal_reg=0.004843933415530304 
2026-01-09 23:43:54,986 :    89/    9 dest_loss=0.143844 future_loss=0.097612 offset_loss=0.145950 kld=0.028859 cd=0.253663 en_pos=6.975103 en_neg=6.721440 pcd=True subgoal_reg=0.006315486464909038 
2026-01-09 23:44:10,467 :    95/    9 dest_loss=0.039149 future_loss=0.028463 offset_loss=0.053063 kld=0.025181 cd=0.081150 en_pos=6.785174 en_neg=6.704023 pcd=True subgoal_reg=0.008631723251266767 
2026-01-09 23:44:26,040 :   101/    9 dest_loss=0.037564 future_loss=0.027727 offset_loss=0.055073 kld=0.027130 cd=-0.104509 en_pos=6.745270 en_neg=6.849779 pcd=True subgoal_reg=0.00618993509303104 
2026-01-09 23:44:41,588 :   107/    9 dest_loss=0.036760 future_loss=0.029252 offset_loss=0.048634 kld=0.026608 cd=-0.222210 en_pos=6.428837 en_neg=6.651047 pcd=True subgoal_reg=0.00419150224428574 
2026-01-09 23:44:57,129 :   113/    9 dest_loss=0.037605 future_loss=0.031703 offset_loss=0.046824 kld=0.025183 cd=-0.158338 en_pos=6.517806 en_neg=6.676144 pcd=True subgoal_reg=0.004431523181528022 
2026-01-09 23:45:12,639 :   119/    9 dest_loss=0.031310 future_loss=0.025687 offset_loss=0.046764 kld=0.027340 cd=-0.059442 en_pos=6.805885 en_neg=6.865327 pcd=True subgoal_reg=0.005911315204464872 
2026-01-09 23:45:28,120 :   125/    9 dest_loss=0.035239 future_loss=0.029944 offset_loss=0.045531 kld=0.027748 cd=-0.109092 en_pos=6.755219 en_neg=6.864312 pcd=True subgoal_reg=0.004282618450682867 
2026-01-09 23:45:43,673 :   131/    9 dest_loss=0.156776 future_loss=0.137667 offset_loss=0.083764 kld=0.027989 cd=-0.047661 en_pos=6.657438 en_neg=6.705100 pcd=True subgoal_reg=0.003715581459020447 
2026-01-09 23:45:59,317 :   137/    9 dest_loss=0.149591 future_loss=0.158695 offset_loss=0.110223 kld=0.026844 cd=0.070311 en_pos=6.717379 en_neg=6.647068 pcd=True subgoal_reg=0.005728507496076816 
2026-01-09 23:46:14,890 :   143/    9 dest_loss=0.045896 future_loss=0.035027 offset_loss=0.054446 kld=0.027321 cd=0.068418 en_pos=6.710063 en_neg=6.641645 pcd=True subgoal_reg=0.005330602593194669 
2026-01-09 23:46:30,502 :   149/    9 dest_loss=0.042322 future_loss=0.034042 offset_loss=0.044908 kld=0.028178 cd=-0.105053 en_pos=6.661003 en_neg=6.766056 pcd=True subgoal_reg=0.004504952184343109 
2026-01-09 23:46:46,122 :   155/    9 dest_loss=0.036225 future_loss=0.034015 offset_loss=0.039241 kld=0.025683 cd=0.152840 en_pos=6.572462 en_neg=6.419622 pcd=True subgoal_reg=0.004124626925064084 
2026-01-09 23:47:01,657 :   161/    9 dest_loss=0.043429 future_loss=0.038879 offset_loss=0.043108 kld=0.027987 cd=0.016211 en_pos=6.725649 en_neg=6.709437 pcd=True subgoal_reg=0.004857179271490755 
2026-01-09 23:47:17,061 :   167/    9 dest_loss=0.110851 future_loss=0.060003 offset_loss=0.173666 kld=0.026696 cd=0.256691 en_pos=7.072241 en_neg=6.815550 pcd=True subgoal_reg=0.00585657620171855 
2026-01-09 23:47:32,549 :   173/    9 dest_loss=0.038599 future_loss=0.036792 offset_loss=0.034916 kld=0.026319 cd=0.132771 en_pos=6.793879 en_neg=6.661108 pcd=True subgoal_reg=0.0045676519618403025 
2026-01-09 23:47:48,073 :   179/    9 dest_loss=0.041260 future_loss=0.035965 offset_loss=0.043882 kld=0.028628 cd=-0.230638 en_pos=6.752937 en_neg=6.983575 pcd=True subgoal_reg=0.005949908023072959 
2026-01-09 23:48:03,645 :   185/    9 dest_loss=0.058351 future_loss=0.076148 offset_loss=0.027166 kld=0.026279 cd=0.114871 en_pos=6.708653 en_neg=6.593781 pcd=True subgoal_reg=0.00524328417609576 
2026-01-09 23:48:19,197 :   191/    9 dest_loss=0.036331 future_loss=0.031080 offset_loss=0.045194 kld=0.027020 cd=-0.141859 en_pos=6.505132 en_neg=6.646991 pcd=True subgoal_reg=0.005756469649566545 
2026-01-09 23:48:34,876 :   197/    9 dest_loss=0.058391 future_loss=0.058866 offset_loss=0.058136 kld=0.024688 cd=0.213090 en_pos=6.730300 en_neg=6.517209 pcd=True subgoal_reg=0.004290128562361261 
2026-01-09 23:48:50,385 :   203/    9 dest_loss=0.032164 future_loss=0.028741 offset_loss=0.040542 kld=0.025803 cd=-0.201240 en_pos=6.491317 en_neg=6.692556 pcd=True subgoal_reg=0.004099081715492045 
2026-01-09 23:49:05,882 :   209/    9 dest_loss=0.036086 future_loss=0.034501 offset_loss=0.032227 kld=0.025511 cd=-0.017598 en_pos=6.761234 en_neg=6.778832 pcd=True subgoal_reg=0.004931709570962798 
2026-01-09 23:49:21,426 :   215/    9 dest_loss=0.030797 future_loss=0.027774 offset_loss=0.039850 kld=0.026686 cd=0.318194 en_pos=6.805167 en_neg=6.486973 pcd=True subgoal_reg=0.005062115600902013 
2026-01-09 23:49:36,919 :   221/    9 dest_loss=0.033466 future_loss=0.029772 offset_loss=0.040531 kld=0.025188 cd=0.021584 en_pos=6.755072 en_neg=6.733487 pcd=True subgoal_reg=0.004652265270949085 
2026-01-09 23:49:52,489 :   227/    9 dest_loss=0.032889 future_loss=0.030299 offset_loss=0.037015 kld=0.024493 cd=0.101359 en_pos=6.808655 en_neg=6.707296 pcd=True subgoal_reg=0.004210905622968517 
2026-01-09 23:50:07,955 :   233/    9 dest_loss=0.161049 future_loss=0.143378 offset_loss=0.093415 kld=0.028128 cd=0.084855 en_pos=6.574186 en_neg=6.489331 pcd=True subgoal_reg=0.005155047499586642 
2026-01-09 23:50:23,585 :   239/    9 dest_loss=0.063367 future_loss=0.044259 offset_loss=0.089080 kld=0.026085 cd=0.029480 en_pos=6.654470 en_neg=6.624990 pcd=True subgoal_reg=0.005377907467881365 
2026-01-09 23:50:38,975 :   245/    9 dest_loss=0.038603 future_loss=0.033492 offset_loss=0.040191 kld=0.025182 cd=0.081798 en_pos=6.682083 en_neg=6.600285 pcd=True subgoal_reg=0.0038160084463338584 
2026-01-09 23:50:54,401 :   251/    9 dest_loss=0.040658 future_loss=0.033363 offset_loss=0.043359 kld=0.025963 cd=0.052439 en_pos=6.889186 en_neg=6.836747 pcd=True subgoal_reg=0.006298577593476154 
2026-01-09 23:51:09,838 :   257/    9 dest_loss=0.055532 future_loss=0.054188 offset_loss=0.079582 kld=0.028159 cd=0.029814 en_pos=6.814076 en_neg=6.784262 pcd=True subgoal_reg=0.00455805436366358 
2026-01-09 23:51:25,364 :   263/    9 dest_loss=0.049310 future_loss=0.040259 offset_loss=0.040554 kld=0.026880 cd=0.006058 en_pos=6.582688 en_neg=6.576630 pcd=True subgoal_reg=0.0047233862302284175 
2026-01-09 23:51:40,930 :   269/    9 dest_loss=0.033773 future_loss=0.032027 offset_loss=0.039293 kld=0.026056 cd=-0.103427 en_pos=6.611363 en_neg=6.714790 pcd=True subgoal_reg=0.00478644005282802 
2026-01-09 23:51:56,520 :   275/    9 dest_loss=0.035756 future_loss=0.026683 offset_loss=0.050902 kld=0.025432 cd=0.114753 en_pos=6.720306 en_neg=6.605553 pcd=True subgoal_reg=0.005667222986341909 
2026-01-09 23:52:12,186 :   281/    9 dest_loss=0.032744 future_loss=0.030839 offset_loss=0.037067 kld=0.028901 cd=0.148364 en_pos=6.782465 en_neg=6.634100 pcd=True subgoal_reg=0.004003157515690592 
2026-01-09 23:52:27,760 :   287/    9 dest_loss=0.039737 future_loss=0.035564 offset_loss=0.035661 kld=0.026345 cd=-0.003004 en_pos=6.520648 en_neg=6.523652 pcd=True subgoal_reg=0.0046019671125961635 
2026-01-09 23:52:43,280 :   293/    9 dest_loss=0.040962 future_loss=0.036984 offset_loss=0.044463 kld=0.026863 cd=0.089442 en_pos=6.689571 en_neg=6.600128 pcd=True subgoal_reg=0.006053307858904873 
2026-01-09 23:52:58,781 :   299/    9 dest_loss=0.035940 future_loss=0.031485 offset_loss=0.042640 kld=0.024463 cd=0.092592 en_pos=6.647293 en_neg=6.554701 pcd=True subgoal_reg=0.0054623413788138465 
2026-01-09 23:53:14,272 :   305/    9 dest_loss=0.036849 future_loss=0.033569 offset_loss=0.038927 kld=0.027118 cd=-0.220272 en_pos=6.573986 en_neg=6.794258 pcd=True subgoal_reg=0.0042899315572100145 
2026-01-09 23:53:29,794 :   311/    9 dest_loss=0.036816 future_loss=0.034733 offset_loss=0.036550 kld=0.024789 cd=-0.176822 en_pos=6.505653 en_neg=6.682475 pcd=True subgoal_reg=0.004392547601061695 
2026-01-09 23:53:45,509 :   317/    9 dest_loss=0.077804 future_loss=0.080795 offset_loss=0.048626 kld=0.028421 cd=-0.175112 en_pos=6.717163 en_neg=6.892276 pcd=True subgoal_reg=0.0057027359511884574 
2026-01-09 23:54:00,920 :   323/    9 dest_loss=0.196264 future_loss=0.161198 offset_loss=0.081103 kld=0.029819 cd=-0.129173 en_pos=6.741208 en_neg=6.870381 pcd=True subgoal_reg=0.006140646558291242 
2026-01-09 23:54:16,402 :   329/    9 dest_loss=0.035958 future_loss=0.027360 offset_loss=0.052557 kld=0.025497 cd=-0.111464 en_pos=6.527877 en_neg=6.639340 pcd=True subgoal_reg=0.005683896410452001 
2026-01-09 23:54:31,943 :   335/    9 dest_loss=0.045348 future_loss=0.036176 offset_loss=0.041468 kld=0.025997 cd=0.408296 en_pos=6.959796 en_neg=6.551501 pcd=True subgoal_reg=0.004222642394692064 
2026-01-09 23:54:47,440 :   341/    9 dest_loss=0.108786 future_loss=0.075143 offset_loss=0.149020 kld=0.027514 cd=-0.092415 en_pos=6.804751 en_neg=6.897165 pcd=True subgoal_reg=0.004218512801204118 
2026-01-09 23:55:02,983 :   347/    9 dest_loss=0.040294 future_loss=0.035790 offset_loss=0.045706 kld=0.026095 cd=-0.328932 en_pos=6.577589 en_neg=6.906520 pcd=True subgoal_reg=0.005237668492229088 
2026-01-09 23:55:18,474 :   353/    9 dest_loss=0.057668 future_loss=0.049623 offset_loss=0.031322 kld=0.027694 cd=0.093744 en_pos=6.867013 en_neg=6.773269 pcd=True subgoal_reg=0.0056177020135715055 
2026-01-09 23:55:34,036 :   359/    9 dest_loss=0.042858 future_loss=0.043369 offset_loss=0.030175 kld=0.026043 cd=0.131097 en_pos=6.790047 en_neg=6.658950 pcd=True subgoal_reg=0.005917384059304077 
2026-01-09 23:55:49,512 :   365/    9 dest_loss=0.042199 future_loss=0.040711 offset_loss=0.035435 kld=0.026801 cd=-0.054602 en_pos=6.798853 en_neg=6.853455 pcd=True subgoal_reg=0.007607683204742545 
2026-01-09 23:56:04,994 :   371/    9 dest_loss=0.036114 future_loss=0.035526 offset_loss=0.033564 kld=0.026570 cd=0.085142 en_pos=6.732398 en_neg=6.647256 pcd=True subgoal_reg=0.005215910880256591 
2026-01-09 23:56:20,516 :   377/    9 dest_loss=0.039999 future_loss=0.037942 offset_loss=0.036265 kld=0.028304 cd=-0.082861 en_pos=6.680392 en_neg=6.763253 pcd=True subgoal_reg=0.005247569023004276 
2026-01-09 23:56:36,043 :   383/    9 dest_loss=0.038078 future_loss=0.035049 offset_loss=0.039678 kld=0.026526 cd=0.098755 en_pos=6.877627 en_neg=6.778872 pcd=True subgoal_reg=0.006637110119438102 
2026-01-09 23:56:51,564 :   389/    9 dest_loss=0.036759 future_loss=0.034271 offset_loss=0.034579 kld=0.025658 cd=-0.082056 en_pos=6.653522 en_neg=6.735578 pcd=True subgoal_reg=0.0038569326108711245 
2026-01-09 23:57:07,031 :   395/    9 dest_loss=0.044535 future_loss=0.042051 offset_loss=0.033379 kld=0.025258 cd=-0.029296 en_pos=6.560028 en_neg=6.589324 pcd=True subgoal_reg=0.004255031970750357 
2026-01-09 23:57:22,335 :   401/    9 dest_loss=0.033844 future_loss=0.033717 offset_loss=0.034982 kld=0.026221 cd=-0.245503 en_pos=6.502323 en_neg=6.747826 pcd=True subgoal_reg=0.006745651783485067 
2026-01-09 23:57:37,826 :   407/    9 dest_loss=0.043102 future_loss=0.036423 offset_loss=0.045034 kld=0.027568 cd=-0.129128 en_pos=6.580698 en_neg=6.709826 pcd=True subgoal_reg=0.005604991319061311 
2026-01-09 23:57:53,408 :   413/    9 dest_loss=0.045265 future_loss=0.041287 offset_loss=0.032210 kld=0.025078 cd=-0.012458 en_pos=6.749652 en_neg=6.762110 pcd=True subgoal_reg=0.004620050754634023 
2026-01-09 23:58:08,935 :   419/    9 dest_loss=0.036223 future_loss=0.032883 offset_loss=0.038766 kld=0.024404 cd=-0.102738 en_pos=6.449362 en_neg=6.552100 pcd=True subgoal_reg=0.0049515057647727505 
2026-01-09 23:58:24,503 :   425/    9 dest_loss=0.042934 future_loss=0.035549 offset_loss=0.047015 kld=0.024655 cd=-0.135636 en_pos=6.502693 en_neg=6.638330 pcd=True subgoal_reg=0.005271770949937372 
2026-01-09 23:58:40,090 :   431/    9 dest_loss=0.082396 future_loss=0.057010 offset_loss=0.127623 kld=0.025167 cd=0.054943 en_pos=6.750172 en_neg=6.695229 pcd=True subgoal_reg=0.006696901256999594 
2026-01-09 23:58:55,598 :   437/    9 dest_loss=0.040220 future_loss=0.037662 offset_loss=0.036747 kld=0.025374 cd=0.109323 en_pos=6.845429 en_neg=6.736106 pcd=True subgoal_reg=0.004347721574744858 
2026-01-09 23:59:11,106 :   443/    9 dest_loss=0.036768 future_loss=0.033054 offset_loss=0.043482 kld=0.025438 cd=0.121436 en_pos=6.680899 en_neg=6.559463 pcd=True subgoal_reg=0.004452453854917009 
2026-01-09 23:59:26,665 :   449/    9 dest_loss=0.034203 future_loss=0.029482 offset_loss=0.041427 kld=0.026229 cd=-0.034784 en_pos=6.761093 en_neg=6.795876 pcd=True subgoal_reg=0.005207686197775127 
2026-01-09 23:59:42,267 :   455/    9 dest_loss=0.036822 future_loss=0.033425 offset_loss=0.037210 kld=0.025941 cd=0.112132 en_pos=6.773825 en_neg=6.661693 pcd=True subgoal_reg=0.004323365961270655 
2026-01-09 23:59:57,809 :   461/    9 dest_loss=0.039208 future_loss=0.034228 offset_loss=0.041823 kld=0.027479 cd=0.213786 en_pos=6.719111 en_neg=6.505324 pcd=True subgoal_reg=0.003934850915121241 
2026-01-10 00:00:13,350 :   467/    9 dest_loss=0.110023 future_loss=0.115509 offset_loss=0.050987 kld=0.028687 cd=0.173217 en_pos=6.764805 en_neg=6.591588 pcd=True subgoal_reg=0.004535636167149063 
2026-01-10 00:00:28,873 :   473/    9 dest_loss=0.127006 future_loss=0.080454 offset_loss=0.184061 kld=0.024000 cd=-0.108451 en_pos=6.606891 en_neg=6.715342 pcd=True subgoal_reg=0.006185762776883579 
2026-01-10 00:00:44,361 :   479/    9 dest_loss=0.044736 future_loss=0.037762 offset_loss=0.036873 kld=0.026506 cd=0.098746 en_pos=6.610982 en_neg=6.512236 pcd=True subgoal_reg=0.0033957437963375824 
2026-01-10 00:00:59,902 :   485/    9 dest_loss=0.039020 future_loss=0.034482 offset_loss=0.042365 kld=0.026186 cd=-0.119430 en_pos=6.711035 en_neg=6.830465 pcd=True subgoal_reg=0.0050807018155450715 
2026-01-10 00:01:15,403 :   491/    9 dest_loss=0.035231 future_loss=0.029758 offset_loss=0.041050 kld=0.026285 cd=0.091602 en_pos=6.737957 en_neg=6.646355 pcd=True subgoal_reg=0.00600624014451109 
2026-01-10 00:01:30,832 :   497/    9 dest_loss=0.040433 future_loss=0.034853 offset_loss=0.039626 kld=0.026253 cd=-0.094077 en_pos=6.728947 en_neg=6.823024 pcd=True subgoal_reg=0.003946440509870941 
2026-01-10 00:01:46,271 :   503/    9 dest_loss=0.032943 future_loss=0.029919 offset_loss=0.035896 kld=0.026913 cd=-0.137896 en_pos=6.884386 en_neg=7.022282 pcd=True subgoal_reg=0.004740174366942793 
2026-01-10 00:02:01,764 :   509/    9 dest_loss=0.033907 future_loss=0.030591 offset_loss=0.037813 kld=0.025447 cd=-0.021172 en_pos=6.764756 en_neg=6.785927 pcd=True subgoal_reg=0.005387777667275068 
2026-01-10 00:03:34,670 : Train Loss 107.0463447507411
2026-01-10 00:03:34,671 : Overall Loss 21.841309441274586
2026-01-10 00:03:34,671 : Dest Loss 25.51840660632684
2026-01-10 00:03:34,671 : Val ADE 0.1627273705746692
2026-01-10 00:03:34,671 : Val FDE 0.16449155727053172
2026-01-10 00:03:34,671 : Val Best ADE 0.1627273705746692
2026-01-10 00:03:34,671 : Val Best FDE 0.16449155727053172
2026-01-10 00:03:34,671 : ----->learning rate 0.00125
2026-01-10 00:03:50,229 :     5/   10 dest_loss=0.043230 future_loss=0.037632 offset_loss=0.035508 kld=0.028703 cd=-0.218468 en_pos=6.545082 en_neg=6.763550 pcd=True subgoal_reg=0.0040384206229772054 
2026-01-10 00:04:05,619 :    11/   10 dest_loss=0.041131 future_loss=0.035394 offset_loss=0.043049 kld=0.026350 cd=-0.155075 en_pos=6.691044 en_neg=6.846119 pcd=True subgoal_reg=0.0062197788766834615 
2026-01-10 00:04:21,023 :    17/   10 dest_loss=0.039227 future_loss=0.030428 offset_loss=0.046336 kld=0.026757 cd=-0.096698 en_pos=6.582986 en_neg=6.679684 pcd=True subgoal_reg=0.006609556077678503 
2026-01-10 00:04:36,293 :    23/   10 dest_loss=0.034979 future_loss=0.030745 offset_loss=0.039341 kld=0.025150 cd=0.129707 en_pos=6.487087 en_neg=6.357379 pcd=True subgoal_reg=0.0037658181077272613 
2026-01-10 00:04:51,742 :    29/   10 dest_loss=0.049060 future_loss=0.042478 offset_loss=0.039935 kld=0.027291 cd=-0.080655 en_pos=6.675960 en_neg=6.756615 pcd=True subgoal_reg=0.004013928007304261 
2026-01-10 00:05:07,099 :    35/   10 dest_loss=0.037838 future_loss=0.035280 offset_loss=0.038608 kld=0.027836 cd=0.135086 en_pos=6.798857 en_neg=6.663771 pcd=True subgoal_reg=0.005984835230398049 
2026-01-10 00:05:22,519 :    41/   10 dest_loss=0.031448 future_loss=0.028489 offset_loss=0.037374 kld=0.025903 cd=0.116028 en_pos=6.656828 en_neg=6.540799 pcd=True subgoal_reg=0.0048402602212374735 
2026-01-10 00:05:37,989 :    47/   10 dest_loss=0.040330 future_loss=0.034355 offset_loss=0.038178 kld=0.027863 cd=-0.158549 en_pos=6.788312 en_neg=6.946860 pcd=True subgoal_reg=0.0038875079816788663 
2026-01-10 00:05:53,354 :    53/   10 dest_loss=0.036611 future_loss=0.031291 offset_loss=0.038056 kld=0.027213 cd=-0.035197 en_pos=6.676525 en_neg=6.711722 pcd=True subgoal_reg=0.006434982921349866 
2026-01-10 00:06:09,137 :    59/   10 dest_loss=0.044828 future_loss=0.036747 offset_loss=0.045853 kld=0.025021 cd=0.215387 en_pos=6.828341 en_neg=6.612954 pcd=True subgoal_reg=0.00607558570769811 
2026-01-10 00:06:24,741 :    65/   10 dest_loss=0.036849 future_loss=0.035167 offset_loss=0.033957 kld=0.026083 cd=0.004485 en_pos=6.557543 en_neg=6.553058 pcd=True subgoal_reg=0.004528545335874625 
2026-01-10 00:06:40,273 :    71/   10 dest_loss=0.038817 future_loss=0.035477 offset_loss=0.035564 kld=0.026049 cd=0.075764 en_pos=6.634117 en_neg=6.558353 pcd=True subgoal_reg=0.0036084427043038556 
2026-01-10 00:06:55,663 :    77/   10 dest_loss=0.037147 future_loss=0.034479 offset_loss=0.036492 kld=0.024721 cd=-0.225992 en_pos=6.542375 en_neg=6.768367 pcd=True subgoal_reg=0.005512906499279054 
2026-01-10 00:07:11,211 :    83/   10 dest_loss=0.031309 future_loss=0.028437 offset_loss=0.037028 kld=0.026130 cd=-0.067654 en_pos=6.769510 en_neg=6.837164 pcd=True subgoal_reg=0.005260678468836065 
2026-01-10 00:07:26,615 :    89/   10 dest_loss=0.034217 future_loss=0.029647 offset_loss=0.037531 kld=0.026390 cd=-0.037508 en_pos=6.622424 en_neg=6.659932 pcd=True subgoal_reg=0.004294333178002841 
2026-01-10 00:07:41,906 :    95/   10 dest_loss=0.033859 future_loss=0.029091 offset_loss=0.038982 kld=0.024848 cd=-0.066997 en_pos=6.656626 en_neg=6.723624 pcd=True subgoal_reg=0.005251990696208265 
2026-01-10 00:07:57,274 :   101/   10 dest_loss=0.032744 future_loss=0.028256 offset_loss=0.041959 kld=0.024395 cd=0.271813 en_pos=6.616193 en_neg=6.344381 pcd=True subgoal_reg=0.0056775444155117965 
2026-01-10 00:08:12,733 :   107/   10 dest_loss=0.032114 future_loss=0.025942 offset_loss=0.043726 kld=0.026115 cd=0.057637 en_pos=6.827308 en_neg=6.769671 pcd=True subgoal_reg=0.005013009976663981 
2026-01-10 00:08:28,294 :   113/   10 dest_loss=0.043503 future_loss=0.033386 offset_loss=0.046757 kld=0.026112 cd=-0.027095 en_pos=6.468636 en_neg=6.495730 pcd=True subgoal_reg=0.004444705084497845 
2026-01-10 00:08:43,712 :   119/   10 dest_loss=0.039342 future_loss=0.034176 offset_loss=0.042434 kld=0.024570 cd=0.064704 en_pos=6.560934 en_neg=6.496230 pcd=True subgoal_reg=0.004273336536526524 
2026-01-10 00:08:59,164 :   125/   10 dest_loss=0.040315 future_loss=0.030324 offset_loss=0.044758 kld=0.025516 cd=-0.035334 en_pos=6.705916 en_neg=6.741250 pcd=True subgoal_reg=0.006401735659656285 
2026-01-10 00:09:14,766 :   131/   10 dest_loss=0.037970 future_loss=0.030149 offset_loss=0.038500 kld=0.025521 cd=0.120125 en_pos=6.730854 en_neg=6.610729 pcd=True subgoal_reg=0.004521369371210843 
2026-01-10 00:09:30,224 :   137/   10 dest_loss=0.191132 future_loss=0.162023 offset_loss=0.061280 kld=0.030266 cd=0.000025 en_pos=6.587306 en_neg=6.587281 pcd=True subgoal_reg=0.004719876937111166 
2026-01-10 00:09:45,783 :   143/   10 dest_loss=0.102871 future_loss=0.068643 offset_loss=0.110838 kld=0.025971 cd=-0.016111 en_pos=6.592142 en_neg=6.608253 pcd=True subgoal_reg=0.009776197472285968 
2026-01-10 00:10:01,249 :   149/   10 dest_loss=0.037980 future_loss=0.030408 offset_loss=0.045220 kld=0.026101 cd=0.201759 en_pos=6.588800 en_neg=6.387041 pcd=True subgoal_reg=0.0035093564195530945 
2026-01-10 00:10:17,141 :   155/   10 dest_loss=0.039171 future_loss=0.033468 offset_loss=0.034509 kld=0.025215 cd=-0.248552 en_pos=6.621572 en_neg=6.870124 pcd=True subgoal_reg=0.0032605575338858547 
2026-01-10 00:10:33,479 :   161/   10 dest_loss=0.040083 future_loss=0.032859 offset_loss=0.043023 kld=0.026336 cd=-0.047477 en_pos=6.670475 en_neg=6.717953 pcd=True subgoal_reg=0.00617832502330235 
2026-01-10 00:10:49,600 :   167/   10 dest_loss=0.038406 future_loss=0.030147 offset_loss=0.043526 kld=0.025552 cd=0.108967 en_pos=6.671881 en_neg=6.562913 pcd=True subgoal_reg=0.004883250596088396 
2026-01-10 00:11:05,031 :   173/   10 dest_loss=0.036885 future_loss=0.031352 offset_loss=0.039999 kld=0.025532 cd=0.180551 en_pos=6.884220 en_neg=6.703670 pcd=True subgoal_reg=0.0032681366675800425 
2026-01-10 00:11:20,671 :   179/   10 dest_loss=0.145092 future_loss=0.148999 offset_loss=0.092002 kld=0.027912 cd=0.156643 en_pos=6.595499 en_neg=6.438856 pcd=True subgoal_reg=0.0046699371114989185 
2026-01-10 00:11:36,251 :   185/   10 dest_loss=0.038548 future_loss=0.027898 offset_loss=0.046984 kld=0.025589 cd=-0.031235 en_pos=6.713120 en_neg=6.744354 pcd=True subgoal_reg=0.005896532108559118 
2026-01-10 00:11:51,863 :   191/   10 dest_loss=0.041429 future_loss=0.032320 offset_loss=0.043899 kld=0.026143 cd=0.090428 en_pos=6.695750 en_neg=6.605322 pcd=True subgoal_reg=0.0037376489316864234 
2026-01-10 00:12:07,439 :   197/   10 dest_loss=0.039969 future_loss=0.034107 offset_loss=0.039845 kld=0.025872 cd=0.303991 en_pos=6.782549 en_neg=6.478559 pcd=True subgoal_reg=0.004122586407834031 
2026-01-10 00:12:22,972 :   203/   10 dest_loss=0.033272 future_loss=0.029761 offset_loss=0.038808 kld=0.026024 cd=-0.015833 en_pos=6.559670 en_neg=6.575502 pcd=True subgoal_reg=0.005697183387030209 
2026-01-10 00:12:38,553 :   209/   10 dest_loss=0.041882 future_loss=0.033640 offset_loss=0.044617 kld=0.028358 cd=-0.027697 en_pos=6.807429 en_neg=6.835126 pcd=True subgoal_reg=0.0046510197085209894 
2026-01-10 00:12:54,005 :   215/   10 dest_loss=0.033029 future_loss=0.030239 offset_loss=0.035476 kld=0.027038 cd=0.021594 en_pos=6.578515 en_neg=6.556920 pcd=True subgoal_reg=0.0038975207622637515 
2026-01-10 00:13:09,396 :   221/   10 dest_loss=0.028282 future_loss=0.025491 offset_loss=0.033742 kld=0.025842 cd=-0.045913 en_pos=6.676392 en_neg=6.722306 pcd=True subgoal_reg=0.004898700165146782 
2026-01-10 00:13:24,892 :   227/   10 dest_loss=0.037689 future_loss=0.029433 offset_loss=0.044287 kld=0.026011 cd=-0.038934 en_pos=6.817068 en_neg=6.856002 pcd=True subgoal_reg=0.0052762013976384884 
2026-01-10 00:13:40,246 :   233/   10 dest_loss=0.036109 future_loss=0.030649 offset_loss=0.039220 kld=0.024888 cd=-0.140417 en_pos=6.676226 en_neg=6.816643 pcd=True subgoal_reg=0.004884410640509217 
2026-01-10 00:13:55,672 :   239/   10 dest_loss=0.032286 future_loss=0.028016 offset_loss=0.041043 kld=0.026661 cd=0.029012 en_pos=6.871538 en_neg=6.842526 pcd=True subgoal_reg=0.0044696615986003375 
2026-01-10 00:14:11,137 :   245/   10 dest_loss=0.035405 future_loss=0.029964 offset_loss=0.037896 kld=0.027880 cd=-0.272239 en_pos=6.550696 en_neg=6.822935 pcd=True subgoal_reg=0.004184642553608676 
2026-01-10 00:14:26,372 :   251/   10 dest_loss=0.033037 future_loss=0.028931 offset_loss=0.035542 kld=0.025429 cd=0.304687 en_pos=6.813612 en_neg=6.508926 pcd=True subgoal_reg=0.004357775821457835 
2026-01-10 00:14:41,759 :   257/   10 dest_loss=0.039651 future_loss=0.033460 offset_loss=0.043319 kld=0.025446 cd=-0.108494 en_pos=6.582685 en_neg=6.691178 pcd=True subgoal_reg=0.004535698092794617 
2026-01-10 00:14:57,172 :   263/   10 dest_loss=0.035110 future_loss=0.030561 offset_loss=0.038634 kld=0.027718 cd=0.013600 en_pos=6.634680 en_neg=6.621080 pcd=True subgoal_reg=0.003965531549847841 
2026-01-10 00:15:12,600 :   269/   10 dest_loss=0.127343 future_loss=0.107052 offset_loss=0.106717 kld=0.028231 cd=0.265709 en_pos=6.786250 en_neg=6.520541 pcd=True subgoal_reg=0.0042426886803243 
2026-01-10 00:15:28,022 :   275/   10 dest_loss=0.029422 future_loss=0.027433 offset_loss=0.032555 kld=0.026507 cd=-0.214500 en_pos=6.586770 en_neg=6.801270 pcd=True subgoal_reg=0.004558677581506626 
2026-01-10 00:15:43,371 :   281/   10 dest_loss=0.041067 future_loss=0.034338 offset_loss=0.039968 kld=0.026844 cd=-0.077648 en_pos=6.476384 en_neg=6.554032 pcd=True subgoal_reg=0.0049974157164571625 
2026-01-10 00:15:58,724 :   287/   10 dest_loss=0.072926 future_loss=0.049348 offset_loss=0.091492 kld=0.025020 cd=0.162043 en_pos=6.852076 en_neg=6.690033 pcd=True subgoal_reg=0.004835835328515342 
2026-01-10 00:16:14,114 :   293/   10 dest_loss=0.037768 future_loss=0.033914 offset_loss=0.034223 kld=0.025716 cd=0.185661 en_pos=6.663190 en_neg=6.477530 pcd=True subgoal_reg=0.0044959503732544814 
2026-01-10 00:16:29,457 :   299/   10 dest_loss=0.033520 future_loss=0.029710 offset_loss=0.035214 kld=0.025072 cd=0.075884 en_pos=6.633483 en_neg=6.557599 pcd=True subgoal_reg=0.005705676772206573 
2026-01-10 00:16:44,891 :   305/   10 dest_loss=0.033786 future_loss=0.029741 offset_loss=0.037414 kld=0.025013 cd=0.110221 en_pos=6.570191 en_neg=6.459971 pcd=True subgoal_reg=0.004986816752377752 
2026-01-10 00:17:00,327 :   311/   10 dest_loss=0.162704 future_loss=0.094926 offset_loss=0.177794 kld=0.027675 cd=0.190921 en_pos=6.726210 en_neg=6.535289 pcd=True subgoal_reg=0.004649479560019284 
2026-01-10 00:17:15,796 :   317/   10 dest_loss=0.042085 future_loss=0.037261 offset_loss=0.033547 kld=0.025560 cd=0.054062 en_pos=6.622748 en_neg=6.568686 pcd=True subgoal_reg=0.0037921551598470125 
2026-01-10 00:17:31,297 :   323/   10 dest_loss=0.032323 future_loss=0.030630 offset_loss=0.032886 kld=0.027611 cd=-0.050695 en_pos=6.602244 en_neg=6.652939 pcd=True subgoal_reg=0.005062895988976867 
2026-01-10 00:17:46,485 :   329/   10 dest_loss=0.037077 future_loss=0.032615 offset_loss=0.035979 kld=0.026291 cd=-0.067360 en_pos=6.509279 en_neg=6.576639 pcd=True subgoal_reg=0.005179183520091115 
2026-01-10 00:18:01,932 :   335/   10 dest_loss=0.031481 future_loss=0.028191 offset_loss=0.033324 kld=0.024708 cd=0.110918 en_pos=6.745946 en_neg=6.635027 pcd=True subgoal_reg=0.005086851627649134 
2026-01-10 00:18:17,453 :   341/   10 dest_loss=0.039180 future_loss=0.035083 offset_loss=0.035565 kld=0.027329 cd=-0.073156 en_pos=6.696002 en_neg=6.769158 pcd=True subgoal_reg=0.0044696976408599084 
2026-01-10 00:18:32,973 :   347/   10 dest_loss=0.087077 future_loss=0.065255 offset_loss=0.103406 kld=0.026614 cd=0.210532 en_pos=6.749921 en_neg=6.539389 pcd=True subgoal_reg=0.004120276233522201 
2026-01-10 00:18:48,397 :   353/   10 dest_loss=0.038947 future_loss=0.034510 offset_loss=0.038264 kld=0.024596 cd=0.207823 en_pos=6.635991 en_neg=6.428169 pcd=True subgoal_reg=0.004819540666880137 
2026-01-10 00:19:03,823 :   359/   10 dest_loss=0.160308 future_loss=0.154073 offset_loss=0.117590 kld=0.029089 cd=-0.263745 en_pos=6.474365 en_neg=6.738110 pcd=True subgoal_reg=0.005804503804500911 
2026-01-10 00:19:19,284 :   365/   10 dest_loss=0.034259 future_loss=0.028745 offset_loss=0.039756 kld=0.024175 cd=-0.031368 en_pos=6.499273 en_neg=6.530642 pcd=True subgoal_reg=0.004977554542961804 
2026-01-10 00:19:34,701 :   371/   10 dest_loss=0.039467 future_loss=0.030657 offset_loss=0.040872 kld=0.025093 cd=-0.167179 en_pos=6.637433 en_neg=6.804612 pcd=True subgoal_reg=0.005052723452257464 
2026-01-10 00:19:50,085 :   377/   10 dest_loss=0.029658 future_loss=0.026007 offset_loss=0.039061 kld=0.025141 cd=-0.199181 en_pos=6.566244 en_neg=6.765425 pcd=True subgoal_reg=0.0040668489542975885 
2026-01-10 00:20:05,516 :   383/   10 dest_loss=0.041586 future_loss=0.032818 offset_loss=0.041520 kld=0.025230 cd=0.472159 en_pos=6.875184 en_neg=6.403025 pcd=True subgoal_reg=0.004536746357853597 
2026-01-10 00:20:20,963 :   389/   10 dest_loss=0.038288 future_loss=0.026191 offset_loss=0.050691 kld=0.025768 cd=-0.000744 en_pos=6.717120 en_neg=6.717865 pcd=True subgoal_reg=0.005419871040342997 
2026-01-10 00:20:36,535 :   395/   10 dest_loss=0.053766 future_loss=0.043462 offset_loss=0.036408 kld=0.027997 cd=-0.004545 en_pos=6.792202 en_neg=6.796747 pcd=True subgoal_reg=0.0034701859929846994 
2026-01-10 00:20:51,988 :   401/   10 dest_loss=0.039539 future_loss=0.036800 offset_loss=0.029270 kld=0.026569 cd=0.115157 en_pos=6.677216 en_neg=6.562059 pcd=True subgoal_reg=0.0045511168638036475 
2026-01-10 00:21:07,245 :   407/   10 dest_loss=0.107112 future_loss=0.087110 offset_loss=0.077457 kld=0.026960 cd=0.001831 en_pos=6.754529 en_neg=6.752698 pcd=True subgoal_reg=0.006551835984694503 
2026-01-10 00:21:22,680 :   413/   10 dest_loss=0.031821 future_loss=0.029184 offset_loss=0.035970 kld=0.024423 cd=0.172864 en_pos=6.793337 en_neg=6.620473 pcd=True subgoal_reg=0.005553403306553737 
2026-01-10 00:21:38,105 :   419/   10 dest_loss=0.042094 future_loss=0.039566 offset_loss=0.031607 kld=0.024475 cd=0.225832 en_pos=6.681167 en_neg=6.455335 pcd=True subgoal_reg=0.004946584730062131 
2026-01-10 00:21:53,609 :   425/   10 dest_loss=0.031713 future_loss=0.029117 offset_loss=0.032514 kld=0.025461 cd=-0.018056 en_pos=6.657013 en_neg=6.675069 pcd=True subgoal_reg=0.0049626268664694426 
2026-01-10 00:22:09,170 :   431/   10 dest_loss=0.036931 future_loss=0.028881 offset_loss=0.042116 kld=0.025290 cd=0.159780 en_pos=6.681432 en_neg=6.521651 pcd=True subgoal_reg=0.0061870236479551425 
2026-01-10 00:22:24,750 :   437/   10 dest_loss=0.041996 future_loss=0.032682 offset_loss=0.043926 kld=0.026549 cd=-0.354207 en_pos=6.504682 en_neg=6.858889 pcd=True subgoal_reg=0.003912092037102371 
2026-01-10 00:22:40,352 :   443/   10 dest_loss=0.048041 future_loss=0.037991 offset_loss=0.040685 kld=0.027702 cd=0.063507 en_pos=6.755057 en_neg=6.691550 pcd=True subgoal_reg=0.004083030984291575 
2026-01-10 00:22:55,849 :   449/   10 dest_loss=0.098756 future_loss=0.073001 offset_loss=0.089474 kld=0.026145 cd=-0.146585 en_pos=6.588778 en_neg=6.735363 pcd=True subgoal_reg=0.006089553288176701 
2026-01-10 00:23:11,370 :   455/   10 dest_loss=0.032732 future_loss=0.027659 offset_loss=0.036735 kld=0.026773 cd=0.033959 en_pos=6.590347 en_neg=6.556388 pcd=True subgoal_reg=0.004771521459831717 
2026-01-10 00:23:26,942 :   461/   10 dest_loss=0.030672 future_loss=0.025951 offset_loss=0.031648 kld=0.025018 cd=0.143768 en_pos=6.868842 en_neg=6.725074 pcd=True subgoal_reg=0.004336923198456995 
2026-01-10 00:23:42,414 :   467/   10 dest_loss=0.028735 future_loss=0.026462 offset_loss=0.033970 kld=0.025616 cd=0.336514 en_pos=6.699488 en_neg=6.362974 pcd=True subgoal_reg=0.00464458615603658 
2026-01-10 00:23:57,906 :   473/   10 dest_loss=0.079518 future_loss=0.074415 offset_loss=0.081775 kld=0.025202 cd=0.320851 en_pos=6.761640 en_neg=6.440790 pcd=True subgoal_reg=0.005938951691279553 
2026-01-10 00:24:13,430 :   479/   10 dest_loss=0.036166 future_loss=0.028420 offset_loss=0.044853 kld=0.024834 cd=0.009809 en_pos=6.514007 en_neg=6.504198 pcd=True subgoal_reg=0.003762945403881274 
2026-01-10 00:24:28,783 :   485/   10 dest_loss=0.031405 future_loss=0.027352 offset_loss=0.032622 kld=0.024855 cd=-0.072572 en_pos=6.576496 en_neg=6.649068 pcd=True subgoal_reg=0.003297955038039836 
2026-01-10 00:24:44,344 :   491/   10 dest_loss=0.106267 future_loss=0.091869 offset_loss=0.065085 kld=0.025906 cd=0.334722 en_pos=6.917403 en_neg=6.582680 pcd=True subgoal_reg=0.005066723416312811 
2026-01-10 00:24:59,829 :   497/   10 dest_loss=0.071211 future_loss=0.054484 offset_loss=0.077124 kld=0.026323 cd=0.023898 en_pos=6.718646 en_neg=6.694747 pcd=True subgoal_reg=0.006815814368104281 
2026-01-10 00:25:15,336 :   503/   10 dest_loss=0.033487 future_loss=0.024184 offset_loss=0.046833 kld=0.024563 cd=-0.056393 en_pos=6.509926 en_neg=6.566319 pcd=True subgoal_reg=0.003665460637338643 
2026-01-10 00:25:30,852 :   509/   10 dest_loss=0.044943 future_loss=0.034404 offset_loss=0.046410 kld=0.026039 cd=0.134838 en_pos=6.823031 en_neg=6.688193 pcd=True subgoal_reg=0.004794858633794684 
2026-01-10 00:27:03,665 : Train Loss 103.21241681218028
2026-01-10 00:27:03,665 : Overall Loss 20.979182891071893
2026-01-10 00:27:03,665 : Dest Loss 25.124821588785778
2026-01-10 00:27:03,665 : Val ADE 0.17453474766385826
2026-01-10 00:27:03,666 : Val FDE 0.14342172290468158
2026-01-10 00:27:03,666 : Val Best ADE 0.1627273705746692
2026-01-10 00:27:03,666 : Val Best FDE 0.16449155727053172
2026-01-10 00:27:03,666 : ----->learning rate 0.00125
2026-01-10 00:27:19,146 :     5/   11 dest_loss=0.098084 future_loss=0.060464 offset_loss=0.139460 kld=0.029709 cd=-0.065850 en_pos=6.577309 en_neg=6.643160 pcd=True subgoal_reg=0.004021795181905098 
2026-01-10 00:27:34,593 :    11/   11 dest_loss=0.046303 future_loss=0.041437 offset_loss=0.026777 kld=0.024712 cd=-0.097548 en_pos=6.609033 en_neg=6.706582 pcd=True subgoal_reg=0.004262750407152745 
2026-01-10 00:27:49,899 :    17/   11 dest_loss=0.150590 future_loss=0.119038 offset_loss=0.112485 kld=0.026902 cd=-0.017089 en_pos=6.597386 en_neg=6.614474 pcd=True subgoal_reg=0.006891459802314332 
2026-01-10 00:28:05,343 :    23/   11 dest_loss=0.064150 future_loss=0.053232 offset_loss=0.073888 kld=0.025170 cd=-0.116573 en_pos=6.474252 en_neg=6.590825 pcd=True subgoal_reg=0.005833327339240684 
2026-01-10 00:28:20,916 :    29/   11 dest_loss=0.039360 future_loss=0.036929 offset_loss=0.027024 kld=0.025963 cd=-0.118148 en_pos=6.656687 en_neg=6.774835 pcd=True subgoal_reg=0.003917772947488041 
2026-01-10 00:28:36,499 :    35/   11 dest_loss=0.041193 future_loss=0.035796 offset_loss=0.033975 kld=0.024918 cd=-0.118197 en_pos=6.507817 en_neg=6.626014 pcd=True subgoal_reg=0.007009938102005885 
2026-01-10 00:28:51,946 :    41/   11 dest_loss=0.028851 future_loss=0.021380 offset_loss=0.040747 kld=0.025721 cd=-0.060938 en_pos=6.482504 en_neg=6.543442 pcd=True subgoal_reg=0.006128067087427137 
2026-01-10 00:29:07,352 :    47/   11 dest_loss=0.038124 future_loss=0.030429 offset_loss=0.044605 kld=0.027634 cd=-0.112719 en_pos=6.631740 en_neg=6.744459 pcd=True subgoal_reg=0.004423066175461839 
2026-01-10 00:29:22,755 :    53/   11 dest_loss=0.040094 future_loss=0.033150 offset_loss=0.038076 kld=0.025366 cd=-0.040390 en_pos=6.637848 en_neg=6.678238 pcd=True subgoal_reg=0.0043386819352877505 
2026-01-10 00:29:38,321 :    59/   11 dest_loss=0.038818 future_loss=0.033639 offset_loss=0.038363 kld=0.025375 cd=-0.109242 en_pos=6.474363 en_neg=6.583605 pcd=True subgoal_reg=0.004475225952119044 
2026-01-10 00:29:53,859 :    65/   11 dest_loss=0.034929 future_loss=0.029485 offset_loss=0.036733 kld=0.024752 cd=-0.099192 en_pos=6.564199 en_neg=6.663391 pcd=True subgoal_reg=0.0039019446383433123 
2026-01-10 00:30:09,251 :    71/   11 dest_loss=0.045274 future_loss=0.039274 offset_loss=0.031730 kld=0.026427 cd=0.091276 en_pos=6.700651 en_neg=6.609375 pcd=True subgoal_reg=0.0035743435060229772 
2026-01-10 00:30:24,670 :    77/   11 dest_loss=0.064577 future_loss=0.059136 offset_loss=0.088309 kld=0.026706 cd=-0.148888 en_pos=6.696054 en_neg=6.844942 pcd=True subgoal_reg=0.0059651944309993725 
2026-01-10 00:30:40,213 :    83/   11 dest_loss=0.032593 future_loss=0.029167 offset_loss=0.034591 kld=0.025738 cd=0.002107 en_pos=6.642608 en_neg=6.640502 pcd=True subgoal_reg=0.00599829363189536 
2026-01-10 00:30:55,468 :    89/   11 dest_loss=0.035793 future_loss=0.023765 offset_loss=0.046953 kld=0.023820 cd=0.027110 en_pos=6.614988 en_neg=6.587878 pcd=True subgoal_reg=0.005324451786785224 
2026-01-10 00:31:10,936 :    95/   11 dest_loss=0.038803 future_loss=0.027926 offset_loss=0.042472 kld=0.026135 cd=-0.262667 en_pos=6.580857 en_neg=6.843523 pcd=True subgoal_reg=0.0051931783230501245 
2026-01-10 00:31:26,469 :   101/   11 dest_loss=0.042379 future_loss=0.037409 offset_loss=0.037497 kld=0.026690 cd=-0.261421 en_pos=6.359516 en_neg=6.620938 pcd=True subgoal_reg=0.004607000789636953 
2026-01-10 00:31:41,867 :   107/   11 dest_loss=0.075173 future_loss=0.048944 offset_loss=0.092574 kld=0.026483 cd=0.154182 en_pos=6.736568 en_neg=6.582387 pcd=True subgoal_reg=0.005162142356795552 
2026-01-10 00:31:57,256 :   113/   11 dest_loss=0.061974 future_loss=0.036801 offset_loss=0.092429 kld=0.027057 cd=0.158685 en_pos=6.773290 en_neg=6.614605 pcd=True subgoal_reg=0.003685435416643645 
2026-01-10 00:32:12,701 :   119/   11 dest_loss=0.103786 future_loss=0.091473 offset_loss=0.082729 kld=0.025448 cd=-0.127260 en_pos=6.597447 en_neg=6.724707 pcd=True subgoal_reg=0.005097825057385642 
2026-01-10 00:32:28,089 :   125/   11 dest_loss=0.033047 future_loss=0.030567 offset_loss=0.031207 kld=0.025172 cd=-0.103147 en_pos=6.741324 en_neg=6.844471 pcd=True subgoal_reg=0.004807323304481734 
2026-01-10 00:32:43,557 :   131/   11 dest_loss=0.032447 future_loss=0.028797 offset_loss=0.031782 kld=0.025517 cd=0.059106 en_pos=6.712070 en_neg=6.652964 pcd=True subgoal_reg=0.00543646806846285 
2026-01-10 00:32:59,104 :   137/   11 dest_loss=0.120500 future_loss=0.062533 offset_loss=0.149006 kld=0.025593 cd=0.012389 en_pos=6.695537 en_neg=6.683148 pcd=True subgoal_reg=0.0069720177101018094 
2026-01-10 00:33:14,606 :   143/   11 dest_loss=0.040219 future_loss=0.031771 offset_loss=0.042998 kld=0.026427 cd=0.206493 en_pos=6.810786 en_neg=6.604293 pcd=True subgoal_reg=0.004040102631232182 
2026-01-10 00:33:30,127 :   149/   11 dest_loss=0.110654 future_loss=0.101284 offset_loss=0.042496 kld=0.029636 cd=-0.023682 en_pos=6.646036 en_neg=6.669718 pcd=True subgoal_reg=0.0043590584516925695 
2026-01-10 00:33:45,585 :   155/   11 dest_loss=0.039281 future_loss=0.027983 offset_loss=0.046642 kld=0.025281 cd=-0.116620 en_pos=6.573946 en_neg=6.690566 pcd=True subgoal_reg=0.0051180711987388 
2026-01-10 00:34:01,050 :   161/   11 dest_loss=0.037190 future_loss=0.028375 offset_loss=0.041659 kld=0.025370 cd=-0.116769 en_pos=6.393059 en_neg=6.509828 pcd=True subgoal_reg=0.0035932288458970455 
2026-01-10 00:34:16,391 :   167/   11 dest_loss=0.039279 future_loss=0.029616 offset_loss=0.043761 kld=0.024621 cd=0.050171 en_pos=6.642353 en_neg=6.592182 pcd=True subgoal_reg=0.004862343737609035 
2026-01-10 00:34:31,887 :   173/   11 dest_loss=0.041825 future_loss=0.032078 offset_loss=0.040073 kld=0.027460 cd=-0.054315 en_pos=6.696404 en_neg=6.750718 pcd=True subgoal_reg=0.0044801140296334115 
2026-01-10 00:34:47,447 :   179/   11 dest_loss=0.035545 future_loss=0.029397 offset_loss=0.035540 kld=0.025379 cd=0.268163 en_pos=6.882859 en_neg=6.614696 pcd=True subgoal_reg=0.004274142539546058 
2026-01-10 00:35:02,998 :   185/   11 dest_loss=0.096260 future_loss=0.096653 offset_loss=0.063110 kld=0.024624 cd=0.024756 en_pos=6.618937 en_neg=6.594181 pcd=True subgoal_reg=0.004075381637951599 
2026-01-10 00:35:18,526 :   191/   11 dest_loss=0.040709 future_loss=0.033183 offset_loss=0.040504 kld=0.025778 cd=-0.376500 en_pos=6.408150 en_neg=6.784650 pcd=True subgoal_reg=0.004364331908327511 
2026-01-10 00:35:34,018 :   197/   11 dest_loss=0.038435 future_loss=0.032236 offset_loss=0.039264 kld=0.026904 cd=-0.004123 en_pos=6.545305 en_neg=6.549427 pcd=True subgoal_reg=0.004529498754981287 
2026-01-10 00:35:49,584 :   203/   11 dest_loss=0.040149 future_loss=0.034340 offset_loss=0.036971 kld=0.026119 cd=-0.076300 en_pos=6.509561 en_neg=6.585862 pcd=True subgoal_reg=0.0036792622146734847 
2026-01-10 00:36:05,097 :   209/   11 dest_loss=0.040772 future_loss=0.032031 offset_loss=0.038482 kld=0.024042 cd=0.245119 en_pos=6.707268 en_neg=6.462149 pcd=True subgoal_reg=0.0041794596618594335 
2026-01-10 00:36:20,661 :   215/   11 dest_loss=0.041439 future_loss=0.036623 offset_loss=0.035965 kld=0.027772 cd=0.139609 en_pos=6.731182 en_neg=6.591573 pcd=True subgoal_reg=0.004162398687495724 
2026-01-10 00:36:36,252 :   221/   11 dest_loss=0.039701 future_loss=0.034398 offset_loss=0.032526 kld=0.026452 cd=-0.046495 en_pos=6.491142 en_neg=6.537636 pcd=True subgoal_reg=0.0044614559122453535 
2026-01-10 00:36:51,708 :   227/   11 dest_loss=0.048559 future_loss=0.037092 offset_loss=0.047589 kld=0.026454 cd=-0.018340 en_pos=6.561126 en_neg=6.579466 pcd=True subgoal_reg=0.00594275957124509 
2026-01-10 00:37:07,160 :   233/   11 dest_loss=0.034323 future_loss=0.026381 offset_loss=0.044200 kld=0.024664 cd=0.184446 en_pos=6.816850 en_neg=6.632404 pcd=True subgoal_reg=0.005884789321795635 
2026-01-10 00:37:22,638 :   239/   11 dest_loss=0.037022 future_loss=0.030558 offset_loss=0.040499 kld=0.026900 cd=0.211462 en_pos=6.721837 en_neg=6.510375 pcd=True subgoal_reg=0.003863239654605544 
2026-01-10 00:37:37,906 :   245/   11 dest_loss=0.183947 future_loss=0.157452 offset_loss=0.170987 kld=0.030272 cd=0.060766 en_pos=6.613920 en_neg=6.553154 pcd=True subgoal_reg=0.0042098619888161805 
2026-01-10 00:37:53,412 :   251/   11 dest_loss=0.130762 future_loss=0.091236 offset_loss=0.148217 kld=0.023336 cd=0.106378 en_pos=6.590495 en_neg=6.484116 pcd=True subgoal_reg=0.005188246296536149 
2026-01-10 00:38:08,893 :   257/   11 dest_loss=0.035530 future_loss=0.028924 offset_loss=0.032689 kld=0.024382 cd=0.185413 en_pos=6.686842 en_neg=6.501429 pcd=True subgoal_reg=0.003700684130959212 
2026-01-10 00:38:24,470 :   263/   11 dest_loss=0.185415 future_loss=0.144720 offset_loss=0.146939 kld=0.027758 cd=0.052969 en_pos=6.706894 en_neg=6.653925 pcd=True subgoal_reg=0.00519733423618216 
2026-01-10 00:38:40,044 :   269/   11 dest_loss=0.197978 future_loss=0.159934 offset_loss=0.151927 kld=0.026413 cd=-0.075162 en_pos=6.553386 en_neg=6.628548 pcd=True subgoal_reg=0.004163486603922264 
2026-01-10 00:38:55,495 :   275/   11 dest_loss=0.043228 future_loss=0.032037 offset_loss=0.040368 kld=0.027975 cd=-0.098031 en_pos=6.747534 en_neg=6.845565 pcd=True subgoal_reg=0.0055172521514728744 
2026-01-10 00:39:10,990 :   281/   11 dest_loss=0.108396 future_loss=0.091063 offset_loss=0.089760 kld=0.024723 cd=0.097421 en_pos=6.754049 en_neg=6.656628 pcd=True subgoal_reg=0.004871551906113285 
2026-01-10 00:39:26,522 :   287/   11 dest_loss=0.067403 future_loss=0.037126 offset_loss=0.075003 kld=0.025421 cd=-0.055832 en_pos=6.599463 en_neg=6.655294 pcd=True subgoal_reg=0.0054949851833664826 
2026-01-10 00:39:41,984 :   293/   11 dest_loss=0.034436 future_loss=0.027168 offset_loss=0.035438 kld=0.024049 cd=-0.377719 en_pos=6.469817 en_neg=6.847536 pcd=True subgoal_reg=0.004946197224423868 
2026-01-10 00:39:57,543 :   299/   11 dest_loss=0.076284 future_loss=0.071059 offset_loss=0.043375 kld=0.025899 cd=-0.044292 en_pos=6.557556 en_neg=6.601848 pcd=True subgoal_reg=0.005883115259862284 
2026-01-10 00:40:12,984 :   305/   11 dest_loss=0.040126 future_loss=0.031830 offset_loss=0.037538 kld=0.026512 cd=0.046115 en_pos=6.769648 en_neg=6.723533 pcd=True subgoal_reg=0.00648246422159292 
2026-01-10 00:40:28,488 :   311/   11 dest_loss=0.030782 future_loss=0.025510 offset_loss=0.031598 kld=0.024696 cd=0.080975 en_pos=6.584384 en_neg=6.503409 pcd=True subgoal_reg=0.004181644634096109 
2026-01-10 00:40:44,071 :   317/   11 dest_loss=0.033945 future_loss=0.025789 offset_loss=0.037766 kld=0.024827 cd=-0.046226 en_pos=6.581552 en_neg=6.627778 pcd=True subgoal_reg=0.004376945855243184 
2026-01-10 00:40:59,391 :   323/   11 dest_loss=0.032963 future_loss=0.025859 offset_loss=0.037508 kld=0.025590 cd=-0.046996 en_pos=6.520083 en_neg=6.567079 pcd=True subgoal_reg=0.004763292746667553 
2026-01-10 00:41:14,919 :   329/   11 dest_loss=0.032260 future_loss=0.025371 offset_loss=0.035645 kld=0.026001 cd=-0.182105 en_pos=6.502982 en_neg=6.685087 pcd=True subgoal_reg=0.003896216066524903 
2026-01-10 00:41:30,431 :   335/   11 dest_loss=0.041554 future_loss=0.030611 offset_loss=0.042552 kld=0.025519 cd=0.217152 en_pos=6.751106 en_neg=6.533954 pcd=True subgoal_reg=0.004542808897096895 
2026-01-10 00:41:46,497 :   341/   11 dest_loss=0.136143 future_loss=0.103192 offset_loss=0.123268 kld=0.028363 cd=-0.050161 en_pos=6.486205 en_neg=6.536366 pcd=True subgoal_reg=0.004087747516705397 
2026-01-10 00:42:02,939 :   347/   11 dest_loss=0.035897 future_loss=0.032405 offset_loss=0.029374 kld=0.024445 cd=-0.034240 en_pos=6.471432 en_neg=6.505673 pcd=True subgoal_reg=0.0033309081932346553 
2026-01-10 00:42:20,179 :   353/   11 dest_loss=0.033474 future_loss=0.028557 offset_loss=0.033807 kld=0.025362 cd=0.107954 en_pos=6.597391 en_neg=6.489437 pcd=True subgoal_reg=0.005123672959862327 
2026-01-10 00:42:38,624 :   359/   11 dest_loss=0.030981 future_loss=0.027354 offset_loss=0.033090 kld=0.025655 cd=-0.016062 en_pos=6.681612 en_neg=6.697674 pcd=True subgoal_reg=0.004370022854212247 
2026-01-10 00:42:56,441 :   365/   11 dest_loss=0.039032 future_loss=0.031586 offset_loss=0.039308 kld=0.025735 cd=0.213175 en_pos=6.595022 en_neg=6.381846 pcd=True subgoal_reg=0.004905547958439949 
2026-01-10 00:43:12,458 :   371/   11 dest_loss=0.128546 future_loss=0.122465 offset_loss=0.056524 kld=0.027449 cd=0.159220 en_pos=6.780983 en_neg=6.621764 pcd=True subgoal_reg=0.0039759193687596405 
2026-01-10 00:43:28,792 :   377/   11 dest_loss=0.127849 future_loss=0.113414 offset_loss=0.113236 kld=0.028655 cd=0.079904 en_pos=6.642236 en_neg=6.562332 pcd=True subgoal_reg=0.00493918748990619 
2026-01-10 00:43:44,564 :   383/   11 dest_loss=0.041074 future_loss=0.031857 offset_loss=0.045979 kld=0.025802 cd=0.166963 en_pos=6.735508 en_neg=6.568545 pcd=True subgoal_reg=0.0038510545510283415 
2026-01-10 00:43:59,750 :   389/   11 dest_loss=0.034274 future_loss=0.025378 offset_loss=0.043174 kld=0.026359 cd=0.126687 en_pos=6.626540 en_neg=6.499853 pcd=True subgoal_reg=0.003789911312771329 
2026-01-10 00:44:14,979 :   395/   11 dest_loss=0.184978 future_loss=0.141486 offset_loss=0.117407 kld=0.025214 cd=0.139209 en_pos=6.651138 en_neg=6.511929 pcd=True subgoal_reg=0.004115725566930347 
2026-01-10 00:44:30,028 :   401/   11 dest_loss=0.035216 future_loss=0.029107 offset_loss=0.035084 kld=0.025828 cd=0.065518 en_pos=6.709583 en_neg=6.644065 pcd=True subgoal_reg=0.004069719351143072 
2026-01-10 00:44:45,223 :   407/   11 dest_loss=0.035918 future_loss=0.030562 offset_loss=0.034462 kld=0.024410 cd=-0.117533 en_pos=6.723304 en_neg=6.840837 pcd=True subgoal_reg=0.0033742361095735417 
2026-01-10 00:45:00,464 :   413/   11 dest_loss=0.036474 future_loss=0.028850 offset_loss=0.041089 kld=0.026198 cd=-0.109621 en_pos=6.565780 en_neg=6.675401 pcd=True subgoal_reg=0.004384428715238438 
2026-01-10 00:45:15,656 :   419/   11 dest_loss=0.067763 future_loss=0.041371 offset_loss=0.088230 kld=0.024092 cd=-0.055928 en_pos=6.399041 en_neg=6.454968 pcd=True subgoal_reg=0.004088841880196302 
2026-01-10 00:45:30,913 :   425/   11 dest_loss=0.041582 future_loss=0.033767 offset_loss=0.036095 kld=0.024412 cd=0.330298 en_pos=6.685733 en_neg=6.355435 pcd=True subgoal_reg=0.0033873050074713306 
2026-01-10 00:45:46,173 :   431/   11 dest_loss=0.044801 future_loss=0.037807 offset_loss=0.038195 kld=0.028328 cd=0.012412 en_pos=6.656738 en_neg=6.644326 pcd=True subgoal_reg=0.0045936559537675505 
2026-01-10 00:46:01,319 :   437/   11 dest_loss=0.036523 future_loss=0.027705 offset_loss=0.038291 kld=0.027149 cd=-0.121865 en_pos=6.444598 en_neg=6.566463 pcd=True subgoal_reg=0.006068122835142898 
2026-01-10 00:46:16,435 :   443/   11 dest_loss=0.038926 future_loss=0.030071 offset_loss=0.041572 kld=0.025919 cd=-0.278019 en_pos=6.454490 en_neg=6.732509 pcd=True subgoal_reg=0.004073152084654231 
2026-01-10 00:46:31,675 :   449/   11 dest_loss=0.105198 future_loss=0.089305 offset_loss=0.040725 kld=0.028458 cd=0.051465 en_pos=6.765530 en_neg=6.714066 pcd=True subgoal_reg=0.0036762637676081146 
2026-01-10 00:46:46,916 :   455/   11 dest_loss=0.039978 future_loss=0.030447 offset_loss=0.041909 kld=0.026181 cd=0.130029 en_pos=6.719812 en_neg=6.589783 pcd=True subgoal_reg=0.006226953831869962 
2026-01-10 00:47:02,079 :   461/   11 dest_loss=0.034192 future_loss=0.027927 offset_loss=0.037086 kld=0.025241 cd=-0.169867 en_pos=6.327967 en_neg=6.497834 pcd=True subgoal_reg=0.003451743741415052 
2026-01-10 00:47:17,194 :   467/   11 dest_loss=0.033518 future_loss=0.027300 offset_loss=0.032380 kld=0.023742 cd=-0.019266 en_pos=6.678263 en_neg=6.697529 pcd=True subgoal_reg=0.0038558752585680254 
2026-01-10 00:47:32,463 :   473/   11 dest_loss=0.031131 future_loss=0.024724 offset_loss=0.036757 kld=0.025774 cd=-0.146168 en_pos=6.509963 en_neg=6.656131 pcd=True subgoal_reg=0.00537212763313908 
2026-01-10 00:47:47,499 :   479/   11 dest_loss=0.039510 future_loss=0.030572 offset_loss=0.042037 kld=0.025064 cd=-0.324637 en_pos=6.286545 en_neg=6.611182 pcd=True subgoal_reg=0.0035792995483393836 
2026-01-10 00:48:02,721 :   485/   11 dest_loss=0.032769 future_loss=0.026660 offset_loss=0.034300 kld=0.025494 cd=0.128191 en_pos=6.636151 en_neg=6.507960 pcd=True subgoal_reg=0.0031845522570623746 
2026-01-10 00:48:17,958 :   491/   11 dest_loss=0.036978 future_loss=0.027684 offset_loss=0.039526 kld=0.025650 cd=-0.289515 en_pos=6.465762 en_neg=6.755277 pcd=True subgoal_reg=0.004273712319630705 
2026-01-10 00:48:33,189 :   497/   11 dest_loss=0.032469 future_loss=0.026343 offset_loss=0.036515 kld=0.027014 cd=0.063333 en_pos=6.706131 en_neg=6.642798 pcd=True subgoal_reg=0.004074885803711674 
2026-01-10 00:48:48,478 :   503/   11 dest_loss=0.032267 future_loss=0.027497 offset_loss=0.032428 kld=0.024326 cd=0.045842 en_pos=6.553945 en_neg=6.508103 pcd=True subgoal_reg=0.0032283509372793683 
2026-01-10 00:49:03,765 :   509/   11 dest_loss=0.113183 future_loss=0.097337 offset_loss=0.103331 kld=0.024892 cd=-0.069231 en_pos=6.743238 en_neg=6.812470 pcd=True subgoal_reg=0.004132257381032986 
2026-01-10 00:50:35,338 : Train Loss 104.2280764967839
2026-01-10 00:50:35,338 : Overall Loss 21.634179762602898
2026-01-10 00:50:35,338 : Dest Loss 26.45329234457898
2026-01-10 00:50:35,338 : Val ADE 0.18553847093877504
2026-01-10 00:50:35,338 : Val FDE 0.1748907203728627
2026-01-10 00:50:35,338 : Val Best ADE 0.1627273705746692
2026-01-10 00:50:35,339 : Val Best FDE 0.16449155727053172
2026-01-10 00:50:35,339 : ----->learning rate 0.00125
2026-01-10 00:50:50,580 :     5/   12 dest_loss=0.141455 future_loss=0.087792 offset_loss=0.161182 kld=0.028392 cd=-0.165040 en_pos=6.797389 en_neg=6.962430 pcd=True subgoal_reg=0.004859389556831564 
2026-01-10 00:51:05,724 :    11/   12 dest_loss=0.039049 future_loss=0.031074 offset_loss=0.037159 kld=0.027066 cd=0.099867 en_pos=6.631958 en_neg=6.532090 pcd=True subgoal_reg=0.0037318561912386685 
2026-01-10 00:51:21,005 :    17/   12 dest_loss=0.038868 future_loss=0.030963 offset_loss=0.035560 kld=0.025360 cd=0.123529 en_pos=6.779621 en_neg=6.656092 pcd=True subgoal_reg=0.0038110653174419857 
2026-01-10 00:51:36,089 :    23/   12 dest_loss=0.033387 future_loss=0.024267 offset_loss=0.039775 kld=0.023291 cd=0.088053 en_pos=6.566656 en_neg=6.478603 pcd=True subgoal_reg=0.0045766826066745165 
2026-01-10 00:51:51,222 :    29/   12 dest_loss=0.122844 future_loss=0.095956 offset_loss=0.085628 kld=0.026949 cd=0.308549 en_pos=6.634337 en_neg=6.325788 pcd=True subgoal_reg=0.00433783320562146 
2026-01-10 00:52:06,413 :    35/   12 dest_loss=0.042346 future_loss=0.032357 offset_loss=0.040716 kld=0.025019 cd=0.094970 en_pos=6.850635 en_neg=6.755665 pcd=True subgoal_reg=0.003815427142217684 
2026-01-10 00:52:21,598 :    41/   12 dest_loss=0.182395 future_loss=0.114915 offset_loss=0.200923 kld=0.025163 cd=0.075481 en_pos=6.567599 en_neg=6.492118 pcd=True subgoal_reg=0.0034751351192226208 
2026-01-10 00:52:36,834 :    47/   12 dest_loss=0.039801 future_loss=0.032122 offset_loss=0.034517 kld=0.025148 cd=0.123594 en_pos=6.532277 en_neg=6.408683 pcd=True subgoal_reg=0.003906549040641758 
2026-01-10 00:52:52,095 :    53/   12 dest_loss=0.041713 future_loss=0.034394 offset_loss=0.033594 kld=0.024483 cd=-0.024957 en_pos=6.666785 en_neg=6.691742 pcd=True subgoal_reg=0.005445580184970537 
2026-01-10 00:53:07,378 :    59/   12 dest_loss=0.029426 future_loss=0.024195 offset_loss=0.034120 kld=0.024915 cd=0.041618 en_pos=6.650783 en_neg=6.609165 pcd=True subgoal_reg=0.005213964468080309 
2026-01-10 00:53:22,622 :    65/   12 dest_loss=0.039192 future_loss=0.029344 offset_loss=0.040567 kld=0.024070 cd=0.089812 en_pos=6.535884 en_neg=6.446072 pcd=True subgoal_reg=0.00416200668042653 
2026-01-10 00:53:37,871 :    71/   12 dest_loss=0.099701 future_loss=0.087979 offset_loss=0.099635 kld=0.027811 cd=0.038155 en_pos=6.818743 en_neg=6.780588 pcd=True subgoal_reg=0.0034839059785920015 
2026-01-10 00:53:53,101 :    77/   12 dest_loss=0.030740 future_loss=0.029746 offset_loss=0.021691 kld=0.024958 cd=0.324288 en_pos=6.823137 en_neg=6.498849 pcd=True subgoal_reg=0.0036551286029431985 
2026-01-10 00:54:08,333 :    83/   12 dest_loss=0.060938 future_loss=0.041084 offset_loss=0.080497 kld=0.024573 cd=0.028441 en_pos=6.550375 en_neg=6.521934 pcd=True subgoal_reg=0.004634439167980522 
2026-01-10 00:54:23,701 :    89/   12 dest_loss=0.035334 future_loss=0.028179 offset_loss=0.035255 kld=0.025986 cd=-0.258619 en_pos=6.398386 en_neg=6.657005 pcd=True subgoal_reg=0.0038284306138981934 
2026-01-10 00:54:38,755 :    95/   12 dest_loss=0.039408 future_loss=0.031409 offset_loss=0.038288 kld=0.024208 cd=-0.221168 en_pos=6.473485 en_neg=6.694653 pcd=True subgoal_reg=0.00361296884534976 
2026-01-10 00:54:53,945 :   101/   12 dest_loss=0.031719 future_loss=0.025250 offset_loss=0.033239 kld=0.023839 cd=0.102942 en_pos=6.654198 en_neg=6.551255 pcd=True subgoal_reg=0.004059356583946055 
2026-01-10 00:55:09,178 :   107/   12 dest_loss=0.032442 future_loss=0.027321 offset_loss=0.033304 kld=0.024428 cd=0.133483 en_pos=6.699144 en_neg=6.565661 pcd=True subgoal_reg=0.004242827756267232 
2026-01-10 00:55:24,479 :   113/   12 dest_loss=0.038499 future_loss=0.028617 offset_loss=0.039548 kld=0.025392 cd=-0.014670 en_pos=6.714801 en_neg=6.729471 pcd=True subgoal_reg=0.004573660914410025 
2026-01-10 00:55:39,835 :   119/   12 dest_loss=0.035767 future_loss=0.028440 offset_loss=0.039681 kld=0.024317 cd=-0.194168 en_pos=6.452162 en_neg=6.646329 pcd=True subgoal_reg=0.004116049476311502 
2026-01-10 00:55:55,146 :   125/   12 dest_loss=0.036644 future_loss=0.028995 offset_loss=0.039613 kld=0.024144 cd=-0.083232 en_pos=6.511468 en_neg=6.594700 pcd=True subgoal_reg=0.004111780706055015 
2026-01-10 00:56:10,371 :   131/   12 dest_loss=0.038615 future_loss=0.031638 offset_loss=0.038667 kld=0.025988 cd=0.113547 en_pos=6.504621 en_neg=6.391074 pcd=True subgoal_reg=0.0037392244595348435 
2026-01-10 00:56:25,565 :   137/   12 dest_loss=0.036409 future_loss=0.031048 offset_loss=0.031464 kld=0.024439 cd=0.031197 en_pos=6.631488 en_neg=6.600291 pcd=True subgoal_reg=0.0038659916781295716 
2026-01-10 00:56:40,884 :   143/   12 dest_loss=0.034839 future_loss=0.026718 offset_loss=0.035584 kld=0.024346 cd=-0.115365 en_pos=6.571140 en_neg=6.686505 pcd=True subgoal_reg=0.004045396316092988 
2026-01-10 00:56:56,098 :   149/   12 dest_loss=0.033783 future_loss=0.027505 offset_loss=0.032289 kld=0.024352 cd=0.027753 en_pos=6.527118 en_neg=6.499365 pcd=True subgoal_reg=0.0035578051921868856 
2026-01-10 00:57:11,306 :   155/   12 dest_loss=0.038042 future_loss=0.030975 offset_loss=0.037600 kld=0.026446 cd=-0.220618 en_pos=6.511821 en_neg=6.732439 pcd=True subgoal_reg=0.0038585384408935074 
2026-01-10 00:57:26,589 :   161/   12 dest_loss=0.043370 future_loss=0.033992 offset_loss=0.043849 kld=0.026231 cd=0.069093 en_pos=6.647654 en_neg=6.578562 pcd=True subgoal_reg=0.003721812947818169 
2026-01-10 00:57:41,914 :   167/   12 dest_loss=0.032696 future_loss=0.026969 offset_loss=0.031989 kld=0.024785 cd=-0.341915 en_pos=6.426407 en_neg=6.768322 pcd=True subgoal_reg=0.0038082107757169536 
2026-01-10 00:57:57,049 :   173/   12 dest_loss=0.080464 future_loss=0.060099 offset_loss=0.081520 kld=0.026156 cd=-0.196686 en_pos=6.493209 en_neg=6.689895 pcd=True subgoal_reg=0.004030840708302544 
2026-01-10 00:58:12,451 :   179/   12 dest_loss=0.039810 future_loss=0.032013 offset_loss=0.036604 kld=0.025417 cd=-0.259579 en_pos=6.522640 en_neg=6.782219 pcd=True subgoal_reg=0.004206938968765517 
2026-01-10 00:58:27,795 :   185/   12 dest_loss=0.037941 future_loss=0.030733 offset_loss=0.037653 kld=0.026995 cd=0.267083 en_pos=6.758548 en_neg=6.491465 pcd=True subgoal_reg=0.0042050335298978985 
2026-01-10 00:58:43,069 :   191/   12 dest_loss=0.034965 future_loss=0.028761 offset_loss=0.035525 kld=0.026758 cd=-0.040272 en_pos=6.574005 en_neg=6.614277 pcd=True subgoal_reg=0.00389234882125279 
2026-01-10 00:58:58,402 :   197/   12 dest_loss=0.030597 future_loss=0.025815 offset_loss=0.034256 kld=0.024936 cd=-0.060668 en_pos=6.463757 en_neg=6.524425 pcd=True subgoal_reg=0.0034938233271330356 
2026-01-10 00:59:13,630 :   203/   12 dest_loss=0.036543 future_loss=0.028589 offset_loss=0.035115 kld=0.025301 cd=0.192572 en_pos=6.695125 en_neg=6.502553 pcd=True subgoal_reg=0.0042691621850436175 
2026-01-10 00:59:28,866 :   209/   12 dest_loss=0.040302 future_loss=0.031249 offset_loss=0.038813 kld=0.025916 cd=0.021483 en_pos=6.534764 en_neg=6.513281 pcd=True subgoal_reg=0.0044158153370532525 
2026-01-10 00:59:44,140 :   215/   12 dest_loss=0.036139 future_loss=0.029576 offset_loss=0.035486 kld=0.024940 cd=-0.294914 en_pos=6.476625 en_neg=6.771539 pcd=True subgoal_reg=0.00415940554794709 
2026-01-10 00:59:59,330 :   221/   12 dest_loss=0.032334 future_loss=0.025078 offset_loss=0.036222 kld=0.026071 cd=-0.031342 en_pos=6.496364 en_neg=6.527706 pcd=True subgoal_reg=0.004424618526497639 
2026-01-10 01:00:14,454 :   227/   12 dest_loss=0.040517 future_loss=0.031521 offset_loss=0.039461 kld=0.026505 cd=0.114764 en_pos=6.583096 en_neg=6.468333 pcd=True subgoal_reg=0.003955286670299183 
2026-01-10 01:00:29,625 :   233/   12 dest_loss=0.028906 future_loss=0.024042 offset_loss=0.033760 kld=0.025284 cd=-0.131503 en_pos=6.491392 en_neg=6.622895 pcd=True subgoal_reg=0.0033101219668985925 
2026-01-10 01:00:44,829 :   239/   12 dest_loss=0.035093 future_loss=0.028276 offset_loss=0.035071 kld=0.025338 cd=0.113863 en_pos=6.624669 en_neg=6.510805 pcd=True subgoal_reg=0.0034916628644025643 
2026-01-10 01:00:59,933 :   245/   12 dest_loss=0.034364 future_loss=0.027770 offset_loss=0.037642 kld=0.024190 cd=-0.187358 en_pos=6.616137 en_neg=6.803495 pcd=True subgoal_reg=0.003898855504255779 
2026-01-10 01:01:14,914 :   251/   12 dest_loss=0.033050 future_loss=0.026979 offset_loss=0.034164 kld=0.023991 cd=-0.192786 en_pos=6.332166 en_neg=6.524952 pcd=True subgoal_reg=0.0033872591698879398 
2026-01-10 01:01:30,181 :   257/   12 dest_loss=0.032431 future_loss=0.026728 offset_loss=0.032394 kld=0.026050 cd=0.041573 en_pos=6.568301 en_neg=6.526728 pcd=True subgoal_reg=0.003436949625550877 
2026-01-10 01:01:45,462 :   263/   12 dest_loss=0.031931 future_loss=0.026567 offset_loss=0.034034 kld=0.024504 cd=-0.042724 en_pos=6.644674 en_neg=6.687397 pcd=True subgoal_reg=0.003531676866319586 
2026-01-10 01:02:00,694 :   269/   12 dest_loss=0.032439 future_loss=0.026488 offset_loss=0.031484 kld=0.024241 cd=-0.192389 en_pos=6.495682 en_neg=6.688071 pcd=True subgoal_reg=0.0034036875344718087 
2026-01-10 01:02:15,968 :   275/   12 dest_loss=0.042052 future_loss=0.037050 offset_loss=0.027434 kld=0.024496 cd=-0.114975 en_pos=6.694001 en_neg=6.808976 pcd=True subgoal_reg=0.00324696875489154 
2026-01-10 01:02:31,156 :   281/   12 dest_loss=0.228202 future_loss=0.173816 offset_loss=0.134561 kld=0.028816 cd=-0.097262 en_pos=6.554937 en_neg=6.652199 pcd=True subgoal_reg=0.003865925530595027 
2026-01-10 01:02:46,468 :   287/   12 dest_loss=0.040422 future_loss=0.031338 offset_loss=0.033359 kld=0.025838 cd=0.273166 en_pos=6.747011 en_neg=6.473845 pcd=True subgoal_reg=0.00563090914410677 
2026-01-10 01:03:01,740 :   293/   12 dest_loss=0.077704 future_loss=0.066936 offset_loss=0.059431 kld=0.026230 cd=-0.125289 en_pos=6.623031 en_neg=6.748320 pcd=True subgoal_reg=0.005222247245202735 
2026-01-10 01:03:16,946 :   299/   12 dest_loss=0.038622 future_loss=0.031266 offset_loss=0.036578 kld=0.024004 cd=-0.008956 en_pos=6.578662 en_neg=6.587618 pcd=True subgoal_reg=0.004186514224774581 
2026-01-10 01:03:32,118 :   305/   12 dest_loss=0.036849 future_loss=0.032226 offset_loss=0.031991 kld=0.024098 cd=-0.165140 en_pos=6.505552 en_neg=6.670691 pcd=True subgoal_reg=0.0033748863354073518 
2026-01-10 01:03:47,326 :   311/   12 dest_loss=0.031425 future_loss=0.026278 offset_loss=0.031999 kld=0.025464 cd=-0.164152 en_pos=6.386107 en_neg=6.550259 pcd=True subgoal_reg=0.0040619190876785855 
2026-01-10 01:04:02,501 :   317/   12 dest_loss=0.091500 future_loss=0.089642 offset_loss=0.100236 kld=0.025862 cd=-0.082309 en_pos=6.688548 en_neg=6.770857 pcd=True subgoal_reg=0.0040505274433291615 
2026-01-10 01:04:17,591 :   323/   12 dest_loss=0.043568 future_loss=0.035395 offset_loss=0.037343 kld=0.025316 cd=-0.148272 en_pos=6.579911 en_neg=6.728183 pcd=True subgoal_reg=0.003623582824830604 
2026-01-10 01:04:32,606 :   329/   12 dest_loss=0.036348 future_loss=0.029646 offset_loss=0.036273 kld=0.026616 cd=-0.053444 en_pos=6.421339 en_neg=6.474783 pcd=True subgoal_reg=0.003496988112714882 
2026-01-10 01:04:47,773 :   335/   12 dest_loss=0.040841 future_loss=0.030479 offset_loss=0.041308 kld=0.026263 cd=0.035747 en_pos=6.509324 en_neg=6.473576 pcd=True subgoal_reg=0.004964330959248913 
2026-01-10 01:05:02,971 :   341/   12 dest_loss=0.036287 future_loss=0.026850 offset_loss=0.039411 kld=0.024445 cd=0.167991 en_pos=6.672263 en_neg=6.504272 pcd=True subgoal_reg=0.00516261531942891 
2026-01-10 01:05:18,246 :   347/   12 dest_loss=0.035375 future_loss=0.025690 offset_loss=0.040603 kld=0.024414 cd=-0.148410 en_pos=6.352424 en_neg=6.500834 pcd=True subgoal_reg=0.003853977460978059 
2026-01-10 01:05:33,536 :   353/   12 dest_loss=0.033283 future_loss=0.027036 offset_loss=0.033703 kld=0.024211 cd=-0.289128 en_pos=6.353774 en_neg=6.642903 pcd=True subgoal_reg=0.003159118026355716 
2026-01-10 01:05:48,679 :   359/   12 dest_loss=0.033054 future_loss=0.026636 offset_loss=0.034290 kld=0.025265 cd=-0.010594 en_pos=6.467653 en_neg=6.478248 pcd=True subgoal_reg=0.0034615209725291553 
2026-01-10 01:06:03,906 :   365/   12 dest_loss=0.034030 future_loss=0.026345 offset_loss=0.035907 kld=0.024445 cd=-0.050097 en_pos=6.711142 en_neg=6.761239 pcd=True subgoal_reg=0.004042146805832855 
2026-01-10 01:06:19,234 :   371/   12 dest_loss=0.036249 future_loss=0.027923 offset_loss=0.038085 kld=0.024201 cd=-0.292184 en_pos=6.437755 en_neg=6.729938 pcd=True subgoal_reg=0.004165811968998483 
2026-01-10 01:06:34,511 :   377/   12 dest_loss=0.034724 future_loss=0.026937 offset_loss=0.038864 kld=0.025707 cd=-0.186082 en_pos=6.700149 en_neg=6.886230 pcd=True subgoal_reg=0.004197326447196074 
2026-01-10 01:06:49,742 :   383/   12 dest_loss=0.038229 future_loss=0.029874 offset_loss=0.039316 kld=0.025723 cd=-0.225251 en_pos=6.447991 en_neg=6.673241 pcd=True subgoal_reg=0.003775983939895997 
2026-01-10 01:07:05,046 :   389/   12 dest_loss=0.038395 future_loss=0.030978 offset_loss=0.036664 kld=0.025307 cd=0.168424 en_pos=6.617929 en_neg=6.449505 pcd=True subgoal_reg=0.0034718552793399533 
2026-01-10 01:07:20,234 :   395/   12 dest_loss=0.031450 future_loss=0.025385 offset_loss=0.030941 kld=0.024846 cd=0.152188 en_pos=6.618238 en_neg=6.466050 pcd=True subgoal_reg=0.003803707826134272 
2026-01-10 01:07:35,454 :   401/   12 dest_loss=0.032055 future_loss=0.025965 offset_loss=0.034164 kld=0.025703 cd=-0.089737 en_pos=6.600774 en_neg=6.690511 pcd=True subgoal_reg=0.003951778864775201 
2026-01-10 01:07:50,504 :   407/   12 dest_loss=0.031462 future_loss=0.025248 offset_loss=0.034192 kld=0.024982 cd=0.198095 en_pos=6.742470 en_neg=6.544375 pcd=True subgoal_reg=0.003930288902326555 
2026-01-10 01:08:05,737 :   413/   12 dest_loss=0.033721 future_loss=0.026175 offset_loss=0.037380 kld=0.024399 cd=0.191012 en_pos=6.595671 en_neg=6.404659 pcd=True subgoal_reg=0.0034516566448771304 
2026-01-10 01:08:21,004 :   419/   12 dest_loss=0.032571 future_loss=0.027367 offset_loss=0.030428 kld=0.024211 cd=-0.178120 en_pos=6.362924 en_neg=6.541044 pcd=True subgoal_reg=0.0031550205160482433 
2026-01-10 01:08:36,333 :   425/   12 dest_loss=0.037569 future_loss=0.033904 offset_loss=0.025555 kld=0.024473 cd=0.222940 en_pos=6.730550 en_neg=6.507610 pcd=True subgoal_reg=0.0036767426608307376 
2026-01-10 01:08:51,647 :   431/   12 dest_loss=0.037597 future_loss=0.029900 offset_loss=0.034356 kld=0.024914 cd=-0.194082 en_pos=6.512012 en_neg=6.706093 pcd=True subgoal_reg=0.004437050395873354 
2026-01-10 01:09:06,913 :   437/   12 dest_loss=0.030813 future_loss=0.024842 offset_loss=0.034044 kld=0.023549 cd=0.062492 en_pos=6.569987 en_neg=6.507495 pcd=True subgoal_reg=0.004509344827593664 
2026-01-10 01:09:22,202 :   443/   12 dest_loss=0.032431 future_loss=0.025458 offset_loss=0.035031 kld=0.025874 cd=-0.197672 en_pos=6.619653 en_neg=6.817324 pcd=True subgoal_reg=0.004079849539413031 
2026-01-10 01:09:37,484 :   449/   12 dest_loss=0.041110 future_loss=0.032698 offset_loss=0.037065 kld=0.025195 cd=-0.237449 en_pos=6.409371 en_neg=6.646820 pcd=True subgoal_reg=0.003407361032437565 
2026-01-10 01:09:52,742 :   455/   12 dest_loss=0.037442 future_loss=0.030638 offset_loss=0.032767 kld=0.026537 cd=0.108388 en_pos=6.751834 en_neg=6.643446 pcd=True subgoal_reg=0.0036890083064642976 
2026-01-10 01:10:07,989 :   461/   12 dest_loss=0.037724 future_loss=0.026236 offset_loss=0.042219 kld=0.024061 cd=0.015435 en_pos=6.659012 en_neg=6.643577 pcd=True subgoal_reg=0.004663039184297511 
2026-01-10 01:10:23,291 :   467/   12 dest_loss=0.105433 future_loss=0.060405 offset_loss=0.113647 kld=0.024261 cd=0.086625 en_pos=6.589165 en_neg=6.502540 pcd=True subgoal_reg=0.004388691308462862 
2026-01-10 01:10:38,636 :   473/   12 dest_loss=0.028817 future_loss=0.025013 offset_loss=0.028133 kld=0.024461 cd=0.299088 en_pos=6.537185 en_neg=6.238097 pcd=True subgoal_reg=0.002927023658571175 
2026-01-10 01:10:53,979 :   479/   12 dest_loss=0.079883 future_loss=0.054347 offset_loss=0.087289 kld=0.026869 cd=-0.117661 en_pos=6.472606 en_neg=6.590267 pcd=True subgoal_reg=0.00372536076445159 
2026-01-10 01:11:09,064 :   485/   12 dest_loss=0.036709 future_loss=0.031314 offset_loss=0.031776 kld=0.024604 cd=0.047379 en_pos=6.696982 en_neg=6.649603 pcd=True subgoal_reg=0.0039160768498990505 
2026-01-10 01:11:24,350 :   491/   12 dest_loss=0.035036 future_loss=0.029390 offset_loss=0.033639 kld=0.024070 cd=0.013697 en_pos=6.489548 en_neg=6.475851 pcd=True subgoal_reg=0.003941498382857065 
2026-01-10 01:11:39,607 :   497/   12 dest_loss=0.037067 future_loss=0.029036 offset_loss=0.034869 kld=0.025166 cd=-0.144710 en_pos=6.416665 en_neg=6.561375 pcd=True subgoal_reg=0.004249435318277658 
2026-01-10 01:11:54,826 :   503/   12 dest_loss=0.042262 future_loss=0.033151 offset_loss=0.038858 kld=0.026371 cd=0.002135 en_pos=6.646232 en_neg=6.644097 pcd=True subgoal_reg=0.004376742457096958 
2026-01-10 01:12:10,080 :   509/   12 dest_loss=0.033107 future_loss=0.027641 offset_loss=0.031334 kld=0.024512 cd=0.219781 en_pos=6.620467 en_neg=6.400685 pcd=True subgoal_reg=0.0034832814820052616 
2026-01-10 01:13:41,944 : Train Loss 94.57693757425332
2026-01-10 01:13:41,944 : Overall Loss 18.787095408675132
2026-01-10 01:13:41,945 : Dest Loss 23.356429403169294
2026-01-10 01:13:41,945 : Val ADE 0.14091281838154704
2026-01-10 01:13:41,945 : Val FDE 0.16613533836352368
2026-01-10 01:13:41,945 : Val Best ADE 0.14091281838154704
2026-01-10 01:13:41,945 : Val Best FDE 0.16613533836352368
2026-01-10 01:13:41,945 : ----->learning rate 0.000625
2026-01-10 01:13:57,250 :     5/   13 dest_loss=0.037174 future_loss=0.031523 offset_loss=0.027960 kld=0.026318 cd=0.061561 en_pos=6.434248 en_neg=6.372687 pcd=True subgoal_reg=0.0034612676443777795 
2026-01-10 01:14:12,528 :    11/   13 dest_loss=0.035943 future_loss=0.030959 offset_loss=0.030755 kld=0.025919 cd=0.078905 en_pos=6.527141 en_neg=6.448236 pcd=True subgoal_reg=0.004892915596178014 
2026-01-10 01:14:27,577 :    17/   13 dest_loss=0.037127 future_loss=0.031823 offset_loss=0.028816 kld=0.024058 cd=0.217932 en_pos=6.849894 en_neg=6.631962 pcd=True subgoal_reg=0.004629941005818209 
2026-01-10 01:14:42,862 :    23/   13 dest_loss=0.031182 future_loss=0.025258 offset_loss=0.030445 kld=0.024571 cd=-0.071818 en_pos=6.558870 en_neg=6.630688 pcd=True subgoal_reg=0.004181669487562837 
2026-01-10 01:14:58,137 :    29/   13 dest_loss=0.036653 future_loss=0.031319 offset_loss=0.030812 kld=0.026477 cd=0.227246 en_pos=6.734433 en_neg=6.507187 pcd=True subgoal_reg=0.0040839763533656575 
2026-01-10 01:15:13,392 :    35/   13 dest_loss=0.041554 future_loss=0.034334 offset_loss=0.032262 kld=0.027075 cd=-0.089598 en_pos=6.515917 en_neg=6.605515 pcd=True subgoal_reg=0.0040388803550301675 
2026-01-10 01:15:28,706 :    41/   13 dest_loss=0.037263 future_loss=0.030578 offset_loss=0.032158 kld=0.023683 cd=0.157028 en_pos=6.715118 en_neg=6.558090 pcd=True subgoal_reg=0.004447293530659056 
2026-01-10 01:15:44,079 :    47/   13 dest_loss=0.093379 future_loss=0.095924 offset_loss=0.053887 kld=0.026135 cd=0.028364 en_pos=6.591896 en_neg=6.563532 pcd=True subgoal_reg=0.004777441402830679 
2026-01-10 01:15:59,244 :    53/   13 dest_loss=0.032754 future_loss=0.026304 offset_loss=0.033387 kld=0.025774 cd=-0.054903 en_pos=6.631110 en_neg=6.686013 pcd=True subgoal_reg=0.00387617571138217 
2026-01-10 01:16:14,465 :    59/   13 dest_loss=0.032429 future_loss=0.025747 offset_loss=0.034985 kld=0.025920 cd=0.041504 en_pos=6.516538 en_neg=6.475034 pcd=True subgoal_reg=0.0045146749156191445 
2026-01-10 01:16:29,733 :    65/   13 dest_loss=0.030086 future_loss=0.024698 offset_loss=0.033559 kld=0.026105 cd=-0.106265 en_pos=6.465906 en_neg=6.572170 pcd=True subgoal_reg=0.004241125424869048 
2026-01-10 01:16:45,051 :    71/   13 dest_loss=0.033461 future_loss=0.027847 offset_loss=0.032339 kld=0.025587 cd=-0.072531 en_pos=6.637336 en_neg=6.709868 pcd=True subgoal_reg=0.0038712472857636527 
2026-01-10 01:17:00,309 :    77/   13 dest_loss=0.036126 future_loss=0.027658 offset_loss=0.032705 kld=0.023349 cd=-0.507392 en_pos=6.283583 en_neg=6.790976 pcd=True subgoal_reg=0.004543276280950255 
2026-01-10 01:17:15,606 :    83/   13 dest_loss=0.043139 future_loss=0.031626 offset_loss=0.038826 kld=0.023560 cd=-0.024740 en_pos=6.611306 en_neg=6.636046 pcd=True subgoal_reg=0.004349974080002079 
2026-01-10 01:17:30,593 :    89/   13 dest_loss=0.034570 future_loss=0.024568 offset_loss=0.040974 kld=0.024601 cd=-0.118173 en_pos=6.620168 en_neg=6.738341 pcd=True subgoal_reg=0.00422751702849407 
2026-01-10 01:17:45,842 :    95/   13 dest_loss=0.036560 future_loss=0.028222 offset_loss=0.034155 kld=0.026358 cd=-0.023041 en_pos=6.591125 en_neg=6.614166 pcd=True subgoal_reg=0.004153446681779467 
2026-01-10 01:18:01,097 :   101/   13 dest_loss=0.088762 future_loss=0.078739 offset_loss=0.096556 kld=0.023790 cd=-0.207561 en_pos=6.313438 en_neg=6.520999 pcd=True subgoal_reg=0.003671501549205336 
2026-01-10 01:18:16,313 :   107/   13 dest_loss=0.031915 future_loss=0.026650 offset_loss=0.031620 kld=0.024985 cd=-0.023676 en_pos=6.547972 en_neg=6.571648 pcd=True subgoal_reg=0.003839415994519341 
2026-01-10 01:18:31,577 :   113/   13 dest_loss=0.140231 future_loss=0.142068 offset_loss=0.090694 kld=0.027090 cd=-0.112625 en_pos=6.568839 en_neg=6.681464 pcd=True subgoal_reg=0.0038338998607458695 
2026-01-10 01:18:46,853 :   119/   13 dest_loss=0.029052 future_loss=0.022178 offset_loss=0.033472 kld=0.023160 cd=-0.227767 en_pos=6.401623 en_neg=6.629390 pcd=True subgoal_reg=0.003953686992375249 
2026-01-10 01:19:01,945 :   125/   13 dest_loss=0.034933 future_loss=0.028125 offset_loss=0.035049 kld=0.023621 cd=-0.031555 en_pos=6.635168 en_neg=6.666722 pcd=True subgoal_reg=0.003341872088069451 
2026-01-10 01:19:17,094 :   131/   13 dest_loss=0.139986 future_loss=0.095001 offset_loss=0.156804 kld=0.028055 cd=-0.208580 en_pos=6.625302 en_neg=6.833881 pcd=True subgoal_reg=0.0038002638201235137 
2026-01-10 01:19:32,306 :   137/   13 dest_loss=0.221401 future_loss=0.189797 offset_loss=0.156775 kld=0.026581 cd=0.084942 en_pos=6.427112 en_neg=6.342170 pcd=True subgoal_reg=0.0038101972271456425 
2026-01-10 01:19:47,452 :   143/   13 dest_loss=0.035235 future_loss=0.027982 offset_loss=0.034326 kld=0.025429 cd=-0.089219 en_pos=6.525970 en_neg=6.615189 pcd=True subgoal_reg=0.004452442449691979 
2026-01-10 01:20:02,613 :   149/   13 dest_loss=0.042135 future_loss=0.032632 offset_loss=0.039545 kld=0.025915 cd=0.106865 en_pos=6.559670 en_neg=6.452805 pcd=True subgoal_reg=0.003910670513578114 
2026-01-10 01:20:17,785 :   155/   13 dest_loss=0.034432 future_loss=0.027654 offset_loss=0.033089 kld=0.023812 cd=0.077997 en_pos=6.541384 en_neg=6.463387 pcd=True subgoal_reg=0.003437404261792079 
2026-01-10 01:20:33,165 :   161/   13 dest_loss=0.117605 future_loss=0.096920 offset_loss=0.126215 kld=0.026472 cd=0.004416 en_pos=6.623250 en_neg=6.618833 pcd=True subgoal_reg=0.0036403885928440816 
2026-01-10 01:20:48,249 :   167/   13 dest_loss=0.046752 future_loss=0.036471 offset_loss=0.041105 kld=0.025274 cd=-0.071657 en_pos=6.393241 en_neg=6.464898 pcd=True subgoal_reg=0.0037176490361248505 
2026-01-10 01:21:03,467 :   173/   13 dest_loss=0.033881 future_loss=0.025796 offset_loss=0.034661 kld=0.025621 cd=-0.202419 en_pos=6.534063 en_neg=6.736482 pcd=True subgoal_reg=0.004532862032768955 
2026-01-10 01:21:18,731 :   179/   13 dest_loss=0.061417 future_loss=0.050639 offset_loss=0.071584 kld=0.023914 cd=0.084941 en_pos=6.713791 en_neg=6.628850 pcd=True subgoal_reg=0.0045175665140205455 
2026-01-10 01:21:33,981 :   185/   13 dest_loss=0.033817 future_loss=0.024940 offset_loss=0.035485 kld=0.024929 cd=0.132585 en_pos=6.440213 en_neg=6.307627 pcd=True subgoal_reg=0.004048953447064293 
2026-01-10 01:21:49,290 :   191/   13 dest_loss=0.034057 future_loss=0.026403 offset_loss=0.031622 kld=0.025064 cd=-0.070988 en_pos=6.626381 en_neg=6.697368 pcd=True subgoal_reg=0.0035143065993499976 
2026-01-10 01:22:04,546 :   197/   13 dest_loss=0.036415 future_loss=0.028665 offset_loss=0.036496 kld=0.025699 cd=-0.035835 en_pos=6.754881 en_neg=6.790716 pcd=True subgoal_reg=0.0038435548335614324 
2026-01-10 01:22:19,796 :   203/   13 dest_loss=0.033330 future_loss=0.026327 offset_loss=0.037366 kld=0.025147 cd=0.163180 en_pos=6.505615 en_neg=6.342435 pcd=True subgoal_reg=0.004044836466940559 
2026-01-10 01:22:35,135 :   209/   13 dest_loss=0.032292 future_loss=0.023240 offset_loss=0.037545 kld=0.024275 cd=0.141765 en_pos=6.795165 en_neg=6.653400 pcd=True subgoal_reg=0.0042984337054971485 
2026-01-10 01:22:50,440 :   215/   13 dest_loss=0.042127 future_loss=0.036109 offset_loss=0.047183 kld=0.024426 cd=-0.059973 en_pos=6.444932 en_neg=6.504906 pcd=True subgoal_reg=0.0032596170053047005 
2026-01-10 01:23:05,684 :   221/   13 dest_loss=0.032447 future_loss=0.025510 offset_loss=0.031879 kld=0.024095 cd=0.139995 en_pos=6.652281 en_neg=6.512287 pcd=True subgoal_reg=0.0032162125050312833 
2026-01-10 01:23:20,993 :   227/   13 dest_loss=0.042688 future_loss=0.033304 offset_loss=0.039440 kld=0.024929 cd=0.121597 en_pos=6.591855 en_neg=6.470258 pcd=True subgoal_reg=0.0035726629219702192 
2026-01-10 01:23:36,315 :   233/   13 dest_loss=0.042236 future_loss=0.030363 offset_loss=0.040918 kld=0.024755 cd=-0.091647 en_pos=6.448178 en_neg=6.539825 pcd=True subgoal_reg=0.004170304538427255 
2026-01-10 01:23:51,561 :   239/   13 dest_loss=0.034515 future_loss=0.029010 offset_loss=0.031266 kld=0.024341 cd=-0.183390 en_pos=6.522472 en_neg=6.705862 pcd=True subgoal_reg=0.0032286626737486595 
2026-01-10 01:24:06,602 :   245/   13 dest_loss=0.034881 future_loss=0.029323 offset_loss=0.029218 kld=0.025238 cd=0.042152 en_pos=6.502039 en_neg=6.459886 pcd=True subgoal_reg=0.003534286605606759 
2026-01-10 01:24:21,906 :   251/   13 dest_loss=0.033059 future_loss=0.025698 offset_loss=0.035354 kld=0.024395 cd=-0.021115 en_pos=6.645413 en_neg=6.666529 pcd=True subgoal_reg=0.0043247823327155445 
2026-01-10 01:24:37,197 :   257/   13 dest_loss=0.033842 future_loss=0.027419 offset_loss=0.032199 kld=0.024109 cd=-0.201738 en_pos=6.413867 en_neg=6.615605 pcd=True subgoal_reg=0.0049506277377789985 
2026-01-10 01:24:52,415 :   263/   13 dest_loss=0.035916 future_loss=0.029190 offset_loss=0.035264 kld=0.025130 cd=0.065145 en_pos=6.722400 en_neg=6.657255 pcd=True subgoal_reg=0.0035828163302973064 
2026-01-10 01:25:07,712 :   269/   13 dest_loss=0.037693 future_loss=0.032183 offset_loss=0.033612 kld=0.023762 cd=-0.033018 en_pos=6.563150 en_neg=6.596169 pcd=True subgoal_reg=0.0032028519647341017 
2026-01-10 01:25:22,868 :   275/   13 dest_loss=0.042143 future_loss=0.036771 offset_loss=0.028754 kld=0.024367 cd=-0.083052 en_pos=6.592708 en_neg=6.675761 pcd=True subgoal_reg=0.003747973238338604 
2026-01-10 01:25:38,106 :   281/   13 dest_loss=0.033827 future_loss=0.027593 offset_loss=0.031040 kld=0.026410 cd=-0.181825 en_pos=6.544539 en_neg=6.726365 pcd=True subgoal_reg=0.004020709424936313 
2026-01-10 01:25:53,419 :   287/   13 dest_loss=0.036958 future_loss=0.029117 offset_loss=0.036390 kld=0.026299 cd=-0.015567 en_pos=6.588284 en_neg=6.603850 pcd=True subgoal_reg=0.0043076593325948095 
2026-01-10 01:26:08,687 :   293/   13 dest_loss=0.037440 future_loss=0.028564 offset_loss=0.036840 kld=0.024990 cd=0.082093 en_pos=6.581607 en_neg=6.499514 pcd=True subgoal_reg=0.0038528142349302076 
2026-01-10 01:26:24,040 :   299/   13 dest_loss=0.041467 future_loss=0.029501 offset_loss=0.043546 kld=0.024248 cd=0.214622 en_pos=6.589883 en_neg=6.375261 pcd=True subgoal_reg=0.0042937731454102245 
2026-01-10 01:26:39,345 :   305/   13 dest_loss=0.032946 future_loss=0.025156 offset_loss=0.034650 kld=0.026145 cd=-0.090797 en_pos=6.513915 en_neg=6.604712 pcd=True subgoal_reg=0.003662250681359118 
2026-01-10 01:26:54,573 :   311/   13 dest_loss=0.047238 future_loss=0.043550 offset_loss=0.062067 kld=0.024565 cd=-0.047094 en_pos=6.610039 en_neg=6.657133 pcd=True subgoal_reg=0.003266496331807567 
2026-01-10 01:27:09,791 :   317/   13 dest_loss=0.037321 future_loss=0.030005 offset_loss=0.035026 kld=0.025305 cd=-0.186632 en_pos=6.342533 en_neg=6.529165 pcd=True subgoal_reg=0.0033821150978502424 
2026-01-10 01:27:24,960 :   323/   13 dest_loss=0.029230 future_loss=0.023326 offset_loss=0.030128 kld=0.025759 cd=0.137514 en_pos=6.615733 en_neg=6.478219 pcd=True subgoal_reg=0.0041158899217313225 
2026-01-10 01:27:40,220 :   329/   13 dest_loss=0.039455 future_loss=0.030221 offset_loss=0.038075 kld=0.025016 cd=-0.154257 en_pos=6.617969 en_neg=6.772226 pcd=True subgoal_reg=0.004295057711580027 
2026-01-10 01:27:55,499 :   335/   13 dest_loss=0.042604 future_loss=0.032925 offset_loss=0.038735 kld=0.025730 cd=0.037001 en_pos=6.494681 en_neg=6.457679 pcd=True subgoal_reg=0.0038242415921226035 
2026-01-10 01:28:10,764 :   341/   13 dest_loss=0.034647 future_loss=0.028152 offset_loss=0.033652 kld=0.025198 cd=0.046195 en_pos=6.696736 en_neg=6.650541 pcd=True subgoal_reg=0.003310065993058261 
2026-01-10 01:28:26,015 :   347/   13 dest_loss=0.211435 future_loss=0.165277 offset_loss=0.157879 kld=0.025394 cd=-0.041462 en_pos=6.267733 en_neg=6.309194 pcd=True subgoal_reg=0.00524281543236094 
2026-01-10 01:28:41,327 :   353/   13 dest_loss=0.032062 future_loss=0.025806 offset_loss=0.033696 kld=0.026791 cd=0.117816 en_pos=6.685694 en_neg=6.567877 pcd=True subgoal_reg=0.003954856100513696 
2026-01-10 01:28:56,543 :   359/   13 dest_loss=0.038399 future_loss=0.029026 offset_loss=0.037764 kld=0.025320 cd=0.064196 en_pos=6.573735 en_neg=6.509540 pcd=True subgoal_reg=0.0035964927753669496 
2026-01-10 01:29:11,737 :   365/   13 dest_loss=0.140979 future_loss=0.122286 offset_loss=0.100314 kld=0.026833 cd=0.219986 en_pos=6.716832 en_neg=6.496846 pcd=True subgoal_reg=0.003824641626127754 
2026-01-10 01:29:26,871 :   371/   13 dest_loss=0.050195 future_loss=0.033438 offset_loss=0.075788 kld=0.024577 cd=-0.113530 en_pos=6.814812 en_neg=6.928342 pcd=True subgoal_reg=0.004587220113013985 
2026-01-10 01:29:42,075 :   377/   13 dest_loss=0.031698 future_loss=0.025612 offset_loss=0.032284 kld=0.024750 cd=0.102544 en_pos=6.698878 en_neg=6.596334 pcd=True subgoal_reg=0.0037047787362884665 
2026-01-10 01:29:57,271 :   383/   13 dest_loss=0.034659 future_loss=0.028212 offset_loss=0.033106 kld=0.026272 cd=-0.077699 en_pos=6.656166 en_neg=6.733865 pcd=True subgoal_reg=0.003700483242027036 
2026-01-10 01:30:12,382 :   389/   13 dest_loss=0.080154 future_loss=0.068737 offset_loss=0.062828 kld=0.023889 cd=-0.153881 en_pos=6.551771 en_neg=6.705652 pcd=True subgoal_reg=0.003410199058391427 
2026-01-10 01:30:27,666 :   395/   13 dest_loss=0.036100 future_loss=0.027551 offset_loss=0.034660 kld=0.025855 cd=0.154651 en_pos=6.745931 en_neg=6.591279 pcd=True subgoal_reg=0.004275068105683367 
2026-01-10 01:30:42,704 :   401/   13 dest_loss=0.037224 future_loss=0.029006 offset_loss=0.038251 kld=0.025195 cd=0.019900 en_pos=6.487754 en_neg=6.467854 pcd=True subgoal_reg=0.003755193033128679 
2026-01-10 01:30:57,931 :   407/   13 dest_loss=0.030417 future_loss=0.023671 offset_loss=0.030135 kld=0.023375 cd=0.196785 en_pos=6.698923 en_neg=6.502138 pcd=True subgoal_reg=0.0037843541357369544 
2026-01-10 01:31:13,196 :   413/   13 dest_loss=0.036493 future_loss=0.028668 offset_loss=0.035699 kld=0.025248 cd=-0.050870 en_pos=6.388309 en_neg=6.439180 pcd=True subgoal_reg=0.0043600942053341986 
2026-01-10 01:31:28,436 :   419/   13 dest_loss=0.031615 future_loss=0.024622 offset_loss=0.033511 kld=0.024025 cd=0.034326 en_pos=6.560571 en_neg=6.526245 pcd=True subgoal_reg=0.0046009575129597625 
2026-01-10 01:31:43,764 :   425/   13 dest_loss=0.082056 future_loss=0.064864 offset_loss=0.117702 kld=0.024784 cd=0.002200 en_pos=6.543238 en_neg=6.541037 pcd=True subgoal_reg=0.0039824249474809835 
2026-01-10 01:31:59,043 :   431/   13 dest_loss=0.175008 future_loss=0.128106 offset_loss=0.140153 kld=0.028889 cd=-0.291401 en_pos=6.326038 en_neg=6.617440 pcd=True subgoal_reg=0.0031516624013210037 
2026-01-10 01:32:14,315 :   437/   13 dest_loss=0.061393 future_loss=0.059032 offset_loss=0.064112 kld=0.025356 cd=0.098659 en_pos=6.714436 en_neg=6.615777 pcd=True subgoal_reg=0.004254100054619918 
2026-01-10 01:32:29,567 :   443/   13 dest_loss=0.039232 future_loss=0.029680 offset_loss=0.037143 kld=0.024595 cd=0.287055 en_pos=6.796187 en_neg=6.509132 pcd=True subgoal_reg=0.003813075814438758 
2026-01-10 01:32:44,889 :   449/   13 dest_loss=0.103917 future_loss=0.115300 offset_loss=0.049040 kld=0.028236 cd=0.014153 en_pos=6.671872 en_neg=6.657719 pcd=True subgoal_reg=0.00365876289084357 
2026-01-10 01:33:00,265 :   455/   13 dest_loss=0.033583 future_loss=0.024972 offset_loss=0.035561 kld=0.025674 cd=0.017444 en_pos=6.537125 en_neg=6.519681 pcd=True subgoal_reg=0.004067573640595913 
2026-01-10 01:33:15,607 :   461/   13 dest_loss=0.029750 future_loss=0.023477 offset_loss=0.032029 kld=0.024557 cd=0.056447 en_pos=6.459387 en_neg=6.402940 pcd=True subgoal_reg=0.003555363354958694 
2026-01-10 01:33:30,921 :   467/   13 dest_loss=0.041263 future_loss=0.031058 offset_loss=0.038728 kld=0.025631 cd=0.176679 en_pos=6.735184 en_neg=6.558506 pcd=True subgoal_reg=0.004080421093706144 
2026-01-10 01:33:46,309 :   473/   13 dest_loss=0.031500 future_loss=0.024262 offset_loss=0.032227 kld=0.025534 cd=-0.094563 en_pos=6.564374 en_neg=6.658937 pcd=True subgoal_reg=0.003700443285088262 
2026-01-10 01:34:01,429 :   479/   13 dest_loss=0.076848 future_loss=0.063743 offset_loss=0.080231 kld=0.024654 cd=0.094140 en_pos=6.481797 en_neg=6.387657 pcd=True subgoal_reg=0.003466784594256517 
2026-01-10 01:34:16,704 :   485/   13 dest_loss=0.037749 future_loss=0.029916 offset_loss=0.036472 kld=0.025195 cd=0.298234 en_pos=6.507920 en_neg=6.209686 pcd=True subgoal_reg=0.003561411265469578 
2026-01-10 01:34:32,215 :   491/   13 dest_loss=0.034334 future_loss=0.027572 offset_loss=0.029851 kld=0.024009 cd=-0.134031 en_pos=6.510837 en_neg=6.644868 pcd=True subgoal_reg=0.0036324189993700746 
2026-01-10 01:34:47,543 :   497/   13 dest_loss=0.117745 future_loss=0.066358 offset_loss=0.140450 kld=0.026189 cd=0.113427 en_pos=6.763425 en_neg=6.649998 pcd=True subgoal_reg=0.004070003592126514 
2026-01-10 01:35:02,783 :   503/   13 dest_loss=0.033022 future_loss=0.027076 offset_loss=0.029520 kld=0.025756 cd=0.146093 en_pos=6.644461 en_neg=6.498368 pcd=True subgoal_reg=0.0028727618640682698 
2026-01-10 01:35:18,120 :   509/   13 dest_loss=0.033778 future_loss=0.027753 offset_loss=0.027625 kld=0.024530 cd=-0.026420 en_pos=6.613875 en_neg=6.640295 pcd=True subgoal_reg=0.003113217600575315 
2026-01-10 01:36:49,695 : Train Loss 99.29237862839351
2026-01-10 01:36:49,696 : Overall Loss 20.31663864336323
2026-01-10 01:36:49,696 : Dest Loss 25.09917301011869
2026-01-10 01:36:49,696 : Val ADE 0.1427872367449249
2026-01-10 01:36:49,696 : Val FDE 0.14489469706931224
2026-01-10 01:36:49,696 : Val Best ADE 0.14091281838154704
2026-01-10 01:36:49,696 : Val Best FDE 0.16613533836352368
2026-01-10 01:36:49,697 : ----->learning rate 0.000625
2026-01-10 01:37:04,901 :     5/   14 dest_loss=0.039173 future_loss=0.030454 offset_loss=0.035712 kld=0.027056 cd=-0.030835 en_pos=6.682894 en_neg=6.713729 pcd=True subgoal_reg=0.004432452904113799 
2026-01-10 01:37:20,158 :    11/   14 dest_loss=0.036130 future_loss=0.029627 offset_loss=0.033813 kld=0.025931 cd=0.075205 en_pos=6.452195 en_neg=6.376990 pcd=True subgoal_reg=0.003488475864556512 
2026-01-10 01:37:35,466 :    17/   14 dest_loss=0.034571 future_loss=0.029611 offset_loss=0.029124 kld=0.024714 cd=0.009857 en_pos=6.551175 en_neg=6.541317 pcd=True subgoal_reg=0.003274623225174755 
2026-01-10 01:37:50,558 :    23/   14 dest_loss=0.144456 future_loss=0.091969 offset_loss=0.157388 kld=0.023712 cd=-0.014662 en_pos=6.718969 en_neg=6.733632 pcd=True subgoal_reg=0.004093182384009464 
2026-01-10 01:38:05,801 :    29/   14 dest_loss=0.037696 future_loss=0.030563 offset_loss=0.032358 kld=0.026509 cd=0.004232 en_pos=6.397936 en_neg=6.393704 pcd=True subgoal_reg=0.003550073592650044 
2026-01-10 01:38:21,070 :    35/   14 dest_loss=0.121665 future_loss=0.104474 offset_loss=0.056946 kld=0.026442 cd=0.058261 en_pos=6.675415 en_neg=6.617154 pcd=True subgoal_reg=0.003932403792432924 
2026-01-10 01:38:36,351 :    41/   14 dest_loss=0.040330 future_loss=0.029602 offset_loss=0.038404 kld=0.025875 cd=-0.037682 en_pos=6.473136 en_neg=6.510818 pcd=True subgoal_reg=0.004698698418242336 
2026-01-10 01:38:51,622 :    47/   14 dest_loss=0.029829 future_loss=0.023020 offset_loss=0.032793 kld=0.023804 cd=0.004702 en_pos=6.477854 en_neg=6.473152 pcd=True subgoal_reg=0.003995912011968757 
2026-01-10 01:39:06,964 :    53/   14 dest_loss=0.035274 future_loss=0.027159 offset_loss=0.035354 kld=0.024365 cd=0.175076 en_pos=6.608940 en_neg=6.433865 pcd=True subgoal_reg=0.0033716602593629108 
2026-01-10 01:39:22,239 :    59/   14 dest_loss=0.032865 future_loss=0.024185 offset_loss=0.033825 kld=0.024525 cd=0.025977 en_pos=6.663364 en_neg=6.637388 pcd=True subgoal_reg=0.004372933332970664 
2026-01-10 01:39:37,501 :    65/   14 dest_loss=0.031375 future_loss=0.022848 offset_loss=0.036320 kld=0.023937 cd=0.368395 en_pos=6.710146 en_neg=6.341751 pcd=True subgoal_reg=0.004164329923575748 
2026-01-10 01:39:52,794 :    71/   14 dest_loss=0.036335 future_loss=0.027694 offset_loss=0.037537 kld=0.025686 cd=-0.155609 en_pos=6.531737 en_neg=6.687346 pcd=True subgoal_reg=0.0034465669088411454 
2026-01-10 01:40:08,054 :    77/   14 dest_loss=0.037740 future_loss=0.026442 offset_loss=0.042244 kld=0.025326 cd=0.027577 en_pos=6.474393 en_neg=6.446817 pcd=True subgoal_reg=0.0032190022788044547 
2026-01-10 01:40:23,329 :    83/   14 dest_loss=0.077796 future_loss=0.054475 offset_loss=0.083543 kld=0.025203 cd=-0.149603 en_pos=6.580115 en_neg=6.729719 pcd=True subgoal_reg=0.004777543697719278 
2026-01-10 01:40:38,720 :    89/   14 dest_loss=0.154937 future_loss=0.147248 offset_loss=0.093050 kld=0.026544 cd=0.097416 en_pos=6.504442 en_neg=6.407026 pcd=True subgoal_reg=0.0037950592747123205 
2026-01-10 01:40:53,965 :    95/   14 dest_loss=0.033787 future_loss=0.024906 offset_loss=0.034268 kld=0.024840 cd=0.110019 en_pos=6.734398 en_neg=6.624379 pcd=True subgoal_reg=0.0036692057612769087 
2026-01-10 01:41:09,225 :   101/   14 dest_loss=0.049188 future_loss=0.058374 offset_loss=0.039660 kld=0.023999 cd=-0.175510 en_pos=6.513818 en_neg=6.689328 pcd=True subgoal_reg=0.003503304854961852 
2026-01-10 01:41:24,490 :   107/   14 dest_loss=0.038388 future_loss=0.029851 offset_loss=0.036397 kld=0.026730 cd=-0.165742 en_pos=6.399449 en_neg=6.565191 pcd=True subgoal_reg=0.004196684763101165 
2026-01-10 01:41:39,799 :   113/   14 dest_loss=0.031831 future_loss=0.024196 offset_loss=0.032950 kld=0.023547 cd=0.025752 en_pos=6.469850 en_neg=6.444098 pcd=True subgoal_reg=0.003965863791222337 
2026-01-10 01:41:55,034 :   119/   14 dest_loss=0.027363 future_loss=0.021098 offset_loss=0.031083 kld=0.023239 cd=0.221655 en_pos=6.664794 en_neg=6.443139 pcd=True subgoal_reg=0.004087438093168196 
2026-01-10 01:42:10,321 :   125/   14 dest_loss=0.069710 future_loss=0.051946 offset_loss=0.065007 kld=0.025469 cd=0.160568 en_pos=6.634410 en_neg=6.473841 pcd=True subgoal_reg=0.0030611030242736104 
2026-01-10 01:42:25,636 :   131/   14 dest_loss=0.028277 future_loss=0.023409 offset_loss=0.027028 kld=0.023693 cd=-0.133118 en_pos=6.466537 en_neg=6.599655 pcd=True subgoal_reg=0.0030349259278873724 
2026-01-10 01:42:40,809 :   137/   14 dest_loss=0.033949 future_loss=0.027210 offset_loss=0.031455 kld=0.025515 cd=-0.223774 en_pos=6.661319 en_neg=6.885093 pcd=True subgoal_reg=0.004081801861405733 
2026-01-10 01:42:56,043 :   143/   14 dest_loss=0.122155 future_loss=0.092141 offset_loss=0.081314 kld=0.026277 cd=-0.149452 en_pos=6.481770 en_neg=6.631222 pcd=True subgoal_reg=0.003796914649177067 
2026-01-10 01:43:11,344 :   149/   14 dest_loss=0.114227 future_loss=0.109529 offset_loss=0.099075 kld=0.026554 cd=0.018393 en_pos=6.612973 en_neg=6.594580 pcd=True subgoal_reg=0.004310804737801665 
2026-01-10 01:43:26,609 :   155/   14 dest_loss=0.035363 future_loss=0.026391 offset_loss=0.036033 kld=0.023850 cd=-0.039315 en_pos=6.664725 en_neg=6.704040 pcd=True subgoal_reg=0.0041374288859791835 
2026-01-10 01:43:41,799 :   161/   14 dest_loss=0.032009 future_loss=0.026067 offset_loss=0.030806 kld=0.025022 cd=-0.105552 en_pos=6.661220 en_neg=6.766773 pcd=True subgoal_reg=0.0036190129904673223 
2026-01-10 01:43:57,028 :   167/   14 dest_loss=0.037413 future_loss=0.028390 offset_loss=0.034202 kld=0.024871 cd=0.024895 en_pos=6.725752 en_neg=6.700857 pcd=True subgoal_reg=0.0036853786417552345 
2026-01-10 01:44:12,060 :   173/   14 dest_loss=0.034690 future_loss=0.025021 offset_loss=0.035744 kld=0.025151 cd=0.022249 en_pos=6.404573 en_neg=6.382323 pcd=True subgoal_reg=0.004498877289128074 
2026-01-10 01:44:27,296 :   179/   14 dest_loss=0.031272 future_loss=0.022880 offset_loss=0.032919 kld=0.023739 cd=-0.142301 en_pos=6.443347 en_neg=6.585648 pcd=True subgoal_reg=0.004042809148329217 
2026-01-10 01:44:42,562 :   185/   14 dest_loss=0.111188 future_loss=0.084647 offset_loss=0.109938 kld=0.026551 cd=0.192167 en_pos=6.667823 en_neg=6.475656 pcd=True subgoal_reg=0.0029265564126208874 
2026-01-10 01:44:57,750 :   191/   14 dest_loss=0.036032 future_loss=0.027986 offset_loss=0.033654 kld=0.024029 cd=-0.361694 en_pos=6.337870 en_neg=6.699565 pcd=True subgoal_reg=0.0033591103289862707 
2026-01-10 01:45:12,994 :   197/   14 dest_loss=0.036282 future_loss=0.027849 offset_loss=0.035559 kld=0.023968 cd=0.213179 en_pos=6.703999 en_neg=6.490820 pcd=True subgoal_reg=0.004068906616671995 
2026-01-10 01:45:28,142 :   203/   14 dest_loss=0.029227 future_loss=0.021209 offset_loss=0.033198 kld=0.024240 cd=-0.129522 en_pos=6.448632 en_neg=6.578154 pcd=True subgoal_reg=0.0037141664283127265 
2026-01-10 01:45:43,348 :   209/   14 dest_loss=0.037376 future_loss=0.029732 offset_loss=0.032909 kld=0.025828 cd=-0.122066 en_pos=6.565841 en_neg=6.687907 pcd=True subgoal_reg=0.003290173073084 
2026-01-10 01:45:58,572 :   215/   14 dest_loss=0.026404 future_loss=0.021596 offset_loss=0.026692 kld=0.024292 cd=0.045605 en_pos=6.609618 en_neg=6.564013 pcd=True subgoal_reg=0.0032669339609604216 
2026-01-10 01:46:13,887 :   221/   14 dest_loss=0.035131 future_loss=0.025611 offset_loss=0.035621 kld=0.023846 cd=0.069004 en_pos=6.554319 en_neg=6.485315 pcd=True subgoal_reg=0.004014108156049572 
2026-01-10 01:46:29,103 :   227/   14 dest_loss=0.033877 future_loss=0.025431 offset_loss=0.032655 kld=0.023918 cd=-0.171903 en_pos=6.562959 en_neg=6.734862 pcd=True subgoal_reg=0.003827023857141801 
2026-01-10 01:46:44,386 :   233/   14 dest_loss=0.033489 future_loss=0.027567 offset_loss=0.032727 kld=0.026082 cd=0.040147 en_pos=6.509521 en_neg=6.469374 pcd=True subgoal_reg=0.003228940539366377 
2026-01-10 01:46:59,622 :   239/   14 dest_loss=0.031180 future_loss=0.024595 offset_loss=0.026165 kld=0.024837 cd=-0.008320 en_pos=6.600877 en_neg=6.609197 pcd=True subgoal_reg=0.00306441294775395 
2026-01-10 01:47:14,826 :   245/   14 dest_loss=0.029836 future_loss=0.022282 offset_loss=0.032254 kld=0.023355 cd=0.156291 en_pos=6.537856 en_neg=6.381565 pcd=True subgoal_reg=0.003610488686174404 
2026-01-10 01:47:29,881 :   251/   14 dest_loss=0.041619 future_loss=0.030942 offset_loss=0.038536 kld=0.026526 cd=0.170230 en_pos=6.809730 en_neg=6.639500 pcd=True subgoal_reg=0.004682132524811321 
2026-01-10 01:47:45,158 :   257/   14 dest_loss=0.030844 future_loss=0.021866 offset_loss=0.032335 kld=0.025268 cd=0.172714 en_pos=6.616469 en_neg=6.443756 pcd=True subgoal_reg=0.0036553164427414416 
2026-01-10 01:48:00,371 :   263/   14 dest_loss=0.031256 future_loss=0.021693 offset_loss=0.036395 kld=0.024883 cd=0.168934 en_pos=6.605028 en_neg=6.436094 pcd=True subgoal_reg=0.0037180843715450933 
2026-01-10 01:48:15,467 :   269/   14 dest_loss=0.030706 future_loss=0.025255 offset_loss=0.031136 kld=0.025078 cd=-0.250883 en_pos=6.428144 en_neg=6.679028 pcd=True subgoal_reg=0.0034355835357069253 
2026-01-10 01:48:30,706 :   275/   14 dest_loss=0.028122 future_loss=0.023517 offset_loss=0.026887 kld=0.024901 cd=-0.117836 en_pos=6.498459 en_neg=6.616295 pcd=True subgoal_reg=0.0034652126433281083 
2026-01-10 01:48:45,931 :   281/   14 dest_loss=0.032461 future_loss=0.026820 offset_loss=0.030448 kld=0.025021 cd=0.137694 en_pos=6.653311 en_neg=6.515617 pcd=True subgoal_reg=0.0037000569636963378 
2026-01-10 01:49:01,181 :   287/   14 dest_loss=0.097638 future_loss=0.069555 offset_loss=0.096594 kld=0.024595 cd=0.111941 en_pos=6.589964 en_neg=6.478022 pcd=True subgoal_reg=0.0035744678113220985 
2026-01-10 01:49:16,379 :   293/   14 dest_loss=0.035338 future_loss=0.027543 offset_loss=0.031677 kld=0.025941 cd=0.081095 en_pos=6.452246 en_neg=6.371151 pcd=True subgoal_reg=0.0035511079006459115 
2026-01-10 01:49:31,580 :   299/   14 dest_loss=0.035817 future_loss=0.027498 offset_loss=0.032494 kld=0.024479 cd=0.001230 en_pos=6.581889 en_neg=6.580659 pcd=True subgoal_reg=0.0035518768531835826 
2026-01-10 01:49:46,772 :   305/   14 dest_loss=0.033318 future_loss=0.025929 offset_loss=0.031225 kld=0.023132 cd=-0.076213 en_pos=6.460870 en_neg=6.537083 pcd=True subgoal_reg=0.003486455045977961 
2026-01-10 01:50:02,115 :   311/   14 dest_loss=0.082234 future_loss=0.081851 offset_loss=0.094400 kld=0.023484 cd=0.204472 en_pos=6.624922 en_neg=6.420451 pcd=True subgoal_reg=0.003651575229758103 
2026-01-10 01:50:17,378 :   317/   14 dest_loss=0.034883 future_loss=0.028242 offset_loss=0.031731 kld=0.025346 cd=-0.089152 en_pos=6.395297 en_neg=6.484449 pcd=True subgoal_reg=0.003427855724942543 
2026-01-10 01:50:32,637 :   323/   14 dest_loss=0.036925 future_loss=0.028765 offset_loss=0.032510 kld=0.024699 cd=0.347488 en_pos=6.656609 en_neg=6.309121 pcd=True subgoal_reg=0.0035107219470155875 
2026-01-10 01:50:47,718 :   329/   14 dest_loss=0.034723 future_loss=0.027426 offset_loss=0.032191 kld=0.024448 cd=0.049627 en_pos=6.577178 en_neg=6.527551 pcd=True subgoal_reg=0.00370774057214427 
2026-01-10 01:51:02,997 :   335/   14 dest_loss=0.033295 future_loss=0.024865 offset_loss=0.033163 kld=0.023731 cd=0.042062 en_pos=6.559019 en_neg=6.516957 pcd=True subgoal_reg=0.003998202251300512 
2026-01-10 01:51:18,267 :   341/   14 dest_loss=0.033317 future_loss=0.027825 offset_loss=0.027544 kld=0.023744 cd=-0.204502 en_pos=6.428678 en_neg=6.633181 pcd=True subgoal_reg=0.0032556903127601883 
2026-01-10 01:51:33,614 :   347/   14 dest_loss=0.036428 future_loss=0.029122 offset_loss=0.033975 kld=0.025922 cd=0.034123 en_pos=6.575984 en_neg=6.541861 pcd=True subgoal_reg=0.003523979355591192 
2026-01-10 01:51:48,971 :   353/   14 dest_loss=0.031786 future_loss=0.025560 offset_loss=0.028936 kld=0.024694 cd=-0.021600 en_pos=6.634629 en_neg=6.656229 pcd=True subgoal_reg=0.00340129141276289 
2026-01-10 01:52:04,216 :   359/   14 dest_loss=0.040340 future_loss=0.031121 offset_loss=0.037152 kld=0.025250 cd=0.010467 en_pos=6.694250 en_neg=6.683782 pcd=True subgoal_reg=0.0037385725977776355 
2026-01-10 01:52:19,464 :   365/   14 dest_loss=0.036307 future_loss=0.028377 offset_loss=0.030121 kld=0.025198 cd=-0.037419 en_pos=6.539343 en_neg=6.576761 pcd=True subgoal_reg=0.003008679048428065 
2026-01-10 01:52:34,752 :   371/   14 dest_loss=0.123702 future_loss=0.083669 offset_loss=0.181629 kld=0.026171 cd=0.090127 en_pos=6.554272 en_neg=6.464145 pcd=True subgoal_reg=0.0032585891922059652 
2026-01-10 01:52:50,024 :   377/   14 dest_loss=0.045377 future_loss=0.038775 offset_loss=0.027923 kld=0.023556 cd=-0.025198 en_pos=6.539537 en_neg=6.564735 pcd=True subgoal_reg=0.002883597657489304 
2026-01-10 01:53:05,324 :   383/   14 dest_loss=0.071736 future_loss=0.058178 offset_loss=0.073811 kld=0.025006 cd=-0.277438 en_pos=6.613138 en_neg=6.890576 pcd=True subgoal_reg=0.0037848280869723396 
2026-01-10 01:53:20,656 :   389/   14 dest_loss=0.036930 future_loss=0.030430 offset_loss=0.031882 kld=0.024796 cd=-0.019816 en_pos=6.596874 en_neg=6.616690 pcd=True subgoal_reg=0.0043056400331786294 
2026-01-10 01:53:36,005 :   395/   14 dest_loss=0.041352 future_loss=0.033799 offset_loss=0.030525 kld=0.023457 cd=0.163666 en_pos=6.668087 en_neg=6.504421 pcd=True subgoal_reg=0.003978490425228765 
2026-01-10 01:53:51,293 :   401/   14 dest_loss=0.035319 future_loss=0.028905 offset_loss=0.031546 kld=0.024220 cd=0.187420 en_pos=6.402425 en_neg=6.215005 pcd=True subgoal_reg=0.0036184819882211622 
2026-01-10 01:54:06,440 :   407/   14 dest_loss=0.033902 future_loss=0.026587 offset_loss=0.030401 kld=0.023913 cd=-0.243385 en_pos=6.420668 en_neg=6.664054 pcd=True subgoal_reg=0.003790911054860723 
2026-01-10 01:54:21,728 :   413/   14 dest_loss=0.040510 future_loss=0.033504 offset_loss=0.035221 kld=0.025733 cd=0.049265 en_pos=6.593768 en_neg=6.544503 pcd=True subgoal_reg=0.0036919691421550584 
2026-01-10 01:54:37,103 :   419/   14 dest_loss=0.037083 future_loss=0.030276 offset_loss=0.028711 kld=0.024251 cd=-0.036062 en_pos=6.628270 en_neg=6.664332 pcd=True subgoal_reg=0.0034603375121667174 
2026-01-10 01:54:52,390 :   425/   14 dest_loss=0.031112 future_loss=0.025588 offset_loss=0.025634 kld=0.024185 cd=0.045383 en_pos=6.558978 en_neg=6.513595 pcd=True subgoal_reg=0.003421043315054953 
2026-01-10 01:55:07,707 :   431/   14 dest_loss=0.033247 future_loss=0.027549 offset_loss=0.027606 kld=0.024939 cd=0.312463 en_pos=6.680441 en_neg=6.367978 pcd=True subgoal_reg=0.0035975972348497773 
2026-01-10 01:55:22,968 :   437/   14 dest_loss=0.102620 future_loss=0.119788 offset_loss=0.048844 kld=0.026246 cd=0.056862 en_pos=6.489466 en_neg=6.432604 pcd=True subgoal_reg=0.0033428833020445158 
2026-01-10 01:55:38,375 :   443/   14 dest_loss=0.034782 future_loss=0.024756 offset_loss=0.036194 kld=0.024158 cd=0.119920 en_pos=6.462082 en_neg=6.342162 pcd=True subgoal_reg=0.005240152302159257 
2026-01-10 01:55:53,861 :   449/   14 dest_loss=0.038598 future_loss=0.028642 offset_loss=0.038740 kld=0.025517 cd=-0.008379 en_pos=6.509504 en_neg=6.517883 pcd=True subgoal_reg=0.003840567457993149 
2026-01-10 01:56:09,091 :   455/   14 dest_loss=0.031869 future_loss=0.024772 offset_loss=0.027951 kld=0.023139 cd=0.092438 en_pos=6.639403 en_neg=6.546965 pcd=True subgoal_reg=0.0031551229964306773 
2026-01-10 01:56:24,267 :   461/   14 dest_loss=0.033395 future_loss=0.026192 offset_loss=0.032764 kld=0.025213 cd=-0.321373 en_pos=6.413824 en_neg=6.735196 pcd=True subgoal_reg=0.003538530184099463 
2026-01-10 01:56:39,535 :   467/   14 dest_loss=0.040032 future_loss=0.030758 offset_loss=0.037545 kld=0.026847 cd=0.025396 en_pos=6.535647 en_neg=6.510250 pcd=True subgoal_reg=0.0038881315015820497 
2026-01-10 01:56:54,733 :   473/   14 dest_loss=0.032136 future_loss=0.024857 offset_loss=0.030176 kld=0.023970 cd=-0.047507 en_pos=6.522092 en_neg=6.569599 pcd=True subgoal_reg=0.0035394237351086327 
2026-01-10 01:57:09,921 :   479/   14 dest_loss=0.028195 future_loss=0.021284 offset_loss=0.030171 kld=0.024003 cd=0.077011 en_pos=6.585282 en_neg=6.508271 pcd=True subgoal_reg=0.003079227717932542 
2026-01-10 01:57:24,927 :   485/   14 dest_loss=0.095927 future_loss=0.082475 offset_loss=0.041861 kld=0.025643 cd=0.095322 en_pos=6.691735 en_neg=6.596413 pcd=True subgoal_reg=0.003073107324948242 
2026-01-10 01:57:40,154 :   491/   14 dest_loss=0.034951 future_loss=0.027523 offset_loss=0.033266 kld=0.025291 cd=-0.001846 en_pos=6.555709 en_neg=6.557556 pcd=True subgoal_reg=0.003532554065453655 
2026-01-10 01:57:55,287 :   497/   14 dest_loss=0.033573 future_loss=0.025655 offset_loss=0.030497 kld=0.025187 cd=-0.033115 en_pos=6.595052 en_neg=6.628167 pcd=True subgoal_reg=0.0035084970489480467 
2026-01-10 01:58:10,392 :   503/   14 dest_loss=0.035645 future_loss=0.028295 offset_loss=0.029916 kld=0.024386 cd=-0.179879 en_pos=6.426678 en_neg=6.606557 pcd=True subgoal_reg=0.0031045976911052045 
2026-01-10 01:58:25,656 :   509/   14 dest_loss=0.037690 future_loss=0.030211 offset_loss=0.032191 kld=0.023743 cd=-0.049349 en_pos=6.381981 en_neg=6.431330 pcd=True subgoal_reg=0.003411699660780378 
2026-01-10 01:59:57,409 : Train Loss 92.49368796522766
2026-01-10 01:59:57,409 : Overall Loss 18.649685462583555
2026-01-10 01:59:57,409 : Dest Loss 23.534986889590783
2026-01-10 01:59:57,409 : Val ADE 0.14047876763048878
2026-01-10 01:59:57,409 : Val FDE 0.1428500497130746
2026-01-10 01:59:57,410 : Val Best ADE 0.14047876763048878
2026-01-10 01:59:57,411 : Val Best FDE 0.1428500497130746
2026-01-10 01:59:57,411 : ----->learning rate 0.000625
2026-01-10 02:00:12,674 :     5/   15 dest_loss=0.034933 future_loss=0.028713 offset_loss=0.031083 kld=0.028089 cd=-0.041493 en_pos=6.567879 en_neg=6.609372 pcd=True subgoal_reg=0.0039418585653658795 
2026-01-10 02:00:27,884 :    11/   15 dest_loss=0.032371 future_loss=0.026291 offset_loss=0.028166 kld=0.023598 cd=0.306722 en_pos=6.559366 en_neg=6.252644 pcd=True subgoal_reg=0.0037320499997149626 
2026-01-10 02:00:42,982 :    17/   15 dest_loss=0.035463 future_loss=0.023275 offset_loss=0.039051 kld=0.023657 cd=-0.094079 en_pos=6.473006 en_neg=6.567085 pcd=True subgoal_reg=0.004532557058528553 
2026-01-10 02:00:58,277 :    23/   15 dest_loss=0.033941 future_loss=0.024667 offset_loss=0.034386 kld=0.024359 cd=0.091485 en_pos=6.601689 en_neg=6.510204 pcd=True subgoal_reg=0.004351371164143859 
2026-01-10 02:01:13,526 :    29/   15 dest_loss=0.037716 future_loss=0.028791 offset_loss=0.034839 kld=0.025811 cd=-0.107854 en_pos=6.434778 en_neg=6.542633 pcd=True subgoal_reg=0.0031277212022005414 
2026-01-10 02:01:28,724 :    35/   15 dest_loss=0.035808 future_loss=0.029381 offset_loss=0.028240 kld=0.025948 cd=0.335690 en_pos=6.639645 en_neg=6.303955 pcd=True subgoal_reg=0.0029076182560206446 
2026-01-10 02:01:43,944 :    41/   15 dest_loss=0.031968 future_loss=0.025847 offset_loss=0.029225 kld=0.024625 cd=-0.169636 en_pos=6.502059 en_neg=6.671695 pcd=True subgoal_reg=0.003640124219441877 
2026-01-10 02:01:59,109 :    47/   15 dest_loss=0.030423 future_loss=0.023045 offset_loss=0.029565 kld=0.025335 cd=-0.129292 en_pos=6.464616 en_neg=6.593908 pcd=True subgoal_reg=0.004148161959238839 
2026-01-10 02:02:14,340 :    53/   15 dest_loss=0.255806 future_loss=0.186269 offset_loss=0.202173 kld=0.026670 cd=0.057353 en_pos=6.710128 en_neg=6.652775 pcd=True subgoal_reg=0.00420992694666711 
2026-01-10 02:02:29,587 :    59/   15 dest_loss=0.043589 future_loss=0.033248 offset_loss=0.032803 kld=0.025014 cd=-0.103672 en_pos=6.512478 en_neg=6.616150 pcd=True subgoal_reg=0.0031099317696983413 
2026-01-10 02:02:44,983 :    65/   15 dest_loss=0.037754 future_loss=0.030083 offset_loss=0.031150 kld=0.024247 cd=0.026585 en_pos=6.396818 en_neg=6.370232 pcd=True subgoal_reg=0.003133906816281407 
2026-01-10 02:03:00,252 :    71/   15 dest_loss=0.032739 future_loss=0.027838 offset_loss=0.027539 kld=0.023897 cd=-0.066748 en_pos=6.580011 en_neg=6.646759 pcd=True subgoal_reg=0.0042861613520351425 
2026-01-10 02:03:15,572 :    77/   15 dest_loss=0.031033 future_loss=0.024062 offset_loss=0.028928 kld=0.025095 cd=0.185509 en_pos=6.638126 en_neg=6.452617 pcd=True subgoal_reg=0.004124201665762967 
2026-01-10 02:03:30,848 :    83/   15 dest_loss=0.150463 future_loss=0.125001 offset_loss=0.109792 kld=0.026037 cd=-0.024465 en_pos=6.401894 en_neg=6.426359 pcd=True subgoal_reg=0.0035496011888028222 
2026-01-10 02:03:46,039 :    89/   15 dest_loss=0.037587 future_loss=0.028700 offset_loss=0.032570 kld=0.025267 cd=-0.005310 en_pos=6.463807 en_neg=6.469117 pcd=True subgoal_reg=0.0036495726850918793 
2026-01-10 02:04:01,293 :    95/   15 dest_loss=0.037086 future_loss=0.030839 offset_loss=0.029005 kld=0.023547 cd=-0.064502 en_pos=6.505745 en_neg=6.570247 pcd=True subgoal_reg=0.0038255566668406213 
2026-01-10 02:04:16,537 :   101/   15 dest_loss=0.027564 future_loss=0.022604 offset_loss=0.027276 kld=0.023590 cd=-0.107833 en_pos=6.397958 en_neg=6.505792 pcd=True subgoal_reg=0.0038080040311006705 
2026-01-10 02:04:31,794 :   107/   15 dest_loss=0.036722 future_loss=0.029884 offset_loss=0.030767 kld=0.024773 cd=-0.077871 en_pos=6.636545 en_neg=6.714415 pcd=True subgoal_reg=0.004208658042460363 
2026-01-10 02:04:47,070 :   113/   15 dest_loss=0.030893 future_loss=0.022279 offset_loss=0.034535 kld=0.024770 cd=0.037495 en_pos=6.477528 en_neg=6.440033 pcd=True subgoal_reg=0.00491220909911947 
2026-01-10 02:05:02,389 :   119/   15 dest_loss=0.033135 future_loss=0.023909 offset_loss=0.034395 kld=0.025869 cd=-0.016112 en_pos=6.661289 en_neg=6.677401 pcd=True subgoal_reg=0.0037387679096100804 
2026-01-10 02:05:17,673 :   125/   15 dest_loss=0.031560 future_loss=0.023933 offset_loss=0.029597 kld=0.024910 cd=0.183541 en_pos=6.674750 en_neg=6.491209 pcd=True subgoal_reg=0.002963102247135251 
2026-01-10 02:05:32,911 :   131/   15 dest_loss=0.036114 future_loss=0.025568 offset_loss=0.037205 kld=0.023895 cd=0.053132 en_pos=6.500870 en_neg=6.447738 pcd=True subgoal_reg=0.003305784941687212 
2026-01-10 02:05:48,223 :   137/   15 dest_loss=0.137090 future_loss=0.130127 offset_loss=0.077783 kld=0.026182 cd=-0.252139 en_pos=6.409841 en_neg=6.661980 pcd=True subgoal_reg=0.0032197134906073047 
2026-01-10 02:06:03,519 :   143/   15 dest_loss=0.036498 future_loss=0.027913 offset_loss=0.034941 kld=0.024299 cd=0.122853 en_pos=6.602599 en_neg=6.479746 pcd=True subgoal_reg=0.003386773399856098 
2026-01-10 02:06:18,787 :   149/   15 dest_loss=0.033115 future_loss=0.024495 offset_loss=0.034957 kld=0.024948 cd=0.109069 en_pos=6.668359 en_neg=6.559289 pcd=True subgoal_reg=0.0034829660719500914 
2026-01-10 02:06:34,062 :   155/   15 dest_loss=0.037387 future_loss=0.029509 offset_loss=0.028937 kld=0.025090 cd=-0.117258 en_pos=6.702229 en_neg=6.819487 pcd=True subgoal_reg=0.003513434952243405 
2026-01-10 02:06:49,326 :   161/   15 dest_loss=0.030912 future_loss=0.024472 offset_loss=0.031386 kld=0.024571 cd=0.129356 en_pos=6.472962 en_neg=6.343606 pcd=True subgoal_reg=0.0037994784266497227 
2026-01-10 02:07:04,393 :   167/   15 dest_loss=0.032179 future_loss=0.026038 offset_loss=0.029851 kld=0.023007 cd=-0.034801 en_pos=6.261920 en_neg=6.296721 pcd=True subgoal_reg=0.003353827444598838 
2026-01-10 02:07:19,641 :   173/   15 dest_loss=0.033301 future_loss=0.026866 offset_loss=0.030761 kld=0.024142 cd=0.078114 en_pos=6.306417 en_neg=6.228303 pcd=True subgoal_reg=0.003500286391332521 
2026-01-10 02:07:35,000 :   179/   15 dest_loss=0.062244 future_loss=0.037751 offset_loss=0.081653 kld=0.025532 cd=-0.230202 en_pos=6.433436 en_neg=6.663638 pcd=True subgoal_reg=0.003751471727336945 
2026-01-10 02:07:50,323 :   185/   15 dest_loss=0.099556 future_loss=0.109280 offset_loss=0.058001 kld=0.024761 cd=-0.429604 en_pos=6.194015 en_neg=6.623619 pcd=True subgoal_reg=0.002963266034877657 
2026-01-10 02:08:05,729 :   191/   15 dest_loss=0.103892 future_loss=0.091586 offset_loss=0.072059 kld=0.025452 cd=0.116302 en_pos=6.640589 en_neg=6.524286 pcd=True subgoal_reg=0.003514714202285357 
2026-01-10 02:08:21,118 :   197/   15 dest_loss=0.035109 future_loss=0.025815 offset_loss=0.033280 kld=0.024306 cd=0.392497 en_pos=6.666547 en_neg=6.274050 pcd=True subgoal_reg=0.004315884481755328 
2026-01-10 02:08:36,446 :   203/   15 dest_loss=0.073244 future_loss=0.069260 offset_loss=0.050432 kld=0.025282 cd=0.067364 en_pos=6.554639 en_neg=6.487276 pcd=True subgoal_reg=0.004808461772786469 
2026-01-10 02:08:51,750 :   209/   15 dest_loss=0.165329 future_loss=0.113931 offset_loss=0.162404 kld=0.027734 cd=-0.049756 en_pos=6.498727 en_neg=6.548483 pcd=True subgoal_reg=0.0036716905603330066 
2026-01-10 02:09:07,021 :   215/   15 dest_loss=0.042661 future_loss=0.034461 offset_loss=0.029519 kld=0.024877 cd=0.088085 en_pos=6.562174 en_neg=6.474089 pcd=True subgoal_reg=0.002930628972781255 
2026-01-10 02:09:22,414 :   221/   15 dest_loss=0.175915 future_loss=0.140137 offset_loss=0.096383 kld=0.027016 cd=0.024759 en_pos=6.564228 en_neg=6.539469 pcd=True subgoal_reg=0.004672414023141161 
2026-01-10 02:09:37,725 :   227/   15 dest_loss=0.035317 future_loss=0.026014 offset_loss=0.032155 kld=0.023849 cd=0.014159 en_pos=6.691602 en_neg=6.677442 pcd=True subgoal_reg=0.005557694844349761 
2026-01-10 02:09:53,029 :   233/   15 dest_loss=0.033068 future_loss=0.025151 offset_loss=0.031218 kld=0.023997 cd=-0.038665 en_pos=6.329316 en_neg=6.367982 pcd=True subgoal_reg=0.003509603905392395 
2026-01-10 02:10:08,361 :   239/   15 dest_loss=0.100193 future_loss=0.060864 offset_loss=0.134873 kld=0.024834 cd=0.101188 en_pos=6.635455 en_neg=6.534266 pcd=True subgoal_reg=0.0031396623035823846 
2026-01-10 02:10:23,573 :   245/   15 dest_loss=0.031745 future_loss=0.026319 offset_loss=0.024419 kld=0.025523 cd=0.204538 en_pos=6.758532 en_neg=6.553994 pcd=True subgoal_reg=0.00291652259409658 
2026-01-10 02:10:38,905 :   251/   15 dest_loss=0.030469 future_loss=0.022427 offset_loss=0.028663 kld=0.024145 cd=0.255117 en_pos=6.576966 en_neg=6.321849 pcd=True subgoal_reg=0.004042860045594673 
2026-01-10 02:10:54,289 :   257/   15 dest_loss=0.026993 future_loss=0.022216 offset_loss=0.025145 kld=0.024058 cd=0.144373 en_pos=6.632552 en_neg=6.488179 pcd=True subgoal_reg=0.004328000934212825 
2026-01-10 02:11:09,594 :   263/   15 dest_loss=0.035817 future_loss=0.026876 offset_loss=0.034635 kld=0.024532 cd=-0.215380 en_pos=6.334127 en_neg=6.549507 pcd=True subgoal_reg=0.004373947296791129 
2026-01-10 02:11:24,880 :   269/   15 dest_loss=0.035695 future_loss=0.027098 offset_loss=0.032614 kld=0.025666 cd=-0.075401 en_pos=6.581106 en_neg=6.656506 pcd=True subgoal_reg=0.003452704030368694 
2026-01-10 02:11:40,161 :   275/   15 dest_loss=0.032746 future_loss=0.027397 offset_loss=0.024207 kld=0.024057 cd=-0.136127 en_pos=6.491267 en_neg=6.627394 pcd=True subgoal_reg=0.003354039183085369 
2026-01-10 02:11:55,423 :   281/   15 dest_loss=0.034096 future_loss=0.026109 offset_loss=0.030998 kld=0.023153 cd=0.018802 en_pos=6.587722 en_neg=6.568920 pcd=True subgoal_reg=0.0032189171510132 
2026-01-10 02:12:10,654 :   287/   15 dest_loss=0.032430 future_loss=0.023029 offset_loss=0.033562 kld=0.023966 cd=0.095496 en_pos=6.640748 en_neg=6.545252 pcd=True subgoal_reg=0.004168669095120023 
2026-01-10 02:12:25,984 :   293/   15 dest_loss=0.039817 future_loss=0.027919 offset_loss=0.038441 kld=0.025256 cd=0.130957 en_pos=6.435659 en_neg=6.304702 pcd=True subgoal_reg=0.004157692803122531 
2026-01-10 02:12:41,275 :   299/   15 dest_loss=0.029996 future_loss=0.022136 offset_loss=0.032287 kld=0.025224 cd=-0.103742 en_pos=6.438797 en_neg=6.542539 pcd=True subgoal_reg=0.003281519608542613 
2026-01-10 02:12:56,538 :   305/   15 dest_loss=0.151910 future_loss=0.110457 offset_loss=0.095924 kld=0.024537 cd=0.012986 en_pos=6.467727 en_neg=6.454741 pcd=True subgoal_reg=0.003191330017521453 
2026-01-10 02:13:11,802 :   311/   15 dest_loss=0.035032 future_loss=0.026283 offset_loss=0.032528 kld=0.023509 cd=-0.157929 en_pos=6.419618 en_neg=6.577547 pcd=True subgoal_reg=0.0030684931963838582 
2026-01-10 02:13:27,113 :   317/   15 dest_loss=0.096792 future_loss=0.075973 offset_loss=0.063629 kld=0.025992 cd=0.080459 en_pos=6.557794 en_neg=6.477336 pcd=True subgoal_reg=0.003441630098750128 
2026-01-10 02:13:42,322 :   323/   15 dest_loss=0.035276 future_loss=0.025846 offset_loss=0.034750 kld=0.024467 cd=-0.065203 en_pos=6.391041 en_neg=6.456245 pcd=True subgoal_reg=0.00383871053880767 
2026-01-10 02:13:57,655 :   329/   15 dest_loss=0.035398 future_loss=0.026971 offset_loss=0.034501 kld=0.023017 cd=-0.015107 en_pos=6.610956 en_neg=6.626063 pcd=True subgoal_reg=0.0031883084719738232 
2026-01-10 02:14:12,912 :   335/   15 dest_loss=0.033030 future_loss=0.022800 offset_loss=0.034797 kld=0.023353 cd=-0.123198 en_pos=6.417993 en_neg=6.541191 pcd=True subgoal_reg=0.0031515413846578025 
2026-01-10 02:14:28,120 :   341/   15 dest_loss=0.039985 future_loss=0.027575 offset_loss=0.036115 kld=0.025049 cd=-0.039218 en_pos=6.521743 en_neg=6.560961 pcd=True subgoal_reg=0.003878656999482241 
2026-01-10 02:14:43,325 :   347/   15 dest_loss=0.030989 future_loss=0.023282 offset_loss=0.031822 kld=0.023607 cd=-0.013572 en_pos=6.415353 en_neg=6.428925 pcd=True subgoal_reg=0.0033556143913192936 
2026-01-10 02:14:58,652 :   353/   15 dest_loss=0.038709 future_loss=0.026801 offset_loss=0.037972 kld=0.024110 cd=-0.118776 en_pos=6.402489 en_neg=6.521265 pcd=True subgoal_reg=0.003921760479674205 
2026-01-10 02:15:13,845 :   359/   15 dest_loss=0.038456 future_loss=0.028590 offset_loss=0.035243 kld=0.026951 cd=-0.152926 en_pos=6.579911 en_neg=6.732837 pcd=True subgoal_reg=0.003098515912126505 
2026-01-10 02:15:29,107 :   365/   15 dest_loss=0.060461 future_loss=0.046269 offset_loss=0.084464 kld=0.024220 cd=-0.279308 en_pos=6.162643 en_neg=6.441952 pcd=True subgoal_reg=0.002861827529792552 
2026-01-10 02:15:44,424 :   371/   15 dest_loss=0.039627 future_loss=0.030727 offset_loss=0.030007 kld=0.022925 cd=0.276364 en_pos=6.556161 en_neg=6.279796 pcd=True subgoal_reg=0.0031615672520198283 
2026-01-10 02:15:59,655 :   377/   15 dest_loss=0.036481 future_loss=0.028245 offset_loss=0.028883 kld=0.023663 cd=0.012555 en_pos=6.538797 en_neg=6.526241 pcd=True subgoal_reg=0.003626555731938222 
2026-01-10 02:16:14,966 :   383/   15 dest_loss=0.035199 future_loss=0.026191 offset_loss=0.028907 kld=0.024885 cd=0.017178 en_pos=6.652411 en_neg=6.635233 pcd=True subgoal_reg=0.004107749837037853 
2026-01-10 02:16:30,297 :   389/   15 dest_loss=0.032282 future_loss=0.026374 offset_loss=0.024461 kld=0.025710 cd=0.251225 en_pos=6.704484 en_neg=6.453259 pcd=True subgoal_reg=0.0029242784480016516 
2026-01-10 02:16:45,655 :   395/   15 dest_loss=0.038254 future_loss=0.029940 offset_loss=0.029008 kld=0.025078 cd=0.144571 en_pos=6.505440 en_neg=6.360869 pcd=True subgoal_reg=0.003438902769052383 
2026-01-10 02:17:00,729 :   401/   15 dest_loss=0.036235 future_loss=0.029258 offset_loss=0.028481 kld=0.023708 cd=0.169359 en_pos=6.774119 en_neg=6.604760 pcd=True subgoal_reg=0.003941395199455576 
2026-01-10 02:17:16,068 :   407/   15 dest_loss=0.033457 future_loss=0.027271 offset_loss=0.029267 kld=0.024223 cd=-0.050219 en_pos=6.336629 en_neg=6.386849 pcd=True subgoal_reg=0.0035727095818960013 
2026-01-10 02:17:31,344 :   413/   15 dest_loss=0.035550 future_loss=0.028733 offset_loss=0.030134 kld=0.024699 cd=0.175565 en_pos=6.667035 en_neg=6.491470 pcd=True subgoal_reg=0.0035312404062753655 
2026-01-10 02:17:46,754 :   419/   15 dest_loss=0.035047 future_loss=0.026583 offset_loss=0.030582 kld=0.024297 cd=0.049169 en_pos=6.539475 en_neg=6.490306 pcd=True subgoal_reg=0.0037440727731927518 
2026-01-10 02:18:02,092 :   425/   15 dest_loss=0.033906 future_loss=0.026511 offset_loss=0.030493 kld=0.024299 cd=0.073122 en_pos=6.709567 en_neg=6.636445 pcd=True subgoal_reg=0.003802610861548407 
2026-01-10 02:18:17,450 :   431/   15 dest_loss=0.030041 future_loss=0.022938 offset_loss=0.031527 kld=0.024486 cd=0.115406 en_pos=6.480768 en_neg=6.365362 pcd=True subgoal_reg=0.0039054053033875723 
2026-01-10 02:18:32,744 :   437/   15 dest_loss=0.097854 future_loss=0.076798 offset_loss=0.076978 kld=0.025800 cd=-0.061191 en_pos=6.464767 en_neg=6.525958 pcd=True subgoal_reg=0.0038681332428423397 
2026-01-10 02:18:48,055 :   443/   15 dest_loss=0.038415 future_loss=0.028039 offset_loss=0.033362 kld=0.024130 cd=0.019244 en_pos=6.441583 en_neg=6.422340 pcd=True subgoal_reg=0.0030257630821235084 
2026-01-10 02:19:03,273 :   449/   15 dest_loss=0.035603 future_loss=0.027195 offset_loss=0.033053 kld=0.025007 cd=0.289187 en_pos=6.631212 en_neg=6.342025 pcd=True subgoal_reg=0.0030242926834187236 
2026-01-10 02:19:18,550 :   455/   15 dest_loss=0.031374 future_loss=0.024286 offset_loss=0.027803 kld=0.025076 cd=0.150807 en_pos=6.507296 en_neg=6.356489 pcd=True subgoal_reg=0.00340544681704959 
2026-01-10 02:19:33,874 :   461/   15 dest_loss=0.030795 future_loss=0.023444 offset_loss=0.029799 kld=0.023878 cd=0.057952 en_pos=6.564329 en_neg=6.506378 pcd=True subgoal_reg=0.0037214037981042076 
2026-01-10 02:19:49,235 :   467/   15 dest_loss=0.089540 future_loss=0.070507 offset_loss=0.047203 kld=0.024782 cd=0.051871 en_pos=6.475713 en_neg=6.423842 pcd=True subgoal_reg=0.004059346867197311 
2026-01-10 02:20:04,528 :   473/   15 dest_loss=0.031289 future_loss=0.022162 offset_loss=0.032484 kld=0.023802 cd=-0.064929 en_pos=6.423737 en_neg=6.488666 pcd=True subgoal_reg=0.003806526942326739 
2026-01-10 02:20:19,649 :   479/   15 dest_loss=0.038504 future_loss=0.027676 offset_loss=0.035801 kld=0.026477 cd=-0.249090 en_pos=6.383976 en_neg=6.633066 pcd=True subgoal_reg=0.003168038832820699 
2026-01-10 02:20:34,882 :   485/   15 dest_loss=0.030824 future_loss=0.023806 offset_loss=0.029247 kld=0.025175 cd=-0.221422 en_pos=6.383063 en_neg=6.604485 pcd=True subgoal_reg=0.0029859619368112406 
2026-01-10 02:20:50,090 :   491/   15 dest_loss=0.035695 future_loss=0.026573 offset_loss=0.032202 kld=0.023865 cd=0.306964 en_pos=6.683231 en_neg=6.376267 pcd=True subgoal_reg=0.0036289409705341606 
2026-01-10 02:21:05,270 :   497/   15 dest_loss=0.033577 future_loss=0.024751 offset_loss=0.030925 kld=0.025939 cd=-0.159142 en_pos=6.528471 en_neg=6.687613 pcd=True subgoal_reg=0.004620665214607449 
2026-01-10 02:21:20,506 :   503/   15 dest_loss=0.036374 future_loss=0.027244 offset_loss=0.032055 kld=0.024564 cd=0.118163 en_pos=6.363565 en_neg=6.245402 pcd=True subgoal_reg=0.0032425143919092535 
2026-01-10 02:21:35,821 :   509/   15 dest_loss=0.035658 future_loss=0.026350 offset_loss=0.028876 kld=0.023666 cd=-0.150460 en_pos=6.331860 en_neg=6.482320 pcd=True subgoal_reg=0.002727031909720253 
2026-01-10 02:23:07,404 : Train Loss 97.10321195861547
2026-01-10 02:23:07,404 : Overall Loss 19.13617051208856
2026-01-10 02:23:07,405 : Dest Loss 24.507684907306555
2026-01-10 02:23:07,405 : Val ADE 0.14171296767720937
2026-01-10 02:23:07,405 : Val FDE 0.1439723136676707
2026-01-10 02:23:07,405 : Val Best ADE 0.14047876763048878
2026-01-10 02:23:07,405 : Val Best FDE 0.1428500497130746
2026-01-10 02:23:07,406 : ----->learning rate 0.000625
2026-01-10 02:23:22,649 :     5/   16 dest_loss=0.030424 future_loss=0.023031 offset_loss=0.030984 kld=0.024267 cd=-0.122397 en_pos=6.360738 en_neg=6.483135 pcd=True subgoal_reg=0.0035681479011571886 
2026-01-10 02:23:38,038 :    11/   16 dest_loss=0.031481 future_loss=0.023667 offset_loss=0.028826 kld=0.023493 cd=0.060358 en_pos=6.449651 en_neg=6.389292 pcd=True subgoal_reg=0.0035049870022414416 
2026-01-10 02:23:53,222 :    17/   16 dest_loss=0.035032 future_loss=0.026713 offset_loss=0.029542 kld=0.024356 cd=-0.036680 en_pos=6.486954 en_neg=6.523634 pcd=True subgoal_reg=0.0030449186896648476 
2026-01-10 02:24:08,215 :    23/   16 dest_loss=0.033639 future_loss=0.025252 offset_loss=0.030087 kld=0.023825 cd=-0.017070 en_pos=6.654027 en_neg=6.671097 pcd=True subgoal_reg=0.0031927544944080673 
2026-01-10 02:24:23,501 :    29/   16 dest_loss=0.036681 future_loss=0.026789 offset_loss=0.033765 kld=0.025131 cd=-0.068372 en_pos=6.663098 en_neg=6.731469 pcd=True subgoal_reg=0.004111002783549605 
2026-01-10 02:24:38,770 :    35/   16 dest_loss=0.030455 future_loss=0.024267 offset_loss=0.026993 kld=0.024029 cd=-0.106689 en_pos=6.569318 en_neg=6.676006 pcd=True subgoal_reg=0.003604550297134117 
2026-01-10 02:24:54,011 :    41/   16 dest_loss=0.031430 future_loss=0.023317 offset_loss=0.029944 kld=0.023696 cd=0.091456 en_pos=6.474071 en_neg=6.382615 pcd=True subgoal_reg=0.00376474610378508 
2026-01-10 02:25:09,284 :    47/   16 dest_loss=0.030439 future_loss=0.023456 offset_loss=0.027582 kld=0.025425 cd=-0.196601 en_pos=6.374840 en_neg=6.571441 pcd=True subgoal_reg=0.0031440931371576855 
2026-01-10 02:25:24,490 :    53/   16 dest_loss=0.040822 future_loss=0.031389 offset_loss=0.034219 kld=0.025758 cd=0.134593 en_pos=6.693022 en_neg=6.558429 pcd=True subgoal_reg=0.0031124524377134453 
2026-01-10 02:25:39,822 :    59/   16 dest_loss=0.031469 future_loss=0.024169 offset_loss=0.030479 kld=0.024969 cd=-0.187197 en_pos=6.316539 en_neg=6.503736 pcd=True subgoal_reg=0.003373654017179326 
2026-01-10 02:25:55,207 :    65/   16 dest_loss=0.034336 future_loss=0.026189 offset_loss=0.032781 kld=0.024989 cd=0.085860 en_pos=6.403062 en_neg=6.317201 pcd=True subgoal_reg=0.003503489444265198 
2026-01-10 02:26:10,497 :    71/   16 dest_loss=0.148801 future_loss=0.083728 offset_loss=0.142850 kld=0.028314 cd=-0.045494 en_pos=6.646384 en_neg=6.691878 pcd=True subgoal_reg=0.004242321187400524 
2026-01-10 02:26:25,786 :    77/   16 dest_loss=0.039443 future_loss=0.029849 offset_loss=0.033485 kld=0.024886 cd=-0.101558 en_pos=6.485757 en_neg=6.587316 pcd=True subgoal_reg=0.002931101953393357 
2026-01-10 02:26:41,134 :    83/   16 dest_loss=0.039676 future_loss=0.029921 offset_loss=0.033491 kld=0.024520 cd=-0.059027 en_pos=6.442076 en_neg=6.501103 pcd=True subgoal_reg=0.0028865737753269493 
2026-01-10 02:26:56,419 :    89/   16 dest_loss=0.040179 future_loss=0.031305 offset_loss=0.032161 kld=0.024268 cd=0.062818 en_pos=6.437546 en_neg=6.374727 pcd=True subgoal_reg=0.0029395040396032906 
2026-01-10 02:27:11,573 :    95/   16 dest_loss=0.034077 future_loss=0.026218 offset_loss=0.027886 kld=0.023723 cd=-0.121146 en_pos=6.596853 en_neg=6.717998 pcd=True subgoal_reg=0.0030440166926643166 
2026-01-10 02:27:26,851 :   101/   16 dest_loss=0.039077 future_loss=0.031746 offset_loss=0.030200 kld=0.025657 cd=0.066679 en_pos=6.433834 en_neg=6.367155 pcd=True subgoal_reg=0.0034212581369612166 
2026-01-10 02:27:42,203 :   107/   16 dest_loss=0.039679 future_loss=0.030256 offset_loss=0.031813 kld=0.024565 cd=-0.023749 en_pos=6.538795 en_neg=6.562544 pcd=True subgoal_reg=0.003585688730137546 
2026-01-10 02:27:57,464 :   113/   16 dest_loss=0.032493 future_loss=0.025173 offset_loss=0.029714 kld=0.024027 cd=-0.050553 en_pos=6.494444 en_neg=6.544997 pcd=True subgoal_reg=0.003099392001916017 
2026-01-10 02:28:12,792 :   119/   16 dest_loss=0.038904 future_loss=0.030866 offset_loss=0.032577 kld=0.025338 cd=0.233037 en_pos=6.597377 en_neg=6.364339 pcd=True subgoal_reg=0.0030646330348791345 
2026-01-10 02:28:28,075 :   125/   16 dest_loss=0.036951 future_loss=0.028944 offset_loss=0.031574 kld=0.025159 cd=-0.108399 en_pos=6.443503 en_neg=6.551902 pcd=True subgoal_reg=0.0031923594754018083 
2026-01-10 02:28:43,372 :   131/   16 dest_loss=0.028279 future_loss=0.020802 offset_loss=0.026811 kld=0.022941 cd=0.081314 en_pos=6.510467 en_neg=6.429152 pcd=True subgoal_reg=0.004145195816690027 
2026-01-10 02:28:58,750 :   137/   16 dest_loss=0.033623 future_loss=0.025035 offset_loss=0.031865 kld=0.025283 cd=0.126632 en_pos=6.674619 en_neg=6.547987 pcd=True subgoal_reg=0.0037242189974856055 
2026-01-10 02:29:14,061 :   143/   16 dest_loss=0.109622 future_loss=0.088775 offset_loss=0.123712 kld=0.026660 cd=0.132864 en_pos=6.706214 en_neg=6.573350 pcd=True subgoal_reg=0.0037250640003303466 
2026-01-10 02:29:29,300 :   149/   16 dest_loss=0.031666 future_loss=0.024500 offset_loss=0.027045 kld=0.023527 cd=-0.020749 en_pos=6.549119 en_neg=6.569867 pcd=True subgoal_reg=0.0030340427469670336 
2026-01-10 02:29:44,648 :   155/   16 dest_loss=0.030929 future_loss=0.022989 offset_loss=0.030974 kld=0.023607 cd=-0.120594 en_pos=6.431285 en_neg=6.551879 pcd=True subgoal_reg=0.003495194079274325 
2026-01-10 02:29:59,916 :   161/   16 dest_loss=0.101224 future_loss=0.067658 offset_loss=0.124674 kld=0.025282 cd=0.037409 en_pos=6.556544 en_neg=6.519135 pcd=True subgoal_reg=0.0035105191889706544 
2026-01-10 02:30:15,197 :   167/   16 dest_loss=0.034166 future_loss=0.025022 offset_loss=0.030912 kld=0.025265 cd=0.137219 en_pos=6.546321 en_neg=6.409102 pcd=True subgoal_reg=0.003690880798908347 
2026-01-10 02:30:30,377 :   173/   16 dest_loss=0.148524 future_loss=0.129306 offset_loss=0.093039 kld=0.026997 cd=0.016070 en_pos=6.504570 en_neg=6.488500 pcd=True subgoal_reg=0.003331438798498571 
2026-01-10 02:30:45,752 :   179/   16 dest_loss=0.031853 future_loss=0.025387 offset_loss=0.030760 kld=0.025057 cd=-0.088109 en_pos=6.362103 en_neg=6.450212 pcd=True subgoal_reg=0.0033391138088725457 
2026-01-10 02:31:01,058 :   185/   16 dest_loss=0.038537 future_loss=0.028365 offset_loss=0.034568 kld=0.023625 cd=-0.134471 en_pos=6.268500 en_neg=6.402971 pcd=True subgoal_reg=0.0034025849415599344 
2026-01-10 02:31:16,459 :   191/   16 dest_loss=0.026525 future_loss=0.021520 offset_loss=0.025427 kld=0.023951 cd=-0.008814 en_pos=6.634497 en_neg=6.643311 pcd=True subgoal_reg=0.003172964276920441 
2026-01-10 02:31:31,752 :   197/   16 dest_loss=0.032330 future_loss=0.027279 offset_loss=0.024777 kld=0.023496 cd=0.058141 en_pos=6.604332 en_neg=6.546191 pcd=True subgoal_reg=0.0029547377757550846 
2026-01-10 02:31:47,116 :   203/   16 dest_loss=0.035283 future_loss=0.027346 offset_loss=0.032318 kld=0.024539 cd=0.168315 en_pos=6.459642 en_neg=6.291327 pcd=True subgoal_reg=0.0031798759732599565 
2026-01-10 02:32:02,460 :   209/   16 dest_loss=0.029010 future_loss=0.023121 offset_loss=0.028527 kld=0.025559 cd=0.258064 en_pos=6.459811 en_neg=6.201747 pcd=True subgoal_reg=0.003265786350906019 
2026-01-10 02:32:17,772 :   215/   16 dest_loss=0.037890 future_loss=0.027754 offset_loss=0.035518 kld=0.024261 cd=-0.102719 en_pos=6.332824 en_neg=6.435542 pcd=True subgoal_reg=0.003190280406452274 
2026-01-10 02:32:33,111 :   221/   16 dest_loss=0.038541 future_loss=0.028759 offset_loss=0.034781 kld=0.025481 cd=0.053081 en_pos=6.556439 en_neg=6.503358 pcd=True subgoal_reg=0.00324123060594492 
2026-01-10 02:32:48,418 :   227/   16 dest_loss=0.033816 future_loss=0.026813 offset_loss=0.029536 kld=0.024722 cd=-0.149369 en_pos=6.400602 en_neg=6.549971 pcd=True subgoal_reg=0.0032254504981623563 
2026-01-10 02:33:03,727 :   233/   16 dest_loss=0.036027 future_loss=0.027362 offset_loss=0.032071 kld=0.025451 cd=-0.091271 en_pos=6.477168 en_neg=6.568438 pcd=True subgoal_reg=0.003225319226724626 
2026-01-10 02:33:19,077 :   239/   16 dest_loss=0.038045 future_loss=0.030553 offset_loss=0.024328 kld=0.023197 cd=0.021706 en_pos=6.621693 en_neg=6.599987 pcd=True subgoal_reg=0.0028776775931910964 
2026-01-10 02:33:34,511 :   245/   16 dest_loss=0.033628 future_loss=0.026829 offset_loss=0.028974 kld=0.024948 cd=0.060001 en_pos=6.511908 en_neg=6.451907 pcd=True subgoal_reg=0.0032116614567959337 
2026-01-10 02:33:49,625 :   251/   16 dest_loss=0.029238 future_loss=0.022712 offset_loss=0.025168 kld=0.023909 cd=0.179977 en_pos=6.604134 en_neg=6.424156 pcd=True subgoal_reg=0.003265572651563166 
2026-01-10 02:34:04,966 :   257/   16 dest_loss=0.037278 future_loss=0.028320 offset_loss=0.032531 kld=0.024253 cd=0.134366 en_pos=6.644247 en_neg=6.509881 pcd=True subgoal_reg=0.0036229557659238636 
2026-01-10 02:34:20,299 :   263/   16 dest_loss=0.031664 future_loss=0.024744 offset_loss=0.029618 kld=0.024069 cd=-0.293543 en_pos=6.395771 en_neg=6.689314 pcd=True subgoal_reg=0.003763014164861914 
2026-01-10 02:34:35,612 :   269/   16 dest_loss=0.027971 future_loss=0.022242 offset_loss=0.026429 kld=0.023628 cd=-0.056126 en_pos=6.545838 en_neg=6.601964 pcd=True subgoal_reg=0.003177517870562322 
2026-01-10 02:34:50,930 :   275/   16 dest_loss=0.034030 future_loss=0.025153 offset_loss=0.033981 kld=0.023730 cd=-0.039136 en_pos=6.477250 en_neg=6.516386 pcd=True subgoal_reg=0.00344398364284858 
2026-01-10 02:35:06,229 :   281/   16 dest_loss=0.034376 future_loss=0.026486 offset_loss=0.028393 kld=0.023539 cd=-0.015409 en_pos=6.398724 en_neg=6.414133 pcd=True subgoal_reg=0.0028605684154939352 
2026-01-10 02:35:21,458 :   287/   16 dest_loss=0.035995 future_loss=0.029407 offset_loss=0.026656 kld=0.025964 cd=-0.109609 en_pos=6.525375 en_neg=6.634984 pcd=True subgoal_reg=0.0035050593713951052 
2026-01-10 02:35:36,761 :   293/   16 dest_loss=0.032995 future_loss=0.026421 offset_loss=0.025885 kld=0.023613 cd=-0.219203 en_pos=6.519314 en_neg=6.738517 pcd=True subgoal_reg=0.002821419877770672 
2026-01-10 02:35:52,010 :   299/   16 dest_loss=0.030812 future_loss=0.024075 offset_loss=0.026303 kld=0.025134 cd=-0.010191 en_pos=6.445083 en_neg=6.455274 pcd=True subgoal_reg=0.003365089826657303 
2026-01-10 02:36:07,221 :   305/   16 dest_loss=0.029270 future_loss=0.023671 offset_loss=0.025088 kld=0.024355 cd=-0.201004 en_pos=6.600215 en_neg=6.801218 pcd=True subgoal_reg=0.0035804062999601665 
2026-01-10 02:36:22,370 :   311/   16 dest_loss=0.133631 future_loss=0.103445 offset_loss=0.128900 kld=0.025118 cd=-0.124181 en_pos=6.446060 en_neg=6.570241 pcd=True subgoal_reg=0.0033339889112859646 
2026-01-10 02:36:37,568 :   317/   16 dest_loss=0.031519 future_loss=0.027168 offset_loss=0.021353 kld=0.023724 cd=-0.155676 en_pos=6.651159 en_neg=6.806834 pcd=True subgoal_reg=0.003160756092151537 
2026-01-10 02:36:52,734 :   323/   16 dest_loss=0.037592 future_loss=0.029946 offset_loss=0.030481 kld=0.024458 cd=0.060212 en_pos=6.496195 en_neg=6.435983 pcd=True subgoal_reg=0.0033951601860148363 
2026-01-10 02:37:07,726 :   329/   16 dest_loss=0.076289 future_loss=0.079680 offset_loss=0.043288 kld=0.023917 cd=0.063655 en_pos=6.387318 en_neg=6.323663 pcd=True subgoal_reg=0.0033816136347947557 
2026-01-10 02:37:23,060 :   335/   16 dest_loss=0.032336 future_loss=0.024440 offset_loss=0.030641 kld=0.024984 cd=0.250840 en_pos=6.640936 en_neg=6.390096 pcd=True subgoal_reg=0.003871525703596018 
2026-01-10 02:37:38,265 :   341/   16 dest_loss=0.036951 future_loss=0.027365 offset_loss=0.032523 kld=0.025792 cd=-0.096879 en_pos=6.621680 en_neg=6.718558 pcd=True subgoal_reg=0.00415079397915884 
2026-01-10 02:37:53,549 :   347/   16 dest_loss=0.035924 future_loss=0.027072 offset_loss=0.032486 kld=0.026121 cd=0.051984 en_pos=6.566460 en_neg=6.514476 pcd=True subgoal_reg=0.0034267219379370334 
2026-01-10 02:38:08,877 :   353/   16 dest_loss=0.031426 future_loss=0.024598 offset_loss=0.028198 kld=0.024456 cd=-0.041001 en_pos=6.417463 en_neg=6.458464 pcd=True subgoal_reg=0.002866579036203179 
2026-01-10 02:38:24,146 :   359/   16 dest_loss=0.037778 future_loss=0.027080 offset_loss=0.035210 kld=0.024395 cd=0.083585 en_pos=6.560899 en_neg=6.477314 pcd=True subgoal_reg=0.004002601045141779 
2026-01-10 02:38:39,386 :   365/   16 dest_loss=0.036527 future_loss=0.028249 offset_loss=0.028904 kld=0.024296 cd=-0.028673 en_pos=6.735972 en_neg=6.764645 pcd=True subgoal_reg=0.0037999735751338254 
2026-01-10 02:38:54,604 :   371/   16 dest_loss=0.034059 future_loss=0.025656 offset_loss=0.030458 kld=0.024368 cd=0.074247 en_pos=6.564714 en_neg=6.490467 pcd=True subgoal_reg=0.003380016816411327 
2026-01-10 02:39:09,756 :   377/   16 dest_loss=0.032470 future_loss=0.023265 offset_loss=0.033807 kld=0.023124 cd=-0.039363 en_pos=6.339457 en_neg=6.378820 pcd=True subgoal_reg=0.0029989978741144286 
2026-01-10 02:39:24,913 :   383/   16 dest_loss=0.039469 future_loss=0.030195 offset_loss=0.033904 kld=0.026337 cd=0.053840 en_pos=6.578414 en_neg=6.524574 pcd=True subgoal_reg=0.003334177665939269 
2026-01-10 02:39:40,115 :   389/   16 dest_loss=0.034482 future_loss=0.025917 offset_loss=0.030307 kld=0.024110 cd=0.153914 en_pos=6.578724 en_neg=6.424810 pcd=True subgoal_reg=0.0032211758679061182 
2026-01-10 02:39:55,273 :   395/   16 dest_loss=0.038952 future_loss=0.029326 offset_loss=0.032909 kld=0.025209 cd=0.098570 en_pos=6.685017 en_neg=6.586447 pcd=True subgoal_reg=0.003507600126829503 
2026-01-10 02:40:10,438 :   401/   16 dest_loss=0.035217 future_loss=0.026555 offset_loss=0.032776 kld=0.025122 cd=-0.108676 en_pos=6.507759 en_neg=6.616436 pcd=True subgoal_reg=0.0031757895729669387 
2026-01-10 02:40:25,402 :   407/   16 dest_loss=0.032083 future_loss=0.025012 offset_loss=0.028772 kld=0.023314 cd=-0.125813 en_pos=6.299566 en_neg=6.425380 pcd=True subgoal_reg=0.003053188075459945 
2026-01-10 02:40:40,642 :   413/   16 dest_loss=0.030823 future_loss=0.023432 offset_loss=0.028509 kld=0.023606 cd=0.041528 en_pos=6.658909 en_neg=6.617381 pcd=True subgoal_reg=0.002917293285280052 
2026-01-10 02:40:55,865 :   419/   16 dest_loss=0.037556 future_loss=0.029151 offset_loss=0.031431 kld=0.025205 cd=-0.009557 en_pos=6.579125 en_neg=6.588682 pcd=True subgoal_reg=0.0031157503928049583 
2026-01-10 02:41:11,012 :   425/   16 dest_loss=0.028126 future_loss=0.022142 offset_loss=0.025733 kld=0.023426 cd=-0.033422 en_pos=6.390305 en_neg=6.423727 pcd=True subgoal_reg=0.0028193741975848074 
2026-01-10 02:41:26,242 :   431/   16 dest_loss=0.027523 future_loss=0.022415 offset_loss=0.024240 kld=0.023764 cd=-0.052860 en_pos=6.430357 en_neg=6.483216 pcd=True subgoal_reg=0.002977318848433314 
2026-01-10 02:41:41,495 :   437/   16 dest_loss=0.035716 future_loss=0.028062 offset_loss=0.029290 kld=0.023507 cd=0.035753 en_pos=6.522762 en_neg=6.487009 pcd=True subgoal_reg=0.003233584663838073 
2026-01-10 02:41:56,718 :   443/   16 dest_loss=0.029452 future_loss=0.024080 offset_loss=0.026949 kld=0.024629 cd=-0.071426 en_pos=6.263853 en_neg=6.335279 pcd=True subgoal_reg=0.0031282590944646765 
2026-01-10 02:42:11,977 :   449/   16 dest_loss=0.030030 future_loss=0.023107 offset_loss=0.027200 kld=0.024222 cd=0.089269 en_pos=6.506263 en_neg=6.416994 pcd=True subgoal_reg=0.0033241275752765214 
2026-01-10 02:42:27,208 :   455/   16 dest_loss=0.037079 future_loss=0.027693 offset_loss=0.030713 kld=0.023847 cd=-0.054857 en_pos=6.489373 en_neg=6.544230 pcd=True subgoal_reg=0.003529292660809027 
2026-01-10 02:42:42,477 :   461/   16 dest_loss=0.035022 future_loss=0.027563 offset_loss=0.029257 kld=0.024966 cd=-0.126955 en_pos=6.353603 en_neg=6.480558 pcd=True subgoal_reg=0.003244799891060841 
2026-01-10 02:42:57,739 :   467/   16 dest_loss=0.029359 future_loss=0.022085 offset_loss=0.027753 kld=0.024419 cd=-0.103344 en_pos=6.489747 en_neg=6.593091 pcd=True subgoal_reg=0.0032623106956968873 
2026-01-10 02:43:12,976 :   473/   16 dest_loss=0.034745 future_loss=0.027992 offset_loss=0.028207 kld=0.025307 cd=-0.150704 en_pos=6.223921 en_neg=6.374624 pcd=True subgoal_reg=0.002792418345496749 
2026-01-10 02:43:28,213 :   479/   16 dest_loss=0.028529 future_loss=0.023406 offset_loss=0.026667 kld=0.023888 cd=0.162890 en_pos=6.435031 en_neg=6.272141 pcd=True subgoal_reg=0.002910720060293817 
2026-01-10 02:43:43,453 :   485/   16 dest_loss=0.034004 future_loss=0.026621 offset_loss=0.031278 kld=0.024483 cd=-0.008649 en_pos=6.467055 en_neg=6.475705 pcd=True subgoal_reg=0.003735112607121068 
2026-01-10 02:43:58,728 :   491/   16 dest_loss=0.114174 future_loss=0.125216 offset_loss=0.076363 kld=0.025237 cd=-0.122726 en_pos=6.453863 en_neg=6.576589 pcd=True subgoal_reg=0.0036494542664423668 
2026-01-10 02:44:14,085 :   497/   16 dest_loss=0.030918 future_loss=0.024229 offset_loss=0.030025 kld=0.025077 cd=-0.073100 en_pos=6.512994 en_neg=6.586094 pcd=True subgoal_reg=0.0034050767062507813 
2026-01-10 02:44:29,463 :   503/   16 dest_loss=0.031267 future_loss=0.023608 offset_loss=0.031364 kld=0.025753 cd=0.078391 en_pos=6.569189 en_neg=6.490798 pcd=True subgoal_reg=0.003539111621868732 
2026-01-10 02:44:44,832 :   509/   16 dest_loss=0.030735 future_loss=0.022459 offset_loss=0.030139 kld=0.024152 cd=-0.012966 en_pos=6.410903 en_neg=6.423869 pcd=True subgoal_reg=0.0031632148372126687 
2026-01-10 02:46:16,609 : Train Loss 91.78429605816771
2026-01-10 02:46:16,610 : Overall Loss 18.610055360559763
2026-01-10 02:46:16,610 : Dest Loss 23.944223921984968
2026-01-10 02:46:16,610 : Val ADE 0.14002905228717455
2026-01-10 02:46:16,610 : Val FDE 0.14659701542852263
2026-01-10 02:46:16,610 : Val Best ADE 0.14002905228717455
2026-01-10 02:46:16,610 : Val Best FDE 0.14659701542852263
2026-01-10 02:46:16,610 : ----->learning rate 0.0003125
2026-01-10 02:46:31,833 :     5/   17 dest_loss=0.038174 future_loss=0.028283 offset_loss=0.032556 kld=0.024836 cd=0.026294 en_pos=6.466147 en_neg=6.439853 pcd=True subgoal_reg=0.0028410718282370112 
2026-01-10 02:46:47,054 :    11/   17 dest_loss=0.035172 future_loss=0.026443 offset_loss=0.031510 kld=0.024661 cd=-0.090212 en_pos=6.388193 en_neg=6.478405 pcd=True subgoal_reg=0.0030662095297084107 
2026-01-10 02:47:02,060 :    17/   17 dest_loss=0.035821 future_loss=0.027327 offset_loss=0.031198 kld=0.024984 cd=-0.082820 en_pos=6.515057 en_neg=6.597877 pcd=True subgoal_reg=0.0032718703813790617 
2026-01-10 02:47:17,262 :    23/   17 dest_loss=0.033739 future_loss=0.025793 offset_loss=0.030917 kld=0.023741 cd=-0.014932 en_pos=6.583547 en_neg=6.598478 pcd=True subgoal_reg=0.003081661924457349 
2026-01-10 02:47:32,448 :    29/   17 dest_loss=0.085894 future_loss=0.067538 offset_loss=0.076250 kld=0.023759 cd=-0.049023 en_pos=6.463143 en_neg=6.512166 pcd=True subgoal_reg=0.0031116846763213617 
2026-01-10 02:47:47,743 :    35/   17 dest_loss=0.034683 future_loss=0.026574 offset_loss=0.029566 kld=0.024464 cd=-0.005654 en_pos=6.462382 en_neg=6.468036 pcd=True subgoal_reg=0.003023333111917696 
2026-01-10 02:48:02,905 :    41/   17 dest_loss=0.032160 future_loss=0.024271 offset_loss=0.027294 kld=0.023804 cd=-0.136537 en_pos=6.519904 en_neg=6.656441 pcd=True subgoal_reg=0.003326515290417868 
2026-01-10 02:48:18,172 :    47/   17 dest_loss=0.029739 future_loss=0.022568 offset_loss=0.027487 kld=0.024365 cd=0.323497 en_pos=6.569858 en_neg=6.246361 pcd=True subgoal_reg=0.0034178137958513744 
2026-01-10 02:48:34,575 :    53/   17 dest_loss=0.034498 future_loss=0.026087 offset_loss=0.030129 kld=0.025273 cd=0.173251 en_pos=6.464589 en_neg=6.291338 pcd=True subgoal_reg=0.0029734588328618923 
2026-01-10 02:48:50,118 :    59/   17 dest_loss=0.039742 future_loss=0.030434 offset_loss=0.031760 kld=0.025672 cd=-0.131936 en_pos=6.289856 en_neg=6.421792 pcd=True subgoal_reg=0.002987060044875252 
2026-01-10 02:49:05,255 :    65/   17 dest_loss=0.034018 future_loss=0.026917 offset_loss=0.029445 kld=0.024737 cd=0.171959 en_pos=6.579232 en_neg=6.407273 pcd=True subgoal_reg=0.003259885492912431 
2026-01-10 02:49:20,432 :    71/   17 dest_loss=0.035188 future_loss=0.028114 offset_loss=0.026949 kld=0.024320 cd=-0.197165 en_pos=6.565135 en_neg=6.762300 pcd=True subgoal_reg=0.0039405390908653515 
2026-01-10 02:49:35,690 :    77/   17 dest_loss=0.042860 future_loss=0.031303 offset_loss=0.038905 kld=0.025096 cd=0.010464 en_pos=6.391384 en_neg=6.380920 pcd=True subgoal_reg=0.0037693803770393413 
2026-01-10 02:49:50,849 :    83/   17 dest_loss=0.253150 future_loss=0.225314 offset_loss=0.119652 kld=0.029433 cd=0.076579 en_pos=6.447702 en_neg=6.371124 pcd=True subgoal_reg=0.0033622350574772056 
2026-01-10 02:50:05,817 :    89/   17 dest_loss=0.037386 future_loss=0.026578 offset_loss=0.035853 kld=0.025795 cd=-0.035369 en_pos=6.568839 en_neg=6.604208 pcd=True subgoal_reg=0.003925579928336737 
2026-01-10 02:50:21,033 :    95/   17 dest_loss=0.029327 future_loss=0.021499 offset_loss=0.030302 kld=0.023634 cd=-0.064303 en_pos=6.464938 en_neg=6.529241 pcd=True subgoal_reg=0.003179428033319026 
2026-01-10 02:50:36,271 :   101/   17 dest_loss=0.034855 future_loss=0.025748 offset_loss=0.032354 kld=0.023721 cd=0.041857 en_pos=6.554123 en_neg=6.512266 pcd=True subgoal_reg=0.0028933082847208344 
2026-01-10 02:50:51,528 :   107/   17 dest_loss=0.033172 future_loss=0.024822 offset_loss=0.028811 kld=0.024369 cd=-0.006434 en_pos=6.562251 en_neg=6.568685 pcd=True subgoal_reg=0.003005077835329515 
2026-01-10 02:51:06,817 :   113/   17 dest_loss=0.035713 future_loss=0.026370 offset_loss=0.033053 kld=0.024634 cd=0.111306 en_pos=6.548549 en_neg=6.437243 pcd=True subgoal_reg=0.0034289061850915764 
2026-01-10 02:51:22,089 :   119/   17 dest_loss=0.034483 future_loss=0.024684 offset_loss=0.032105 kld=0.023335 cd=-0.047851 en_pos=6.453819 en_neg=6.501670 pcd=True subgoal_reg=0.003434986880412774 
2026-01-10 02:51:37,385 :   125/   17 dest_loss=0.026371 future_loss=0.019953 offset_loss=0.027192 kld=0.024658 cd=-0.003535 en_pos=6.571484 en_neg=6.575019 pcd=True subgoal_reg=0.0032523914221577657 
2026-01-10 02:51:52,637 :   131/   17 dest_loss=0.030813 future_loss=0.022917 offset_loss=0.030267 kld=0.024674 cd=-0.068833 en_pos=6.509031 en_neg=6.577864 pcd=True subgoal_reg=0.0034802316348287766 
2026-01-10 02:52:07,863 :   137/   17 dest_loss=0.105500 future_loss=0.086249 offset_loss=0.092257 kld=0.024840 cd=-0.337121 en_pos=6.377056 en_neg=6.714177 pcd=True subgoal_reg=0.003207847756534341 
2026-01-10 02:52:23,104 :   143/   17 dest_loss=0.128883 future_loss=0.071501 offset_loss=0.144018 kld=0.024193 cd=-0.030556 en_pos=6.439960 en_neg=6.470516 pcd=True subgoal_reg=0.002953021517447128 
2026-01-10 02:52:38,338 :   149/   17 dest_loss=0.037206 future_loss=0.029871 offset_loss=0.027448 kld=0.024220 cd=-0.125696 en_pos=6.566695 en_neg=6.692391 pcd=True subgoal_reg=0.0024713364406125805 
2026-01-10 02:52:53,586 :   155/   17 dest_loss=0.039015 future_loss=0.030855 offset_loss=0.029547 kld=0.025574 cd=-0.114525 en_pos=6.420828 en_neg=6.535353 pcd=True subgoal_reg=0.003337120938093882 
2026-01-10 02:53:08,752 :   161/   17 dest_loss=0.109851 future_loss=0.091923 offset_loss=0.100261 kld=0.025163 cd=0.070779 en_pos=6.670911 en_neg=6.600132 pcd=True subgoal_reg=0.0038898885094707752 
2026-01-10 02:53:23,738 :   167/   17 dest_loss=0.032602 future_loss=0.021322 offset_loss=0.035191 kld=0.024407 cd=0.119632 en_pos=6.562980 en_neg=6.443348 pcd=True subgoal_reg=0.0041891941206921544 
2026-01-10 02:53:38,941 :   173/   17 dest_loss=0.035578 future_loss=0.024880 offset_loss=0.034069 kld=0.024032 cd=-0.153481 en_pos=6.499190 en_neg=6.652670 pcd=True subgoal_reg=0.003326010864865181 
2026-01-10 02:53:54,090 :   179/   17 dest_loss=0.036403 future_loss=0.028290 offset_loss=0.029761 kld=0.025024 cd=0.104190 en_pos=6.626784 en_neg=6.522594 pcd=True subgoal_reg=0.003171998755205421 
2026-01-10 02:54:09,298 :   185/   17 dest_loss=0.037992 future_loss=0.029772 offset_loss=0.030955 kld=0.025630 cd=-0.082122 en_pos=6.491070 en_neg=6.573193 pcd=True subgoal_reg=0.003076112962461338 
2026-01-10 02:54:24,562 :   191/   17 dest_loss=0.033298 future_loss=0.027138 offset_loss=0.027541 kld=0.025333 cd=-0.099470 en_pos=6.399034 en_neg=6.498504 pcd=True subgoal_reg=0.0032692032309369736 
2026-01-10 02:54:39,837 :   197/   17 dest_loss=0.038229 future_loss=0.029325 offset_loss=0.031780 kld=0.024860 cd=-0.155697 en_pos=6.479802 en_neg=6.635499 pcd=True subgoal_reg=0.0031236002379800105 
2026-01-10 02:54:55,065 :   203/   17 dest_loss=0.031466 future_loss=0.022096 offset_loss=0.032307 kld=0.023632 cd=-0.061022 en_pos=6.505639 en_neg=6.566661 pcd=True subgoal_reg=0.0034611079104355075 
2026-01-10 02:55:10,244 :   209/   17 dest_loss=0.027777 future_loss=0.022396 offset_loss=0.025334 kld=0.024314 cd=0.015171 en_pos=6.447394 en_neg=6.432223 pcd=True subgoal_reg=0.003195110518083062 
2026-01-10 02:55:25,446 :   215/   17 dest_loss=0.034428 future_loss=0.027313 offset_loss=0.026831 kld=0.026800 cd=0.173566 en_pos=6.517381 en_neg=6.343814 pcd=True subgoal_reg=0.002968648562826071 
2026-01-10 02:55:40,584 :   221/   17 dest_loss=0.039696 future_loss=0.032041 offset_loss=0.023238 kld=0.025327 cd=-0.026051 en_pos=6.603320 en_neg=6.629372 pcd=True subgoal_reg=0.003049317830305476 
2026-01-10 02:55:55,857 :   227/   17 dest_loss=0.075069 future_loss=0.069829 offset_loss=0.032489 kld=0.024142 cd=-0.153911 en_pos=6.533934 en_neg=6.687845 pcd=True subgoal_reg=0.003441439935942881 
2026-01-10 02:56:11,112 :   233/   17 dest_loss=0.051546 future_loss=0.037642 offset_loss=0.061358 kld=0.025064 cd=-0.289550 en_pos=6.330826 en_neg=6.620376 pcd=True subgoal_reg=0.003827312120737885 
2026-01-10 02:56:26,297 :   239/   17 dest_loss=0.033185 future_loss=0.025435 offset_loss=0.030069 kld=0.023602 cd=-0.007411 en_pos=6.419980 en_neg=6.427392 pcd=True subgoal_reg=0.003172611178687427 
2026-01-10 02:56:41,274 :   245/   17 dest_loss=0.031854 future_loss=0.024393 offset_loss=0.029134 kld=0.024673 cd=-0.027432 en_pos=6.532702 en_neg=6.560134 pcd=True subgoal_reg=0.0034440702294259782 
2026-01-10 02:56:56,477 :   251/   17 dest_loss=0.035539 future_loss=0.026839 offset_loss=0.029369 kld=0.023266 cd=0.169794 en_pos=6.690453 en_neg=6.520659 pcd=True subgoal_reg=0.0033130598508340423 
2026-01-10 02:57:11,666 :   257/   17 dest_loss=0.033188 future_loss=0.025315 offset_loss=0.028196 kld=0.024856 cd=0.007838 en_pos=6.604061 en_neg=6.596223 pcd=True subgoal_reg=0.003384547611632883 
2026-01-10 02:57:26,873 :   263/   17 dest_loss=0.034926 future_loss=0.027628 offset_loss=0.027867 kld=0.025047 cd=-0.235720 en_pos=6.383017 en_neg=6.618737 pcd=True subgoal_reg=0.0031939111209819456 
2026-01-10 02:57:42,179 :   269/   17 dest_loss=0.034305 future_loss=0.024787 offset_loss=0.029034 kld=0.023016 cd=0.205263 en_pos=6.512638 en_neg=6.307375 pcd=True subgoal_reg=0.0033502935614611626 
2026-01-10 02:57:57,440 :   275/   17 dest_loss=0.034591 future_loss=0.024156 offset_loss=0.032895 kld=0.024302 cd=-0.085395 en_pos=6.484675 en_neg=6.570071 pcd=True subgoal_reg=0.003538704501412009 
2026-01-10 02:58:12,735 :   281/   17 dest_loss=0.034340 future_loss=0.027370 offset_loss=0.028307 kld=0.024427 cd=-0.066218 en_pos=6.427618 en_neg=6.493836 pcd=True subgoal_reg=0.0029210899681927924 
2026-01-10 02:58:28,030 :   287/   17 dest_loss=0.035060 future_loss=0.026626 offset_loss=0.028199 kld=0.023762 cd=0.170561 en_pos=6.567304 en_neg=6.396743 pcd=True subgoal_reg=0.0030564881140179526 
2026-01-10 02:58:43,196 :   293/   17 dest_loss=0.032865 future_loss=0.025864 offset_loss=0.027915 kld=0.025262 cd=0.117269 en_pos=6.477108 en_neg=6.359839 pcd=True subgoal_reg=0.0032548861190679354 
2026-01-10 02:58:58,455 :   299/   17 dest_loss=0.031477 future_loss=0.025331 offset_loss=0.025873 kld=0.022880 cd=-0.195638 en_pos=6.345511 en_neg=6.541150 pcd=True subgoal_reg=0.002942685612904528 
2026-01-10 02:59:13,766 :   305/   17 dest_loss=0.032061 future_loss=0.025883 offset_loss=0.025443 kld=0.024860 cd=-0.190592 en_pos=6.353571 en_neg=6.544162 pcd=True subgoal_reg=0.003255834414068021 
2026-01-10 02:59:28,994 :   311/   17 dest_loss=0.037519 future_loss=0.030744 offset_loss=0.026099 kld=0.023672 cd=-0.003334 en_pos=6.651859 en_neg=6.655193 pcd=True subgoal_reg=0.003150039862661733 
2026-01-10 02:59:44,290 :   317/   17 dest_loss=0.039293 future_loss=0.032446 offset_loss=0.023326 kld=0.024780 cd=-0.065893 en_pos=6.674847 en_neg=6.740739 pcd=True subgoal_reg=0.003482326942507378 
2026-01-10 02:59:59,385 :   323/   17 dest_loss=0.035265 future_loss=0.028546 offset_loss=0.027940 kld=0.024651 cd=0.029063 en_pos=6.548666 en_neg=6.519603 pcd=True subgoal_reg=0.0034609404911054658 
2026-01-10 03:00:14,689 :   329/   17 dest_loss=0.034884 future_loss=0.028117 offset_loss=0.030134 kld=0.025164 cd=-0.171930 en_pos=6.408316 en_neg=6.580246 pcd=True subgoal_reg=0.0037624247254627987 
2026-01-10 03:00:29,961 :   335/   17 dest_loss=0.036308 future_loss=0.027975 offset_loss=0.030165 kld=0.024787 cd=-0.121514 en_pos=6.260824 en_neg=6.382338 pcd=True subgoal_reg=0.003598235590866923 
2026-01-10 03:00:45,320 :   341/   17 dest_loss=0.029525 future_loss=0.024308 offset_loss=0.020926 kld=0.023169 cd=0.211476 en_pos=6.618338 en_neg=6.406862 pcd=True subgoal_reg=0.003439366333131543 
2026-01-10 03:01:00,547 :   347/   17 dest_loss=0.034025 future_loss=0.026652 offset_loss=0.029884 kld=0.024468 cd=-0.026040 en_pos=6.358739 en_neg=6.384779 pcd=True subgoal_reg=0.0035406148114237807 
2026-01-10 03:01:15,778 :   353/   17 dest_loss=0.074517 future_loss=0.037976 offset_loss=0.080773 kld=0.025014 cd=-0.252425 en_pos=6.517343 en_neg=6.769768 pcd=True subgoal_reg=0.0034059658758356145 
2026-01-10 03:01:31,025 :   359/   17 dest_loss=0.036025 future_loss=0.026862 offset_loss=0.028141 kld=0.023304 cd=0.018556 en_pos=6.493089 en_neg=6.474533 pcd=True subgoal_reg=0.0034526482973329456 
2026-01-10 03:01:46,233 :   365/   17 dest_loss=0.033509 future_loss=0.026819 offset_loss=0.028755 kld=0.025312 cd=-0.228897 en_pos=6.491363 en_neg=6.720260 pcd=True subgoal_reg=0.00316302593927582 
2026-01-10 03:02:01,487 :   371/   17 dest_loss=0.036958 future_loss=0.028771 offset_loss=0.030140 kld=0.025041 cd=0.190912 en_pos=6.393434 en_neg=6.202522 pcd=True subgoal_reg=0.0030689395797806273 
2026-01-10 03:02:16,819 :   377/   17 dest_loss=0.033560 future_loss=0.026894 offset_loss=0.025612 kld=0.023354 cd=0.108669 en_pos=6.423197 en_neg=6.314528 pcd=True subgoal_reg=0.0028055459722203776 
2026-01-10 03:02:32,048 :   383/   17 dest_loss=0.139953 future_loss=0.122906 offset_loss=0.095248 kld=0.024170 cd=0.108685 en_pos=6.458577 en_neg=6.349893 pcd=True subgoal_reg=0.0032541696263248933 
2026-01-10 03:02:47,376 :   389/   17 dest_loss=0.031900 future_loss=0.025517 offset_loss=0.025510 kld=0.023882 cd=-0.022981 en_pos=6.652532 en_neg=6.675513 pcd=True subgoal_reg=0.0034054702830852153 
2026-01-10 03:03:02,628 :   395/   17 dest_loss=0.035797 future_loss=0.027706 offset_loss=0.030265 kld=0.023653 cd=-0.235319 en_pos=6.291655 en_neg=6.526973 pcd=True subgoal_reg=0.00357668475400843 
2026-01-10 03:03:17,753 :   401/   17 dest_loss=0.030848 future_loss=0.023211 offset_loss=0.027260 kld=0.024054 cd=-0.153883 en_pos=6.499763 en_neg=6.653646 pcd=True subgoal_reg=0.0033897702218859613 
2026-01-10 03:03:32,932 :   407/   17 dest_loss=0.032101 future_loss=0.024372 offset_loss=0.028833 kld=0.023658 cd=0.005761 en_pos=6.566461 en_neg=6.560700 pcd=True subgoal_reg=0.003466616569907305 
2026-01-10 03:03:48,191 :   413/   17 dest_loss=0.028883 future_loss=0.022427 offset_loss=0.026586 kld=0.024864 cd=-0.101530 en_pos=6.354308 en_neg=6.455838 pcd=True subgoal_reg=0.0036610873066169262 
2026-01-10 03:04:03,416 :   419/   17 dest_loss=0.170475 future_loss=0.114853 offset_loss=0.197639 kld=0.025505 cd=0.098136 en_pos=6.613002 en_neg=6.514866 pcd=True subgoal_reg=0.0038474062434217275 
2026-01-10 03:04:18,552 :   425/   17 dest_loss=0.090437 future_loss=0.057674 offset_loss=0.086811 kld=0.025266 cd=0.000903 en_pos=6.568602 en_neg=6.567699 pcd=True subgoal_reg=0.0030180316937322366 
2026-01-10 03:04:33,778 :   431/   17 dest_loss=0.039729 future_loss=0.031024 offset_loss=0.028192 kld=0.025312 cd=0.020107 en_pos=6.629004 en_neg=6.608897 pcd=True subgoal_reg=0.0027299499595603792 
2026-01-10 03:04:49,044 :   437/   17 dest_loss=0.035366 future_loss=0.027341 offset_loss=0.025922 kld=0.023546 cd=0.188287 en_pos=6.512195 en_neg=6.323908 pcd=True subgoal_reg=0.002838133444544183 
2026-01-10 03:05:04,226 :   443/   17 dest_loss=0.073535 future_loss=0.061163 offset_loss=0.054867 kld=0.024782 cd=-0.065995 en_pos=6.415710 en_neg=6.481706 pcd=True subgoal_reg=0.00335712130611426 
2026-01-10 03:05:19,432 :   449/   17 dest_loss=0.037516 future_loss=0.029143 offset_loss=0.030112 kld=0.023175 cd=-0.046141 en_pos=6.514015 en_neg=6.560156 pcd=True subgoal_reg=0.004082664025606133 
2026-01-10 03:05:34,666 :   455/   17 dest_loss=0.032688 future_loss=0.023467 offset_loss=0.030099 kld=0.023634 cd=0.025825 en_pos=6.399292 en_neg=6.373467 pcd=True subgoal_reg=0.004160159508022222 
2026-01-10 03:05:49,865 :   461/   17 dest_loss=0.035474 future_loss=0.028747 offset_loss=0.028056 kld=0.023675 cd=0.015350 en_pos=6.535052 en_neg=6.519702 pcd=True subgoal_reg=0.0032680670147011877 
2026-01-10 03:06:05,131 :   467/   17 dest_loss=0.030517 future_loss=0.022497 offset_loss=0.027226 kld=0.024026 cd=-0.187371 en_pos=6.434848 en_neg=6.622219 pcd=True subgoal_reg=0.0033036869901858297 
2026-01-10 03:06:20,409 :   473/   17 dest_loss=0.037247 future_loss=0.027810 offset_loss=0.032143 kld=0.023115 cd=0.187549 en_pos=6.604101 en_neg=6.416552 pcd=True subgoal_reg=0.003413292480236048 
2026-01-10 03:06:35,455 :   479/   17 dest_loss=0.035522 future_loss=0.026873 offset_loss=0.030350 kld=0.023601 cd=-0.005744 en_pos=6.535152 en_neg=6.540896 pcd=True subgoal_reg=0.002964205644721082 
2026-01-10 03:06:50,686 :   485/   17 dest_loss=0.165435 future_loss=0.128838 offset_loss=0.100411 kld=0.026717 cd=0.173320 en_pos=6.666832 en_neg=6.493512 pcd=True subgoal_reg=0.0033147445209119825 
2026-01-10 03:07:06,000 :   491/   17 dest_loss=0.200780 future_loss=0.173310 offset_loss=0.158422 kld=0.029662 cd=0.144961 en_pos=6.667855 en_neg=6.522894 pcd=True subgoal_reg=0.004379789207965782 
2026-01-10 03:07:21,217 :   497/   17 dest_loss=0.035496 future_loss=0.025391 offset_loss=0.031309 kld=0.023860 cd=0.011645 en_pos=6.412897 en_neg=6.401251 pcd=True subgoal_reg=0.0039221388218071765 
2026-01-10 03:07:36,447 :   503/   17 dest_loss=0.083751 future_loss=0.056732 offset_loss=0.122965 kld=0.023582 cd=0.177441 en_pos=6.546780 en_neg=6.369340 pcd=True subgoal_reg=0.003969904441433683 
2026-01-10 03:07:51,801 :   509/   17 dest_loss=0.062648 future_loss=0.052356 offset_loss=0.048804 kld=0.022826 cd=0.071952 en_pos=6.495856 en_neg=6.423904 pcd=True subgoal_reg=0.002956609128895362 
2026-01-10 03:09:23,398 : Train Loss 92.09313236768465
2026-01-10 03:09:23,399 : Overall Loss 19.016568727723598
2026-01-10 03:09:23,399 : Dest Loss 24.53753016709534
2026-01-10 03:09:23,399 : Val ADE 0.13375000245614305
2026-01-10 03:09:23,399 : Val FDE 0.1469632032267932
2026-01-10 03:09:23,399 : Val Best ADE 0.13375000245614305
2026-01-10 03:09:23,399 : Val Best FDE 0.1469632032267932
2026-01-10 03:09:23,399 : ----->learning rate 0.0003125
2026-01-10 03:09:38,631 :     5/   18 dest_loss=0.033440 future_loss=0.024596 offset_loss=0.029504 kld=0.025396 cd=-0.184203 en_pos=6.458948 en_neg=6.643151 pcd=True subgoal_reg=0.0032253364587667807 
2026-01-10 03:09:53,833 :    11/   18 dest_loss=0.032423 future_loss=0.025835 offset_loss=0.024395 kld=0.025215 cd=0.275823 en_pos=6.727805 en_neg=6.451981 pcd=True subgoal_reg=0.0033520307307388984 
2026-01-10 03:10:09,072 :    17/   18 dest_loss=0.033840 future_loss=0.024356 offset_loss=0.030748 kld=0.023668 cd=0.193178 en_pos=6.479513 en_neg=6.286335 pcd=True subgoal_reg=0.0036658469868406816 
2026-01-10 03:10:24,054 :    23/   18 dest_loss=0.032925 future_loss=0.024139 offset_loss=0.029668 kld=0.024637 cd=-0.146338 en_pos=6.512663 en_neg=6.659001 pcd=True subgoal_reg=0.0034164272820125766 
2026-01-10 03:10:39,136 :    29/   18 dest_loss=0.028445 future_loss=0.020846 offset_loss=0.027492 kld=0.023500 cd=-0.128861 en_pos=6.418357 en_neg=6.547218 pcd=True subgoal_reg=0.0031102274851132847 
2026-01-10 03:10:54,345 :    35/   18 dest_loss=0.028198 future_loss=0.021661 offset_loss=0.026665 kld=0.024267 cd=-0.028608 en_pos=6.422925 en_neg=6.451533 pcd=True subgoal_reg=0.002954169618591218 
2026-01-10 03:11:09,597 :    41/   18 dest_loss=0.027357 future_loss=0.021301 offset_loss=0.025796 kld=0.024953 cd=0.245315 en_pos=6.559213 en_neg=6.313898 pcd=True subgoal_reg=0.002734852472898134 
2026-01-10 03:11:24,811 :    47/   18 dest_loss=0.032358 future_loss=0.024086 offset_loss=0.028512 kld=0.023636 cd=-0.035035 en_pos=6.434350 en_neg=6.469385 pcd=True subgoal_reg=0.002819852496863868 
2026-01-10 03:11:40,014 :    53/   18 dest_loss=0.029815 future_loss=0.023275 offset_loss=0.026619 kld=0.024974 cd=-0.066138 en_pos=6.480909 en_neg=6.547047 pcd=True subgoal_reg=0.0028625158621050466 
2026-01-10 03:11:55,269 :    59/   18 dest_loss=0.093803 future_loss=0.076254 offset_loss=0.042732 kld=0.025871 cd=0.026495 en_pos=6.402081 en_neg=6.375586 pcd=True subgoal_reg=0.0032320174802378593 
2026-01-10 03:12:10,474 :    65/   18 dest_loss=0.028843 future_loss=0.021558 offset_loss=0.027536 kld=0.024299 cd=-0.492148 en_pos=6.361947 en_neg=6.854095 pcd=True subgoal_reg=0.0034612407805408568 
2026-01-10 03:12:25,678 :    71/   18 dest_loss=0.034459 future_loss=0.025440 offset_loss=0.031048 kld=0.024748 cd=-0.070172 en_pos=6.339520 en_neg=6.409692 pcd=True subgoal_reg=0.003176420933966298 
2026-01-10 03:12:40,845 :    77/   18 dest_loss=0.035421 future_loss=0.026765 offset_loss=0.032342 kld=0.024309 cd=0.346182 en_pos=6.592272 en_neg=6.246090 pcd=True subgoal_reg=0.003062159017560256 
2026-01-10 03:12:55,972 :    83/   18 dest_loss=0.036536 future_loss=0.027718 offset_loss=0.032728 kld=0.025289 cd=0.033409 en_pos=6.532953 en_neg=6.499544 pcd=True subgoal_reg=0.0032963396811437197 
2026-01-10 03:13:11,176 :    89/   18 dest_loss=0.029802 future_loss=0.022803 offset_loss=0.027651 kld=0.024715 cd=-0.076090 en_pos=6.503172 en_neg=6.579262 pcd=True subgoal_reg=0.003167784572931507 
2026-01-10 03:13:26,179 :    95/   18 dest_loss=0.145525 future_loss=0.103538 offset_loss=0.117154 kld=0.026658 cd=-0.073162 en_pos=6.544960 en_neg=6.618121 pcd=True subgoal_reg=0.003480735701205742 
2026-01-10 03:13:41,485 :   101/   18 dest_loss=0.029959 future_loss=0.023200 offset_loss=0.025248 kld=0.023308 cd=0.025846 en_pos=6.537295 en_neg=6.511449 pcd=True subgoal_reg=0.0032642091553377176 
2026-01-10 03:13:56,684 :   107/   18 dest_loss=0.036157 future_loss=0.026795 offset_loss=0.032375 kld=0.023224 cd=-0.052343 en_pos=6.322114 en_neg=6.374457 pcd=True subgoal_reg=0.0030085061549367364 
2026-01-10 03:14:11,813 :   113/   18 dest_loss=0.035655 future_loss=0.025440 offset_loss=0.030804 kld=0.023598 cd=-0.194299 en_pos=6.419953 en_neg=6.614252 pcd=True subgoal_reg=0.0028036555025132553 
2026-01-10 03:14:27,004 :   119/   18 dest_loss=0.031556 future_loss=0.022853 offset_loss=0.028385 kld=0.024395 cd=-0.057741 en_pos=6.514083 en_neg=6.571824 pcd=True subgoal_reg=0.0031434002608609736 
2026-01-10 03:14:42,132 :   125/   18 dest_loss=0.038249 future_loss=0.028590 offset_loss=0.034071 kld=0.024779 cd=0.021450 en_pos=6.588656 en_neg=6.567207 pcd=True subgoal_reg=0.0030428751810701745 
2026-01-10 03:14:57,367 :   131/   18 dest_loss=0.082245 future_loss=0.070439 offset_loss=0.072380 kld=0.024187 cd=0.122879 en_pos=6.394654 en_neg=6.271776 pcd=True subgoal_reg=0.0031140102604279903 
2026-01-10 03:15:12,530 :   137/   18 dest_loss=0.040269 future_loss=0.030364 offset_loss=0.031652 kld=0.023001 cd=0.137342 en_pos=6.433838 en_neg=6.296496 pcd=True subgoal_reg=0.002741997545274034 
2026-01-10 03:15:27,744 :   143/   18 dest_loss=0.033256 future_loss=0.025273 offset_loss=0.026946 kld=0.024094 cd=-0.066542 en_pos=6.349653 en_neg=6.416195 pcd=True subgoal_reg=0.002503826274584413 
2026-01-10 03:15:43,037 :   149/   18 dest_loss=0.039233 future_loss=0.029779 offset_loss=0.031981 kld=0.024259 cd=-0.050839 en_pos=6.360075 en_neg=6.410915 pcd=True subgoal_reg=0.0031596325084114313 
2026-01-10 03:15:58,198 :   155/   18 dest_loss=0.031185 future_loss=0.024736 offset_loss=0.022591 kld=0.024303 cd=-0.057371 en_pos=6.637920 en_neg=6.695291 pcd=True subgoal_reg=0.003349531358804814 
2026-01-10 03:16:13,385 :   161/   18 dest_loss=0.032878 future_loss=0.025603 offset_loss=0.027282 kld=0.024432 cd=0.058235 en_pos=6.475443 en_neg=6.417208 pcd=True subgoal_reg=0.0033443572159916842 
2026-01-10 03:16:28,587 :   167/   18 dest_loss=0.030636 future_loss=0.023373 offset_loss=0.028258 kld=0.025515 cd=0.045150 en_pos=6.677984 en_neg=6.632834 pcd=True subgoal_reg=0.00375234595307099 
2026-01-10 03:16:43,665 :   173/   18 dest_loss=0.037092 future_loss=0.027997 offset_loss=0.031415 kld=0.024765 cd=-0.284943 en_pos=6.478085 en_neg=6.763028 pcd=True subgoal_reg=0.00354943107417946 
2026-01-10 03:16:58,919 :   179/   18 dest_loss=0.033812 future_loss=0.024326 offset_loss=0.030207 kld=0.024099 cd=0.025130 en_pos=6.525886 en_neg=6.500756 pcd=True subgoal_reg=0.003205379019831714 
2026-01-10 03:17:14,175 :   185/   18 dest_loss=0.037421 future_loss=0.029707 offset_loss=0.028839 kld=0.024107 cd=-0.105945 en_pos=6.306420 en_neg=6.412365 pcd=True subgoal_reg=0.003302293919797604 
2026-01-10 03:17:29,475 :   191/   18 dest_loss=0.145042 future_loss=0.103081 offset_loss=0.115223 kld=0.026035 cd=0.023369 en_pos=6.545594 en_neg=6.522225 pcd=True subgoal_reg=0.003167085380996665 
2026-01-10 03:17:44,725 :   197/   18 dest_loss=0.041332 future_loss=0.030699 offset_loss=0.033635 kld=0.024687 cd=-0.017312 en_pos=6.381363 en_neg=6.398675 pcd=True subgoal_reg=0.003069444401726817 
2026-01-10 03:17:59,943 :   203/   18 dest_loss=0.034140 future_loss=0.024161 offset_loss=0.028317 kld=0.024355 cd=0.008122 en_pos=6.638883 en_neg=6.630762 pcd=True subgoal_reg=0.003695178413024816 
2026-01-10 03:18:15,195 :   209/   18 dest_loss=0.029643 future_loss=0.022612 offset_loss=0.026840 kld=0.024492 cd=0.122697 en_pos=6.383969 en_neg=6.261273 pcd=True subgoal_reg=0.0030894379565087676 
2026-01-10 03:18:30,458 :   215/   18 dest_loss=0.030238 future_loss=0.023000 offset_loss=0.027485 kld=0.024548 cd=0.235741 en_pos=6.426340 en_neg=6.190600 pcd=True subgoal_reg=0.0030088661302649757 
2026-01-10 03:18:45,665 :   221/   18 dest_loss=0.028313 future_loss=0.020863 offset_loss=0.025577 kld=0.024217 cd=0.134626 en_pos=6.590885 en_neg=6.456259 pcd=True subgoal_reg=0.0030979941618190458 
2026-01-10 03:19:00,862 :   227/   18 dest_loss=0.027778 future_loss=0.021146 offset_loss=0.024840 kld=0.022426 cd=-0.060378 en_pos=6.348774 en_neg=6.409152 pcd=True subgoal_reg=0.0029289114425525313 
2026-01-10 03:19:16,076 :   233/   18 dest_loss=0.037448 future_loss=0.027336 offset_loss=0.030793 kld=0.023933 cd=-0.009959 en_pos=6.609447 en_neg=6.619406 pcd=True subgoal_reg=0.0033564789731263395 
2026-01-10 03:19:31,274 :   239/   18 dest_loss=0.128160 future_loss=0.080676 offset_loss=0.163485 kld=0.027061 cd=0.039236 en_pos=6.423247 en_neg=6.384012 pcd=True subgoal_reg=0.0033437226283582885 
2026-01-10 03:19:46,504 :   245/   18 dest_loss=0.112386 future_loss=0.108042 offset_loss=0.053132 kld=0.025439 cd=0.458495 en_pos=6.777981 en_neg=6.319486 pcd=True subgoal_reg=0.0035050384363848304 
2026-01-10 03:20:01,563 :   251/   18 dest_loss=0.035654 future_loss=0.025278 offset_loss=0.032609 kld=0.024456 cd=0.282373 en_pos=6.645994 en_neg=6.363621 pcd=True subgoal_reg=0.003806564909328447 
2026-01-10 03:20:16,805 :   257/   18 dest_loss=0.032011 future_loss=0.022869 offset_loss=0.030525 kld=0.023838 cd=-0.228380 en_pos=6.281694 en_neg=6.510074 pcd=True subgoal_reg=0.0034315034337633423 
2026-01-10 03:20:32,132 :   263/   18 dest_loss=0.027828 future_loss=0.021719 offset_loss=0.026735 kld=0.024145 cd=0.075585 en_pos=6.495556 en_neg=6.419971 pcd=True subgoal_reg=0.0031696056130910565 
2026-01-10 03:20:47,522 :   269/   18 dest_loss=0.034763 future_loss=0.025262 offset_loss=0.028263 kld=0.023863 cd=0.348201 en_pos=6.746029 en_neg=6.397828 pcd=True subgoal_reg=0.0026565934753967606 
2026-01-10 03:21:02,730 :   275/   18 dest_loss=0.028587 future_loss=0.022449 offset_loss=0.022687 kld=0.025210 cd=0.221050 en_pos=6.690560 en_neg=6.469510 pcd=True subgoal_reg=0.0027561265093730956 
2026-01-10 03:21:17,959 :   281/   18 dest_loss=0.033687 future_loss=0.023369 offset_loss=0.033117 kld=0.023803 cd=0.132063 en_pos=6.457260 en_neg=6.325198 pcd=True subgoal_reg=0.0032596484546369192 
2026-01-10 03:21:33,289 :   287/   18 dest_loss=0.041855 future_loss=0.032164 offset_loss=0.028596 kld=0.023732 cd=0.145658 en_pos=6.685936 en_neg=6.540278 pcd=True subgoal_reg=0.003365622845797611 
2026-01-10 03:21:48,525 :   293/   18 dest_loss=0.036334 future_loss=0.029021 offset_loss=0.024202 kld=0.023745 cd=-0.178658 en_pos=6.379743 en_neg=6.558400 pcd=True subgoal_reg=0.002856420100850203 
2026-01-10 03:22:03,813 :   299/   18 dest_loss=0.038349 future_loss=0.028211 offset_loss=0.032530 kld=0.023628 cd=0.120081 en_pos=6.448678 en_neg=6.328598 pcd=True subgoal_reg=0.0028794875022761877 
2026-01-10 03:22:19,161 :   305/   18 dest_loss=0.038705 future_loss=0.027306 offset_loss=0.033120 kld=0.024689 cd=0.074460 en_pos=6.627037 en_neg=6.552577 pcd=True subgoal_reg=0.0034908442970920488 
2026-01-10 03:22:34,423 :   311/   18 dest_loss=0.033505 future_loss=0.025478 offset_loss=0.026099 kld=0.023385 cd=-0.049509 en_pos=6.667170 en_neg=6.716679 pcd=True subgoal_reg=0.0036403664218276413 
2026-01-10 03:22:49,604 :   317/   18 dest_loss=0.166519 future_loss=0.106860 offset_loss=0.178118 kld=0.028704 cd=0.091733 en_pos=6.568614 en_neg=6.476881 pcd=True subgoal_reg=0.003998727856949686 
2026-01-10 03:23:04,890 :   323/   18 dest_loss=0.034266 future_loss=0.024993 offset_loss=0.027875 kld=0.024418 cd=-0.029748 en_pos=6.554317 en_neg=6.584064 pcd=True subgoal_reg=0.0032087374628943614 
2026-01-10 03:23:19,927 :   329/   18 dest_loss=0.034139 future_loss=0.025971 offset_loss=0.024731 kld=0.023642 cd=-0.092954 en_pos=6.318012 en_neg=6.410966 pcd=True subgoal_reg=0.0030284658445749327 
2026-01-10 03:23:35,116 :   335/   18 dest_loss=0.037954 future_loss=0.028220 offset_loss=0.032313 kld=0.024142 cd=0.038017 en_pos=6.409421 en_neg=6.371404 pcd=True subgoal_reg=0.003285646065096982 
2026-01-10 03:23:50,304 :   341/   18 dest_loss=0.034513 future_loss=0.024181 offset_loss=0.033889 kld=0.023731 cd=-0.156643 en_pos=6.354656 en_neg=6.511299 pcd=True subgoal_reg=0.0031280281011288515 
2026-01-10 03:24:05,526 :   347/   18 dest_loss=0.030700 future_loss=0.019764 offset_loss=0.031764 kld=0.024168 cd=0.283091 en_pos=6.685789 en_neg=6.402698 pcd=True subgoal_reg=0.00329651592458616 
2026-01-10 03:24:20,712 :   353/   18 dest_loss=0.038733 future_loss=0.027828 offset_loss=0.035397 kld=0.023873 cd=-0.097916 en_pos=6.287786 en_neg=6.385702 pcd=True subgoal_reg=0.003062253942960496 
2026-01-10 03:24:36,050 :   359/   18 dest_loss=0.033167 future_loss=0.024039 offset_loss=0.029560 kld=0.023093 cd=-0.052261 en_pos=6.401335 en_neg=6.453596 pcd=True subgoal_reg=0.00299064123269076 
2026-01-10 03:24:51,232 :   365/   18 dest_loss=0.037428 future_loss=0.027874 offset_loss=0.028754 kld=0.023731 cd=-0.069180 en_pos=6.497088 en_neg=6.566268 pcd=True subgoal_reg=0.003189065781537178 
2026-01-10 03:25:06,484 :   371/   18 dest_loss=0.029755 future_loss=0.021706 offset_loss=0.029201 kld=0.023478 cd=0.095002 en_pos=6.603377 en_neg=6.508374 pcd=True subgoal_reg=0.003154689242159666 
2026-01-10 03:25:21,716 :   377/   18 dest_loss=0.031765 future_loss=0.024441 offset_loss=0.029620 kld=0.024075 cd=-0.021421 en_pos=6.371316 en_neg=6.392737 pcd=True subgoal_reg=0.0030761727901985553 
2026-01-10 03:25:36,984 :   383/   18 dest_loss=0.035712 future_loss=0.026493 offset_loss=0.032161 kld=0.025395 cd=-0.129400 en_pos=6.375120 en_neg=6.504520 pcd=True subgoal_reg=0.0036897616183566248 
2026-01-10 03:25:52,136 :   389/   18 dest_loss=0.034589 future_loss=0.025835 offset_loss=0.029579 kld=0.024540 cd=0.082178 en_pos=6.447354 en_neg=6.365176 pcd=True subgoal_reg=0.00347712872478936 
2026-01-10 03:26:07,440 :   395/   18 dest_loss=0.036244 future_loss=0.024685 offset_loss=0.033504 kld=0.024036 cd=-0.362347 en_pos=6.371049 en_neg=6.733397 pcd=True subgoal_reg=0.0034931570253624524 
2026-01-10 03:26:22,653 :   401/   18 dest_loss=0.031990 future_loss=0.024500 offset_loss=0.025321 kld=0.024406 cd=-0.157092 en_pos=6.624638 en_neg=6.781730 pcd=True subgoal_reg=0.003596482995163079 
2026-01-10 03:26:37,732 :   407/   18 dest_loss=0.031228 future_loss=0.021837 offset_loss=0.029982 kld=0.024310 cd=0.033553 en_pos=6.427205 en_neg=6.393652 pcd=True subgoal_reg=0.003528653906857894 
2026-01-10 03:26:53,058 :   413/   18 dest_loss=0.038221 future_loss=0.025691 offset_loss=0.035821 kld=0.024930 cd=0.194249 en_pos=6.522504 en_neg=6.328255 pcd=True subgoal_reg=0.0035966484662687693 
2026-01-10 03:27:08,293 :   419/   18 dest_loss=0.032797 future_loss=0.022429 offset_loss=0.031452 kld=0.024490 cd=-0.227926 en_pos=6.407631 en_neg=6.635557 pcd=True subgoal_reg=0.003071467143536997 
2026-01-10 03:27:23,575 :   425/   18 dest_loss=0.034420 future_loss=0.025207 offset_loss=0.031230 kld=0.025604 cd=-0.000866 en_pos=6.541171 en_neg=6.542037 pcd=True subgoal_reg=0.003217702796824307 
2026-01-10 03:27:38,829 :   431/   18 dest_loss=0.131294 future_loss=0.096206 offset_loss=0.103625 kld=0.023768 cd=-0.245261 en_pos=6.451600 en_neg=6.696862 pcd=True subgoal_reg=0.0027850077292347836 
2026-01-10 03:27:54,032 :   437/   18 dest_loss=0.035878 future_loss=0.025970 offset_loss=0.028881 kld=0.023967 cd=0.083146 en_pos=6.469611 en_neg=6.386465 pcd=True subgoal_reg=0.0024585396304399832 
2026-01-10 03:28:09,213 :   443/   18 dest_loss=0.035380 future_loss=0.028969 offset_loss=0.023030 kld=0.023760 cd=-0.161039 en_pos=6.511270 en_neg=6.672310 pcd=True subgoal_reg=0.002767833159372902 
2026-01-10 03:28:24,439 :   449/   18 dest_loss=0.031254 future_loss=0.024412 offset_loss=0.026859 kld=0.023501 cd=0.224963 en_pos=6.484257 en_neg=6.259294 pcd=True subgoal_reg=0.0029981038581587786 
2026-01-10 03:28:39,754 :   455/   18 dest_loss=0.028937 future_loss=0.020190 offset_loss=0.029953 kld=0.023124 cd=0.056853 en_pos=6.492038 en_neg=6.435185 pcd=True subgoal_reg=0.002949892533480795 
2026-01-10 03:28:54,953 :   461/   18 dest_loss=0.101099 future_loss=0.088992 offset_loss=0.042230 kld=0.025735 cd=0.078923 en_pos=6.486207 en_neg=6.407284 pcd=True subgoal_reg=0.0029509363944857157 
2026-01-10 03:29:10,160 :   467/   18 dest_loss=0.034875 future_loss=0.027027 offset_loss=0.028864 kld=0.023630 cd=0.114880 en_pos=6.592806 en_neg=6.477926 pcd=True subgoal_reg=0.0029707655374959768 
2026-01-10 03:29:25,421 :   473/   18 dest_loss=0.029925 future_loss=0.022919 offset_loss=0.025382 kld=0.023979 cd=0.225185 en_pos=6.510043 en_neg=6.284858 pcd=True subgoal_reg=0.0032834356555539283 
2026-01-10 03:29:40,645 :   479/   18 dest_loss=0.036531 future_loss=0.028119 offset_loss=0.027869 kld=0.022918 cd=0.124023 en_pos=6.426036 en_neg=6.302014 pcd=True subgoal_reg=0.0027444837875628975 
2026-01-10 03:29:55,705 :   485/   18 dest_loss=0.041358 future_loss=0.032376 offset_loss=0.029770 kld=0.024079 cd=0.057953 en_pos=6.473878 en_neg=6.415925 pcd=True subgoal_reg=0.0027514135505653384 
2026-01-10 03:30:10,902 :   491/   18 dest_loss=0.035927 future_loss=0.028513 offset_loss=0.023775 kld=0.023774 cd=0.002421 en_pos=6.342724 en_neg=6.340303 pcd=True subgoal_reg=0.003043799665128397 
2026-01-10 03:30:26,116 :   497/   18 dest_loss=0.035942 future_loss=0.027461 offset_loss=0.029392 kld=0.023211 cd=-0.081076 en_pos=6.370029 en_neg=6.451105 pcd=True subgoal_reg=0.0032565735568682074 
2026-01-10 03:30:41,323 :   503/   18 dest_loss=0.032133 future_loss=0.024945 offset_loss=0.027880 kld=0.022991 cd=-0.217009 en_pos=6.407429 en_neg=6.624438 pcd=True subgoal_reg=0.003202432297830074 
2026-01-10 03:30:56,523 :   509/   18 dest_loss=0.035459 future_loss=0.027500 offset_loss=0.028196 kld=0.023688 cd=-0.385079 en_pos=6.304366 en_neg=6.689446 pcd=True subgoal_reg=0.003114282148049125 
2026-01-10 03:32:28,261 : Train Loss 93.02496118767671
2026-01-10 03:32:28,261 : Overall Loss 18.295405127314915
2026-01-10 03:32:28,261 : Dest Loss 23.70822337512475
2026-01-10 03:32:28,261 : Val ADE 0.1284504441589278
2026-01-10 03:32:28,261 : Val FDE 0.1577952668685075
2026-01-10 03:32:28,262 : Val Best ADE 0.1284504441589278
2026-01-10 03:32:28,262 : Val Best FDE 0.1577952668685075
2026-01-10 03:32:28,262 : ----->learning rate 0.0003125
2026-01-10 03:32:43,438 :     5/   19 dest_loss=0.035468 future_loss=0.026364 offset_loss=0.029059 kld=0.026004 cd=0.026412 en_pos=6.485945 en_neg=6.459534 pcd=True subgoal_reg=0.0033355940719387318 
2026-01-10 03:32:58,630 :    11/   19 dest_loss=0.036188 future_loss=0.029390 offset_loss=0.025232 kld=0.024396 cd=0.010946 en_pos=6.463332 en_neg=6.452386 pcd=True subgoal_reg=0.003438734766650925 
2026-01-10 03:33:13,842 :    17/   19 dest_loss=0.107053 future_loss=0.101375 offset_loss=0.087665 kld=0.025913 cd=-0.146618 en_pos=6.499286 en_neg=6.645905 pcd=True subgoal_reg=0.0036884886995045604 
2026-01-10 03:33:28,762 :    23/   19 dest_loss=0.035232 future_loss=0.024999 offset_loss=0.028363 kld=0.023436 cd=-0.054117 en_pos=6.547225 en_neg=6.601341 pcd=True subgoal_reg=0.003495186528237792 
2026-01-10 03:33:43,951 :    29/   19 dest_loss=0.037398 future_loss=0.028913 offset_loss=0.030393 kld=0.024582 cd=-0.009849 en_pos=6.536655 en_neg=6.546504 pcd=True subgoal_reg=0.003252426953053206 
2026-01-10 03:33:59,220 :    35/   19 dest_loss=0.032392 future_loss=0.025270 offset_loss=0.026790 kld=0.024151 cd=0.000115 en_pos=6.496557 en_neg=6.496442 pcd=True subgoal_reg=0.0028937781601356067 
2026-01-10 03:34:14,424 :    41/   19 dest_loss=0.039398 future_loss=0.028114 offset_loss=0.032266 kld=0.024156 cd=0.112658 en_pos=6.628707 en_neg=6.516049 pcd=True subgoal_reg=0.0037342161697911983 
2026-01-10 03:34:29,666 :    47/   19 dest_loss=0.034053 future_loss=0.025152 offset_loss=0.030296 kld=0.025028 cd=-0.032875 en_pos=6.456932 en_neg=6.489807 pcd=True subgoal_reg=0.003690111890878136 
2026-01-10 03:34:44,898 :    53/   19 dest_loss=0.213108 future_loss=0.162122 offset_loss=0.157540 kld=0.025436 cd=-0.024298 en_pos=6.408209 en_neg=6.432507 pcd=True subgoal_reg=0.003141075615574339 
2026-01-10 03:35:00,203 :    59/   19 dest_loss=0.037635 future_loss=0.028774 offset_loss=0.028618 kld=0.024569 cd=0.014627 en_pos=6.338802 en_neg=6.324175 pcd=True subgoal_reg=0.0029503660783247146 
2026-01-10 03:35:15,360 :    65/   19 dest_loss=0.107489 future_loss=0.075376 offset_loss=0.082496 kld=0.027116 cd=-0.017468 en_pos=6.591476 en_neg=6.608944 pcd=True subgoal_reg=0.003371324282283551 
2026-01-10 03:35:30,572 :    71/   19 dest_loss=0.035976 future_loss=0.026816 offset_loss=0.027500 kld=0.023933 cd=-0.018189 en_pos=6.688503 en_neg=6.706692 pcd=True subgoal_reg=0.0034495102968844444 
2026-01-10 03:35:45,895 :    77/   19 dest_loss=0.036241 future_loss=0.026135 offset_loss=0.027584 kld=0.024690 cd=0.111614 en_pos=6.558497 en_neg=6.446883 pcd=True subgoal_reg=0.003828389873167081 
2026-01-10 03:36:01,117 :    83/   19 dest_loss=0.135343 future_loss=0.116954 offset_loss=0.064453 kld=0.025683 cd=0.228766 en_pos=6.540417 en_neg=6.311651 pcd=True subgoal_reg=0.003114105625583329 
2026-01-10 03:36:16,342 :    89/   19 dest_loss=0.039822 future_loss=0.028791 offset_loss=0.032911 kld=0.023923 cd=0.011597 en_pos=6.497421 en_neg=6.485825 pcd=True subgoal_reg=0.0036463464233402174 
2026-01-10 03:36:31,334 :    95/   19 dest_loss=0.032707 future_loss=0.024230 offset_loss=0.029002 kld=0.024240 cd=0.004611 en_pos=6.296039 en_neg=6.291428 pcd=True subgoal_reg=0.003434079249233132 
2026-01-10 03:36:46,532 :   101/   19 dest_loss=0.033513 future_loss=0.024648 offset_loss=0.029967 kld=0.024889 cd=0.023783 en_pos=6.388330 en_neg=6.364547 pcd=True subgoal_reg=0.0033903258564845747 
2026-01-10 03:37:01,705 :   107/   19 dest_loss=0.033649 future_loss=0.023762 offset_loss=0.031327 kld=0.023609 cd=0.066888 en_pos=6.523359 en_neg=6.456471 pcd=True subgoal_reg=0.0030590731275564036 
2026-01-10 03:37:16,886 :   113/   19 dest_loss=0.076102 future_loss=0.067330 offset_loss=0.072120 kld=0.024022 cd=0.084769 en_pos=6.529854 en_neg=6.445085 pcd=True subgoal_reg=0.0026938874129874275 
2026-01-10 03:37:32,070 :   119/   19 dest_loss=0.039394 future_loss=0.028338 offset_loss=0.032940 kld=0.024241 cd=0.059302 en_pos=6.446741 en_neg=6.387439 pcd=True subgoal_reg=0.003150574921794461 
2026-01-10 03:37:47,335 :   125/   19 dest_loss=0.034125 future_loss=0.025738 offset_loss=0.029627 kld=0.024854 cd=-0.138572 en_pos=6.532009 en_neg=6.670581 pcd=True subgoal_reg=0.003374963330520099 
2026-01-10 03:38:02,522 :   131/   19 dest_loss=0.031946 future_loss=0.023680 offset_loss=0.026569 kld=0.025062 cd=0.253297 en_pos=6.616634 en_neg=6.363338 pcd=True subgoal_reg=0.00315884805457919 
2026-01-10 03:38:17,742 :   137/   19 dest_loss=0.037070 future_loss=0.027924 offset_loss=0.027891 kld=0.023656 cd=0.014528 en_pos=6.564907 en_neg=6.550380 pcd=True subgoal_reg=0.0029779059249789444 
2026-01-10 03:38:32,955 :   143/   19 dest_loss=0.025770 future_loss=0.019455 offset_loss=0.023457 kld=0.024836 cd=0.031352 en_pos=6.453161 en_neg=6.421809 pcd=True subgoal_reg=0.002988929533838204 
2026-01-10 03:38:48,189 :   149/   19 dest_loss=0.036907 future_loss=0.027484 offset_loss=0.031114 kld=0.024613 cd=-0.065122 en_pos=6.494038 en_neg=6.559160 pcd=True subgoal_reg=0.0032834559473747154 
2026-01-10 03:39:03,420 :   155/   19 dest_loss=0.102981 future_loss=0.068292 offset_loss=0.102262 kld=0.025911 cd=0.169103 en_pos=6.660986 en_neg=6.491883 pcd=True subgoal_reg=0.003388557910379957 
2026-01-10 03:39:18,651 :   161/   19 dest_loss=0.036534 future_loss=0.026861 offset_loss=0.032047 kld=0.025179 cd=-0.084703 en_pos=6.441215 en_neg=6.525919 pcd=True subgoal_reg=0.0032485568437575565 
2026-01-10 03:39:33,984 :   167/   19 dest_loss=0.029906 future_loss=0.022556 offset_loss=0.024804 kld=0.024594 cd=0.095299 en_pos=6.532278 en_neg=6.436979 pcd=True subgoal_reg=0.003103285987353742 
2026-01-10 03:39:48,960 :   173/   19 dest_loss=0.033662 future_loss=0.026000 offset_loss=0.028757 kld=0.023333 cd=-0.096507 en_pos=6.340458 en_neg=6.436966 pcd=True subgoal_reg=0.0029419891783431427 
2026-01-10 03:40:04,129 :   179/   19 dest_loss=0.035577 future_loss=0.026267 offset_loss=0.029710 kld=0.023891 cd=0.010103 en_pos=6.615024 en_neg=6.604922 pcd=True subgoal_reg=0.003179217383024113 
2026-01-10 03:40:19,418 :   185/   19 dest_loss=0.053707 future_loss=0.044008 offset_loss=0.038074 kld=0.024602 cd=-0.099270 en_pos=6.459395 en_neg=6.558666 pcd=True subgoal_reg=0.0033246526887376225 
2026-01-10 03:40:34,656 :   191/   19 dest_loss=0.029319 future_loss=0.022235 offset_loss=0.026186 kld=0.024492 cd=-0.028053 en_pos=6.572319 en_neg=6.600371 pcd=True subgoal_reg=0.003171056770664004 
2026-01-10 03:40:49,854 :   197/   19 dest_loss=0.033405 future_loss=0.024468 offset_loss=0.029345 kld=0.023946 cd=0.134694 en_pos=6.454947 en_neg=6.320253 pcd=True subgoal_reg=0.003027107373689342 
2026-01-10 03:41:05,163 :   203/   19 dest_loss=0.038592 future_loss=0.027563 offset_loss=0.032521 kld=0.025933 cd=0.085961 en_pos=6.544402 en_neg=6.458441 pcd=True subgoal_reg=0.0035531818398037082 
2026-01-10 03:41:20,444 :   209/   19 dest_loss=0.094839 future_loss=0.073610 offset_loss=0.079251 kld=0.023976 cd=0.007250 en_pos=6.368644 en_neg=6.361394 pcd=True subgoal_reg=0.0034618384357407543 
2026-01-10 03:41:35,696 :   215/   19 dest_loss=0.032217 future_loss=0.021801 offset_loss=0.030793 kld=0.024039 cd=0.092842 en_pos=6.537000 en_neg=6.444158 pcd=True subgoal_reg=0.0038275793899347934 
2026-01-10 03:41:50,914 :   221/   19 dest_loss=0.098408 future_loss=0.090104 offset_loss=0.073460 kld=0.026786 cd=0.155948 en_pos=6.631840 en_neg=6.475892 pcd=True subgoal_reg=0.0031792833821850056 
2026-01-10 03:42:06,110 :   227/   19 dest_loss=0.032699 future_loss=0.024350 offset_loss=0.027891 kld=0.024381 cd=0.101083 en_pos=6.405373 en_neg=6.304289 pcd=True subgoal_reg=0.0024834703119193664 
2026-01-10 03:42:21,276 :   233/   19 dest_loss=0.036918 future_loss=0.027866 offset_loss=0.029499 kld=0.023577 cd=-0.012008 en_pos=6.530310 en_neg=6.542318 pcd=True subgoal_reg=0.003003272356179787 
2026-01-10 03:42:36,558 :   239/   19 dest_loss=0.034903 future_loss=0.023529 offset_loss=0.034598 kld=0.023088 cd=-0.178766 en_pos=6.251084 en_neg=6.429850 pcd=True subgoal_reg=0.002691314000672802 
2026-01-10 03:42:51,727 :   245/   19 dest_loss=0.035074 future_loss=0.025915 offset_loss=0.028400 kld=0.023230 cd=0.121711 en_pos=6.559377 en_neg=6.437666 pcd=True subgoal_reg=0.003119765919486103 
2026-01-10 03:43:06,731 :   251/   19 dest_loss=0.037072 future_loss=0.027310 offset_loss=0.029731 kld=0.024296 cd=0.011111 en_pos=6.654851 en_neg=6.643740 pcd=True subgoal_reg=0.0034855629903290967 
2026-01-10 03:43:21,982 :   257/   19 dest_loss=0.030625 future_loss=0.023078 offset_loss=0.026776 kld=0.023335 cd=-0.103338 en_pos=6.411756 en_neg=6.515094 pcd=True subgoal_reg=0.0030998355226676657 
2026-01-10 03:43:37,276 :   263/   19 dest_loss=0.032678 future_loss=0.025166 offset_loss=0.024313 kld=0.023629 cd=-0.064945 en_pos=6.445201 en_neg=6.510146 pcd=True subgoal_reg=0.003265047182480119 
2026-01-10 03:43:52,476 :   269/   19 dest_loss=0.116844 future_loss=0.083128 offset_loss=0.150727 kld=0.024766 cd=0.184077 en_pos=6.515529 en_neg=6.331452 pcd=True subgoal_reg=0.0029604069729147046 
2026-01-10 03:44:07,759 :   275/   19 dest_loss=0.040134 future_loss=0.030210 offset_loss=0.029993 kld=0.024550 cd=-0.048653 en_pos=6.491089 en_neg=6.539742 pcd=True subgoal_reg=0.0023521114956929407 
2026-01-10 03:44:22,955 :   281/   19 dest_loss=0.033734 future_loss=0.026022 offset_loss=0.027883 kld=0.024576 cd=0.051005 en_pos=6.421425 en_neg=6.370420 pcd=True subgoal_reg=0.002894181133982926 
2026-01-10 03:44:38,229 :   287/   19 dest_loss=0.114218 future_loss=0.067392 offset_loss=0.118453 kld=0.025534 cd=-0.088718 en_pos=6.437173 en_neg=6.525891 pcd=True subgoal_reg=0.0035116217070836507 
2026-01-10 03:44:53,421 :   293/   19 dest_loss=0.034421 future_loss=0.025534 offset_loss=0.029268 kld=0.025042 cd=0.057654 en_pos=6.599270 en_neg=6.541616 pcd=True subgoal_reg=0.003142636813733387 
2026-01-10 03:45:08,708 :   299/   19 dest_loss=0.088792 future_loss=0.081155 offset_loss=0.093905 kld=0.026525 cd=0.227635 en_pos=6.719146 en_neg=6.491511 pcd=True subgoal_reg=0.0035634267363484702 
2026-01-10 03:45:23,907 :   305/   19 dest_loss=0.031261 future_loss=0.022830 offset_loss=0.026286 kld=0.024489 cd=0.004432 en_pos=6.579537 en_neg=6.575105 pcd=True subgoal_reg=0.003237138617949439 
2026-01-10 03:45:39,126 :   311/   19 dest_loss=0.035178 future_loss=0.025494 offset_loss=0.031632 kld=0.023870 cd=0.111217 en_pos=6.585798 en_neg=6.474581 pcd=True subgoal_reg=0.0029863287302448064 
2026-01-10 03:45:54,353 :   317/   19 dest_loss=0.028865 future_loss=0.021871 offset_loss=0.025720 kld=0.024341 cd=0.201248 en_pos=6.469877 en_neg=6.268629 pcd=True subgoal_reg=0.0030201765369764584 
2026-01-10 03:46:09,546 :   323/   19 dest_loss=0.038054 future_loss=0.027731 offset_loss=0.030880 kld=0.023995 cd=0.118595 en_pos=6.443173 en_neg=6.324578 pcd=True subgoal_reg=0.003545184230340327 
2026-01-10 03:46:24,571 :   329/   19 dest_loss=0.034872 future_loss=0.026197 offset_loss=0.030106 kld=0.023008 cd=0.056423 en_pos=6.412575 en_neg=6.356153 pcd=True subgoal_reg=0.0029671251305240726 
2026-01-10 03:46:39,892 :   335/   19 dest_loss=0.034858 future_loss=0.026897 offset_loss=0.029006 kld=0.023474 cd=-0.144772 en_pos=6.348760 en_neg=6.493532 pcd=True subgoal_reg=0.0032209009576934285 
2026-01-10 03:46:55,110 :   341/   19 dest_loss=0.031825 future_loss=0.024109 offset_loss=0.025049 kld=0.023286 cd=0.120985 en_pos=6.663315 en_neg=6.542330 pcd=True subgoal_reg=0.003178250918400213 
2026-01-10 03:47:10,383 :   347/   19 dest_loss=0.032990 future_loss=0.024240 offset_loss=0.029194 kld=0.024058 cd=-0.031384 en_pos=6.457571 en_neg=6.488955 pcd=True subgoal_reg=0.003039208465744462 
2026-01-10 03:47:25,745 :   353/   19 dest_loss=0.045290 future_loss=0.033878 offset_loss=0.044690 kld=0.022726 cd=-0.002236 en_pos=6.386399 en_neg=6.388634 pcd=True subgoal_reg=0.0033035016505450756 
2026-01-10 03:47:41,025 :   359/   19 dest_loss=0.029212 future_loss=0.020966 offset_loss=0.028212 kld=0.023984 cd=-0.065145 en_pos=6.419802 en_neg=6.484947 pcd=True subgoal_reg=0.0037544092223291956 
2026-01-10 03:47:56,192 :   365/   19 dest_loss=0.142651 future_loss=0.127083 offset_loss=0.118961 kld=0.026744 cd=-0.032908 en_pos=6.465419 en_neg=6.498327 pcd=True subgoal_reg=0.0033585269766929584 
2026-01-10 03:48:11,479 :   371/   19 dest_loss=0.035246 future_loss=0.025675 offset_loss=0.032202 kld=0.024113 cd=-0.099957 en_pos=6.394695 en_neg=6.494652 pcd=True subgoal_reg=0.003089833757028165 
2026-01-10 03:48:26,833 :   377/   19 dest_loss=0.034140 future_loss=0.025681 offset_loss=0.027537 kld=0.023558 cd=0.287058 en_pos=6.535477 en_neg=6.248419 pcd=True subgoal_reg=0.0027584444917358956 
2026-01-10 03:48:42,159 :   383/   19 dest_loss=0.039179 future_loss=0.029105 offset_loss=0.028735 kld=0.025275 cd=0.133562 en_pos=6.769954 en_neg=6.636393 pcd=True subgoal_reg=0.0030382165783377274 
2026-01-10 03:48:57,395 :   389/   19 dest_loss=0.032967 future_loss=0.023942 offset_loss=0.027540 kld=0.023507 cd=0.093899 en_pos=6.598136 en_neg=6.504238 pcd=True subgoal_reg=0.0027416554411665113 
2026-01-10 03:49:12,682 :   395/   19 dest_loss=0.034937 future_loss=0.026714 offset_loss=0.029375 kld=0.024964 cd=-0.054308 en_pos=6.389980 en_neg=6.444288 pcd=True subgoal_reg=0.0027397910374803327 
2026-01-10 03:49:27,928 :   401/   19 dest_loss=0.032670 future_loss=0.024691 offset_loss=0.029011 kld=0.025157 cd=0.242494 en_pos=6.686240 en_neg=6.443746 pcd=True subgoal_reg=0.0029966229566618353 
2026-01-10 03:49:43,014 :   407/   19 dest_loss=0.034166 future_loss=0.025149 offset_loss=0.028377 kld=0.025152 cd=0.062184 en_pos=6.530545 en_neg=6.468360 pcd=True subgoal_reg=0.002982616396178751 
2026-01-10 03:49:58,268 :   413/   19 dest_loss=0.033511 future_loss=0.024840 offset_loss=0.027548 kld=0.025130 cd=0.044884 en_pos=6.452533 en_neg=6.407649 pcd=True subgoal_reg=0.002676040062439978 
2026-01-10 03:50:13,474 :   419/   19 dest_loss=0.028423 future_loss=0.022024 offset_loss=0.025684 kld=0.024070 cd=-0.321471 en_pos=6.176261 en_neg=6.497732 pcd=True subgoal_reg=0.002866420596485019 
2026-01-10 03:50:28,800 :   425/   19 dest_loss=0.076923 future_loss=0.050020 offset_loss=0.102875 kld=0.023609 cd=-0.021836 en_pos=6.439567 en_neg=6.461403 pcd=True subgoal_reg=0.003295111816761044 
2026-01-10 03:50:44,095 :   431/   19 dest_loss=0.039548 future_loss=0.028095 offset_loss=0.030263 kld=0.025037 cd=0.248815 en_pos=6.657226 en_neg=6.408411 pcd=True subgoal_reg=0.003290824839543625 
2026-01-10 03:50:59,356 :   437/   19 dest_loss=0.050589 future_loss=0.045228 offset_loss=0.031676 kld=0.024528 cd=-0.048418 en_pos=6.461485 en_neg=6.509903 pcd=True subgoal_reg=0.002943927944111532 
2026-01-10 03:51:14,647 :   443/   19 dest_loss=0.038540 future_loss=0.028074 offset_loss=0.031714 kld=0.023503 cd=0.029142 en_pos=6.444760 en_neg=6.415619 pcd=True subgoal_reg=0.003007113498337662 
2026-01-10 03:51:29,909 :   449/   19 dest_loss=0.031552 future_loss=0.022751 offset_loss=0.027201 kld=0.023908 cd=-0.211294 en_pos=6.428593 en_neg=6.639887 pcd=True subgoal_reg=0.0033277233603159644 
2026-01-10 03:51:45,087 :   455/   19 dest_loss=0.033461 future_loss=0.023583 offset_loss=0.028748 kld=0.023835 cd=0.185488 en_pos=6.729633 en_neg=6.544145 pcd=True subgoal_reg=0.003496269645141585 
2026-01-10 03:52:00,299 :   461/   19 dest_loss=0.034352 future_loss=0.026171 offset_loss=0.028300 kld=0.024126 cd=-0.461322 en_pos=6.249079 en_neg=6.710402 pcd=True subgoal_reg=0.002589187289790422 
2026-01-10 03:52:15,600 :   467/   19 dest_loss=0.037344 future_loss=0.026174 offset_loss=0.033404 kld=0.023883 cd=-0.105471 en_pos=6.422474 en_neg=6.527944 pcd=True subgoal_reg=0.003384033280682864 
2026-01-10 03:52:30,842 :   473/   19 dest_loss=0.174298 future_loss=0.169073 offset_loss=0.091089 kld=0.025806 cd=-0.002491 en_pos=6.346728 en_neg=6.349220 pcd=True subgoal_reg=0.0029492440862743043 
2026-01-10 03:52:46,048 :   479/   19 dest_loss=0.028952 future_loss=0.020680 offset_loss=0.026543 kld=0.023611 cd=-0.077539 en_pos=6.324466 en_neg=6.402005 pcd=True subgoal_reg=0.0033666700513450853 
2026-01-10 03:53:01,107 :   485/   19 dest_loss=0.029527 future_loss=0.021373 offset_loss=0.027038 kld=0.024132 cd=-0.135420 en_pos=6.371177 en_neg=6.506597 pcd=True subgoal_reg=0.0032311475502562023 
2026-01-10 03:53:16,321 :   491/   19 dest_loss=0.028923 future_loss=0.021430 offset_loss=0.025769 kld=0.024700 cd=0.131049 en_pos=6.546639 en_neg=6.415590 pcd=True subgoal_reg=0.0030450247089034536 
2026-01-10 03:53:31,540 :   497/   19 dest_loss=0.029424 future_loss=0.021688 offset_loss=0.024451 kld=0.023366 cd=-0.252970 en_pos=6.423660 en_neg=6.676630 pcd=True subgoal_reg=0.0026660891617370334 
2026-01-10 03:53:46,759 :   503/   19 dest_loss=0.028372 future_loss=0.022205 offset_loss=0.024121 kld=0.023831 cd=-0.004702 en_pos=6.515876 en_neg=6.520579 pcd=True subgoal_reg=0.002559229926178827 
2026-01-10 03:54:01,967 :   509/   19 dest_loss=0.030167 future_loss=0.023286 offset_loss=0.025380 kld=0.023896 cd=0.132275 en_pos=6.420452 en_neg=6.288177 pcd=True subgoal_reg=0.0027935808998047758 
2026-01-10 03:55:33,635 : Train Loss 88.24293964042678
2026-01-10 03:55:33,636 : Overall Loss 17.878234875504276
2026-01-10 03:55:33,636 : Dest Loss 23.366721422597603
2026-01-10 03:55:33,636 : Val ADE 0.12632904102981857
2026-01-10 03:55:33,636 : Val FDE 0.1454956706276712
2026-01-10 03:55:33,636 : Val Best ADE 0.12632904102981857
2026-01-10 03:55:33,637 : Val Best FDE 0.1454956706276712
2026-01-10 03:55:33,637 : ----->learning rate 0.0003125
2026-01-10 03:55:48,835 :     5/   20 dest_loss=0.034132 future_loss=0.025603 offset_loss=0.026523 kld=0.023933 cd=-0.059428 en_pos=6.417747 en_neg=6.477175 pcd=True subgoal_reg=0.0027447821798223557 
2026-01-10 03:56:04,054 :    11/   20 dest_loss=0.032278 future_loss=0.024704 offset_loss=0.025594 kld=0.023983 cd=0.059182 en_pos=6.420338 en_neg=6.361156 pcd=True subgoal_reg=0.002755568770914287 
2026-01-10 03:56:19,078 :    17/   20 dest_loss=0.031987 future_loss=0.024105 offset_loss=0.025260 kld=0.024006 cd=0.042368 en_pos=6.514634 en_neg=6.472266 pcd=True subgoal_reg=0.002962641127129199 
2026-01-10 03:56:34,345 :    23/   20 dest_loss=0.032650 future_loss=0.024356 offset_loss=0.025107 kld=0.023477 cd=-0.107461 en_pos=6.468914 en_neg=6.576375 pcd=True subgoal_reg=0.003011542720352689 
2026-01-10 03:56:49,592 :    29/   20 dest_loss=0.032709 future_loss=0.025031 offset_loss=0.026170 kld=0.023527 cd=0.168548 en_pos=6.491149 en_neg=6.322601 pcd=True subgoal_reg=0.002919044760528673 
2026-01-10 03:57:04,869 :    35/   20 dest_loss=0.054474 future_loss=0.053186 offset_loss=0.035804 kld=0.023592 cd=-0.165875 en_pos=6.397860 en_neg=6.563734 pcd=True subgoal_reg=0.002784972654488258 
2026-01-10 03:57:20,092 :    41/   20 dest_loss=0.079719 future_loss=0.054938 offset_loss=0.061423 kld=0.023783 cd=-0.298553 en_pos=6.221838 en_neg=6.520391 pcd=True subgoal_reg=0.0028219399282694998 
2026-01-10 03:57:35,348 :    47/   20 dest_loss=0.032191 future_loss=0.025370 offset_loss=0.025558 kld=0.023603 cd=0.284309 en_pos=6.590825 en_neg=6.306516 pcd=True subgoal_reg=0.00279342735049146 
2026-01-10 03:57:50,661 :    53/   20 dest_loss=0.033794 future_loss=0.025304 offset_loss=0.026845 kld=0.025695 cd=-0.250542 en_pos=6.526349 en_neg=6.776891 pcd=True subgoal_reg=0.0028948926044154877 
2026-01-10 03:58:05,939 :    59/   20 dest_loss=0.032520 future_loss=0.025636 offset_loss=0.026755 kld=0.025105 cd=-0.242981 en_pos=6.326434 en_neg=6.569415 pcd=True subgoal_reg=0.0028255780888545214 
2026-01-10 03:58:21,080 :    65/   20 dest_loss=0.031482 future_loss=0.023182 offset_loss=0.026843 kld=0.024260 cd=0.070849 en_pos=6.394381 en_neg=6.323532 pcd=True subgoal_reg=0.003251235371932075 
2026-01-10 03:58:36,331 :    71/   20 dest_loss=0.036938 future_loss=0.027332 offset_loss=0.030430 kld=0.024700 cd=-0.045633 en_pos=6.584224 en_neg=6.629856 pcd=True subgoal_reg=0.003508824195770109 
2026-01-10 03:58:51,559 :    77/   20 dest_loss=0.030635 future_loss=0.022893 offset_loss=0.027206 kld=0.023634 cd=-0.095679 en_pos=6.404160 en_neg=6.499839 pcd=True subgoal_reg=0.0029979244865883776 
2026-01-10 03:59:06,835 :    83/   20 dest_loss=0.031836 future_loss=0.023649 offset_loss=0.025989 kld=0.023128 cd=0.028723 en_pos=6.459880 en_neg=6.431157 pcd=True subgoal_reg=0.0033137398530275397 
2026-01-10 03:59:21,945 :    89/   20 dest_loss=0.032378 future_loss=0.025986 offset_loss=0.022744 kld=0.023576 cd=-0.002935 en_pos=6.610349 en_neg=6.613285 pcd=True subgoal_reg=0.003068974693867912 
2026-01-10 03:59:37,189 :    95/   20 dest_loss=0.032331 future_loss=0.025109 offset_loss=0.027366 kld=0.025338 cd=-0.052652 en_pos=6.478788 en_neg=6.531440 pcd=True subgoal_reg=0.0029872055771165908 
2026-01-10 03:59:52,406 :   101/   20 dest_loss=0.030099 future_loss=0.022620 offset_loss=0.025966 kld=0.023719 cd=0.068605 en_pos=6.490933 en_neg=6.422328 pcd=True subgoal_reg=0.0030639971651472493 
2026-01-10 04:00:07,696 :   107/   20 dest_loss=0.099777 future_loss=0.075908 offset_loss=0.068624 kld=0.023229 cd=0.043698 en_pos=6.438784 en_neg=6.395086 pcd=True subgoal_reg=0.003236496071386639 
2026-01-10 04:00:22,956 :   113/   20 dest_loss=0.037467 future_loss=0.026956 offset_loss=0.031978 kld=0.023396 cd=-0.196937 en_pos=6.515061 en_neg=6.711999 pcd=True subgoal_reg=0.0032092009643160703 
2026-01-10 04:00:38,162 :   119/   20 dest_loss=0.033567 future_loss=0.024151 offset_loss=0.029990 kld=0.023255 cd=0.025797 en_pos=6.481159 en_neg=6.455362 pcd=True subgoal_reg=0.0032394786624560926 
2026-01-10 04:00:53,440 :   125/   20 dest_loss=0.029756 future_loss=0.021070 offset_loss=0.027620 kld=0.024552 cd=0.038330 en_pos=6.463649 en_neg=6.425319 pcd=True subgoal_reg=0.0031981378493148764 
2026-01-10 04:01:08,627 :   131/   20 dest_loss=0.105113 future_loss=0.077835 offset_loss=0.088122 kld=0.023025 cd=0.136545 en_pos=6.538597 en_neg=6.402052 pcd=True subgoal_reg=0.0032886362879563607 
2026-01-10 04:01:23,898 :   137/   20 dest_loss=0.033716 future_loss=0.025032 offset_loss=0.027557 kld=0.023976 cd=0.288036 en_pos=6.623660 en_neg=6.335624 pcd=True subgoal_reg=0.0032239382508264277 
2026-01-10 04:01:39,190 :   143/   20 dest_loss=0.033825 future_loss=0.024601 offset_loss=0.027634 kld=0.024160 cd=0.048081 en_pos=6.714592 en_neg=6.666511 pcd=True subgoal_reg=0.003009227471414262 
2026-01-10 04:01:54,459 :   149/   20 dest_loss=0.031479 future_loss=0.023431 offset_loss=0.027281 kld=0.024250 cd=0.284625 en_pos=6.651669 en_neg=6.367044 pcd=True subgoal_reg=0.002821742974721022 
2026-01-10 04:02:09,684 :   155/   20 dest_loss=0.031391 future_loss=0.023013 offset_loss=0.025972 kld=0.023806 cd=0.094559 en_pos=6.467180 en_neg=6.372621 pcd=True subgoal_reg=0.003009868542380695 
2026-01-10 04:02:24,889 :   161/   20 dest_loss=0.035714 future_loss=0.027431 offset_loss=0.028876 kld=0.024372 cd=0.162873 en_pos=6.350041 en_neg=6.187168 pcd=True subgoal_reg=0.002949843975998542 
2026-01-10 04:02:39,931 :   167/   20 dest_loss=0.042403 future_loss=0.031939 offset_loss=0.032477 kld=0.024626 cd=0.191022 en_pos=6.586049 en_neg=6.395027 pcd=True subgoal_reg=0.0029942660743973145 
2026-01-10 04:02:55,159 :   173/   20 dest_loss=0.033441 future_loss=0.025622 offset_loss=0.027040 kld=0.025680 cd=0.035274 en_pos=6.609751 en_neg=6.574476 pcd=True subgoal_reg=0.0029396457084417136 
2026-01-10 04:03:10,484 :   179/   20 dest_loss=0.033524 future_loss=0.025449 offset_loss=0.026355 kld=0.024437 cd=-0.060132 en_pos=6.541026 en_neg=6.601158 pcd=True subgoal_reg=0.0033506252232857504 
2026-01-10 04:03:25,800 :   185/   20 dest_loss=0.155772 future_loss=0.118235 offset_loss=0.133342 kld=0.024488 cd=-0.110301 en_pos=6.534027 en_neg=6.644327 pcd=True subgoal_reg=0.0034423833881751624 
2026-01-10 04:03:41,304 :   191/   20 dest_loss=0.036251 future_loss=0.027231 offset_loss=0.029009 kld=0.025272 cd=0.094842 en_pos=6.503070 en_neg=6.408228 pcd=True subgoal_reg=0.003127996708111502 
2026-01-10 04:03:56,691 :   197/   20 dest_loss=0.033221 future_loss=0.025858 offset_loss=0.026492 kld=0.024800 cd=-0.063702 en_pos=6.306385 en_neg=6.370088 pcd=True subgoal_reg=0.0027716189314727115 
2026-01-10 04:04:11,986 :   203/   20 dest_loss=0.033228 future_loss=0.025272 offset_loss=0.025876 kld=0.026395 cd=-0.058707 en_pos=6.483111 en_neg=6.541818 pcd=True subgoal_reg=0.0029533657121504804 
2026-01-10 04:04:27,306 :   209/   20 dest_loss=0.032806 future_loss=0.025625 offset_loss=0.026743 kld=0.025552 cd=0.008122 en_pos=6.458960 en_neg=6.450838 pcd=True subgoal_reg=0.003096301173239979 
2026-01-10 04:04:42,649 :   215/   20 dest_loss=0.033046 future_loss=0.025055 offset_loss=0.027735 kld=0.023076 cd=0.094044 en_pos=6.457232 en_neg=6.363188 pcd=True subgoal_reg=0.0029524890806183267 
2026-01-10 04:04:58,030 :   221/   20 dest_loss=0.032154 future_loss=0.025114 offset_loss=0.025993 kld=0.024863 cd=-0.086245 en_pos=6.598938 en_neg=6.685184 pcd=True subgoal_reg=0.0031661411815473274 
2026-01-10 04:05:13,301 :   227/   20 dest_loss=0.031415 future_loss=0.025470 offset_loss=0.025226 kld=0.024751 cd=-0.051014 en_pos=6.497456 en_neg=6.548471 pcd=True subgoal_reg=0.0029834967941359883 
2026-01-10 04:05:28,640 :   233/   20 dest_loss=0.036132 future_loss=0.026474 offset_loss=0.028543 kld=0.023133 cd=0.044383 en_pos=6.646514 en_neg=6.602131 pcd=True subgoal_reg=0.002991245172926994 
2026-01-10 04:05:43,915 :   239/   20 dest_loss=0.029432 future_loss=0.023227 offset_loss=0.024351 kld=0.025504 cd=0.108068 en_pos=6.556869 en_neg=6.448801 pcd=True subgoal_reg=0.003105749526603284 
2026-01-10 04:05:59,035 :   245/   20 dest_loss=0.081588 future_loss=0.051968 offset_loss=0.074407 kld=0.024723 cd=-0.101670 en_pos=6.504971 en_neg=6.606641 pcd=True subgoal_reg=0.0031494332292080806 
2026-01-10 04:06:14,406 :   251/   20 dest_loss=0.030642 future_loss=0.024127 offset_loss=0.024997 kld=0.024329 cd=-0.115328 en_pos=6.324528 en_neg=6.439856 pcd=True subgoal_reg=0.002720571549350988 
2026-01-10 04:06:29,749 :   257/   20 dest_loss=0.113514 future_loss=0.086798 offset_loss=0.084642 kld=0.025230 cd=0.229995 en_pos=6.662868 en_neg=6.432873 pcd=True subgoal_reg=0.002869681397323454 
2026-01-10 04:06:45,126 :   263/   20 dest_loss=0.039855 future_loss=0.030667 offset_loss=0.047598 kld=0.023753 cd=0.041187 en_pos=6.503142 en_neg=6.461955 pcd=True subgoal_reg=0.003035010518908382 
2026-01-10 04:07:00,461 :   269/   20 dest_loss=0.036825 future_loss=0.028328 offset_loss=0.028414 kld=0.024600 cd=0.033090 en_pos=6.483384 en_neg=6.450294 pcd=True subgoal_reg=0.0026576822434664985 
2026-01-10 04:07:15,740 :   275/   20 dest_loss=0.033790 future_loss=0.026524 offset_loss=0.026046 kld=0.025200 cd=-0.210571 en_pos=6.384848 en_neg=6.595419 pcd=True subgoal_reg=0.002685495392493428 
2026-01-10 04:07:31,013 :   281/   20 dest_loss=0.072977 future_loss=0.061663 offset_loss=0.073908 kld=0.024127 cd=-0.171833 en_pos=6.343269 en_neg=6.515102 pcd=True subgoal_reg=0.0026674486448387703 
2026-01-10 04:07:46,276 :   287/   20 dest_loss=0.029538 future_loss=0.023146 offset_loss=0.023633 kld=0.025154 cd=0.143138 en_pos=6.561769 en_neg=6.418631 pcd=True subgoal_reg=0.002891232260627241 
2026-01-10 04:08:01,557 :   293/   20 dest_loss=0.125932 future_loss=0.103620 offset_loss=0.096464 kld=0.025611 cd=0.115780 en_pos=6.531457 en_neg=6.415677 pcd=True subgoal_reg=0.003246256295581268 
2026-01-10 04:08:16,873 :   299/   20 dest_loss=0.199170 future_loss=0.133824 offset_loss=0.158356 kld=0.026260 cd=-0.052843 en_pos=6.545958 en_neg=6.598800 pcd=True subgoal_reg=0.0030163463842478528 
2026-01-10 04:08:32,204 :   305/   20 dest_loss=0.040290 future_loss=0.029128 offset_loss=0.030723 kld=0.023959 cd=-0.196102 en_pos=6.234549 en_neg=6.430650 pcd=True subgoal_reg=0.0032083183298597024 
2026-01-10 04:08:47,511 :   311/   20 dest_loss=0.034059 future_loss=0.025717 offset_loss=0.027056 kld=0.023651 cd=0.095655 en_pos=6.540274 en_neg=6.444619 pcd=True subgoal_reg=0.002852192539603578 
2026-01-10 04:09:02,766 :   317/   20 dest_loss=0.035884 future_loss=0.027307 offset_loss=0.028052 kld=0.023803 cd=-0.079619 en_pos=6.531575 en_neg=6.611194 pcd=True subgoal_reg=0.003164370282796817 
2026-01-10 04:09:17,946 :   323/   20 dest_loss=0.029776 future_loss=0.020314 offset_loss=0.028794 kld=0.023982 cd=-0.133484 en_pos=6.409990 en_neg=6.543474 pcd=True subgoal_reg=0.0032451383337503874 
2026-01-10 04:09:33,247 :   329/   20 dest_loss=0.032838 future_loss=0.023766 offset_loss=0.026320 kld=0.023150 cd=0.090406 en_pos=6.633734 en_neg=6.543327 pcd=True subgoal_reg=0.0029394495842748856 
2026-01-10 04:09:48,586 :   335/   20 dest_loss=0.030245 future_loss=0.021646 offset_loss=0.026976 kld=0.023544 cd=0.158119 en_pos=6.507428 en_neg=6.349309 pcd=True subgoal_reg=0.0028645366690796936 
2026-01-10 04:10:03,861 :   341/   20 dest_loss=0.037659 future_loss=0.027780 offset_loss=0.029444 kld=0.023657 cd=0.130615 en_pos=6.575632 en_neg=6.445017 pcd=True subgoal_reg=0.003426127405836599 
2026-01-10 04:10:19,202 :   347/   20 dest_loss=0.033117 future_loss=0.022635 offset_loss=0.029954 kld=0.023926 cd=-0.139940 en_pos=6.422066 en_neg=6.562006 pcd=True subgoal_reg=0.0031184286119520822 
2026-01-10 04:10:34,548 :   353/   20 dest_loss=0.031816 future_loss=0.023801 offset_loss=0.026851 kld=0.024231 cd=0.244848 en_pos=6.441912 en_neg=6.197064 pcd=True subgoal_reg=0.0029916814517532515 
2026-01-10 04:10:49,870 :   359/   20 dest_loss=0.033377 future_loss=0.025196 offset_loss=0.028185 kld=0.025729 cd=0.179264 en_pos=6.527436 en_neg=6.348172 pcd=True subgoal_reg=0.003277380962766608 
2026-01-10 04:11:05,225 :   365/   20 dest_loss=0.031106 future_loss=0.022472 offset_loss=0.026788 kld=0.024484 cd=-0.186866 en_pos=6.256151 en_neg=6.443017 pcd=True subgoal_reg=0.003217421172047796 
2026-01-10 04:11:20,501 :   371/   20 dest_loss=0.084952 future_loss=0.052600 offset_loss=0.057224 kld=0.023947 cd=0.123674 en_pos=6.693291 en_neg=6.569617 pcd=True subgoal_reg=0.0033678823946175747 
2026-01-10 04:11:35,814 :   377/   20 dest_loss=0.032263 future_loss=0.023724 offset_loss=0.027067 kld=0.023891 cd=-0.285964 en_pos=6.366881 en_neg=6.652846 pcd=True subgoal_reg=0.0030410087788851877 
2026-01-10 04:11:51,049 :   383/   20 dest_loss=0.039295 future_loss=0.029101 offset_loss=0.033046 kld=0.025668 cd=-0.247387 en_pos=6.386894 en_neg=6.634281 pcd=True subgoal_reg=0.003305503170627476 
2026-01-10 04:12:06,280 :   389/   20 dest_loss=0.034486 future_loss=0.024109 offset_loss=0.029539 kld=0.023525 cd=0.157956 en_pos=6.621128 en_neg=6.463172 pcd=True subgoal_reg=0.0030838513522267043 
2026-01-10 04:12:21,521 :   395/   20 dest_loss=0.036242 future_loss=0.025896 offset_loss=0.029529 kld=0.024190 cd=0.113951 en_pos=6.577547 en_neg=6.463596 pcd=True subgoal_reg=0.0033551392250721094 
2026-01-10 04:12:36,629 :   401/   20 dest_loss=0.037599 future_loss=0.026876 offset_loss=0.031516 kld=0.025019 cd=0.012663 en_pos=6.468526 en_neg=6.455863 pcd=True subgoal_reg=0.003034421887513267 
2026-01-10 04:12:51,954 :   407/   20 dest_loss=0.033813 future_loss=0.025296 offset_loss=0.028341 kld=0.024725 cd=-0.059561 en_pos=6.396427 en_neg=6.455987 pcd=True subgoal_reg=0.0027803304121827317 
2026-01-10 04:13:07,227 :   413/   20 dest_loss=0.033505 future_loss=0.024981 offset_loss=0.027897 kld=0.024444 cd=0.130597 en_pos=6.431472 en_neg=6.300875 pcd=True subgoal_reg=0.002835967572514462 
2026-01-10 04:13:22,543 :   419/   20 dest_loss=0.033735 future_loss=0.024542 offset_loss=0.028159 kld=0.024894 cd=0.136202 en_pos=6.554148 en_neg=6.417946 pcd=True subgoal_reg=0.0030123048266640882 
2026-01-10 04:13:37,759 :   425/   20 dest_loss=0.033393 future_loss=0.025269 offset_loss=0.028949 kld=0.024732 cd=-0.093714 en_pos=6.433377 en_neg=6.527091 pcd=True subgoal_reg=0.002734198250940618 
2026-01-10 04:13:53,006 :   431/   20 dest_loss=0.034468 future_loss=0.025049 offset_loss=0.029225 kld=0.024490 cd=0.084210 en_pos=6.440355 en_neg=6.356145 pcd=True subgoal_reg=0.0030898568794775925 
2026-01-10 04:14:08,234 :   437/   20 dest_loss=0.033066 future_loss=0.024474 offset_loss=0.028447 kld=0.024739 cd=0.071940 en_pos=6.452210 en_neg=6.380270 pcd=True subgoal_reg=0.003193505534430187 
2026-01-10 04:14:23,396 :   443/   20 dest_loss=0.035044 future_loss=0.025663 offset_loss=0.030687 kld=0.025445 cd=0.073964 en_pos=6.584533 en_neg=6.510568 pcd=True subgoal_reg=0.003417947225623233 
2026-01-10 04:14:38,664 :   449/   20 dest_loss=0.033687 future_loss=0.022230 offset_loss=0.032196 kld=0.023458 cd=0.027587 en_pos=6.489119 en_neg=6.461532 pcd=True subgoal_reg=0.003169784039328512 
2026-01-10 04:14:53,856 :   455/   20 dest_loss=0.035068 future_loss=0.026245 offset_loss=0.030334 kld=0.024601 cd=0.181708 en_pos=6.496409 en_neg=6.314702 pcd=True subgoal_reg=0.003079495515842208 
2026-01-10 04:15:09,054 :   461/   20 dest_loss=0.028736 future_loss=0.021792 offset_loss=0.025146 kld=0.024816 cd=-0.251581 en_pos=6.400031 en_neg=6.651611 pcd=True subgoal_reg=0.002964604688221791 
2026-01-10 04:15:24,320 :   467/   20 dest_loss=0.030874 future_loss=0.022816 offset_loss=0.025688 kld=0.025065 cd=0.019137 en_pos=6.542930 en_neg=6.523793 pcd=True subgoal_reg=0.0029754169178809334 
2026-01-10 04:15:39,566 :   473/   20 dest_loss=0.035271 future_loss=0.023294 offset_loss=0.032691 kld=0.023799 cd=0.026927 en_pos=6.546121 en_neg=6.519194 pcd=True subgoal_reg=0.0032704730987285764 
2026-01-10 04:15:54,606 :   479/   20 dest_loss=0.035934 future_loss=0.024525 offset_loss=0.031557 kld=0.023954 cd=-0.150724 en_pos=6.384271 en_neg=6.534995 pcd=True subgoal_reg=0.0030214931018062094 
2026-01-10 04:16:09,814 :   485/   20 dest_loss=0.028702 future_loss=0.021474 offset_loss=0.024966 kld=0.023691 cd=0.080524 en_pos=6.425962 en_neg=6.345438 pcd=True subgoal_reg=0.003033880312421146 
2026-01-10 04:16:25,029 :   491/   20 dest_loss=0.035070 future_loss=0.026761 offset_loss=0.029160 kld=0.024482 cd=-0.045474 en_pos=6.434170 en_neg=6.479644 pcd=True subgoal_reg=0.003043244188700339 
2026-01-10 04:16:40,293 :   497/   20 dest_loss=0.090286 future_loss=0.057286 offset_loss=0.099587 kld=0.025046 cd=-0.170829 en_pos=6.455075 en_neg=6.625904 pcd=True subgoal_reg=0.0028437193633877667 
2026-01-10 04:16:55,525 :   503/   20 dest_loss=0.034753 future_loss=0.024436 offset_loss=0.027519 kld=0.023528 cd=-0.048306 en_pos=6.516720 en_neg=6.565026 pcd=True subgoal_reg=0.0029146265129928106 
2026-01-10 04:17:10,816 :   509/   20 dest_loss=0.041175 future_loss=0.031108 offset_loss=0.031331 kld=0.024722 cd=-0.188192 en_pos=6.323844 en_neg=6.512036 pcd=True subgoal_reg=0.002731076369978277 
2026-01-10 04:18:42,631 : Train Loss 88.52557646088195
2026-01-10 04:18:42,631 : Overall Loss 16.989692645604467
2026-01-10 04:18:42,631 : Dest Loss 22.354905327824863
2026-01-10 04:18:42,631 : Val ADE 0.12176861076117272
2026-01-10 04:18:42,632 : Val FDE 0.14880452622666965
2026-01-10 04:18:42,632 : Val Best ADE 0.12176861076117272
2026-01-10 04:18:42,632 : Val Best FDE 0.14880452622666965
2026-01-10 04:18:42,632 : ----->learning rate 0.00015625
2026-01-10 04:18:57,820 :     5/   21 dest_loss=0.033484 future_loss=0.025615 offset_loss=0.025448 kld=0.025819 cd=-0.135937 en_pos=6.455300 en_neg=6.591237 pcd=True subgoal_reg=0.0028284676289028372 
2026-01-10 04:19:12,984 :    11/   21 dest_loss=0.140743 future_loss=0.133804 offset_loss=0.078303 kld=0.026322 cd=0.230808 en_pos=6.469393 en_neg=6.238585 pcd=True subgoal_reg=0.0029866516009789414 
2026-01-10 04:19:28,159 :    17/   21 dest_loss=0.063246 future_loss=0.047027 offset_loss=0.085214 kld=0.025120 cd=-0.073878 en_pos=6.710923 en_neg=6.784801 pcd=True subgoal_reg=0.003243851425267374 
2026-01-10 04:19:43,177 :    23/   21 dest_loss=0.035232 future_loss=0.025990 offset_loss=0.028632 kld=0.023820 cd=-0.065088 en_pos=6.291023 en_neg=6.356111 pcd=True subgoal_reg=0.003100132252377346 
2026-01-10 04:19:58,455 :    29/   21 dest_loss=0.036202 future_loss=0.027166 offset_loss=0.030184 kld=0.024269 cd=-0.035102 en_pos=6.365219 en_neg=6.400321 pcd=True subgoal_reg=0.0031106411135176774 
2026-01-10 04:20:13,666 :    35/   21 dest_loss=0.029660 future_loss=0.023156 offset_loss=0.025499 kld=0.023709 cd=0.026225 en_pos=6.374995 en_neg=6.348770 pcd=True subgoal_reg=0.0027814052577520365 
2026-01-10 04:20:28,823 :    41/   21 dest_loss=0.036746 future_loss=0.028232 offset_loss=0.026505 kld=0.022962 cd=-0.172703 en_pos=6.410729 en_neg=6.583432 pcd=True subgoal_reg=0.002853178721737453 
2026-01-10 04:20:44,093 :    47/   21 dest_loss=0.033155 future_loss=0.023097 offset_loss=0.032008 kld=0.023347 cd=-0.024260 en_pos=6.466937 en_neg=6.491197 pcd=True subgoal_reg=0.0030273961663467774 
2026-01-10 04:20:59,274 :    53/   21 dest_loss=0.037884 future_loss=0.030656 offset_loss=0.024219 kld=0.023872 cd=-0.152402 en_pos=6.506649 en_neg=6.659050 pcd=True subgoal_reg=0.002873272524839623 
2026-01-10 04:21:14,510 :    59/   21 dest_loss=0.101411 future_loss=0.086449 offset_loss=0.087045 kld=0.025408 cd=-0.103690 en_pos=6.328912 en_neg=6.432602 pcd=True subgoal_reg=0.0032954088896447794 
2026-01-10 04:21:29,669 :    65/   21 dest_loss=0.029546 future_loss=0.021229 offset_loss=0.025417 kld=0.023656 cd=-0.048422 en_pos=6.443496 en_neg=6.491918 pcd=True subgoal_reg=0.0032630070606563637 
2026-01-10 04:21:44,824 :    71/   21 dest_loss=0.031819 future_loss=0.023584 offset_loss=0.027044 kld=0.023801 cd=0.011445 en_pos=6.388266 en_neg=6.376821 pcd=True subgoal_reg=0.003085243663275942 
2026-01-10 04:22:00,010 :    77/   21 dest_loss=0.036839 future_loss=0.027742 offset_loss=0.028776 kld=0.025007 cd=0.093129 en_pos=6.548187 en_neg=6.455057 pcd=True subgoal_reg=0.003162673033974108 
2026-01-10 04:22:15,137 :    83/   21 dest_loss=0.042404 future_loss=0.031617 offset_loss=0.031554 kld=0.024444 cd=0.264320 en_pos=6.589069 en_neg=6.324750 pcd=True subgoal_reg=0.0030135524659746834 
2026-01-10 04:22:30,481 :    89/   21 dest_loss=0.033042 future_loss=0.024693 offset_loss=0.026793 kld=0.023434 cd=-0.079924 en_pos=6.330455 en_neg=6.410379 pcd=True subgoal_reg=0.0026627399807469046 
2026-01-10 04:22:45,608 :    95/   21 dest_loss=0.232416 future_loss=0.183121 offset_loss=0.100475 kld=0.027577 cd=0.105391 en_pos=6.448626 en_neg=6.343236 pcd=True subgoal_reg=0.002628745723055724 
2026-01-10 04:23:00,800 :   101/   21 dest_loss=0.153096 future_loss=0.137410 offset_loss=0.085622 kld=0.026357 cd=-0.268968 en_pos=6.339802 en_neg=6.608770 pcd=True subgoal_reg=0.0032956198737533254 
2026-01-10 04:23:15,996 :   107/   21 dest_loss=0.034373 future_loss=0.024514 offset_loss=0.030407 kld=0.023759 cd=-0.079539 en_pos=6.192347 en_neg=6.271886 pcd=True subgoal_reg=0.0033638730860145434 
2026-01-10 04:23:31,296 :   113/   21 dest_loss=0.031448 future_loss=0.022955 offset_loss=0.026124 kld=0.022979 cd=0.124397 en_pos=6.459596 en_neg=6.335199 pcd=True subgoal_reg=0.0031978987206909663 
2026-01-10 04:23:46,516 :   119/   21 dest_loss=0.096809 future_loss=0.061064 offset_loss=0.068621 kld=0.025690 cd=-0.089458 en_pos=6.496862 en_neg=6.586319 pcd=True subgoal_reg=0.0031854215215807906 
2026-01-10 04:24:01,708 :   125/   21 dest_loss=0.038572 future_loss=0.028019 offset_loss=0.030221 kld=0.025024 cd=0.067573 en_pos=6.651918 en_neg=6.584345 pcd=True subgoal_reg=0.0029119017223804802 
2026-01-10 04:24:16,916 :   131/   21 dest_loss=0.034229 future_loss=0.024007 offset_loss=0.031701 kld=0.023622 cd=-0.042970 en_pos=6.418544 en_neg=6.461514 pcd=True subgoal_reg=0.0027001768155906396 
2026-01-10 04:24:32,120 :   137/   21 dest_loss=0.030805 future_loss=0.021567 offset_loss=0.026844 kld=0.023753 cd=0.126671 en_pos=6.597241 en_neg=6.470570 pcd=True subgoal_reg=0.0030691844271732937 
2026-01-10 04:24:47,382 :   143/   21 dest_loss=0.032586 future_loss=0.023679 offset_loss=0.028806 kld=0.022549 cd=-0.079306 en_pos=6.246309 en_neg=6.325615 pcd=True subgoal_reg=0.0029638289596925233 
2026-01-10 04:25:02,630 :   149/   21 dest_loss=0.028341 future_loss=0.020954 offset_loss=0.025447 kld=0.023969 cd=-0.145947 en_pos=6.463083 en_neg=6.609030 pcd=True subgoal_reg=0.0034629507889344952 
2026-01-10 04:25:17,929 :   155/   21 dest_loss=0.023484 future_loss=0.017489 offset_loss=0.022083 kld=0.023857 cd=0.007411 en_pos=6.403200 en_neg=6.395789 pcd=True subgoal_reg=0.0032049280612105467 
2026-01-10 04:25:33,248 :   161/   21 dest_loss=0.026765 future_loss=0.020287 offset_loss=0.024613 kld=0.024504 cd=0.063699 en_pos=6.414543 en_neg=6.350843 pcd=True subgoal_reg=0.002960204476693842 
2026-01-10 04:25:48,493 :   167/   21 dest_loss=0.177610 future_loss=0.158967 offset_loss=0.085601 kld=0.026634 cd=0.063917 en_pos=6.446819 en_neg=6.382902 pcd=True subgoal_reg=0.0032932449145875254 
2026-01-10 04:26:03,555 :   173/   21 dest_loss=0.032910 future_loss=0.024126 offset_loss=0.027284 kld=0.024762 cd=-0.256180 en_pos=6.397619 en_neg=6.653799 pcd=True subgoal_reg=0.0029454519179877223 
2026-01-10 04:26:18,789 :   179/   21 dest_loss=0.036778 future_loss=0.025745 offset_loss=0.031027 kld=0.024323 cd=-0.172786 en_pos=6.346713 en_neg=6.519499 pcd=True subgoal_reg=0.0030641038735725423 
2026-01-10 04:26:34,069 :   185/   21 dest_loss=0.034337 future_loss=0.025136 offset_loss=0.029069 kld=0.024384 cd=-0.179669 en_pos=6.364098 en_neg=6.543767 pcd=True subgoal_reg=0.002929173028240779 
2026-01-10 04:26:49,375 :   191/   21 dest_loss=0.031933 future_loss=0.022554 offset_loss=0.027413 kld=0.024466 cd=-0.197827 en_pos=6.412917 en_neg=6.610744 pcd=True subgoal_reg=0.002970718987233045 
2026-01-10 04:27:04,645 :   197/   21 dest_loss=0.031200 future_loss=0.022484 offset_loss=0.027664 kld=0.024560 cd=0.029394 en_pos=6.369897 en_neg=6.340503 pcd=True subgoal_reg=0.003028035890436008 
2026-01-10 04:27:19,985 :   203/   21 dest_loss=0.029893 future_loss=0.022279 offset_loss=0.026568 kld=0.023257 cd=-0.111092 en_pos=6.584244 en_neg=6.695336 pcd=True subgoal_reg=0.002888714885939082 
2026-01-10 04:27:35,351 :   209/   21 dest_loss=0.031156 future_loss=0.021230 offset_loss=0.030601 kld=0.022922 cd=0.062643 en_pos=6.379050 en_neg=6.316406 pcd=True subgoal_reg=0.002902364795801406 
2026-01-10 04:27:50,665 :   215/   21 dest_loss=0.033302 future_loss=0.023719 offset_loss=0.027932 kld=0.024167 cd=0.116800 en_pos=6.462966 en_neg=6.346167 pcd=True subgoal_reg=0.003265167931500442 
2026-01-10 04:28:05,854 :   221/   21 dest_loss=0.036486 future_loss=0.026326 offset_loss=0.031941 kld=0.024748 cd=0.076250 en_pos=6.611900 en_neg=6.535650 pcd=True subgoal_reg=0.003187029071856887 
2026-01-10 04:28:21,081 :   227/   21 dest_loss=0.033672 future_loss=0.023334 offset_loss=0.030174 kld=0.023732 cd=-0.106692 en_pos=6.542335 en_neg=6.649027 pcd=True subgoal_reg=0.0031296245125106395 
2026-01-10 04:28:36,249 :   233/   21 dest_loss=0.032955 future_loss=0.024109 offset_loss=0.028725 kld=0.023260 cd=-0.214000 en_pos=6.331977 en_neg=6.545978 pcd=True subgoal_reg=0.002917598928230833 
2026-01-10 04:28:51,473 :   239/   21 dest_loss=0.030662 future_loss=0.022757 offset_loss=0.024859 kld=0.023621 cd=0.147497 en_pos=6.804305 en_neg=6.656808 pcd=True subgoal_reg=0.003550175169932747 
2026-01-10 04:29:06,754 :   245/   21 dest_loss=0.034041 future_loss=0.024561 offset_loss=0.029305 kld=0.024440 cd=0.031259 en_pos=6.439623 en_neg=6.408365 pcd=True subgoal_reg=0.003116747585491798 
2026-01-10 04:29:21,843 :   251/   21 dest_loss=0.033435 future_loss=0.024048 offset_loss=0.028507 kld=0.024725 cd=0.039338 en_pos=6.482361 en_neg=6.443023 pcd=True subgoal_reg=0.0029989620327256212 
2026-01-10 04:29:37,108 :   257/   21 dest_loss=0.034171 future_loss=0.024163 offset_loss=0.030619 kld=0.024918 cd=-0.083506 en_pos=6.523955 en_neg=6.607461 pcd=True subgoal_reg=0.0032333059283722993 
2026-01-10 04:29:52,392 :   263/   21 dest_loss=0.030581 future_loss=0.023153 offset_loss=0.026000 kld=0.024675 cd=-0.052613 en_pos=6.264392 en_neg=6.317005 pcd=True subgoal_reg=0.0027684071883883232 
2026-01-10 04:30:07,575 :   269/   21 dest_loss=0.036334 future_loss=0.027545 offset_loss=0.025532 kld=0.024145 cd=-0.050393 en_pos=6.481642 en_neg=6.532035 pcd=True subgoal_reg=0.0026765176951815046 
2026-01-10 04:30:22,890 :   275/   21 dest_loss=0.092939 future_loss=0.085950 offset_loss=0.061495 kld=0.025141 cd=-0.008853 en_pos=6.392462 en_neg=6.401315 pcd=True subgoal_reg=0.0025083523742050924 
2026-01-10 04:30:38,081 :   281/   21 dest_loss=0.056694 future_loss=0.049390 offset_loss=0.080675 kld=0.023705 cd=-0.048751 en_pos=6.369407 en_neg=6.418158 pcd=True subgoal_reg=0.0027816957392375564 
2026-01-10 04:30:53,242 :   287/   21 dest_loss=0.226496 future_loss=0.190249 offset_loss=0.109937 kld=0.028732 cd=-0.087907 en_pos=6.535737 en_neg=6.623644 pcd=True subgoal_reg=0.0027298767154039973 
2026-01-10 04:31:08,439 :   293/   21 dest_loss=0.033343 future_loss=0.024449 offset_loss=0.027999 kld=0.023914 cd=-0.179322 en_pos=6.302120 en_neg=6.481442 pcd=True subgoal_reg=0.002967668284136376 
2026-01-10 04:31:23,681 :   299/   21 dest_loss=0.036721 future_loss=0.024406 offset_loss=0.035432 kld=0.023889 cd=0.117394 en_pos=6.525784 en_neg=6.408390 pcd=True subgoal_reg=0.0033453221423868688 
2026-01-10 04:31:38,917 :   305/   21 dest_loss=0.026024 future_loss=0.018902 offset_loss=0.023209 kld=0.023463 cd=0.038000 en_pos=6.490473 en_neg=6.452474 pcd=True subgoal_reg=0.003112016642951505 
2026-01-10 04:31:54,058 :   311/   21 dest_loss=0.034174 future_loss=0.024788 offset_loss=0.029631 kld=0.023845 cd=0.176283 en_pos=6.627666 en_neg=6.451384 pcd=True subgoal_reg=0.0030974295129826785 
2026-01-10 04:32:09,325 :   317/   21 dest_loss=0.036606 future_loss=0.026070 offset_loss=0.030314 kld=0.024032 cd=0.064831 en_pos=6.472955 en_neg=6.408125 pcd=True subgoal_reg=0.0033100895138435346 
2026-01-10 04:32:24,498 :   323/   21 dest_loss=0.031876 future_loss=0.023409 offset_loss=0.027407 kld=0.023309 cd=-0.045350 en_pos=6.388416 en_neg=6.433765 pcd=True subgoal_reg=0.002798150598527702 
2026-01-10 04:32:39,528 :   329/   21 dest_loss=0.032651 future_loss=0.024191 offset_loss=0.028239 kld=0.024820 cd=-0.215088 en_pos=6.432223 en_neg=6.647311 pcd=True subgoal_reg=0.0027408885063058275 
2026-01-10 04:32:54,732 :   335/   21 dest_loss=0.036418 future_loss=0.026217 offset_loss=0.030681 kld=0.026037 cd=-0.240022 en_pos=6.505998 en_neg=6.746021 pcd=True subgoal_reg=0.003357226217054266 
2026-01-10 04:33:09,921 :   341/   21 dest_loss=0.030692 future_loss=0.021041 offset_loss=0.029961 kld=0.023085 cd=-0.090230 en_pos=6.415987 en_neg=6.506217 pcd=True subgoal_reg=0.002944034006069616 
2026-01-10 04:33:25,060 :   347/   21 dest_loss=0.039606 future_loss=0.029001 offset_loss=0.027912 kld=0.023636 cd=-0.087369 en_pos=6.485540 en_neg=6.572909 pcd=True subgoal_reg=0.003090613243295513 
2026-01-10 04:33:40,270 :   353/   21 dest_loss=0.031606 future_loss=0.022096 offset_loss=0.029221 kld=0.024018 cd=-0.043515 en_pos=6.302049 en_neg=6.345564 pcd=True subgoal_reg=0.002943271120243204 
2026-01-10 04:33:55,426 :   359/   21 dest_loss=0.032273 future_loss=0.022947 offset_loss=0.028826 kld=0.024966 cd=0.143057 en_pos=6.566786 en_neg=6.423729 pcd=True subgoal_reg=0.0031916003537693803 
2026-01-10 04:34:10,645 :   365/   21 dest_loss=0.033449 future_loss=0.022778 offset_loss=0.030789 kld=0.023567 cd=-0.152522 en_pos=6.582534 en_neg=6.735056 pcd=True subgoal_reg=0.003004551939929974 
2026-01-10 04:34:25,874 :   371/   21 dest_loss=0.029353 future_loss=0.021240 offset_loss=0.028766 kld=0.024835 cd=-0.410125 en_pos=6.290805 en_neg=6.700931 pcd=True subgoal_reg=0.0027923877331796753 
2026-01-10 04:34:41,161 :   377/   21 dest_loss=0.121915 future_loss=0.079231 offset_loss=0.105703 kld=0.023421 cd=-0.010569 en_pos=6.484104 en_neg=6.494674 pcd=True subgoal_reg=0.003180958749047336 
2026-01-10 04:34:56,398 :   383/   21 dest_loss=0.033801 future_loss=0.024162 offset_loss=0.030110 kld=0.024351 cd=-0.095111 en_pos=6.499904 en_neg=6.595015 pcd=True subgoal_reg=0.0028119820486399586 
2026-01-10 04:35:11,678 :   389/   21 dest_loss=0.029916 future_loss=0.021692 offset_loss=0.026806 kld=0.023885 cd=0.231578 en_pos=6.731048 en_neg=6.499471 pcd=True subgoal_reg=0.0030764112185814752 
2026-01-10 04:35:26,931 :   395/   21 dest_loss=0.029614 future_loss=0.021216 offset_loss=0.026653 kld=0.024024 cd=-0.244846 en_pos=6.372593 en_neg=6.617439 pcd=True subgoal_reg=0.0028651147032938548 
2026-01-10 04:35:42,141 :   401/   21 dest_loss=0.033111 future_loss=0.023365 offset_loss=0.028229 kld=0.024086 cd=-0.038000 en_pos=6.466314 en_neg=6.504313 pcd=True subgoal_reg=0.002819575863186262 
2026-01-10 04:35:57,159 :   407/   21 dest_loss=0.034429 future_loss=0.025544 offset_loss=0.027680 kld=0.023821 cd=0.027725 en_pos=6.425364 en_neg=6.397639 pcd=True subgoal_reg=0.0027690550919576866 
2026-01-10 04:36:12,438 :   413/   21 dest_loss=0.026923 future_loss=0.019777 offset_loss=0.025005 kld=0.023500 cd=0.147989 en_pos=6.495413 en_neg=6.347424 pcd=True subgoal_reg=0.0027011379873137006 
2026-01-10 04:36:27,656 :   419/   21 dest_loss=0.031493 future_loss=0.021787 offset_loss=0.025818 kld=0.023560 cd=-0.171363 en_pos=6.398778 en_neg=6.570141 pcd=True subgoal_reg=0.0030886767716799077 
2026-01-10 04:36:42,989 :   425/   21 dest_loss=0.036300 future_loss=0.025010 offset_loss=0.030034 kld=0.023734 cd=-0.187699 en_pos=6.436880 en_neg=6.624578 pcd=True subgoal_reg=0.003119075094708087 
2026-01-10 04:36:58,193 :   431/   21 dest_loss=0.030505 future_loss=0.021118 offset_loss=0.027682 kld=0.023386 cd=0.136655 en_pos=6.483717 en_neg=6.347062 pcd=True subgoal_reg=0.003148366665963547 
2026-01-10 04:37:13,423 :   437/   21 dest_loss=0.031241 future_loss=0.022125 offset_loss=0.026915 kld=0.024096 cd=0.139084 en_pos=6.342949 en_neg=6.203865 pcd=True subgoal_reg=0.002994065101200044 
2026-01-10 04:37:28,713 :   443/   21 dest_loss=0.035110 future_loss=0.022577 offset_loss=0.036225 kld=0.023426 cd=-0.090525 en_pos=6.417986 en_neg=6.508511 pcd=True subgoal_reg=0.0028982911036969546 
2026-01-10 04:37:43,924 :   449/   21 dest_loss=0.031461 future_loss=0.022632 offset_loss=0.027003 kld=0.022941 cd=-0.229481 en_pos=6.397157 en_neg=6.626639 pcd=True subgoal_reg=0.0026778530142268246 
2026-01-10 04:37:59,174 :   455/   21 dest_loss=0.029945 future_loss=0.021694 offset_loss=0.026940 kld=0.025272 cd=0.045573 en_pos=6.592082 en_neg=6.546509 pcd=True subgoal_reg=0.00281448722860692 
2026-01-10 04:38:14,354 :   461/   21 dest_loss=0.031904 future_loss=0.022865 offset_loss=0.027171 kld=0.023920 cd=-0.018825 en_pos=6.434995 en_neg=6.453821 pcd=True subgoal_reg=0.002554927375446649 
2026-01-10 04:38:29,519 :   467/   21 dest_loss=0.029804 future_loss=0.021791 offset_loss=0.024981 kld=0.023047 cd=-0.205643 en_pos=6.337206 en_neg=6.542849 pcd=True subgoal_reg=0.003061273272809387 
2026-01-10 04:38:44,762 :   473/   21 dest_loss=0.030475 future_loss=0.020946 offset_loss=0.027297 kld=0.023875 cd=-0.012059 en_pos=6.296054 en_neg=6.308113 pcd=True subgoal_reg=0.003177477516769847 
2026-01-10 04:39:00,060 :   479/   21 dest_loss=0.028545 future_loss=0.020655 offset_loss=0.025170 kld=0.023377 cd=-0.082431 en_pos=6.538832 en_neg=6.621263 pcd=True subgoal_reg=0.0035781122266705725 
2026-01-10 04:39:15,213 :   485/   21 dest_loss=0.034771 future_loss=0.024773 offset_loss=0.031159 kld=0.025093 cd=0.051394 en_pos=6.535585 en_neg=6.484191 pcd=True subgoal_reg=0.0034760483842111232 
2026-01-10 04:39:30,452 :   491/   21 dest_loss=0.051660 future_loss=0.046862 offset_loss=0.033521 kld=0.025668 cd=-0.109770 en_pos=6.445138 en_neg=6.554908 pcd=True subgoal_reg=0.0030914977203024864 
2026-01-10 04:39:45,717 :   497/   21 dest_loss=0.029814 future_loss=0.020034 offset_loss=0.029521 kld=0.023912 cd=-0.316478 en_pos=6.379974 en_neg=6.696451 pcd=True subgoal_reg=0.002971693939857711 
2026-01-10 04:40:00,974 :   503/   21 dest_loss=0.030955 future_loss=0.022330 offset_loss=0.027370 kld=0.024262 cd=0.088288 en_pos=6.278148 en_neg=6.189860 pcd=True subgoal_reg=0.002851725352085438 
2026-01-10 04:40:16,255 :   509/   21 dest_loss=0.033987 future_loss=0.025108 offset_loss=0.028355 kld=0.024932 cd=0.041034 en_pos=6.515605 en_neg=6.474572 pcd=True subgoal_reg=0.002751832174042729 
2026-01-10 04:41:47,803 : Train Loss 92.00980060455835
2026-01-10 04:41:47,803 : Overall Loss 18.9759261861344
2026-01-10 04:41:47,803 : Dest Loss 24.79478425835742
2026-01-10 04:41:47,803 : Val ADE 0.1304686851719253
2026-01-10 04:41:47,803 : Val FDE 0.14464040395457892
2026-01-10 04:41:47,803 : Val Best ADE 0.12176861076117272
2026-01-10 04:41:47,803 : Val Best FDE 0.14880452622666965
2026-01-10 04:41:47,803 : ----->learning rate 0.00015625
2026-01-10 04:42:02,993 :     5/   22 dest_loss=0.028707 future_loss=0.021454 offset_loss=0.025212 kld=0.025065 cd=-0.184398 en_pos=6.339057 en_neg=6.523454 pcd=True subgoal_reg=0.0025970044620738913 
2026-01-10 04:42:18,224 :    11/   22 dest_loss=0.031729 future_loss=0.023351 offset_loss=0.027506 kld=0.025915 cd=0.194327 en_pos=6.653183 en_neg=6.458856 pcd=True subgoal_reg=0.0028555755233177064 
2026-01-10 04:42:33,269 :    17/   22 dest_loss=0.034008 future_loss=0.024643 offset_loss=0.027770 kld=0.023710 cd=0.213672 en_pos=6.514563 en_neg=6.300891 pcd=True subgoal_reg=0.0025118112305239056 
2026-01-10 04:42:48,430 :    23/   22 dest_loss=0.033039 future_loss=0.024109 offset_loss=0.026112 kld=0.023632 cd=0.218430 en_pos=6.617424 en_neg=6.398993 pcd=True subgoal_reg=0.0026847973651608304 
2026-01-10 04:43:03,579 :    29/   22 dest_loss=0.030005 future_loss=0.022139 offset_loss=0.026619 kld=0.024127 cd=0.035653 en_pos=6.585736 en_neg=6.550083 pcd=True subgoal_reg=0.002920726501146293 
2026-01-10 04:43:18,803 :    35/   22 dest_loss=0.093222 future_loss=0.062352 offset_loss=0.085803 kld=0.024321 cd=0.102610 en_pos=6.489695 en_neg=6.387085 pcd=True subgoal_reg=0.002959392829357313 
2026-01-10 04:43:33,962 :    41/   22 dest_loss=0.030321 future_loss=0.021923 offset_loss=0.025288 kld=0.024059 cd=-0.022889 en_pos=6.435633 en_neg=6.458523 pcd=True subgoal_reg=0.0029781057050507357 
2026-01-10 04:43:49,187 :    47/   22 dest_loss=0.034369 future_loss=0.026080 offset_loss=0.028390 kld=0.024495 cd=0.053269 en_pos=6.303310 en_neg=6.250041 pcd=True subgoal_reg=0.002525218435451433 
2026-01-10 04:44:04,393 :    53/   22 dest_loss=0.103818 future_loss=0.097849 offset_loss=0.069327 kld=0.025212 cd=-0.014357 en_pos=6.453471 en_neg=6.467827 pcd=True subgoal_reg=0.002658709852690283 
2026-01-10 04:44:19,600 :    59/   22 dest_loss=0.058065 future_loss=0.049165 offset_loss=0.035136 kld=0.024318 cd=-0.073754 en_pos=6.613541 en_neg=6.687295 pcd=True subgoal_reg=0.0028539542558406006 
2026-01-10 04:44:34,775 :    65/   22 dest_loss=0.028498 future_loss=0.020953 offset_loss=0.026329 kld=0.025363 cd=0.069020 en_pos=6.538945 en_neg=6.469925 pcd=True subgoal_reg=0.003178616021672853 
2026-01-10 04:44:50,063 :    71/   22 dest_loss=0.029322 future_loss=0.021548 offset_loss=0.025123 kld=0.024068 cd=-0.179858 en_pos=6.342895 en_neg=6.522752 pcd=True subgoal_reg=0.0030569475074780023 
2026-01-10 04:45:05,282 :    77/   22 dest_loss=0.034894 future_loss=0.026451 offset_loss=0.027861 kld=0.025669 cd=0.019996 en_pos=6.565832 en_neg=6.545836 pcd=True subgoal_reg=0.003111805578818778 
2026-01-10 04:45:20,529 :    83/   22 dest_loss=0.029534 future_loss=0.022095 offset_loss=0.024945 kld=0.025239 cd=-0.129558 en_pos=6.484117 en_neg=6.613675 pcd=True subgoal_reg=0.0030684678876136975 
2026-01-10 04:45:35,537 :    89/   22 dest_loss=0.027220 future_loss=0.021092 offset_loss=0.022248 kld=0.024097 cd=0.182121 en_pos=6.361707 en_neg=6.179586 pcd=True subgoal_reg=0.0026848247877064952 
2026-01-10 04:45:50,738 :    95/   22 dest_loss=0.034481 future_loss=0.025528 offset_loss=0.026418 kld=0.023679 cd=-0.052089 en_pos=6.384985 en_neg=6.437075 pcd=True subgoal_reg=0.002680400103025551 
2026-01-10 04:46:05,930 :   101/   22 dest_loss=0.030497 future_loss=0.023166 offset_loss=0.024084 kld=0.025088 cd=0.009716 en_pos=6.608075 en_neg=6.598360 pcd=True subgoal_reg=0.002788006391374366 
2026-01-10 04:46:21,173 :   107/   22 dest_loss=0.030018 future_loss=0.022494 offset_loss=0.025761 kld=0.024950 cd=0.046704 en_pos=6.578885 en_neg=6.532181 pcd=True subgoal_reg=0.0030762791687287305 
2026-01-10 04:46:36,432 :   113/   22 dest_loss=0.033764 future_loss=0.024058 offset_loss=0.027593 kld=0.023150 cd=0.337774 en_pos=6.568219 en_neg=6.230445 pcd=True subgoal_reg=0.003077782618297651 
2026-01-10 04:46:51,619 :   119/   22 dest_loss=0.030180 future_loss=0.021674 offset_loss=0.025217 kld=0.022617 cd=0.085770 en_pos=6.477169 en_neg=6.391400 pcd=True subgoal_reg=0.00283852973652976 
2026-01-10 04:47:06,795 :   125/   22 dest_loss=0.037531 future_loss=0.028684 offset_loss=0.029631 kld=0.024377 cd=0.225484 en_pos=6.616634 en_neg=6.391150 pcd=True subgoal_reg=0.0030745345955838087 
2026-01-10 04:47:22,040 :   131/   22 dest_loss=0.034467 future_loss=0.022595 offset_loss=0.033009 kld=0.023479 cd=-0.161940 en_pos=6.212051 en_neg=6.373991 pcd=True subgoal_reg=0.0028060732465572716 
2026-01-10 04:47:37,282 :   137/   22 dest_loss=0.035324 future_loss=0.026189 offset_loss=0.029360 kld=0.024801 cd=0.097306 en_pos=6.564182 en_neg=6.466876 pcd=True subgoal_reg=0.002914770051556906 
2026-01-10 04:47:52,482 :   143/   22 dest_loss=0.036448 future_loss=0.024096 offset_loss=0.033973 kld=0.023386 cd=-0.175089 en_pos=6.450071 en_neg=6.625161 pcd=True subgoal_reg=0.0031903693311966354 
2026-01-10 04:48:07,670 :   149/   22 dest_loss=0.033578 future_loss=0.024107 offset_loss=0.027707 kld=0.022966 cd=0.014186 en_pos=6.459007 en_neg=6.444822 pcd=True subgoal_reg=0.003059255604971263 
2026-01-10 04:48:22,893 :   155/   22 dest_loss=0.073467 future_loss=0.052445 offset_loss=0.107032 kld=0.022890 cd=-0.084851 en_pos=6.302216 en_neg=6.387067 pcd=True subgoal_reg=0.0029023529869106595 
2026-01-10 04:48:38,151 :   161/   22 dest_loss=0.039926 future_loss=0.029638 offset_loss=0.032082 kld=0.024618 cd=-0.091849 en_pos=6.569716 en_neg=6.661565 pcd=True subgoal_reg=0.0029607099846566155 
2026-01-10 04:48:53,169 :   167/   22 dest_loss=0.036823 future_loss=0.027426 offset_loss=0.029092 kld=0.024084 cd=-0.059571 en_pos=6.599039 en_neg=6.658610 pcd=True subgoal_reg=0.002825499944829921 
2026-01-10 04:49:08,371 :   173/   22 dest_loss=0.072238 future_loss=0.055697 offset_loss=0.075420 kld=0.024494 cd=-0.038738 en_pos=6.534872 en_neg=6.573610 pcd=True subgoal_reg=0.002964916747802776 
2026-01-10 04:49:23,613 :   179/   22 dest_loss=0.031113 future_loss=0.022980 offset_loss=0.026466 kld=0.024453 cd=-0.010227 en_pos=6.393485 en_neg=6.403712 pcd=True subgoal_reg=0.0025777216014512567 
2026-01-10 04:49:38,937 :   185/   22 dest_loss=0.034200 future_loss=0.025598 offset_loss=0.025160 kld=0.023461 cd=-0.117324 en_pos=6.447401 en_neg=6.564725 pcd=True subgoal_reg=0.0026861475201496584 
2026-01-10 04:49:54,187 :   191/   22 dest_loss=0.036380 future_loss=0.026930 offset_loss=0.029985 kld=0.024614 cd=0.242496 en_pos=6.506569 en_neg=6.264073 pcd=True subgoal_reg=0.0031277708623722467 
2026-01-10 04:50:09,338 :   197/   22 dest_loss=0.029808 future_loss=0.021796 offset_loss=0.025514 kld=0.023821 cd=-0.015991 en_pos=6.389407 en_neg=6.405398 pcd=True subgoal_reg=0.003109231435624433 
2026-01-10 04:50:24,591 :   203/   22 dest_loss=0.037336 future_loss=0.024980 offset_loss=0.034566 kld=0.023785 cd=-0.123393 en_pos=6.247416 en_neg=6.370809 pcd=True subgoal_reg=0.003109643080471926 
2026-01-10 04:50:39,920 :   209/   22 dest_loss=0.031333 future_loss=0.022718 offset_loss=0.026108 kld=0.023591 cd=-0.065043 en_pos=6.525412 en_neg=6.590455 pcd=True subgoal_reg=0.00277420702821638 
2026-01-10 04:50:55,156 :   215/   22 dest_loss=0.032349 future_loss=0.024636 offset_loss=0.023523 kld=0.023439 cd=0.116178 en_pos=6.589767 en_neg=6.473589 pcd=True subgoal_reg=0.002805658854889729 
2026-01-10 04:51:10,364 :   221/   22 dest_loss=0.030795 future_loss=0.023074 offset_loss=0.025294 kld=0.025341 cd=-0.035897 en_pos=6.461394 en_neg=6.497291 pcd=True subgoal_reg=0.003035280204248308 
2026-01-10 04:51:25,587 :   227/   22 dest_loss=0.034668 future_loss=0.024797 offset_loss=0.027246 kld=0.025793 cd=-0.073209 en_pos=6.506460 en_neg=6.579669 pcd=True subgoal_reg=0.0030983415042210986 
2026-01-10 04:51:40,810 :   233/   22 dest_loss=0.031343 future_loss=0.023448 offset_loss=0.025616 kld=0.023666 cd=0.216842 en_pos=6.325246 en_neg=6.108404 pcd=True subgoal_reg=0.002975484066630586 
2026-01-10 04:51:56,108 :   239/   22 dest_loss=0.030149 future_loss=0.021743 offset_loss=0.026415 kld=0.023149 cd=0.249782 en_pos=6.631110 en_neg=6.381328 pcd=True subgoal_reg=0.0030483523970751144 
2026-01-10 04:52:11,184 :   245/   22 dest_loss=0.034985 future_loss=0.025565 offset_loss=0.027236 kld=0.025262 cd=-0.257818 en_pos=6.548692 en_neg=6.806511 pcd=True subgoal_reg=0.0030388313687339606 
2026-01-10 04:52:26,399 :   251/   22 dest_loss=0.032223 future_loss=0.024113 offset_loss=0.027647 kld=0.024305 cd=-0.021721 en_pos=6.300868 en_neg=6.322589 pcd=True subgoal_reg=0.002674566106436643 
2026-01-10 04:52:41,742 :   257/   22 dest_loss=0.031842 future_loss=0.023762 offset_loss=0.028853 kld=0.025858 cd=0.149961 en_pos=6.609251 en_neg=6.459290 pcd=True subgoal_reg=0.002999234386166495 
2026-01-10 04:52:57,040 :   263/   22 dest_loss=0.037599 future_loss=0.027542 offset_loss=0.031704 kld=0.025148 cd=-0.050667 en_pos=6.452692 en_neg=6.503359 pcd=True subgoal_reg=0.003230297497226523 
2026-01-10 04:53:12,228 :   269/   22 dest_loss=0.032269 future_loss=0.024459 offset_loss=0.025981 kld=0.024687 cd=-0.181397 en_pos=6.294168 en_neg=6.475565 pcd=True subgoal_reg=0.0027769009562196405 
2026-01-10 04:53:27,439 :   275/   22 dest_loss=0.033156 future_loss=0.024066 offset_loss=0.028086 kld=0.023256 cd=-0.023498 en_pos=6.457485 en_neg=6.480983 pcd=True subgoal_reg=0.002836538984280405 
2026-01-10 04:53:42,686 :   281/   22 dest_loss=0.035220 future_loss=0.024537 offset_loss=0.033342 kld=0.023914 cd=0.012717 en_pos=6.408537 en_neg=6.395820 pcd=True subgoal_reg=0.002940496092086778 
2026-01-10 04:53:57,925 :   287/   22 dest_loss=0.031294 future_loss=0.021409 offset_loss=0.026953 kld=0.023491 cd=0.142471 en_pos=6.478255 en_neg=6.335783 pcd=True subgoal_reg=0.0032593094876405687 
2026-01-10 04:54:13,219 :   293/   22 dest_loss=0.028301 future_loss=0.020583 offset_loss=0.023532 kld=0.022622 cd=0.056958 en_pos=6.452259 en_neg=6.395301 pcd=True subgoal_reg=0.002754054544293076 
2026-01-10 04:54:28,479 :   299/   22 dest_loss=0.109689 future_loss=0.065000 offset_loss=0.110899 kld=0.024231 cd=-0.050123 en_pos=6.462307 en_neg=6.512430 pcd=True subgoal_reg=0.0031733902376621863 
2026-01-10 04:54:43,779 :   305/   22 dest_loss=0.026348 future_loss=0.019642 offset_loss=0.020029 kld=0.023372 cd=0.157645 en_pos=6.673001 en_neg=6.515356 pcd=True subgoal_reg=0.002739813132213359 
2026-01-10 04:54:59,075 :   311/   22 dest_loss=0.029159 future_loss=0.022052 offset_loss=0.022865 kld=0.025492 cd=0.159971 en_pos=6.627029 en_neg=6.467058 pcd=True subgoal_reg=0.0030217354602402532 
2026-01-10 04:55:14,350 :   317/   22 dest_loss=0.034233 future_loss=0.025625 offset_loss=0.025736 kld=0.024252 cd=0.038967 en_pos=6.403458 en_neg=6.364492 pcd=True subgoal_reg=0.0026814301922742883 
2026-01-10 04:55:29,440 :   323/   22 dest_loss=0.040133 future_loss=0.030036 offset_loss=0.029123 kld=0.025154 cd=-0.033640 en_pos=6.454733 en_neg=6.488373 pcd=True subgoal_reg=0.0027819171049367525 
2026-01-10 04:55:44,753 :   329/   22 dest_loss=0.037530 future_loss=0.028600 offset_loss=0.029225 kld=0.024465 cd=0.050830 en_pos=6.379887 en_neg=6.329057 pcd=True subgoal_reg=0.003070530140681078 
2026-01-10 04:56:00,023 :   335/   22 dest_loss=0.032792 future_loss=0.023714 offset_loss=0.028068 kld=0.024955 cd=-0.190638 en_pos=6.429432 en_neg=6.620069 pcd=True subgoal_reg=0.0032312000465350285 
2026-01-10 04:56:15,321 :   341/   22 dest_loss=0.081407 future_loss=0.080925 offset_loss=0.070215 kld=0.024533 cd=-0.000631 en_pos=6.423446 en_neg=6.424077 pcd=True subgoal_reg=0.0032250453505482824 
2026-01-10 04:56:30,508 :   347/   22 dest_loss=0.031093 future_loss=0.022383 offset_loss=0.026068 kld=0.024914 cd=-0.076004 en_pos=6.584318 en_neg=6.660321 pcd=True subgoal_reg=0.0037234854441030108 
2026-01-10 04:56:45,799 :   353/   22 dest_loss=0.033358 future_loss=0.023497 offset_loss=0.027647 kld=0.023063 cd=-0.043636 en_pos=6.434705 en_neg=6.478341 pcd=True subgoal_reg=0.003182390514365565 
2026-01-10 04:57:00,990 :   359/   22 dest_loss=0.030722 future_loss=0.022600 offset_loss=0.025842 kld=0.024150 cd=-0.013831 en_pos=6.406601 en_neg=6.420432 pcd=True subgoal_reg=0.0027064322975764495 
2026-01-10 04:57:16,224 :   365/   22 dest_loss=0.033053 future_loss=0.023656 offset_loss=0.027039 kld=0.023983 cd=0.054280 en_pos=6.549648 en_neg=6.495368 pcd=True subgoal_reg=0.002907593986918593 
2026-01-10 04:57:31,482 :   371/   22 dest_loss=0.035832 future_loss=0.025768 offset_loss=0.028243 kld=0.023249 cd=0.044854 en_pos=6.606711 en_neg=6.561857 pcd=True subgoal_reg=0.0029733316325059656 
2026-01-10 04:57:46,673 :   377/   22 dest_loss=0.032921 future_loss=0.025100 offset_loss=0.025231 kld=0.024753 cd=-0.185004 en_pos=6.370198 en_neg=6.555202 pcd=True subgoal_reg=0.002496603237135668 
2026-01-10 04:58:01,872 :   383/   22 dest_loss=0.026011 future_loss=0.020016 offset_loss=0.022107 kld=0.024198 cd=0.223539 en_pos=6.555084 en_neg=6.331545 pcd=True subgoal_reg=0.0027050069227688056 
2026-01-10 04:58:17,108 :   389/   22 dest_loss=0.034383 future_loss=0.025726 offset_loss=0.027672 kld=0.023350 cd=0.039534 en_pos=6.497001 en_neg=6.457467 pcd=True subgoal_reg=0.0027263028011002824 
2026-01-10 04:58:32,323 :   395/   22 dest_loss=0.029482 future_loss=0.022051 offset_loss=0.023890 kld=0.023012 cd=-0.006397 en_pos=6.424655 en_neg=6.431052 pcd=True subgoal_reg=0.0027183706656422166 
2026-01-10 04:58:47,424 :   401/   22 dest_loss=0.033310 future_loss=0.024481 offset_loss=0.025607 kld=0.026052 cd=0.035362 en_pos=6.575574 en_neg=6.540212 pcd=True subgoal_reg=0.0029832760479983405 
2026-01-10 04:59:02,653 :   407/   22 dest_loss=0.027288 future_loss=0.020245 offset_loss=0.019838 kld=0.023375 cd=0.158237 en_pos=6.779630 en_neg=6.621393 pcd=True subgoal_reg=0.002567921346789977 
2026-01-10 04:59:17,907 :   413/   22 dest_loss=0.035762 future_loss=0.025411 offset_loss=0.030964 kld=0.023284 cd=-0.129229 en_pos=6.264831 en_neg=6.394060 pcd=True subgoal_reg=0.0023519110340163235 
2026-01-10 04:59:33,121 :   419/   22 dest_loss=0.044470 future_loss=0.030760 offset_loss=0.035843 kld=0.024255 cd=-0.122954 en_pos=6.645321 en_neg=6.768275 pcd=True subgoal_reg=0.0028342798236559805 
2026-01-10 04:59:48,387 :   425/   22 dest_loss=0.030920 future_loss=0.023086 offset_loss=0.024280 kld=0.025560 cd=0.034468 en_pos=6.468195 en_neg=6.433727 pcd=True subgoal_reg=0.003072321528016876 
2026-01-10 05:00:03,722 :   431/   22 dest_loss=0.118314 future_loss=0.081904 offset_loss=0.138866 kld=0.026281 cd=-0.101990 en_pos=6.497495 en_neg=6.599485 pcd=True subgoal_reg=0.0030906238611390856 
2026-01-10 05:00:18,992 :   437/   22 dest_loss=0.032305 future_loss=0.023608 offset_loss=0.027074 kld=0.024680 cd=0.146993 en_pos=6.498366 en_neg=6.351373 pcd=True subgoal_reg=0.003379607187309194 
2026-01-10 05:00:34,111 :   443/   22 dest_loss=0.028437 future_loss=0.021948 offset_loss=0.022365 kld=0.023713 cd=-0.135230 en_pos=6.375741 en_neg=6.510971 pcd=True subgoal_reg=0.0032802023573757187 
2026-01-10 05:00:49,386 :   449/   22 dest_loss=0.033223 future_loss=0.024974 offset_loss=0.026694 kld=0.023846 cd=-0.102504 en_pos=6.461221 en_neg=6.563725 pcd=True subgoal_reg=0.0030356740909196793 
2026-01-10 05:01:04,593 :   455/   22 dest_loss=0.033213 future_loss=0.025018 offset_loss=0.025410 kld=0.023763 cd=-0.164850 en_pos=6.508012 en_neg=6.672862 pcd=True subgoal_reg=0.002864555068218332 
2026-01-10 05:01:19,845 :   461/   22 dest_loss=0.036738 future_loss=0.027447 offset_loss=0.029623 kld=0.025393 cd=0.136720 en_pos=6.531361 en_neg=6.394641 pcd=True subgoal_reg=0.0030156977016652705 
2026-01-10 05:01:35,073 :   467/   22 dest_loss=0.103915 future_loss=0.066443 offset_loss=0.102396 kld=0.026896 cd=-0.016206 en_pos=6.494476 en_neg=6.510681 pcd=True subgoal_reg=0.00294184872649039 
2026-01-10 05:01:50,296 :   473/   22 dest_loss=0.036671 future_loss=0.026185 offset_loss=0.028267 kld=0.023850 cd=0.167211 en_pos=6.510005 en_neg=6.342794 pcd=True subgoal_reg=0.0028396859253685663 
2026-01-10 05:02:05,371 :   479/   22 dest_loss=0.033212 future_loss=0.024955 offset_loss=0.024706 kld=0.022661 cd=-0.028630 en_pos=6.334961 en_neg=6.363592 pcd=True subgoal_reg=0.002637276544131758 
2026-01-10 05:02:20,629 :   485/   22 dest_loss=0.034039 future_loss=0.022065 offset_loss=0.030536 kld=0.023242 cd=-0.059439 en_pos=6.412162 en_neg=6.471601 pcd=True subgoal_reg=0.0030197090606875884 
2026-01-10 05:02:35,916 :   491/   22 dest_loss=0.182531 future_loss=0.132816 offset_loss=0.130178 kld=0.026109 cd=0.038918 en_pos=6.571645 en_neg=6.532728 pcd=True subgoal_reg=0.0032840008425725617 
2026-01-10 05:02:51,132 :   497/   22 dest_loss=0.036910 future_loss=0.025840 offset_loss=0.027500 kld=0.024316 cd=0.002060 en_pos=6.584763 en_neg=6.582703 pcd=True subgoal_reg=0.003325240830049536 
2026-01-10 05:03:06,315 :   503/   22 dest_loss=0.037947 future_loss=0.028463 offset_loss=0.029481 kld=0.024314 cd=0.055844 en_pos=6.461218 en_neg=6.405374 pcd=True subgoal_reg=0.0029379399931620843 
2026-01-10 05:03:21,546 :   509/   22 dest_loss=0.028916 future_loss=0.021829 offset_loss=0.022797 kld=0.023708 cd=0.052140 en_pos=6.246104 en_neg=6.193964 pcd=True subgoal_reg=0.0027874816514999448 
2026-01-10 05:04:53,140 : Train Loss 88.79529373628752
2026-01-10 05:04:53,140 : Overall Loss 16.41112536593478
2026-01-10 05:04:53,140 : Dest Loss 21.880653918066976
2026-01-10 05:04:53,140 : Val ADE 0.12109972072112285
2026-01-10 05:04:53,141 : Val FDE 0.14390466070575395
2026-01-10 05:04:53,141 : Val Best ADE 0.12109972072112285
2026-01-10 05:04:53,141 : Val Best FDE 0.14390466070575395
2026-01-10 05:04:53,141 : ----->learning rate 0.00015625
2026-01-10 05:05:08,411 :     5/   23 dest_loss=0.032125 future_loss=0.023700 offset_loss=0.023819 kld=0.023456 cd=0.137755 en_pos=6.428095 en_neg=6.290340 pcd=True subgoal_reg=0.0027453569612035517 
2026-01-10 05:05:23,664 :    11/   23 dest_loss=0.108799 future_loss=0.088838 offset_loss=0.066944 kld=0.026566 cd=0.100802 en_pos=6.602730 en_neg=6.501929 pcd=True subgoal_reg=0.002829435966456576 
2026-01-10 05:05:38,874 :    17/   23 dest_loss=0.029827 future_loss=0.021208 offset_loss=0.025834 kld=0.023643 cd=0.128366 en_pos=6.559820 en_neg=6.431455 pcd=True subgoal_reg=0.0031883158707743105 
2026-01-10 05:05:53,821 :    23/   23 dest_loss=0.036985 future_loss=0.026192 offset_loss=0.028415 kld=0.023506 cd=-0.095020 en_pos=6.507900 en_neg=6.602920 pcd=True subgoal_reg=0.0034592334850520974 
2026-01-10 05:06:09,128 :    29/   23 dest_loss=0.033715 future_loss=0.024904 offset_loss=0.028030 kld=0.023890 cd=-0.071904 en_pos=6.374950 en_neg=6.446853 pcd=True subgoal_reg=0.0030921658993505875 
2026-01-10 05:06:24,329 :    35/   23 dest_loss=0.034798 future_loss=0.025167 offset_loss=0.029496 kld=0.023243 cd=0.396482 en_pos=6.583775 en_neg=6.187293 pcd=True subgoal_reg=0.0033537408773445473 
2026-01-10 05:06:39,508 :    41/   23 dest_loss=0.033389 future_loss=0.024104 offset_loss=0.027513 kld=0.023356 cd=-0.109036 en_pos=6.426599 en_neg=6.535634 pcd=True subgoal_reg=0.002907014152530074 
2026-01-10 05:06:54,707 :    47/   23 dest_loss=0.033192 future_loss=0.023814 offset_loss=0.028635 kld=0.023532 cd=-0.071154 en_pos=6.511334 en_neg=6.582488 pcd=True subgoal_reg=0.003055548665727155 
2026-01-10 05:07:09,974 :    53/   23 dest_loss=0.037317 future_loss=0.027393 offset_loss=0.030603 kld=0.024740 cd=0.322729 en_pos=6.651616 en_neg=6.328887 pcd=True subgoal_reg=0.0030284309484309747 
2026-01-10 05:07:25,217 :    59/   23 dest_loss=0.027206 future_loss=0.019976 offset_loss=0.023632 kld=0.024942 cd=-0.095174 en_pos=6.335804 en_neg=6.430978 pcd=True subgoal_reg=0.0028357328717979096 
2026-01-10 05:07:40,452 :    65/   23 dest_loss=0.034951 future_loss=0.024213 offset_loss=0.028905 kld=0.023055 cd=0.068049 en_pos=6.608881 en_neg=6.540832 pcd=True subgoal_reg=0.002914126965155214 
2026-01-10 05:07:55,702 :    71/   23 dest_loss=0.029064 future_loss=0.021590 offset_loss=0.026065 kld=0.024629 cd=0.226854 en_pos=6.541652 en_neg=6.314799 pcd=True subgoal_reg=0.0027902606079705863 
2026-01-10 05:08:10,925 :    77/   23 dest_loss=0.036343 future_loss=0.025913 offset_loss=0.029854 kld=0.025307 cd=-0.182440 en_pos=6.420963 en_neg=6.603402 pcd=True subgoal_reg=0.0031643465891778282 
2026-01-10 05:08:26,139 :    83/   23 dest_loss=0.184899 future_loss=0.143181 offset_loss=0.126785 kld=0.027191 cd=-0.139167 en_pos=6.497972 en_neg=6.637139 pcd=True subgoal_reg=0.0031552191216929217 
2026-01-10 05:08:41,411 :    89/   23 dest_loss=0.039721 future_loss=0.029854 offset_loss=0.030266 kld=0.025186 cd=-0.020190 en_pos=6.470247 en_neg=6.490437 pcd=True subgoal_reg=0.002801727927080142 
2026-01-10 05:08:56,457 :    95/   23 dest_loss=0.030175 future_loss=0.022410 offset_loss=0.024636 kld=0.023367 cd=0.207536 en_pos=6.454153 en_neg=6.246617 pcd=True subgoal_reg=0.002508228977605494 
2026-01-10 05:09:11,663 :   101/   23 dest_loss=0.032165 future_loss=0.023229 offset_loss=0.025257 kld=0.024321 cd=0.048899 en_pos=6.483038 en_neg=6.434139 pcd=True subgoal_reg=0.002683033455052031 
2026-01-10 05:09:26,962 :   107/   23 dest_loss=0.032902 future_loss=0.023591 offset_loss=0.027126 kld=0.024397 cd=-0.088102 en_pos=6.233255 en_neg=6.321357 pcd=True subgoal_reg=0.0025983594335518174 
2026-01-10 05:09:42,191 :   113/   23 dest_loss=0.034614 future_loss=0.025861 offset_loss=0.027145 kld=0.023290 cd=-0.163087 en_pos=6.475127 en_neg=6.638214 pcd=True subgoal_reg=0.0029292970950548693 
2026-01-10 05:09:57,373 :   119/   23 dest_loss=0.033068 future_loss=0.022823 offset_loss=0.027667 kld=0.023403 cd=0.349291 en_pos=6.751345 en_neg=6.402054 pcd=True subgoal_reg=0.0031546016645235195 
2026-01-10 05:10:12,554 :   125/   23 dest_loss=0.036247 future_loss=0.026018 offset_loss=0.030240 kld=0.024408 cd=0.068458 en_pos=6.496912 en_neg=6.428453 pcd=True subgoal_reg=0.0033085908060826994 
2026-01-10 05:10:27,776 :   131/   23 dest_loss=0.034098 future_loss=0.025162 offset_loss=0.030295 kld=0.024827 cd=-0.418555 en_pos=6.236724 en_neg=6.655278 pcd=True subgoal_reg=0.0031020516583642674 
2026-01-10 05:10:42,959 :   137/   23 dest_loss=0.036274 future_loss=0.026790 offset_loss=0.031187 kld=0.025960 cd=0.036647 en_pos=6.523265 en_neg=6.486618 pcd=True subgoal_reg=0.003307410611402607 
2026-01-10 05:10:58,210 :   143/   23 dest_loss=0.030574 future_loss=0.021882 offset_loss=0.026347 kld=0.024587 cd=0.213495 en_pos=6.474538 en_neg=6.261043 pcd=True subgoal_reg=0.0029437785212426204 
2026-01-10 05:11:13,487 :   149/   23 dest_loss=0.035093 future_loss=0.025277 offset_loss=0.028784 kld=0.024535 cd=-0.182494 en_pos=6.487586 en_neg=6.670079 pcd=True subgoal_reg=0.0032057863626349854 
2026-01-10 05:11:28,641 :   155/   23 dest_loss=0.032031 future_loss=0.023855 offset_loss=0.026571 kld=0.024790 cd=0.130957 en_pos=6.693806 en_neg=6.562849 pcd=True subgoal_reg=0.0031637606820218035 
2026-01-10 05:11:43,864 :   161/   23 dest_loss=0.041620 future_loss=0.029720 offset_loss=0.032670 kld=0.024977 cd=0.214521 en_pos=6.540224 en_neg=6.325704 pcd=True subgoal_reg=0.0030560479209237844 
2026-01-10 05:11:59,036 :   167/   23 dest_loss=0.033299 future_loss=0.023766 offset_loss=0.026909 kld=0.023585 cd=-0.096498 en_pos=6.590755 en_neg=6.687254 pcd=True subgoal_reg=0.0031186519086518812 
2026-01-10 05:12:14,020 :   173/   23 dest_loss=0.075107 future_loss=0.076111 offset_loss=0.052672 kld=0.024502 cd=0.005673 en_pos=6.546413 en_neg=6.540740 pcd=True subgoal_reg=0.0031054048572255032 
2026-01-10 05:12:29,259 :   179/   23 dest_loss=0.077504 future_loss=0.076436 offset_loss=0.046282 kld=0.024215 cd=-0.110758 en_pos=6.274922 en_neg=6.385680 pcd=True subgoal_reg=0.0030235972259252822 
2026-01-10 05:12:44,507 :   185/   23 dest_loss=0.037714 future_loss=0.026818 offset_loss=0.026797 kld=0.024594 cd=-0.090897 en_pos=6.589213 en_neg=6.680110 pcd=True subgoal_reg=0.0033026270659414743 
2026-01-10 05:12:59,725 :   191/   23 dest_loss=0.031224 future_loss=0.020958 offset_loss=0.025346 kld=0.024708 cd=-0.024092 en_pos=6.497351 en_neg=6.521443 pcd=True subgoal_reg=0.0033331556517316617 
2026-01-10 05:13:15,011 :   197/   23 dest_loss=0.035979 future_loss=0.025051 offset_loss=0.028771 kld=0.024088 cd=-0.113886 en_pos=6.406117 en_neg=6.520003 pcd=True subgoal_reg=0.003257035433013443 
2026-01-10 05:13:30,291 :   203/   23 dest_loss=0.057185 future_loss=0.053102 offset_loss=0.039565 kld=0.024735 cd=0.026035 en_pos=6.628757 en_neg=6.602722 pcd=True subgoal_reg=0.0031437915181136014 
2026-01-10 05:13:45,508 :   209/   23 dest_loss=0.032304 future_loss=0.022600 offset_loss=0.027047 kld=0.024657 cd=-0.123488 en_pos=6.450484 en_neg=6.573972 pcd=True subgoal_reg=0.003091727244109988 
2026-01-10 05:14:00,716 :   215/   23 dest_loss=0.039682 future_loss=0.029941 offset_loss=0.025385 kld=0.023548 cd=-0.244492 en_pos=6.342395 en_neg=6.586887 pcd=True subgoal_reg=0.002669920423938214 
2026-01-10 05:14:15,990 :   221/   23 dest_loss=0.030907 future_loss=0.022824 offset_loss=0.024594 kld=0.022575 cd=-0.069318 en_pos=6.391404 en_neg=6.460723 pcd=True subgoal_reg=0.0026092643850093872 
2026-01-10 05:14:31,217 :   227/   23 dest_loss=0.035840 future_loss=0.026355 offset_loss=0.029433 kld=0.023178 cd=0.052643 en_pos=6.271646 en_neg=6.219003 pcd=True subgoal_reg=0.0027515257528313124 
2026-01-10 05:14:46,483 :   233/   23 dest_loss=0.035395 future_loss=0.026829 offset_loss=0.027507 kld=0.024369 cd=-0.145333 en_pos=6.402416 en_neg=6.547749 pcd=True subgoal_reg=0.002818579677415107 
2026-01-10 05:15:01,747 :   239/   23 dest_loss=0.035873 future_loss=0.026924 offset_loss=0.026611 kld=0.024049 cd=-0.285894 en_pos=6.347053 en_neg=6.632947 pcd=True subgoal_reg=0.0025498722180887124 
2026-01-10 05:15:16,995 :   245/   23 dest_loss=0.032188 future_loss=0.024194 offset_loss=0.025866 kld=0.025348 cd=-0.020195 en_pos=6.484534 en_neg=6.504729 pcd=True subgoal_reg=0.0031436323266999557 
2026-01-10 05:15:32,006 :   251/   23 dest_loss=0.030299 future_loss=0.021905 offset_loss=0.025756 kld=0.023126 cd=0.104316 en_pos=6.445215 en_neg=6.340898 pcd=True subgoal_reg=0.0028632214574043887 
2026-01-10 05:15:47,271 :   257/   23 dest_loss=0.030102 future_loss=0.022104 offset_loss=0.024082 kld=0.023500 cd=0.039321 en_pos=6.592407 en_neg=6.553086 pcd=True subgoal_reg=0.003024779788284356 
2026-01-10 05:16:02,511 :   263/   23 dest_loss=0.035346 future_loss=0.024519 offset_loss=0.028694 kld=0.024074 cd=0.079469 en_pos=6.626218 en_neg=6.546749 pcd=True subgoal_reg=0.003171307361303678 
2026-01-10 05:16:17,747 :   269/   23 dest_loss=0.027169 future_loss=0.020410 offset_loss=0.022887 kld=0.024352 cd=-0.009424 en_pos=6.413784 en_neg=6.423209 pcd=True subgoal_reg=0.002723402195989483 
2026-01-10 05:16:32,996 :   275/   23 dest_loss=0.030536 future_loss=0.022163 offset_loss=0.023239 kld=0.023028 cd=0.090730 en_pos=6.495541 en_neg=6.404811 pcd=True subgoal_reg=0.0030203844956335733 
2026-01-10 05:16:48,250 :   281/   23 dest_loss=0.100351 future_loss=0.065564 offset_loss=0.118490 kld=0.025872 cd=-0.294781 en_pos=6.435406 en_neg=6.730187 pcd=True subgoal_reg=0.002892803694661197 
2026-01-10 05:17:03,458 :   287/   23 dest_loss=0.029298 future_loss=0.021757 offset_loss=0.024161 kld=0.023171 cd=-0.062677 en_pos=6.425355 en_neg=6.488032 pcd=True subgoal_reg=0.0025708962856066725 
2026-01-10 05:17:18,763 :   293/   23 dest_loss=0.025821 future_loss=0.019177 offset_loss=0.022097 kld=0.024090 cd=0.114546 en_pos=6.427536 en_neg=6.312990 pcd=True subgoal_reg=0.002667363765221721 
2026-01-10 05:17:33,990 :   299/   23 dest_loss=0.035010 future_loss=0.024969 offset_loss=0.025450 kld=0.023787 cd=0.071430 en_pos=6.762945 en_neg=6.691515 pcd=True subgoal_reg=0.0029680293434249253 
2026-01-10 05:17:49,169 :   305/   23 dest_loss=0.030267 future_loss=0.022650 offset_loss=0.023396 kld=0.024335 cd=0.028153 en_pos=6.609107 en_neg=6.580954 pcd=True subgoal_reg=0.0031012498934771815 
2026-01-10 05:18:04,405 :   311/   23 dest_loss=0.033325 future_loss=0.025310 offset_loss=0.024654 kld=0.023140 cd=0.037050 en_pos=6.535330 en_neg=6.498279 pcd=True subgoal_reg=0.0029543641737199994 
2026-01-10 05:18:19,638 :   317/   23 dest_loss=0.033274 future_loss=0.024151 offset_loss=0.025169 kld=0.024689 cd=-0.132106 en_pos=6.372401 en_neg=6.504506 pcd=True subgoal_reg=0.003034932310055323 
2026-01-10 05:18:34,899 :   323/   23 dest_loss=0.028099 future_loss=0.021399 offset_loss=0.024593 kld=0.022813 cd=-0.045205 en_pos=6.276331 en_neg=6.321536 pcd=True subgoal_reg=0.00278246625697857 
2026-01-10 05:18:49,986 :   329/   23 dest_loss=0.029656 future_loss=0.021462 offset_loss=0.024889 kld=0.024544 cd=-0.114555 en_pos=6.477619 en_neg=6.592174 pcd=True subgoal_reg=0.0031083067596075716 
2026-01-10 05:19:05,253 :   335/   23 dest_loss=0.035561 future_loss=0.023939 offset_loss=0.033022 kld=0.024320 cd=0.075615 en_pos=6.604192 en_neg=6.528577 pcd=True subgoal_reg=0.0031998609402299994 
2026-01-10 05:19:20,392 :   341/   23 dest_loss=0.036592 future_loss=0.026771 offset_loss=0.028419 kld=0.025430 cd=0.044388 en_pos=6.506820 en_neg=6.462432 pcd=True subgoal_reg=0.00279634714068059 
2026-01-10 05:19:35,590 :   347/   23 dest_loss=0.033553 future_loss=0.025193 offset_loss=0.025437 kld=0.023563 cd=0.069405 en_pos=6.657963 en_neg=6.588558 pcd=True subgoal_reg=0.0029563233497046496 
2026-01-10 05:19:50,731 :   353/   23 dest_loss=0.028443 future_loss=0.020956 offset_loss=0.022373 kld=0.023276 cd=-0.185764 en_pos=6.408187 en_neg=6.593951 pcd=True subgoal_reg=0.0027215905156853792 
2026-01-10 05:20:05,918 :   359/   23 dest_loss=0.146291 future_loss=0.125152 offset_loss=0.097638 kld=0.026016 cd=0.113671 en_pos=6.694070 en_neg=6.580399 pcd=True subgoal_reg=0.003281889655649376 
2026-01-10 05:20:21,172 :   365/   23 dest_loss=0.039495 future_loss=0.028460 offset_loss=0.031982 kld=0.024892 cd=0.113928 en_pos=6.534396 en_neg=6.420469 pcd=True subgoal_reg=0.0030467437877149265 
2026-01-10 05:20:36,482 :   371/   23 dest_loss=0.033722 future_loss=0.021623 offset_loss=0.032238 kld=0.023497 cd=0.141160 en_pos=6.454746 en_neg=6.313586 pcd=True subgoal_reg=0.0032481058614418816 
2026-01-10 05:20:51,685 :   377/   23 dest_loss=0.076777 future_loss=0.060626 offset_loss=0.044802 kld=0.024417 cd=-0.150522 en_pos=6.439242 en_neg=6.589764 pcd=True subgoal_reg=0.003112527184198813 
2026-01-10 05:21:06,932 :   383/   23 dest_loss=0.033959 future_loss=0.024518 offset_loss=0.029424 kld=0.025229 cd=0.289439 en_pos=6.781550 en_neg=6.492111 pcd=True subgoal_reg=0.0030480300009245076 
2026-01-10 05:21:22,180 :   389/   23 dest_loss=0.082672 future_loss=0.067736 offset_loss=0.081239 kld=0.022872 cd=0.209080 en_pos=6.509465 en_neg=6.300385 pcd=True subgoal_reg=0.0027245546742670416 
2026-01-10 05:21:37,340 :   395/   23 dest_loss=0.031834 future_loss=0.024497 offset_loss=0.022352 kld=0.023582 cd=0.122097 en_pos=6.596988 en_neg=6.474891 pcd=True subgoal_reg=0.0028205043600531506 
2026-01-10 05:21:52,581 :   401/   23 dest_loss=0.031902 future_loss=0.023125 offset_loss=0.024897 kld=0.023251 cd=-0.016577 en_pos=6.335092 en_neg=6.351669 pcd=True subgoal_reg=0.002760765620372535 
2026-01-10 05:22:07,678 :   407/   23 dest_loss=0.033806 future_loss=0.025836 offset_loss=0.026570 kld=0.024275 cd=0.136057 en_pos=6.435011 en_neg=6.298954 pcd=True subgoal_reg=0.0030847925842920404 
2026-01-10 05:22:22,951 :   413/   23 dest_loss=0.031694 future_loss=0.023326 offset_loss=0.026214 kld=0.024232 cd=0.046154 en_pos=6.593589 en_neg=6.547435 pcd=True subgoal_reg=0.0030441337757525877 
2026-01-10 05:22:38,192 :   419/   23 dest_loss=0.031960 future_loss=0.021030 offset_loss=0.030458 kld=0.023571 cd=-0.186325 en_pos=6.278188 en_neg=6.464513 pcd=True subgoal_reg=0.0027385926603812837 
2026-01-10 05:22:53,436 :   425/   23 dest_loss=0.034214 future_loss=0.026154 offset_loss=0.025849 kld=0.023471 cd=-0.020802 en_pos=6.520457 en_neg=6.541260 pcd=True subgoal_reg=0.003032314474030612 
2026-01-10 05:23:08,648 :   431/   23 dest_loss=0.035423 future_loss=0.024975 offset_loss=0.028715 kld=0.024222 cd=-0.069692 en_pos=6.392189 en_neg=6.461882 pcd=True subgoal_reg=0.0027376198334901885 
2026-01-10 05:23:23,928 :   437/   23 dest_loss=0.037327 future_loss=0.026854 offset_loss=0.030659 kld=0.023663 cd=-0.049030 en_pos=6.534391 en_neg=6.583422 pcd=True subgoal_reg=0.002782786056136286 
2026-01-10 05:23:39,301 :   443/   23 dest_loss=0.032133 future_loss=0.022583 offset_loss=0.027332 kld=0.026021 cd=-0.176305 en_pos=6.403165 en_neg=6.579470 pcd=True subgoal_reg=0.003067288401368592 
2026-01-10 05:23:54,593 :   449/   23 dest_loss=0.033724 future_loss=0.023906 offset_loss=0.027150 kld=0.022949 cd=0.013499 en_pos=6.502705 en_neg=6.489206 pcd=True subgoal_reg=0.003014022400157884 
2026-01-10 05:24:09,807 :   455/   23 dest_loss=0.028823 future_loss=0.020404 offset_loss=0.026229 kld=0.023084 cd=0.029904 en_pos=6.461324 en_neg=6.431420 pcd=True subgoal_reg=0.002900699677083127 
2026-01-10 05:24:25,099 :   461/   23 dest_loss=0.024007 future_loss=0.017136 offset_loss=0.021546 kld=0.023942 cd=-0.054025 en_pos=6.461403 en_neg=6.515428 pcd=True subgoal_reg=0.0030711691952582565 
2026-01-10 05:24:40,279 :   467/   23 dest_loss=0.037127 future_loss=0.024853 offset_loss=0.034437 kld=0.023649 cd=0.055547 en_pos=6.330386 en_neg=6.274839 pcd=True subgoal_reg=0.00266590170206298 
2026-01-10 05:24:55,501 :   473/   23 dest_loss=0.034637 future_loss=0.025054 offset_loss=0.025931 kld=0.023249 cd=-0.025677 en_pos=6.492152 en_neg=6.517829 pcd=True subgoal_reg=0.0029694766661216327 
2026-01-10 05:25:10,674 :   479/   23 dest_loss=0.031552 future_loss=0.021661 offset_loss=0.027505 kld=0.023521 cd=0.358648 en_pos=6.787620 en_neg=6.428972 pcd=True subgoal_reg=0.002967148485789639 
2026-01-10 05:25:25,720 :   485/   23 dest_loss=0.031931 future_loss=0.022357 offset_loss=0.026812 kld=0.023854 cd=0.012006 en_pos=6.477568 en_neg=6.465562 pcd=True subgoal_reg=0.0027781367458131127 
2026-01-10 05:25:40,988 :   491/   23 dest_loss=0.031308 future_loss=0.024248 offset_loss=0.021882 kld=0.023342 cd=-0.122152 en_pos=6.545909 en_neg=6.668061 pcd=True subgoal_reg=0.0025862630418555703 
2026-01-10 05:25:56,173 :   497/   23 dest_loss=0.033831 future_loss=0.025100 offset_loss=0.023967 kld=0.023554 cd=0.068119 en_pos=6.485068 en_neg=6.416949 pcd=True subgoal_reg=0.002788429862351636 
2026-01-10 05:26:11,443 :   503/   23 dest_loss=0.035285 future_loss=0.025262 offset_loss=0.028577 kld=0.025068 cd=0.201382 en_pos=6.725907 en_neg=6.524525 pcd=True subgoal_reg=0.0030893207364263023 
2026-01-10 05:26:26,651 :   509/   23 dest_loss=0.029032 future_loss=0.021115 offset_loss=0.024719 kld=0.023610 cd=-0.030594 en_pos=6.472461 en_neg=6.503055 pcd=True subgoal_reg=0.002836452112672253 
2026-01-10 05:27:58,185 : Train Loss 89.51639082653453
2026-01-10 05:27:58,185 : Overall Loss 17.4346008471969
2026-01-10 05:27:58,186 : Dest Loss 22.891381887988484
2026-01-10 05:27:58,186 : Val ADE 0.1286043771806196
2026-01-10 05:27:58,186 : Val FDE 0.14132537081718327
2026-01-10 05:27:58,186 : Val Best ADE 0.12109972072112285
2026-01-10 05:27:58,186 : Val Best FDE 0.14390466070575395
2026-01-10 05:27:58,186 : ----->learning rate 0.00015625
2026-01-10 05:28:13,341 :     5/   24 dest_loss=0.031064 future_loss=0.023261 offset_loss=0.027449 kld=0.024753 cd=-0.053719 en_pos=6.343883 en_neg=6.397603 pcd=True subgoal_reg=0.0027474602207041895 
2026-01-10 05:28:28,468 :    11/   24 dest_loss=0.082162 future_loss=0.078071 offset_loss=0.053030 kld=0.024629 cd=-0.025052 en_pos=6.399197 en_neg=6.424249 pcd=True subgoal_reg=0.0028135922628637804 
2026-01-10 05:28:43,497 :    17/   24 dest_loss=0.117494 future_loss=0.087878 offset_loss=0.092927 kld=0.024052 cd=0.138166 en_pos=6.582014 en_neg=6.443848 pcd=True subgoal_reg=0.0029132936684159176 
2026-01-10 05:28:58,703 :    23/   24 dest_loss=0.142827 future_loss=0.117796 offset_loss=0.118185 kld=0.024437 cd=0.005215 en_pos=6.385328 en_neg=6.380113 pcd=True subgoal_reg=0.002904107624092467 
2026-01-10 05:29:13,984 :    29/   24 dest_loss=0.032985 future_loss=0.023158 offset_loss=0.026138 kld=0.024905 cd=-0.077743 en_pos=6.435682 en_neg=6.513425 pcd=True subgoal_reg=0.002904402493433397 
2026-01-10 05:29:29,216 :    35/   24 dest_loss=0.033353 future_loss=0.024759 offset_loss=0.026588 kld=0.025381 cd=0.097850 en_pos=6.707692 en_neg=6.609841 pcd=True subgoal_reg=0.0029995462143076095 
2026-01-10 05:29:44,476 :    41/   24 dest_loss=0.038870 future_loss=0.025299 offset_loss=0.035229 kld=0.024344 cd=-0.089622 en_pos=6.506197 en_neg=6.595818 pcd=True subgoal_reg=0.0029033304740637123 
2026-01-10 05:29:59,718 :    47/   24 dest_loss=0.101660 future_loss=0.065225 offset_loss=0.100330 kld=0.024527 cd=-0.110464 en_pos=6.452575 en_neg=6.563039 pcd=True subgoal_reg=0.0026001017832749905 
2026-01-10 05:30:14,976 :    53/   24 dest_loss=0.032680 future_loss=0.023421 offset_loss=0.026977 kld=0.024271 cd=0.043576 en_pos=6.461126 en_neg=6.417551 pcd=True subgoal_reg=0.0027444535858295893 
2026-01-10 05:30:30,180 :    59/   24 dest_loss=0.034789 future_loss=0.024811 offset_loss=0.028217 kld=0.023345 cd=0.049878 en_pos=6.556313 en_neg=6.506435 pcd=True subgoal_reg=0.0026540822564646667 
2026-01-10 05:30:45,449 :    65/   24 dest_loss=0.032008 future_loss=0.022866 offset_loss=0.026330 kld=0.024113 cd=0.042010 en_pos=6.526759 en_neg=6.484749 pcd=True subgoal_reg=0.0026411966377822586 
2026-01-10 05:31:00,623 :    71/   24 dest_loss=0.031552 future_loss=0.023241 offset_loss=0.024872 kld=0.023228 cd=-0.047029 en_pos=6.433510 en_neg=6.480539 pcd=True subgoal_reg=0.0025336450778035324 
2026-01-10 05:31:15,930 :    77/   24 dest_loss=0.031006 future_loss=0.022703 offset_loss=0.023471 kld=0.023339 cd=-0.040973 en_pos=6.341621 en_neg=6.382594 pcd=True subgoal_reg=0.00255887345951639 
2026-01-10 05:31:31,262 :    83/   24 dest_loss=0.036296 future_loss=0.025675 offset_loss=0.029887 kld=0.023530 cd=-0.071489 en_pos=6.536186 en_neg=6.607675 pcd=True subgoal_reg=0.0029190391865424187 
2026-01-10 05:31:46,370 :    89/   24 dest_loss=0.033225 future_loss=0.024065 offset_loss=0.025984 kld=0.024360 cd=0.071072 en_pos=6.315874 en_neg=6.244802 pcd=True subgoal_reg=0.0028510975420762124 
2026-01-10 05:32:01,585 :    95/   24 dest_loss=0.033028 future_loss=0.024574 offset_loss=0.027016 kld=0.023608 cd=-0.243470 en_pos=6.336911 en_neg=6.580381 pcd=True subgoal_reg=0.0027814628189969898 
2026-01-10 05:32:16,746 :   101/   24 dest_loss=0.034200 future_loss=0.024012 offset_loss=0.027813 kld=0.023602 cd=-0.090032 en_pos=6.435738 en_neg=6.525770 pcd=True subgoal_reg=0.002975468369754682 
2026-01-10 05:32:31,965 :   107/   24 dest_loss=0.037164 future_loss=0.025857 offset_loss=0.030185 kld=0.023184 cd=-0.287642 en_pos=6.251426 en_neg=6.539068 pcd=True subgoal_reg=0.0027837655626049107 
2026-01-10 05:32:47,197 :   113/   24 dest_loss=0.072079 future_loss=0.050914 offset_loss=0.080259 kld=0.024094 cd=0.191567 en_pos=6.536765 en_neg=6.345198 pcd=True subgoal_reg=0.0030207975855049175 
2026-01-10 05:33:02,432 :   119/   24 dest_loss=0.029358 future_loss=0.021189 offset_loss=0.025920 kld=0.024206 cd=0.036771 en_pos=6.415482 en_neg=6.378711 pcd=True subgoal_reg=0.0027694269466768382 
2026-01-10 05:33:17,647 :   125/   24 dest_loss=0.033895 future_loss=0.024817 offset_loss=0.027101 kld=0.023520 cd=0.031510 en_pos=6.447158 en_neg=6.415648 pcd=True subgoal_reg=0.0028454933176570167 
2026-01-10 05:33:32,969 :   131/   24 dest_loss=0.027349 future_loss=0.019264 offset_loss=0.023789 kld=0.025328 cd=-0.088211 en_pos=6.294704 en_neg=6.382915 pcd=True subgoal_reg=0.00282979891881277 
2026-01-10 05:33:48,282 :   137/   24 dest_loss=0.030714 future_loss=0.021854 offset_loss=0.025347 kld=0.023739 cd=-0.245763 en_pos=6.333784 en_neg=6.579547 pcd=True subgoal_reg=0.0026942251134753274 
2026-01-10 05:34:03,538 :   143/   24 dest_loss=0.038213 future_loss=0.024704 offset_loss=0.034581 kld=0.023472 cd=0.008986 en_pos=6.616641 en_neg=6.607654 pcd=True subgoal_reg=0.003226267396035806 
2026-01-10 05:34:18,786 :   149/   24 dest_loss=0.033902 future_loss=0.021866 offset_loss=0.031926 kld=0.024040 cd=-0.033346 en_pos=6.422356 en_neg=6.455702 pcd=True subgoal_reg=0.003013225633962134 
2026-01-10 05:34:34,119 :   155/   24 dest_loss=0.059650 future_loss=0.038330 offset_loss=0.069657 kld=0.023544 cd=-0.134230 en_pos=6.468402 en_neg=6.602631 pcd=True subgoal_reg=0.0030632023505876536 
2026-01-10 05:34:49,409 :   161/   24 dest_loss=0.036468 future_loss=0.026456 offset_loss=0.028916 kld=0.023341 cd=-0.114735 en_pos=6.170228 en_neg=6.284962 pcd=True subgoal_reg=0.002768958595008858 
2026-01-10 05:35:04,383 :   167/   24 dest_loss=0.030968 future_loss=0.023070 offset_loss=0.025013 kld=0.025759 cd=-0.189019 en_pos=6.404971 en_neg=6.593989 pcd=True subgoal_reg=0.002668422596688044 
2026-01-10 05:35:19,556 :   173/   24 dest_loss=0.033846 future_loss=0.025148 offset_loss=0.026551 kld=0.023394 cd=-0.078720 en_pos=6.370486 en_neg=6.449206 pcd=True subgoal_reg=0.002511356949225621 
2026-01-10 05:35:34,769 :   179/   24 dest_loss=0.033634 future_loss=0.025607 offset_loss=0.025305 kld=0.024067 cd=0.013447 en_pos=6.477760 en_neg=6.464314 pcd=True subgoal_reg=0.002576392231596362 
2026-01-10 05:35:50,014 :   185/   24 dest_loss=0.078475 future_loss=0.063719 offset_loss=0.050662 kld=0.023712 cd=-0.089386 en_pos=6.508565 en_neg=6.597951 pcd=True subgoal_reg=0.0031147665017331374 
2026-01-10 05:36:05,310 :   191/   24 dest_loss=0.032773 future_loss=0.025411 offset_loss=0.021606 kld=0.023117 cd=0.233350 en_pos=6.696292 en_neg=6.462942 pcd=True subgoal_reg=0.0029843894767376047 
2026-01-10 05:36:20,558 :   197/   24 dest_loss=0.028773 future_loss=0.020684 offset_loss=0.024951 kld=0.024299 cd=-0.024026 en_pos=6.439981 en_neg=6.464008 pcd=True subgoal_reg=0.0030696594369779527 
2026-01-10 05:36:35,744 :   203/   24 dest_loss=0.034420 future_loss=0.024563 offset_loss=0.027536 kld=0.023628 cd=0.091744 en_pos=6.646451 en_neg=6.554706 pcd=True subgoal_reg=0.0032354450442582164 
2026-01-10 05:36:51,029 :   209/   24 dest_loss=0.156311 future_loss=0.122995 offset_loss=0.100674 kld=0.026374 cd=-0.180822 en_pos=6.373287 en_neg=6.554109 pcd=True subgoal_reg=0.0029154302736083587 
2026-01-10 05:37:06,337 :   215/   24 dest_loss=0.097264 future_loss=0.071164 offset_loss=0.077732 kld=0.025117 cd=-0.014632 en_pos=6.465879 en_neg=6.480511 pcd=True subgoal_reg=0.003104213102281288 
2026-01-10 05:37:21,567 :   221/   24 dest_loss=0.036586 future_loss=0.026229 offset_loss=0.029160 kld=0.023258 cd=-0.061129 en_pos=6.473057 en_neg=6.534186 pcd=True subgoal_reg=0.002831154692088144 
2026-01-10 05:37:36,755 :   227/   24 dest_loss=0.031560 future_loss=0.023217 offset_loss=0.023756 kld=0.023781 cd=0.138030 en_pos=6.448947 en_neg=6.310917 pcd=True subgoal_reg=0.0028702700883708287 
2026-01-10 05:37:51,970 :   233/   24 dest_loss=0.022675 future_loss=0.017454 offset_loss=0.020510 kld=0.024612 cd=-0.060819 en_pos=6.475049 en_neg=6.535868 pcd=True subgoal_reg=0.0029359412179577986 
2026-01-10 05:38:07,119 :   239/   24 dest_loss=0.031343 future_loss=0.023310 offset_loss=0.026273 kld=0.024883 cd=-0.040468 en_pos=6.358878 en_neg=6.399346 pcd=True subgoal_reg=0.0027326116676815795 
2026-01-10 05:38:22,170 :   245/   24 dest_loss=0.034164 future_loss=0.024919 offset_loss=0.026605 kld=0.024737 cd=0.168960 en_pos=6.551895 en_neg=6.382935 pcd=True subgoal_reg=0.002652523012060942 
2026-01-10 05:38:37,465 :   251/   24 dest_loss=0.037628 future_loss=0.027630 offset_loss=0.028540 kld=0.025056 cd=0.132518 en_pos=6.732325 en_neg=6.599807 pcd=True subgoal_reg=0.0032199474459912716 
2026-01-10 05:38:52,765 :   257/   24 dest_loss=0.032856 future_loss=0.024103 offset_loss=0.025771 kld=0.023178 cd=0.034724 en_pos=6.650245 en_neg=6.615521 pcd=True subgoal_reg=0.002683845000496628 
2026-01-10 05:39:08,106 :   263/   24 dest_loss=0.029729 future_loss=0.021221 offset_loss=0.024708 kld=0.024146 cd=0.061787 en_pos=6.586222 en_neg=6.524435 pcd=True subgoal_reg=0.0028455615769500146 
2026-01-10 05:39:23,384 :   269/   24 dest_loss=0.104268 future_loss=0.072625 offset_loss=0.094154 kld=0.025148 cd=0.171145 en_pos=6.621293 en_neg=6.450148 pcd=True subgoal_reg=0.0030798352931891964 
2026-01-10 05:39:38,673 :   275/   24 dest_loss=0.035566 future_loss=0.025006 offset_loss=0.029355 kld=0.024430 cd=-0.306294 en_pos=6.371847 en_neg=6.678141 pcd=True subgoal_reg=0.002997005434631028 
2026-01-10 05:39:53,841 :   281/   24 dest_loss=0.030402 future_loss=0.022430 offset_loss=0.024282 kld=0.024552 cd=-0.274773 en_pos=6.289847 en_neg=6.564620 pcd=True subgoal_reg=0.0027381267023455875 
2026-01-10 05:40:09,039 :   287/   24 dest_loss=0.035113 future_loss=0.026371 offset_loss=0.027356 kld=0.024055 cd=0.030248 en_pos=6.449744 en_neg=6.419496 pcd=True subgoal_reg=0.0026357709574260984 
2026-01-10 05:40:24,300 :   293/   24 dest_loss=0.032911 future_loss=0.024564 offset_loss=0.026729 kld=0.023793 cd=-0.022620 en_pos=6.655914 en_neg=6.678534 pcd=True subgoal_reg=0.0028449232469786494 
2026-01-10 05:40:39,608 :   299/   24 dest_loss=0.101215 future_loss=0.070663 offset_loss=0.111503 kld=0.022591 cd=-0.084858 en_pos=6.322782 en_neg=6.407640 pcd=True subgoal_reg=0.0025577282684946905 
2026-01-10 05:40:54,879 :   305/   24 dest_loss=0.026972 future_loss=0.020537 offset_loss=0.022292 kld=0.025108 cd=-0.201996 en_pos=6.396179 en_neg=6.598175 pcd=True subgoal_reg=0.0029338480563300007 
2026-01-10 05:41:10,078 :   311/   24 dest_loss=0.037104 future_loss=0.026083 offset_loss=0.030032 kld=0.022772 cd=0.183952 en_pos=6.536137 en_neg=6.352185 pcd=True subgoal_reg=0.0028717932109773607 
2026-01-10 05:41:25,368 :   317/   24 dest_loss=0.073402 future_loss=0.082419 offset_loss=0.042792 kld=0.024181 cd=0.036015 en_pos=6.417599 en_neg=6.381585 pcd=True subgoal_reg=0.0028500217359765916 
2026-01-10 05:41:40,414 :   323/   24 dest_loss=0.039758 future_loss=0.029014 offset_loss=0.031454 kld=0.024982 cd=-0.064390 en_pos=6.527169 en_neg=6.591559 pcd=True subgoal_reg=0.00322379143555012 
2026-01-10 05:41:55,661 :   329/   24 dest_loss=0.031971 future_loss=0.022833 offset_loss=0.026715 kld=0.024749 cd=-0.033001 en_pos=6.521234 en_neg=6.554234 pcd=True subgoal_reg=0.0029216721242373497 
2026-01-10 05:42:10,849 :   335/   24 dest_loss=0.030774 future_loss=0.022866 offset_loss=0.024532 kld=0.023895 cd=-0.267479 en_pos=6.394740 en_neg=6.662219 pcd=True subgoal_reg=0.002695881926368632 
2026-01-10 05:42:26,057 :   341/   24 dest_loss=0.038277 future_loss=0.026959 offset_loss=0.029262 kld=0.025748 cd=-0.150117 en_pos=6.656592 en_neg=6.806709 pcd=True subgoal_reg=0.003063108166664486 
2026-01-10 05:42:41,315 :   347/   24 dest_loss=0.033289 future_loss=0.023256 offset_loss=0.025456 kld=0.024684 cd=0.067776 en_pos=6.657492 en_neg=6.589716 pcd=True subgoal_reg=0.0029838603635127313 
2026-01-10 05:42:56,556 :   353/   24 dest_loss=0.037896 future_loss=0.026816 offset_loss=0.030669 kld=0.025169 cd=-0.050806 en_pos=6.460828 en_neg=6.511635 pcd=True subgoal_reg=0.0027752791764464138 
2026-01-10 05:43:11,785 :   359/   24 dest_loss=0.036821 future_loss=0.027214 offset_loss=0.029524 kld=0.024847 cd=0.008976 en_pos=6.533741 en_neg=6.524766 pcd=True subgoal_reg=0.002854080097818238 
2026-01-10 05:43:26,985 :   365/   24 dest_loss=0.030491 future_loss=0.022715 offset_loss=0.024906 kld=0.025223 cd=0.024937 en_pos=6.477466 en_neg=6.452529 pcd=True subgoal_reg=0.003083791231052899 
2026-01-10 05:43:42,185 :   371/   24 dest_loss=0.030269 future_loss=0.022502 offset_loss=0.024919 kld=0.023468 cd=0.046572 en_pos=6.315833 en_neg=6.269261 pcd=True subgoal_reg=0.002551990213697202 
2026-01-10 05:43:57,449 :   377/   24 dest_loss=0.048386 future_loss=0.037364 offset_loss=0.030881 kld=0.023563 cd=0.006645 en_pos=6.503444 en_neg=6.496799 pcd=True subgoal_reg=0.002884455796438628 
2026-01-10 05:44:12,680 :   383/   24 dest_loss=0.043278 future_loss=0.032374 offset_loss=0.028584 kld=0.024224 cd=-0.465845 en_pos=6.285595 en_neg=6.751439 pcd=True subgoal_reg=0.0029825721185328135 
2026-01-10 05:44:27,919 :   389/   24 dest_loss=0.038311 future_loss=0.030008 offset_loss=0.024163 kld=0.023253 cd=-0.011620 en_pos=6.326518 en_neg=6.338138 pcd=True subgoal_reg=0.002854757046461427 
2026-01-10 05:44:43,153 :   395/   24 dest_loss=0.033404 future_loss=0.023529 offset_loss=0.027351 kld=0.023879 cd=-0.133515 en_pos=6.419690 en_neg=6.553205 pcd=True subgoal_reg=0.0029439269238016796 
2026-01-10 05:44:58,266 :   401/   24 dest_loss=0.032045 future_loss=0.023411 offset_loss=0.026824 kld=0.023338 cd=-0.016060 en_pos=6.634801 en_neg=6.650861 pcd=True subgoal_reg=0.003125884712449331 
2026-01-10 05:45:13,524 :   407/   24 dest_loss=0.034493 future_loss=0.024855 offset_loss=0.027710 kld=0.022935 cd=-0.043288 en_pos=6.275469 en_neg=6.318757 pcd=True subgoal_reg=0.002795225212636203 
2026-01-10 05:45:28,810 :   413/   24 dest_loss=0.037048 future_loss=0.026942 offset_loss=0.029357 kld=0.023866 cd=-0.199671 en_pos=6.207734 en_neg=6.407405 pcd=True subgoal_reg=0.0028928541831343864 
2026-01-10 05:45:44,060 :   419/   24 dest_loss=0.034456 future_loss=0.025402 offset_loss=0.022961 kld=0.023933 cd=0.019714 en_pos=6.388250 en_neg=6.368537 pcd=True subgoal_reg=0.0028506531776575942 
2026-01-10 05:45:59,270 :   425/   24 dest_loss=0.030375 future_loss=0.021446 offset_loss=0.025264 kld=0.023192 cd=0.206711 en_pos=6.578679 en_neg=6.371967 pcd=True subgoal_reg=0.00284521291719262 
2026-01-10 05:46:14,479 :   431/   24 dest_loss=0.058910 future_loss=0.043460 offset_loss=0.050544 kld=0.024394 cd=0.283464 en_pos=6.625402 en_neg=6.341938 pcd=True subgoal_reg=0.002972728914710454 
2026-01-10 05:46:29,701 :   437/   24 dest_loss=0.036910 future_loss=0.025181 offset_loss=0.029430 kld=0.023789 cd=0.091596 en_pos=6.481551 en_neg=6.389955 pcd=True subgoal_reg=0.0029213974073921288 
2026-01-10 05:46:44,976 :   443/   24 dest_loss=0.026623 future_loss=0.019197 offset_loss=0.024051 kld=0.024452 cd=-0.247785 en_pos=6.280329 en_neg=6.528115 pcd=True subgoal_reg=0.002848603138198172 
2026-01-10 05:47:00,179 :   449/   24 dest_loss=0.033687 future_loss=0.025329 offset_loss=0.027971 kld=0.025277 cd=0.322638 en_pos=6.683108 en_neg=6.360470 pcd=True subgoal_reg=0.002998468415897258 
2026-01-10 05:47:15,425 :   455/   24 dest_loss=0.028889 future_loss=0.020664 offset_loss=0.022890 kld=0.024344 cd=-0.035392 en_pos=6.521390 en_neg=6.556782 pcd=True subgoal_reg=0.0026525096155016964 
2026-01-10 05:47:30,703 :   461/   24 dest_loss=0.034699 future_loss=0.024496 offset_loss=0.030516 kld=0.023090 cd=0.002574 en_pos=6.393997 en_neg=6.391422 pcd=True subgoal_reg=0.003017235106799428 
2026-01-10 05:47:45,949 :   467/   24 dest_loss=0.033027 future_loss=0.023530 offset_loss=0.026947 kld=0.024728 cd=-0.218964 en_pos=6.393456 en_neg=6.612419 pcd=True subgoal_reg=0.002912356319714658 
2026-01-10 05:48:01,206 :   473/   24 dest_loss=0.028269 future_loss=0.020461 offset_loss=0.023947 kld=0.024957 cd=-0.060566 en_pos=6.457789 en_neg=6.518355 pcd=True subgoal_reg=0.0029701638623525588 
2026-01-10 05:48:16,285 :   479/   24 dest_loss=0.031843 future_loss=0.021425 offset_loss=0.031591 kld=0.023443 cd=0.067026 en_pos=6.493609 en_neg=6.426583 pcd=True subgoal_reg=0.003107578906758791 
2026-01-10 05:48:31,568 :   485/   24 dest_loss=0.033698 future_loss=0.024364 offset_loss=0.027101 kld=0.023315 cd=0.153886 en_pos=6.493134 en_neg=6.339249 pcd=True subgoal_reg=0.0028831143701221413 
2026-01-10 05:48:46,899 :   491/   24 dest_loss=0.029917 future_loss=0.021851 offset_loss=0.025823 kld=0.023886 cd=0.039024 en_pos=6.330912 en_neg=6.291889 pcd=True subgoal_reg=0.0028065434151839704 
2026-01-10 05:49:02,190 :   497/   24 dest_loss=0.082065 future_loss=0.072215 offset_loss=0.064808 kld=0.024766 cd=-0.144634 en_pos=6.393025 en_neg=6.537660 pcd=True subgoal_reg=0.002971644092519475 
2026-01-10 05:49:17,458 :   503/   24 dest_loss=0.037446 future_loss=0.026952 offset_loss=0.031045 kld=0.025795 cd=0.036883 en_pos=6.412793 en_neg=6.375909 pcd=True subgoal_reg=0.002951746774032092 
2026-01-10 05:49:32,723 :   509/   24 dest_loss=0.193160 future_loss=0.124319 offset_loss=0.203341 kld=0.028028 cd=0.080151 en_pos=6.569025 en_neg=6.488874 pcd=True subgoal_reg=0.0030190644334491716 
2026-01-10 05:51:04,328 : Train Loss 79.86257578843342
2026-01-10 05:51:04,328 : Overall Loss 17.01303133416064
2026-01-10 05:51:04,328 : Dest Loss 22.786914823587953
2026-01-10 05:51:04,328 : Val ADE 0.12392892860402763
2026-01-10 05:51:04,329 : Val FDE 0.14186511569155832
2026-01-10 05:51:04,329 : Val Best ADE 0.12109972072112285
2026-01-10 05:51:04,329 : Val Best FDE 0.14390466070575395
2026-01-10 05:51:04,329 : ----->learning rate 7.8125e-05
2026-01-10 05:51:19,605 :     5/   25 dest_loss=0.037394 future_loss=0.026959 offset_loss=0.029912 kld=0.024294 cd=-0.066148 en_pos=6.187302 en_neg=6.253449 pcd=True subgoal_reg=0.002547867963969731 
2026-01-10 05:51:34,729 :    11/   25 dest_loss=0.037352 future_loss=0.027323 offset_loss=0.027302 kld=0.024308 cd=-0.209412 en_pos=6.541968 en_neg=6.751380 pcd=True subgoal_reg=0.002941298026035659 
2026-01-10 05:51:49,990 :    17/   25 dest_loss=0.028913 future_loss=0.020592 offset_loss=0.024242 kld=0.025371 cd=-0.107618 en_pos=6.268623 en_neg=6.376241 pcd=True subgoal_reg=0.0027062744409209133 
2026-01-10 05:52:05,024 :    23/   25 dest_loss=0.026556 future_loss=0.020070 offset_loss=0.021091 kld=0.024964 cd=-0.333914 en_pos=6.359829 en_neg=6.693742 pcd=True subgoal_reg=0.0025880768735136537 
2026-01-10 05:52:20,255 :    29/   25 dest_loss=0.086376 future_loss=0.051013 offset_loss=0.077653 kld=0.025672 cd=0.239436 en_pos=6.662632 en_neg=6.423196 pcd=True subgoal_reg=0.0026447584998498183 
2026-01-10 05:52:35,454 :    35/   25 dest_loss=0.032225 future_loss=0.023811 offset_loss=0.024158 kld=0.023360 cd=-0.245152 en_pos=6.362758 en_neg=6.607910 pcd=True subgoal_reg=0.0029820854488266262 
2026-01-10 05:52:50,705 :    41/   25 dest_loss=0.037960 future_loss=0.026666 offset_loss=0.031601 kld=0.023081 cd=-0.039349 en_pos=6.430482 en_neg=6.469831 pcd=True subgoal_reg=0.002886534674300705 
2026-01-10 05:53:05,937 :    47/   25 dest_loss=0.033433 future_loss=0.024078 offset_loss=0.026017 kld=0.023654 cd=0.107466 en_pos=6.563333 en_neg=6.455868 pcd=True subgoal_reg=0.0027043537861986345 
2026-01-10 05:53:21,154 :    53/   25 dest_loss=0.038691 future_loss=0.027259 offset_loss=0.030691 kld=0.023409 cd=0.028675 en_pos=6.561376 en_neg=6.532701 pcd=True subgoal_reg=0.002832398225574569 
2026-01-10 05:53:36,431 :    59/   25 dest_loss=0.126542 future_loss=0.097843 offset_loss=0.115929 kld=0.026284 cd=-0.044295 en_pos=6.526588 en_neg=6.570883 pcd=True subgoal_reg=0.00328877244700254 
2026-01-10 05:53:51,656 :    65/   25 dest_loss=0.029938 future_loss=0.021768 offset_loss=0.022596 kld=0.023947 cd=-0.024924 en_pos=6.458581 en_neg=6.483505 pcd=True subgoal_reg=0.0026363800277110602 
2026-01-10 05:54:06,863 :    71/   25 dest_loss=0.032619 future_loss=0.024190 offset_loss=0.026115 kld=0.024091 cd=0.066489 en_pos=6.549152 en_neg=6.482663 pcd=True subgoal_reg=0.0027770164293576356 
2026-01-10 05:54:22,102 :    77/   25 dest_loss=0.033257 future_loss=0.024495 offset_loss=0.026192 kld=0.025210 cd=0.071114 en_pos=6.477071 en_neg=6.405957 pcd=True subgoal_reg=0.0029108157283284346 
2026-01-10 05:54:37,356 :    83/   25 dest_loss=0.027553 future_loss=0.020636 offset_loss=0.019826 kld=0.023371 cd=-0.071600 en_pos=6.570717 en_neg=6.642318 pcd=True subgoal_reg=0.003179341645977915 
2026-01-10 05:54:52,539 :    89/   25 dest_loss=0.036336 future_loss=0.026191 offset_loss=0.028334 kld=0.024445 cd=-0.070903 en_pos=6.326073 en_neg=6.396976 pcd=True subgoal_reg=0.002850131961616656 
2026-01-10 05:55:07,539 :    95/   25 dest_loss=0.026377 future_loss=0.020062 offset_loss=0.022016 kld=0.024327 cd=0.025262 en_pos=6.514552 en_neg=6.489290 pcd=True subgoal_reg=0.0029042188852161288 
2026-01-10 05:55:22,789 :   101/   25 dest_loss=0.030403 future_loss=0.023283 offset_loss=0.024416 kld=0.025296 cd=-0.008242 en_pos=6.336613 en_neg=6.344856 pcd=True subgoal_reg=0.0027136204085427746 
2026-01-10 05:55:37,998 :   107/   25 dest_loss=0.067068 future_loss=0.048907 offset_loss=0.065101 kld=0.023574 cd=0.045654 en_pos=6.389504 en_neg=6.343850 pcd=True subgoal_reg=0.0027121461928595668 
2026-01-10 05:55:53,238 :   113/   25 dest_loss=0.068119 future_loss=0.053651 offset_loss=0.067195 kld=0.024126 cd=-0.170354 en_pos=6.364291 en_neg=6.534645 pcd=True subgoal_reg=0.0024969861941366942 
2026-01-10 05:56:08,506 :   119/   25 dest_loss=0.102340 future_loss=0.104484 offset_loss=0.059143 kld=0.024849 cd=0.117171 en_pos=6.488791 en_neg=6.371620 pcd=True subgoal_reg=0.00276483880831422 
2026-01-10 05:56:23,898 :   125/   25 dest_loss=0.131787 future_loss=0.100989 offset_loss=0.089265 kld=0.026750 cd=-0.108845 en_pos=6.536267 en_neg=6.645112 pcd=True subgoal_reg=0.003038629190501326 
2026-01-10 05:56:39,243 :   131/   25 dest_loss=0.036085 future_loss=0.025444 offset_loss=0.029627 kld=0.023950 cd=0.078893 en_pos=6.549375 en_neg=6.470482 pcd=True subgoal_reg=0.0029588400323429997 
2026-01-10 05:56:54,471 :   137/   25 dest_loss=0.030646 future_loss=0.021957 offset_loss=0.025342 kld=0.023187 cd=0.158695 en_pos=6.466371 en_neg=6.307676 pcd=True subgoal_reg=0.003048422225231237 
2026-01-10 05:57:09,762 :   143/   25 dest_loss=0.035565 future_loss=0.025570 offset_loss=0.030302 kld=0.023566 cd=0.033047 en_pos=6.466433 en_neg=6.433386 pcd=True subgoal_reg=0.0031828224180881133 
2026-01-10 05:57:25,031 :   149/   25 dest_loss=0.035323 future_loss=0.025778 offset_loss=0.027842 kld=0.024246 cd=-0.170398 en_pos=6.624472 en_neg=6.794870 pcd=True subgoal_reg=0.003163143861219237 
2026-01-10 05:57:40,323 :   155/   25 dest_loss=0.029408 future_loss=0.021107 offset_loss=0.024470 kld=0.022398 cd=-0.004197 en_pos=6.346033 en_neg=6.350230 pcd=True subgoal_reg=0.0028952882863424413 
2026-01-10 05:57:55,547 :   161/   25 dest_loss=0.029735 future_loss=0.022335 offset_loss=0.023882 kld=0.024397 cd=-0.189887 en_pos=6.301823 en_neg=6.491710 pcd=True subgoal_reg=0.003019046390455544 
2026-01-10 05:58:10,793 :   167/   25 dest_loss=0.032966 future_loss=0.024162 offset_loss=0.028492 kld=0.026543 cd=0.112278 en_pos=6.842665 en_neg=6.730387 pcd=True subgoal_reg=0.003037936417781177 
2026-01-10 05:58:25,874 :   173/   25 dest_loss=0.032435 future_loss=0.023644 offset_loss=0.025921 kld=0.024350 cd=-0.087682 en_pos=6.510454 en_neg=6.598136 pcd=True subgoal_reg=0.003090043042521839 
2026-01-10 05:58:41,122 :   179/   25 dest_loss=0.032628 future_loss=0.022650 offset_loss=0.026652 kld=0.023608 cd=0.141574 en_pos=6.322666 en_neg=6.181092 pcd=True subgoal_reg=0.0029748737764199043 
2026-01-10 05:58:56,360 :   185/   25 dest_loss=0.028057 future_loss=0.020507 offset_loss=0.021918 kld=0.023270 cd=0.078621 en_pos=6.415570 en_neg=6.336949 pcd=True subgoal_reg=0.0029448037331221517 
2026-01-10 05:59:11,571 :   191/   25 dest_loss=0.033727 future_loss=0.024726 offset_loss=0.027029 kld=0.024470 cd=-0.177527 en_pos=6.548729 en_neg=6.726256 pcd=True subgoal_reg=0.0030304814000191764 
2026-01-10 05:59:26,719 :   197/   25 dest_loss=0.030292 future_loss=0.021627 offset_loss=0.026006 kld=0.023045 cd=-0.143972 en_pos=6.399042 en_neg=6.543015 pcd=True subgoal_reg=0.002717838248863349 
2026-01-10 05:59:41,966 :   203/   25 dest_loss=0.040070 future_loss=0.028691 offset_loss=0.031855 kld=0.024641 cd=-0.159076 en_pos=6.550242 en_neg=6.709318 pcd=True subgoal_reg=0.0030690443117666185 
2026-01-10 05:59:57,196 :   209/   25 dest_loss=0.029994 future_loss=0.022734 offset_loss=0.025235 kld=0.025137 cd=0.122992 en_pos=6.664051 en_neg=6.541059 pcd=True subgoal_reg=0.003049570599300018 
2026-01-10 06:00:12,372 :   215/   25 dest_loss=0.029622 future_loss=0.021722 offset_loss=0.023713 kld=0.022935 cd=0.069388 en_pos=6.463160 en_neg=6.393772 pcd=True subgoal_reg=0.002427500504189591 
2026-01-10 06:00:27,600 :   221/   25 dest_loss=0.035762 future_loss=0.026476 offset_loss=0.026715 kld=0.022699 cd=-0.228547 en_pos=6.241591 en_neg=6.470138 pcd=True subgoal_reg=0.002537012397016594 
2026-01-10 06:00:42,944 :   227/   25 dest_loss=0.035283 future_loss=0.025518 offset_loss=0.028010 kld=0.023693 cd=0.042236 en_pos=6.383517 en_neg=6.341281 pcd=True subgoal_reg=0.0025831985787181317 
2026-01-10 06:00:58,150 :   233/   25 dest_loss=0.032296 future_loss=0.024238 offset_loss=0.025718 kld=0.023721 cd=0.048753 en_pos=6.248622 en_neg=6.199869 pcd=True subgoal_reg=0.0026439696083823605 
2026-01-10 06:01:13,428 :   239/   25 dest_loss=0.025861 future_loss=0.019042 offset_loss=0.020149 kld=0.023113 cd=0.051424 en_pos=6.404944 en_neg=6.353520 pcd=True subgoal_reg=0.002728472021941751 
2026-01-10 06:01:28,704 :   245/   25 dest_loss=0.035822 future_loss=0.022732 offset_loss=0.033090 kld=0.023484 cd=0.147082 en_pos=6.538440 en_neg=6.391359 pcd=True subgoal_reg=0.002890436558362464 
2026-01-10 06:01:43,785 :   251/   25 dest_loss=0.036142 future_loss=0.025336 offset_loss=0.029290 kld=0.023527 cd=0.082004 en_pos=6.436492 en_neg=6.354488 pcd=True subgoal_reg=0.0029165644516158783 
2026-01-10 06:01:59,071 :   257/   25 dest_loss=0.034677 future_loss=0.027703 offset_loss=0.023983 kld=0.023450 cd=-0.006727 en_pos=6.415029 en_neg=6.421755 pcd=True subgoal_reg=0.0028768498667632154 
2026-01-10 06:02:14,300 :   263/   25 dest_loss=0.034485 future_loss=0.023263 offset_loss=0.026564 kld=0.023346 cd=0.161169 en_pos=6.560800 en_neg=6.399631 pcd=True subgoal_reg=0.002908588810265575 
2026-01-10 06:02:29,514 :   269/   25 dest_loss=0.032559 future_loss=0.023124 offset_loss=0.025741 kld=0.023231 cd=-0.197922 en_pos=6.302617 en_neg=6.500539 pcd=True subgoal_reg=0.003044886159253661 
2026-01-10 06:02:44,834 :   275/   25 dest_loss=0.032112 future_loss=0.023706 offset_loss=0.025800 kld=0.023449 cd=-0.129914 en_pos=6.394686 en_neg=6.524601 pcd=True subgoal_reg=0.0028947388237872047 
2026-01-10 06:03:00,100 :   281/   25 dest_loss=0.037779 future_loss=0.028019 offset_loss=0.028684 kld=0.024964 cd=0.256778 en_pos=6.703368 en_neg=6.446590 pcd=True subgoal_reg=0.002887036676399606 
2026-01-10 06:03:15,368 :   287/   25 dest_loss=0.031891 future_loss=0.023348 offset_loss=0.025033 kld=0.024572 cd=-0.035376 en_pos=6.379891 en_neg=6.415267 pcd=True subgoal_reg=0.0029220596786379838 
2026-01-10 06:03:30,580 :   293/   25 dest_loss=0.091198 future_loss=0.062513 offset_loss=0.108163 kld=0.023892 cd=-0.260896 en_pos=6.300526 en_neg=6.561422 pcd=True subgoal_reg=0.002688706640302766 
2026-01-10 06:03:45,826 :   299/   25 dest_loss=0.034782 future_loss=0.025083 offset_loss=0.027227 kld=0.024189 cd=-0.169868 en_pos=6.374309 en_neg=6.544177 pcd=True subgoal_reg=0.0027338033443901205 
2026-01-10 06:04:01,046 :   305/   25 dest_loss=0.033936 future_loss=0.024040 offset_loss=0.027055 kld=0.024138 cd=0.033378 en_pos=6.743063 en_neg=6.709685 pcd=True subgoal_reg=0.0030451520159664133 
2026-01-10 06:04:16,258 :   311/   25 dest_loss=0.028775 future_loss=0.020795 offset_loss=0.023642 kld=0.023201 cd=0.331083 en_pos=6.688743 en_neg=6.357660 pcd=True subgoal_reg=0.0029746524889389643 
2026-01-10 06:04:31,460 :   317/   25 dest_loss=0.132689 future_loss=0.103659 offset_loss=0.082896 kld=0.024914 cd=-0.232998 en_pos=6.282221 en_neg=6.515219 pcd=True subgoal_reg=0.0031302917043096574 
2026-01-10 06:04:46,731 :   323/   25 dest_loss=0.035080 future_loss=0.025571 offset_loss=0.027530 kld=0.024202 cd=-0.044907 en_pos=6.366643 en_neg=6.411549 pcd=True subgoal_reg=0.0026369894122930454 
2026-01-10 06:05:01,818 :   329/   25 dest_loss=0.038315 future_loss=0.029304 offset_loss=0.027413 kld=0.023317 cd=0.015444 en_pos=6.447158 en_neg=6.431714 pcd=True subgoal_reg=0.0027991973167675803 
2026-01-10 06:05:17,047 :   335/   25 dest_loss=0.127375 future_loss=0.088038 offset_loss=0.131256 kld=0.025250 cd=-0.158335 en_pos=6.416196 en_neg=6.574531 pcd=True subgoal_reg=0.0027516207107918184 
2026-01-10 06:05:32,359 :   341/   25 dest_loss=0.093017 future_loss=0.070444 offset_loss=0.096255 kld=0.023377 cd=-0.050559 en_pos=6.491909 en_neg=6.542468 pcd=True subgoal_reg=0.0029131670907816916 
2026-01-10 06:05:47,599 :   347/   25 dest_loss=0.029608 future_loss=0.021960 offset_loss=0.024079 kld=0.024104 cd=-0.014117 en_pos=6.277806 en_neg=6.291922 pcd=True subgoal_reg=0.002923386126181741 
2026-01-10 06:06:02,821 :   353/   25 dest_loss=0.082940 future_loss=0.077104 offset_loss=0.073697 kld=0.023781 cd=0.154264 en_pos=6.569049 en_neg=6.414785 pcd=True subgoal_reg=0.002832130540141852 
2026-01-10 06:06:18,007 :   359/   25 dest_loss=0.032479 future_loss=0.022831 offset_loss=0.026653 kld=0.025511 cd=0.494784 en_pos=6.690301 en_neg=6.195517 pcd=True subgoal_reg=0.002907544800956151 
2026-01-10 06:06:33,196 :   365/   25 dest_loss=0.029851 future_loss=0.022055 offset_loss=0.024311 kld=0.024871 cd=0.286230 en_pos=6.616069 en_neg=6.329839 pcd=True subgoal_reg=0.0030504970953944555 
2026-01-10 06:06:48,471 :   371/   25 dest_loss=0.031737 future_loss=0.021876 offset_loss=0.027051 kld=0.023917 cd=0.265201 en_pos=6.639733 en_neg=6.374532 pcd=True subgoal_reg=0.0030545868254524657 
2026-01-10 06:07:03,771 :   377/   25 dest_loss=0.127070 future_loss=0.098605 offset_loss=0.060062 kld=0.025898 cd=0.075543 en_pos=6.508383 en_neg=6.432840 pcd=True subgoal_reg=0.0031413792481910416 
2026-01-10 06:07:18,994 :   383/   25 dest_loss=0.032900 future_loss=0.023378 offset_loss=0.027769 kld=0.024657 cd=0.048640 en_pos=6.479959 en_neg=6.431319 pcd=True subgoal_reg=0.0029093264613232906 
2026-01-10 06:07:34,226 :   389/   25 dest_loss=0.030701 future_loss=0.021647 offset_loss=0.026495 kld=0.022311 cd=-0.017429 en_pos=6.417602 en_neg=6.435031 pcd=True subgoal_reg=0.002804367548432436 
2026-01-10 06:07:49,549 :   395/   25 dest_loss=0.033195 future_loss=0.023205 offset_loss=0.026346 kld=0.023134 cd=0.131539 en_pos=6.401555 en_neg=6.270016 pcd=True subgoal_reg=0.002921714470139652 
2026-01-10 06:08:04,735 :   401/   25 dest_loss=0.065175 future_loss=0.051569 offset_loss=0.034646 kld=0.023584 cd=0.012223 en_pos=6.300738 en_neg=6.288515 pcd=True subgoal_reg=0.002872040893751035 
2026-01-10 06:08:19,764 :   407/   25 dest_loss=0.039107 future_loss=0.027030 offset_loss=0.031311 kld=0.023825 cd=-0.112807 en_pos=6.493077 en_neg=6.605884 pcd=True subgoal_reg=0.0032806983844284486 
2026-01-10 06:08:35,085 :   413/   25 dest_loss=0.033606 future_loss=0.023170 offset_loss=0.028160 kld=0.024480 cd=0.150222 en_pos=6.358731 en_neg=6.208510 pcd=True subgoal_reg=0.0030030904634940486 
2026-01-10 06:08:50,348 :   419/   25 dest_loss=0.029920 future_loss=0.021775 offset_loss=0.025000 kld=0.024670 cd=-0.138022 en_pos=6.415478 en_neg=6.553501 pcd=True subgoal_reg=0.002964634826953644 
2026-01-10 06:09:05,584 :   425/   25 dest_loss=0.032684 future_loss=0.023812 offset_loss=0.027208 kld=0.024395 cd=0.013253 en_pos=6.649439 en_neg=6.636186 pcd=True subgoal_reg=0.0027575436065853877 
2026-01-10 06:09:20,908 :   431/   25 dest_loss=0.030707 future_loss=0.022370 offset_loss=0.025093 kld=0.023850 cd=0.078274 en_pos=6.605466 en_neg=6.527193 pcd=True subgoal_reg=0.0029981829889759257 
2026-01-10 06:09:36,170 :   437/   25 dest_loss=0.159919 future_loss=0.128270 offset_loss=0.112732 kld=0.025625 cd=-0.041274 en_pos=6.418786 en_neg=6.460060 pcd=True subgoal_reg=0.0033189742978010865 
2026-01-10 06:09:51,381 :   443/   25 dest_loss=0.032034 future_loss=0.020237 offset_loss=0.030538 kld=0.023481 cd=-0.134915 en_pos=6.364275 en_neg=6.499190 pcd=True subgoal_reg=0.0032127864634368857 
2026-01-10 06:10:06,644 :   449/   25 dest_loss=0.033937 future_loss=0.023881 offset_loss=0.028991 kld=0.024819 cd=-0.016362 en_pos=6.361828 en_neg=6.378190 pcd=True subgoal_reg=0.003040200255245551 
2026-01-10 06:10:21,929 :   455/   25 dest_loss=0.037866 future_loss=0.027221 offset_loss=0.031579 kld=0.024145 cd=0.112123 en_pos=6.498045 en_neg=6.385922 pcd=True subgoal_reg=0.0028525325595524006 
2026-01-10 06:10:37,281 :   461/   25 dest_loss=0.027177 future_loss=0.019679 offset_loss=0.023936 kld=0.023427 cd=-0.052085 en_pos=6.610730 en_neg=6.662816 pcd=True subgoal_reg=0.002757743326841907 
2026-01-10 06:10:52,545 :   467/   25 dest_loss=0.029923 future_loss=0.022764 offset_loss=0.024785 kld=0.024903 cd=-0.040546 en_pos=6.283343 en_neg=6.323889 pcd=True subgoal_reg=0.002758188960497268 
2026-01-10 06:11:07,811 :   473/   25 dest_loss=0.107549 future_loss=0.090653 offset_loss=0.066896 kld=0.025755 cd=0.177402 en_pos=6.660531 en_neg=6.483129 pcd=True subgoal_reg=0.0032000158657626344 
2026-01-10 06:11:23,079 :   479/   25 dest_loss=0.035517 future_loss=0.026549 offset_loss=0.023091 kld=0.024175 cd=0.183111 en_pos=6.622659 en_neg=6.439548 pcd=True subgoal_reg=0.002831303134497253 
2026-01-10 06:11:38,138 :   485/   25 dest_loss=0.034470 future_loss=0.022528 offset_loss=0.033053 kld=0.023526 cd=0.203293 en_pos=6.487738 en_neg=6.284445 pcd=True subgoal_reg=0.0028039618806821923 
2026-01-10 06:11:53,383 :   491/   25 dest_loss=0.069439 future_loss=0.058788 offset_loss=0.052429 kld=0.025348 cd=-0.169461 en_pos=6.541769 en_neg=6.711230 pcd=True subgoal_reg=0.0028342176209926466 
2026-01-10 06:12:08,575 :   497/   25 dest_loss=0.030818 future_loss=0.022512 offset_loss=0.025565 kld=0.024937 cd=-0.103709 en_pos=6.510199 en_neg=6.613908 pcd=True subgoal_reg=0.0027071180465913004 
2026-01-10 06:12:23,813 :   503/   25 dest_loss=0.140432 future_loss=0.100765 offset_loss=0.108007 kld=0.025079 cd=-0.302815 en_pos=6.389039 en_neg=6.691854 pcd=True subgoal_reg=0.00283841858541222 
2026-01-10 06:12:39,156 :   509/   25 dest_loss=0.033845 future_loss=0.024266 offset_loss=0.026356 kld=0.022819 cd=-0.227181 en_pos=6.249252 en_neg=6.476434 pcd=True subgoal_reg=0.0026020779736436878 
2026-01-10 06:14:10,533 : Train Loss 89.18118611269163
2026-01-10 06:14:10,533 : Overall Loss 18.866917785601473
2026-01-10 06:14:10,534 : Dest Loss 24.850916709536875
2026-01-10 06:14:10,534 : Val ADE 0.12448041920727392
2026-01-10 06:14:10,534 : Val FDE 0.14214987451875138
2026-01-10 06:14:10,534 : Val Best ADE 0.12109972072112285
2026-01-10 06:14:10,534 : Val Best FDE 0.14390466070575395
2026-01-10 06:14:10,535 : ----->learning rate 7.8125e-05
2026-01-10 06:14:25,705 :     5/   26 dest_loss=0.133715 future_loss=0.091829 offset_loss=0.124214 kld=0.026046 cd=0.100706 en_pos=6.527561 en_neg=6.426855 pcd=True subgoal_reg=0.002962721500457762 
2026-01-10 06:14:40,932 :    11/   26 dest_loss=0.030842 future_loss=0.023061 offset_loss=0.025761 kld=0.024560 cd=0.056506 en_pos=6.468176 en_neg=6.411671 pcd=True subgoal_reg=0.0027694228750328237 
2026-01-10 06:14:55,962 :    17/   26 dest_loss=0.040369 future_loss=0.030260 offset_loss=0.026056 kld=0.024101 cd=-0.029629 en_pos=6.624084 en_neg=6.653713 pcd=True subgoal_reg=0.002857336548041693 
2026-01-10 06:15:11,149 :    23/   26 dest_loss=0.027416 future_loss=0.020007 offset_loss=0.022434 kld=0.025024 cd=0.229906 en_pos=6.443200 en_neg=6.213294 pcd=True subgoal_reg=0.0027245408736072097 
2026-01-10 06:15:26,402 :    29/   26 dest_loss=0.038267 future_loss=0.027262 offset_loss=0.031485 kld=0.024735 cd=-0.220236 en_pos=6.270738 en_neg=6.490974 pcd=True subgoal_reg=0.0024609666052859166 
2026-01-10 06:15:41,659 :    35/   26 dest_loss=0.163995 future_loss=0.133206 offset_loss=0.111058 kld=0.027349 cd=-0.047190 en_pos=6.399954 en_neg=6.447144 pcd=True subgoal_reg=0.0028153687648533607 
2026-01-10 06:15:56,877 :    41/   26 dest_loss=0.098667 future_loss=0.062714 offset_loss=0.118549 kld=0.024081 cd=-0.032761 en_pos=6.503401 en_neg=6.536162 pcd=True subgoal_reg=0.0028552538432700526 
2026-01-10 06:16:12,044 :    47/   26 dest_loss=0.088983 future_loss=0.065745 offset_loss=0.102329 kld=0.023859 cd=-0.051146 en_pos=6.449123 en_neg=6.500269 pcd=True subgoal_reg=0.002752831433316183 
2026-01-10 06:16:27,192 :    53/   26 dest_loss=0.038649 future_loss=0.027030 offset_loss=0.030067 kld=0.023272 cd=-0.084149 en_pos=6.324212 en_neg=6.408361 pcd=True subgoal_reg=0.002426008272336042 
2026-01-10 06:16:42,449 :    59/   26 dest_loss=0.031162 future_loss=0.022911 offset_loss=0.023856 kld=0.024236 cd=0.144248 en_pos=6.496391 en_neg=6.352143 pcd=True subgoal_reg=0.0026108913623893713 
2026-01-10 06:16:57,628 :    65/   26 dest_loss=0.082989 future_loss=0.064789 offset_loss=0.087080 kld=0.025027 cd=-0.093799 en_pos=6.467881 en_neg=6.561681 pcd=True subgoal_reg=0.0027283527388048496 
2026-01-10 06:17:12,923 :    71/   26 dest_loss=0.038367 future_loss=0.027961 offset_loss=0.028076 kld=0.025590 cd=0.040197 en_pos=6.498069 en_neg=6.457871 pcd=True subgoal_reg=0.0026329674207352617 
2026-01-10 06:17:28,247 :    77/   26 dest_loss=0.037669 future_loss=0.027144 offset_loss=0.028073 kld=0.024795 cd=0.292995 en_pos=6.593868 en_neg=6.300873 pcd=True subgoal_reg=0.0030456051480368933 
2026-01-10 06:17:43,511 :    83/   26 dest_loss=0.032060 future_loss=0.025455 offset_loss=0.021214 kld=0.023872 cd=0.025561 en_pos=6.757312 en_neg=6.731752 pcd=True subgoal_reg=0.002720586562828922 
2026-01-10 06:17:58,741 :    89/   26 dest_loss=0.031315 future_loss=0.023579 offset_loss=0.023107 kld=0.024238 cd=0.069404 en_pos=6.611573 en_neg=6.542169 pcd=True subgoal_reg=0.002791627836441298 
2026-01-10 06:18:13,734 :    95/   26 dest_loss=0.034933 future_loss=0.025970 offset_loss=0.027095 kld=0.023422 cd=0.202552 en_pos=6.398660 en_neg=6.196109 pcd=True subgoal_reg=0.0029053169738365225 
2026-01-10 06:18:28,931 :   101/   26 dest_loss=0.036838 future_loss=0.026877 offset_loss=0.029808 kld=0.024596 cd=-0.108578 en_pos=6.388607 en_neg=6.497185 pcd=True subgoal_reg=0.003101461454790954 
2026-01-10 06:18:44,265 :   107/   26 dest_loss=0.083162 future_loss=0.054679 offset_loss=0.092137 kld=0.025571 cd=-0.177287 en_pos=6.375878 en_neg=6.553165 pcd=True subgoal_reg=0.00324606654366035 
2026-01-10 06:18:59,489 :   113/   26 dest_loss=0.035517 future_loss=0.026013 offset_loss=0.027246 kld=0.023200 cd=-0.140562 en_pos=6.369753 en_neg=6.510315 pcd=True subgoal_reg=0.002725912260234129 
2026-01-10 06:19:14,732 :   119/   26 dest_loss=0.035300 future_loss=0.023514 offset_loss=0.031115 kld=0.023524 cd=0.011097 en_pos=6.520559 en_neg=6.509462 pcd=True subgoal_reg=0.0028898676589614266 
2026-01-10 06:19:29,914 :   125/   26 dest_loss=0.036829 future_loss=0.026219 offset_loss=0.028429 kld=0.024801 cd=-0.000980 en_pos=6.568878 en_neg=6.569859 pcd=True subgoal_reg=0.0028480236257212976 
2026-01-10 06:19:45,193 :   131/   26 dest_loss=0.026778 future_loss=0.018917 offset_loss=0.022234 kld=0.024859 cd=0.046423 en_pos=6.484454 en_neg=6.438031 pcd=True subgoal_reg=0.0029754374816142503 
2026-01-10 06:20:00,417 :   137/   26 dest_loss=0.032653 future_loss=0.023721 offset_loss=0.026915 kld=0.024335 cd=-0.020211 en_pos=6.318518 en_neg=6.338728 pcd=True subgoal_reg=0.002938471582263024 
2026-01-10 06:20:15,601 :   143/   26 dest_loss=0.033824 future_loss=0.024740 offset_loss=0.025847 kld=0.023273 cd=-0.141934 en_pos=6.418163 en_neg=6.560097 pcd=True subgoal_reg=0.002694090997005864 
2026-01-10 06:20:30,830 :   149/   26 dest_loss=0.115647 future_loss=0.117356 offset_loss=0.074482 kld=0.026164 cd=-0.071348 en_pos=6.564056 en_neg=6.635404 pcd=True subgoal_reg=0.002871149751935719 
2026-01-10 06:20:46,081 :   155/   26 dest_loss=0.037799 future_loss=0.027680 offset_loss=0.029980 kld=0.024535 cd=-0.071284 en_pos=6.266465 en_neg=6.337749 pcd=True subgoal_reg=0.0025317321951569757 
2026-01-10 06:21:01,281 :   161/   26 dest_loss=0.033439 future_loss=0.022415 offset_loss=0.029464 kld=0.023664 cd=0.130090 en_pos=6.430792 en_neg=6.300702 pcd=True subgoal_reg=0.002820131205288994 
2026-01-10 06:21:16,530 :   167/   26 dest_loss=0.133231 future_loss=0.079096 offset_loss=0.143008 kld=0.025005 cd=0.158901 en_pos=6.500193 en_neg=6.341292 pcd=True subgoal_reg=0.003100633810213892 
2026-01-10 06:21:31,526 :   173/   26 dest_loss=0.084439 future_loss=0.066929 offset_loss=0.082951 kld=0.024542 cd=0.092791 en_pos=6.500122 en_neg=6.407331 pcd=True subgoal_reg=0.0030375834965665986 
2026-01-10 06:21:46,742 :   179/   26 dest_loss=0.031976 future_loss=0.022393 offset_loss=0.025823 kld=0.023952 cd=0.039325 en_pos=6.511317 en_neg=6.471992 pcd=True subgoal_reg=0.0029410194310364604 
2026-01-10 06:22:02,061 :   185/   26 dest_loss=0.109359 future_loss=0.079210 offset_loss=0.122939 kld=0.024140 cd=-0.035881 en_pos=6.446609 en_neg=6.482490 pcd=True subgoal_reg=0.0029513272398843902 
2026-01-10 06:22:17,364 :   191/   26 dest_loss=0.030920 future_loss=0.022930 offset_loss=0.024332 kld=0.024099 cd=-0.051768 en_pos=6.441677 en_neg=6.493444 pcd=True subgoal_reg=0.0028552809938560673 
2026-01-10 06:22:32,597 :   197/   26 dest_loss=0.035913 future_loss=0.025741 offset_loss=0.027404 kld=0.023420 cd=-0.182454 en_pos=6.403084 en_neg=6.585538 pcd=True subgoal_reg=0.002648692535785468 
2026-01-10 06:22:47,882 :   203/   26 dest_loss=0.034124 future_loss=0.023971 offset_loss=0.028213 kld=0.023144 cd=-0.109685 en_pos=6.343897 en_neg=6.453582 pcd=True subgoal_reg=0.002580394658758019 
2026-01-10 06:23:03,091 :   209/   26 dest_loss=0.032626 future_loss=0.024313 offset_loss=0.027274 kld=0.024087 cd=0.265918 en_pos=6.444333 en_neg=6.178415 pcd=True subgoal_reg=0.00290958722655379 
2026-01-10 06:23:18,277 :   215/   26 dest_loss=0.130957 future_loss=0.122722 offset_loss=0.067328 kld=0.025729 cd=0.190358 en_pos=6.564408 en_neg=6.374050 pcd=True subgoal_reg=0.00295330279911752 
2026-01-10 06:23:33,556 :   221/   26 dest_loss=0.038550 future_loss=0.027523 offset_loss=0.031130 kld=0.023362 cd=-0.073047 en_pos=6.583428 en_neg=6.656475 pcd=True subgoal_reg=0.002969691272172852 
2026-01-10 06:23:48,813 :   227/   26 dest_loss=0.090427 future_loss=0.051538 offset_loss=0.090199 kld=0.024583 cd=-0.059027 en_pos=6.575948 en_neg=6.634974 pcd=True subgoal_reg=0.0031390869626771968 
2026-01-10 06:24:03,957 :   233/   26 dest_loss=0.033768 future_loss=0.024025 offset_loss=0.028672 kld=0.025012 cd=-0.008169 en_pos=6.500368 en_neg=6.508537 pcd=True subgoal_reg=0.0031894422143967332 
2026-01-10 06:24:19,117 :   239/   26 dest_loss=0.030831 future_loss=0.022923 offset_loss=0.026702 kld=0.024187 cd=-0.447338 en_pos=6.208516 en_neg=6.655854 pcd=True subgoal_reg=0.0028383760545662514 
2026-01-10 06:24:34,310 :   245/   26 dest_loss=0.036571 future_loss=0.026312 offset_loss=0.030302 kld=0.023844 cd=-0.208466 en_pos=6.377546 en_neg=6.586012 pcd=True subgoal_reg=0.0028168162220949685 
2026-01-10 06:24:49,279 :   251/   26 dest_loss=0.035354 future_loss=0.024852 offset_loss=0.029008 kld=0.025209 cd=-0.086451 en_pos=6.518944 en_neg=6.605395 pcd=True subgoal_reg=0.002975581729615899 
2026-01-10 06:25:04,438 :   257/   26 dest_loss=0.036754 future_loss=0.026051 offset_loss=0.030173 kld=0.024934 cd=0.012405 en_pos=6.534786 en_neg=6.522381 pcd=True subgoal_reg=0.0029200761467689357 
2026-01-10 06:25:19,651 :   263/   26 dest_loss=0.035451 future_loss=0.025845 offset_loss=0.029581 kld=0.024038 cd=-0.122088 en_pos=6.246263 en_neg=6.368351 pcd=True subgoal_reg=0.002637038642060101 
2026-01-10 06:25:34,793 :   269/   26 dest_loss=0.034146 future_loss=0.022767 offset_loss=0.028079 kld=0.023281 cd=-0.102744 en_pos=6.411746 en_neg=6.514490 pcd=True subgoal_reg=0.002715411269605954 
2026-01-10 06:25:50,015 :   275/   26 dest_loss=0.033425 future_loss=0.023517 offset_loss=0.028192 kld=0.024689 cd=-0.137733 en_pos=6.286819 en_neg=6.424552 pcd=True subgoal_reg=0.0029265606361152854 
2026-01-10 06:26:05,287 :   281/   26 dest_loss=0.032717 future_loss=0.022420 offset_loss=0.028586 kld=0.023063 cd=0.049545 en_pos=6.436525 en_neg=6.386980 pcd=True subgoal_reg=0.0029659367353886525 
2026-01-10 06:26:20,521 :   287/   26 dest_loss=0.031058 future_loss=0.021608 offset_loss=0.027329 kld=0.024644 cd=-0.015592 en_pos=6.525951 en_neg=6.541543 pcd=True subgoal_reg=0.0031184512634313474 
2026-01-10 06:26:35,708 :   293/   26 dest_loss=0.033270 future_loss=0.023565 offset_loss=0.029098 kld=0.024042 cd=0.020674 en_pos=6.517468 en_neg=6.496793 pcd=True subgoal_reg=0.0029397569759418074 
2026-01-10 06:26:50,943 :   299/   26 dest_loss=0.038943 future_loss=0.027017 offset_loss=0.030132 kld=0.023324 cd=0.203261 en_pos=6.621451 en_neg=6.418190 pcd=True subgoal_reg=0.002987456317294065 
2026-01-10 06:27:06,213 :   305/   26 dest_loss=0.033428 future_loss=0.024025 offset_loss=0.028460 kld=0.024135 cd=-0.157637 en_pos=6.221787 en_neg=6.379424 pcd=True subgoal_reg=0.0024972871027488944 
2026-01-10 06:27:21,457 :   311/   26 dest_loss=0.028613 future_loss=0.020070 offset_loss=0.025071 kld=0.023121 cd=0.054545 en_pos=6.442414 en_neg=6.387868 pcd=True subgoal_reg=0.0026852123714406198 
2026-01-10 06:27:36,737 :   317/   26 dest_loss=0.028488 future_loss=0.020528 offset_loss=0.023863 kld=0.022772 cd=-0.130776 en_pos=6.394919 en_neg=6.525695 pcd=True subgoal_reg=0.0026378009956001458 
2026-01-10 06:27:51,999 :   323/   26 dest_loss=0.029959 future_loss=0.022133 offset_loss=0.025367 kld=0.023579 cd=0.030405 en_pos=6.453542 en_neg=6.423138 pcd=True subgoal_reg=0.0027282684904288315 
2026-01-10 06:28:06,984 :   329/   26 dest_loss=0.032278 future_loss=0.022962 offset_loss=0.025824 kld=0.024269 cd=0.084307 en_pos=6.658026 en_neg=6.573719 pcd=True subgoal_reg=0.0030360084960892927 
2026-01-10 06:28:22,217 :   335/   26 dest_loss=0.031509 future_loss=0.022281 offset_loss=0.025876 kld=0.022752 cd=0.029278 en_pos=6.322348 en_neg=6.293070 pcd=True subgoal_reg=0.0028778244514806976 
2026-01-10 06:28:37,536 :   341/   26 dest_loss=0.103089 future_loss=0.094861 offset_loss=0.088340 kld=0.024538 cd=-0.205145 en_pos=6.279219 en_neg=6.484364 pcd=True subgoal_reg=0.002998956699088606 
2026-01-10 06:28:52,782 :   347/   26 dest_loss=0.026916 future_loss=0.019245 offset_loss=0.024592 kld=0.024648 cd=-0.120155 en_pos=6.361374 en_neg=6.481529 pcd=True subgoal_reg=0.002874159166542386 
2026-01-10 06:29:08,020 :   353/   26 dest_loss=0.029186 future_loss=0.020390 offset_loss=0.026186 kld=0.023014 cd=-0.234843 en_pos=6.365666 en_neg=6.600509 pcd=True subgoal_reg=0.0027300427610687174 
2026-01-10 06:29:23,248 :   359/   26 dest_loss=0.028850 future_loss=0.020273 offset_loss=0.024961 kld=0.024277 cd=0.068185 en_pos=6.388680 en_neg=6.320496 pcd=True subgoal_reg=0.0029597781188261153 
2026-01-10 06:29:38,549 :   365/   26 dest_loss=0.033970 future_loss=0.023735 offset_loss=0.027662 kld=0.023462 cd=0.135540 en_pos=6.489941 en_neg=6.354401 pcd=True subgoal_reg=0.002996150490085397 
2026-01-10 06:29:53,767 :   371/   26 dest_loss=0.089138 future_loss=0.078942 offset_loss=0.061815 kld=0.024899 cd=-0.037095 en_pos=6.493770 en_neg=6.530866 pcd=True subgoal_reg=0.0027828346438040826 
2026-01-10 06:30:09,088 :   377/   26 dest_loss=0.036779 future_loss=0.026125 offset_loss=0.030109 kld=0.022643 cd=-0.222364 en_pos=6.154187 en_neg=6.376551 pcd=True subgoal_reg=0.0026749053952624907 
2026-01-10 06:30:24,305 :   383/   26 dest_loss=0.034557 future_loss=0.024099 offset_loss=0.029275 kld=0.023967 cd=-0.108638 en_pos=6.558265 en_neg=6.666904 pcd=True subgoal_reg=0.0026749149802528273 
2026-01-10 06:30:39,529 :   389/   26 dest_loss=0.029222 future_loss=0.021426 offset_loss=0.024397 kld=0.024241 cd=0.059177 en_pos=6.480859 en_neg=6.421682 pcd=True subgoal_reg=0.0029153838529343574 
2026-01-10 06:30:54,755 :   395/   26 dest_loss=0.032859 future_loss=0.024362 offset_loss=0.027596 kld=0.024182 cd=-0.027311 en_pos=6.406029 en_neg=6.433341 pcd=True subgoal_reg=0.002970700380068435 
2026-01-10 06:31:09,950 :   401/   26 dest_loss=0.033925 future_loss=0.022904 offset_loss=0.029704 kld=0.023458 cd=0.229689 en_pos=6.561891 en_neg=6.332202 pcd=True subgoal_reg=0.002955360400548169 
2026-01-10 06:31:24,994 :   407/   26 dest_loss=0.034977 future_loss=0.025178 offset_loss=0.028023 kld=0.024256 cd=-0.158481 en_pos=6.291391 en_neg=6.449872 pcd=True subgoal_reg=0.002929489898765492 
2026-01-10 06:31:40,318 :   413/   26 dest_loss=0.033274 future_loss=0.023687 offset_loss=0.028149 kld=0.025774 cd=0.103617 en_pos=6.532643 en_neg=6.429025 pcd=True subgoal_reg=0.002911016931003891 
2026-01-10 06:31:55,553 :   419/   26 dest_loss=0.036486 future_loss=0.026280 offset_loss=0.029390 kld=0.024813 cd=0.031255 en_pos=6.476358 en_neg=6.445102 pcd=True subgoal_reg=0.002862027085868865 
2026-01-10 06:32:10,824 :   425/   26 dest_loss=0.027648 future_loss=0.019973 offset_loss=0.024433 kld=0.025403 cd=0.075237 en_pos=6.604940 en_neg=6.529703 pcd=True subgoal_reg=0.0029417328436565234 
2026-01-10 06:32:26,140 :   431/   26 dest_loss=0.125012 future_loss=0.108560 offset_loss=0.084631 kld=0.024911 cd=0.074602 en_pos=6.319544 en_neg=6.244942 pcd=True subgoal_reg=0.0027940423951167935 
2026-01-10 06:32:41,421 :   437/   26 dest_loss=0.031554 future_loss=0.022834 offset_loss=0.027256 kld=0.023767 cd=-0.031620 en_pos=6.458915 en_neg=6.490535 pcd=True subgoal_reg=0.002604721578583956 
2026-01-10 06:32:56,714 :   443/   26 dest_loss=0.034139 future_loss=0.024426 offset_loss=0.027536 kld=0.024828 cd=-0.206239 en_pos=6.352049 en_neg=6.558288 pcd=True subgoal_reg=0.0027705516510406506 
2026-01-10 06:33:11,960 :   449/   26 dest_loss=0.033109 future_loss=0.023556 offset_loss=0.026673 kld=0.023723 cd=-0.247547 en_pos=6.351630 en_neg=6.599177 pcd=True subgoal_reg=0.003017658175538958 
2026-01-10 06:33:27,211 :   455/   26 dest_loss=0.032529 future_loss=0.023539 offset_loss=0.026663 kld=0.023395 cd=-0.148731 en_pos=6.271887 en_neg=6.420618 pcd=True subgoal_reg=0.0025624006122434845 
2026-01-10 06:33:42,487 :   461/   26 dest_loss=0.124408 future_loss=0.104679 offset_loss=0.075777 kld=0.024649 cd=-0.388567 en_pos=6.160744 en_neg=6.549312 pcd=True subgoal_reg=0.002551371623624803 
2026-01-10 06:33:57,729 :   467/   26 dest_loss=0.029127 future_loss=0.020774 offset_loss=0.024138 kld=0.023106 cd=-0.058291 en_pos=6.362307 en_neg=6.420599 pcd=True subgoal_reg=0.002615476497699797 
2026-01-10 06:34:12,916 :   473/   26 dest_loss=0.030634 future_loss=0.022344 offset_loss=0.020076 kld=0.023899 cd=-0.090301 en_pos=6.487787 en_neg=6.578087 pcd=True subgoal_reg=0.002964771036369839 
2026-01-10 06:34:28,067 :   479/   26 dest_loss=0.037820 future_loss=0.025382 offset_loss=0.034998 kld=0.023190 cd=-0.046047 en_pos=6.263645 en_neg=6.309692 pcd=True subgoal_reg=0.00255360271670539 
2026-01-10 06:34:43,116 :   485/   26 dest_loss=0.034986 future_loss=0.025232 offset_loss=0.028079 kld=0.024821 cd=-0.156162 en_pos=6.570510 en_neg=6.726672 pcd=True subgoal_reg=0.0030003685216611056 
2026-01-10 06:34:58,330 :   491/   26 dest_loss=0.039482 future_loss=0.028023 offset_loss=0.030406 kld=0.024562 cd=-0.123556 en_pos=6.515777 en_neg=6.639334 pcd=True subgoal_reg=0.0031248788061084567 
2026-01-10 06:35:13,498 :   497/   26 dest_loss=0.053647 future_loss=0.037071 offset_loss=0.057001 kld=0.022484 cd=-0.185119 en_pos=6.386560 en_neg=6.571679 pcd=True subgoal_reg=0.002954502746053994 
2026-01-10 06:35:28,658 :   503/   26 dest_loss=0.032196 future_loss=0.023731 offset_loss=0.027362 kld=0.023993 cd=-0.029404 en_pos=6.348066 en_neg=6.377470 pcd=True subgoal_reg=0.0024743575733800023 
2026-01-10 06:35:43,924 :   509/   26 dest_loss=0.034753 future_loss=0.025895 offset_loss=0.020904 kld=0.023832 cd=0.217661 en_pos=6.659663 en_neg=6.442002 pcd=True subgoal_reg=0.0029034943712305038 
2026-01-10 06:37:15,434 : Train Loss 82.5382660318086
2026-01-10 06:37:15,434 : Overall Loss 16.44226958871363
2026-01-10 06:37:15,435 : Dest Loss 21.996360910499664
2026-01-10 06:37:15,436 : Val ADE 0.12268389526900798
2026-01-10 06:37:15,436 : Val FDE 0.14236839132198148
2026-01-10 06:37:15,436 : Val Best ADE 0.12109972072112285
2026-01-10 06:37:15,436 : Val Best FDE 0.14390466070575395
2026-01-10 06:37:15,436 : ----->learning rate 7.8125e-05
2026-01-10 06:37:30,651 :     5/   27 dest_loss=0.036734 future_loss=0.026351 offset_loss=0.029727 kld=0.024325 cd=0.032671 en_pos=6.510594 en_neg=6.477923 pcd=True subgoal_reg=0.0027177965511165783 
2026-01-10 06:37:45,839 :    11/   27 dest_loss=0.034506 future_loss=0.025057 offset_loss=0.027389 kld=0.023747 cd=-0.124412 en_pos=6.322809 en_neg=6.447221 pcd=True subgoal_reg=0.0025356907722653803 
2026-01-10 06:38:00,811 :    17/   27 dest_loss=0.036887 future_loss=0.026411 offset_loss=0.028435 kld=0.023864 cd=-0.043951 en_pos=6.506644 en_neg=6.550595 pcd=True subgoal_reg=0.00286362345268041 
2026-01-10 06:38:16,017 :    23/   27 dest_loss=0.032479 future_loss=0.024440 offset_loss=0.021504 kld=0.024052 cd=0.015028 en_pos=6.501856 en_neg=6.486828 pcd=True subgoal_reg=0.002668170968640154 
2026-01-10 06:38:31,279 :    29/   27 dest_loss=0.037064 future_loss=0.024716 offset_loss=0.031957 kld=0.023264 cd=-0.015561 en_pos=6.450176 en_neg=6.465737 pcd=True subgoal_reg=0.0027598587254752424 
2026-01-10 06:38:46,516 :    35/   27 dest_loss=0.028892 future_loss=0.020751 offset_loss=0.024073 kld=0.025050 cd=-0.021697 en_pos=6.447433 en_neg=6.469130 pcd=True subgoal_reg=0.0029543376687190584 
2026-01-10 06:39:01,681 :    41/   27 dest_loss=0.031971 future_loss=0.024218 offset_loss=0.025401 kld=0.024471 cd=-0.263093 en_pos=6.279338 en_neg=6.542432 pcd=True subgoal_reg=0.0028140013078162326 
2026-01-10 06:39:16,949 :    47/   27 dest_loss=0.034582 future_loss=0.024964 offset_loss=0.026419 kld=0.024525 cd=0.049381 en_pos=6.668749 en_neg=6.619368 pcd=True subgoal_reg=0.0031796105659139704 
2026-01-10 06:39:32,144 :    53/   27 dest_loss=0.029407 future_loss=0.022315 offset_loss=0.023582 kld=0.024851 cd=-0.051586 en_pos=6.475978 en_neg=6.527563 pcd=True subgoal_reg=0.002971106151439923 
2026-01-10 06:39:47,298 :    59/   27 dest_loss=0.033747 future_loss=0.024359 offset_loss=0.027288 kld=0.024922 cd=-0.338875 en_pos=6.361414 en_neg=6.700290 pcd=True subgoal_reg=0.002922486536674767 
2026-01-10 06:40:02,562 :    65/   27 dest_loss=0.120335 future_loss=0.120644 offset_loss=0.065057 kld=0.025310 cd=0.114431 en_pos=6.399517 en_neg=6.285086 pcd=True subgoal_reg=0.0027246100319890036 
2026-01-10 06:40:17,834 :    71/   27 dest_loss=0.026269 future_loss=0.018582 offset_loss=0.022760 kld=0.023365 cd=-0.232052 en_pos=6.294865 en_neg=6.526917 pcd=True subgoal_reg=0.002869658826829923 
2026-01-10 06:40:33,103 :    77/   27 dest_loss=0.033136 future_loss=0.023081 offset_loss=0.026954 kld=0.025601 cd=0.086130 en_pos=6.538205 en_neg=6.452076 pcd=True subgoal_reg=0.0032516571109036324 
2026-01-10 06:40:48,325 :    83/   27 dest_loss=0.034501 future_loss=0.024783 offset_loss=0.028795 kld=0.023547 cd=-0.147124 en_pos=6.364775 en_neg=6.511900 pcd=True subgoal_reg=0.0030027911427182316 
2026-01-10 06:41:03,389 :    89/   27 dest_loss=0.030385 future_loss=0.022765 offset_loss=0.024224 kld=0.023700 cd=-0.116081 en_pos=6.665691 en_neg=6.781772 pcd=True subgoal_reg=0.0030051879126145927 
2026-01-10 06:41:18,639 :    95/   27 dest_loss=0.032805 future_loss=0.021117 offset_loss=0.032378 kld=0.023601 cd=-0.023482 en_pos=6.499025 en_neg=6.522507 pcd=True subgoal_reg=0.002962859782003318 
2026-01-10 06:41:33,927 :   101/   27 dest_loss=0.035729 future_loss=0.026134 offset_loss=0.027754 kld=0.023816 cd=-0.193674 en_pos=6.205494 en_neg=6.399167 pcd=True subgoal_reg=0.0025604742867692126 
2026-01-10 06:41:49,165 :   107/   27 dest_loss=0.028847 future_loss=0.021597 offset_loss=0.022970 kld=0.025709 cd=0.094706 en_pos=6.580452 en_neg=6.485746 pcd=True subgoal_reg=0.0027885398981532888 
2026-01-10 06:42:04,309 :   113/   27 dest_loss=0.029101 future_loss=0.020114 offset_loss=0.025200 kld=0.023687 cd=-0.103434 en_pos=6.588407 en_neg=6.691842 pcd=True subgoal_reg=0.0030443440111354975 
2026-01-10 06:42:19,538 :   119/   27 dest_loss=0.122159 future_loss=0.096804 offset_loss=0.063334 kld=0.024448 cd=0.162114 en_pos=6.566259 en_neg=6.404145 pcd=True subgoal_reg=0.002638137171348825 
2026-01-10 06:42:34,773 :   125/   27 dest_loss=0.040950 future_loss=0.030493 offset_loss=0.026792 kld=0.024168 cd=0.153226 en_pos=6.734503 en_neg=6.581277 pcd=True subgoal_reg=0.0030494729225786924 
2026-01-10 06:42:50,014 :   131/   27 dest_loss=0.031802 future_loss=0.023277 offset_loss=0.026239 kld=0.023770 cd=0.125664 en_pos=6.596664 en_neg=6.471000 pcd=True subgoal_reg=0.002734312435565709 
2026-01-10 06:43:05,202 :   137/   27 dest_loss=0.030653 future_loss=0.022506 offset_loss=0.024062 kld=0.024042 cd=-0.209838 en_pos=6.454188 en_neg=6.664026 pcd=True subgoal_reg=0.002865258224214966 
2026-01-10 06:43:20,390 :   143/   27 dest_loss=0.036163 future_loss=0.026018 offset_loss=0.029337 kld=0.025377 cd=-0.220310 en_pos=6.388363 en_neg=6.608673 pcd=True subgoal_reg=0.003025165286896449 
2026-01-10 06:43:35,639 :   149/   27 dest_loss=0.103461 future_loss=0.078438 offset_loss=0.065713 kld=0.024970 cd=-0.114416 en_pos=6.360530 en_neg=6.474946 pcd=True subgoal_reg=0.0029718342241351276 
2026-01-10 06:43:50,882 :   155/   27 dest_loss=0.027819 future_loss=0.019952 offset_loss=0.023226 kld=0.023902 cd=0.298214 en_pos=6.506458 en_neg=6.208244 pcd=True subgoal_reg=0.0027180549750608473 
2026-01-10 06:44:06,074 :   161/   27 dest_loss=0.097504 future_loss=0.092162 offset_loss=0.102209 kld=0.023434 cd=-0.163183 en_pos=6.525347 en_neg=6.688530 pcd=True subgoal_reg=0.002623011138994214 
2026-01-10 06:44:21,156 :   167/   27 dest_loss=0.034555 future_loss=0.025815 offset_loss=0.025255 kld=0.024712 cd=0.200760 en_pos=6.587749 en_neg=6.386990 pcd=True subgoal_reg=0.002655094939473092 
2026-01-10 06:44:36,391 :   173/   27 dest_loss=0.036919 future_loss=0.027535 offset_loss=0.026602 kld=0.024522 cd=-0.068673 en_pos=6.297240 en_neg=6.365913 pcd=True subgoal_reg=0.002671466972537189 
2026-01-10 06:44:51,649 :   179/   27 dest_loss=0.032370 future_loss=0.024018 offset_loss=0.020396 kld=0.023275 cd=0.055658 en_pos=6.397773 en_neg=6.342115 pcd=True subgoal_reg=0.002618695067824823 
2026-01-10 06:45:06,927 :   185/   27 dest_loss=0.037844 future_loss=0.027622 offset_loss=0.028687 kld=0.024622 cd=0.051016 en_pos=6.428542 en_neg=6.377526 pcd=True subgoal_reg=0.002794212537157675 
2026-01-10 06:45:22,119 :   191/   27 dest_loss=0.033425 future_loss=0.024904 offset_loss=0.024541 kld=0.023300 cd=-0.067729 en_pos=6.404412 en_neg=6.472141 pcd=True subgoal_reg=0.0026567446027797492 
2026-01-10 06:45:37,456 :   197/   27 dest_loss=0.035550 future_loss=0.025931 offset_loss=0.026199 kld=0.024418 cd=0.048228 en_pos=6.411273 en_neg=6.363045 pcd=True subgoal_reg=0.002865653266466761 
2026-01-10 06:45:52,739 :   203/   27 dest_loss=0.028713 future_loss=0.022378 offset_loss=0.023478 kld=0.022697 cd=0.060145 en_pos=6.569760 en_neg=6.509615 pcd=True subgoal_reg=0.002787087067319445 
2026-01-10 06:46:07,939 :   209/   27 dest_loss=0.042760 future_loss=0.031836 offset_loss=0.033721 kld=0.024593 cd=0.109501 en_pos=6.491982 en_neg=6.382480 pcd=True subgoal_reg=0.002862590028218809 
2026-01-10 06:46:23,138 :   215/   27 dest_loss=0.036694 future_loss=0.026412 offset_loss=0.027415 kld=0.023736 cd=-0.044475 en_pos=6.518710 en_neg=6.563185 pcd=True subgoal_reg=0.0030614598123201516 
2026-01-10 06:46:38,425 :   221/   27 dest_loss=0.038908 future_loss=0.027905 offset_loss=0.029206 kld=0.026240 cd=-0.053209 en_pos=6.515471 en_neg=6.568681 pcd=True subgoal_reg=0.002963738219003366 
2026-01-10 06:46:53,700 :   227/   27 dest_loss=0.033588 future_loss=0.024862 offset_loss=0.027989 kld=0.024575 cd=0.014683 en_pos=6.236995 en_neg=6.222312 pcd=True subgoal_reg=0.002716297131507869 
2026-01-10 06:47:08,973 :   233/   27 dest_loss=0.034143 future_loss=0.024451 offset_loss=0.026098 kld=0.024946 cd=0.124994 en_pos=6.403720 en_neg=6.278726 pcd=True subgoal_reg=0.002837495796489003 
2026-01-10 06:47:24,323 :   239/   27 dest_loss=0.043515 future_loss=0.032972 offset_loss=0.026798 kld=0.023815 cd=-0.230246 en_pos=6.421000 en_neg=6.651247 pcd=True subgoal_reg=0.0028728469793085284 
2026-01-10 06:47:39,409 :   245/   27 dest_loss=0.033244 future_loss=0.023159 offset_loss=0.025151 kld=0.023069 cd=0.168833 en_pos=6.432455 en_neg=6.263623 pcd=True subgoal_reg=0.002942298042418987 
2026-01-10 06:47:54,619 :   251/   27 dest_loss=0.030846 future_loss=0.022264 offset_loss=0.025070 kld=0.024293 cd=-0.070268 en_pos=6.398306 en_neg=6.468574 pcd=True subgoal_reg=0.002579156376218519 
2026-01-10 06:48:09,899 :   257/   27 dest_loss=0.033437 future_loss=0.024699 offset_loss=0.025686 kld=0.024267 cd=-0.222915 en_pos=6.408134 en_neg=6.631049 pcd=True subgoal_reg=0.002608860301599644 
2026-01-10 06:48:25,062 :   263/   27 dest_loss=0.034959 future_loss=0.025953 offset_loss=0.026321 kld=0.024272 cd=0.250408 en_pos=6.662508 en_neg=6.412100 pcd=True subgoal_reg=0.002855404365642162 
2026-01-10 06:48:40,352 :   269/   27 dest_loss=0.031586 future_loss=0.024495 offset_loss=0.024528 kld=0.023543 cd=-0.010665 en_pos=6.254177 en_neg=6.264842 pcd=True subgoal_reg=0.002353153207324369 
2026-01-10 06:48:55,609 :   275/   27 dest_loss=0.036397 future_loss=0.027528 offset_loss=0.028769 kld=0.024310 cd=0.326580 en_pos=6.598089 en_neg=6.271509 pcd=True subgoal_reg=0.002924464755740127 
2026-01-10 06:49:10,839 :   281/   27 dest_loss=0.032926 future_loss=0.024814 offset_loss=0.023834 kld=0.023308 cd=0.378752 en_pos=6.732210 en_neg=6.353458 pcd=True subgoal_reg=0.0029395188604905403 
2026-01-10 06:49:26,069 :   287/   27 dest_loss=0.034190 future_loss=0.024703 offset_loss=0.027863 kld=0.023507 cd=0.105927 en_pos=6.348216 en_neg=6.242289 pcd=True subgoal_reg=0.0030622383130979227 
2026-01-10 06:49:41,387 :   293/   27 dest_loss=0.032199 future_loss=0.023191 offset_loss=0.026320 kld=0.023589 cd=0.022924 en_pos=6.470375 en_neg=6.447451 pcd=True subgoal_reg=0.002953866443657712 
2026-01-10 06:49:56,671 :   299/   27 dest_loss=0.030645 future_loss=0.021918 offset_loss=0.024800 kld=0.023401 cd=-0.071057 en_pos=6.365590 en_neg=6.436646 pcd=True subgoal_reg=0.0028260870950994115 
2026-01-10 06:50:11,874 :   305/   27 dest_loss=0.030733 future_loss=0.022400 offset_loss=0.024363 kld=0.024657 cd=0.164320 en_pos=6.458474 en_neg=6.294153 pcd=True subgoal_reg=0.0029492605487266795 
2026-01-10 06:50:27,120 :   311/   27 dest_loss=0.039824 future_loss=0.028518 offset_loss=0.031106 kld=0.025148 cd=0.161176 en_pos=6.557484 en_neg=6.396308 pcd=True subgoal_reg=0.002812776872041237 
2026-01-10 06:50:42,428 :   317/   27 dest_loss=0.029473 future_loss=0.020759 offset_loss=0.023888 kld=0.023025 cd=-0.110573 en_pos=6.351438 en_neg=6.462011 pcd=True subgoal_reg=0.002818096128885489 
2026-01-10 06:50:57,520 :   323/   27 dest_loss=0.090268 future_loss=0.073019 offset_loss=0.092153 kld=0.024667 cd=0.042451 en_pos=6.439050 en_neg=6.396599 pcd=True subgoal_reg=0.0028900372064728534 
2026-01-10 06:51:12,751 :   329/   27 dest_loss=0.062755 future_loss=0.049510 offset_loss=0.074136 kld=0.024270 cd=0.100912 en_pos=6.611163 en_neg=6.510250 pcd=True subgoal_reg=0.002991235181103346 
2026-01-10 06:51:28,108 :   335/   27 dest_loss=0.035505 future_loss=0.026356 offset_loss=0.025782 kld=0.023251 cd=0.227818 en_pos=6.404438 en_neg=6.176620 pcd=True subgoal_reg=0.002683370891948899 
2026-01-10 06:51:43,403 :   341/   27 dest_loss=0.031155 future_loss=0.022150 offset_loss=0.025156 kld=0.023022 cd=-0.092863 en_pos=6.444455 en_neg=6.537317 pcd=True subgoal_reg=0.002523305241802106 
2026-01-10 06:51:58,661 :   347/   27 dest_loss=0.040953 future_loss=0.031223 offset_loss=0.024994 kld=0.024017 cd=-0.002733 en_pos=6.609428 en_neg=6.612161 pcd=True subgoal_reg=0.002830600381249309 
2026-01-10 06:52:13,928 :   353/   27 dest_loss=0.169044 future_loss=0.137170 offset_loss=0.145030 kld=0.026412 cd=-0.123267 en_pos=6.525042 en_neg=6.648310 pcd=True subgoal_reg=0.0028160152803526303 
2026-01-10 06:52:29,184 :   359/   27 dest_loss=0.033957 future_loss=0.024569 offset_loss=0.026912 kld=0.024903 cd=-0.004374 en_pos=6.500300 en_neg=6.504673 pcd=True subgoal_reg=0.0028534670747767145 
2026-01-10 06:52:44,541 :   365/   27 dest_loss=0.033517 future_loss=0.023755 offset_loss=0.026666 kld=0.023777 cd=-0.016686 en_pos=6.592477 en_neg=6.609163 pcd=True subgoal_reg=0.002858000527880292 
2026-01-10 06:52:59,845 :   371/   27 dest_loss=0.028069 future_loss=0.021468 offset_loss=0.023280 kld=0.024233 cd=-0.185224 en_pos=6.323102 en_neg=6.508326 pcd=True subgoal_reg=0.0026396809869802 
2026-01-10 06:53:15,044 :   377/   27 dest_loss=0.084935 future_loss=0.059804 offset_loss=0.114163 kld=0.024190 cd=-0.089439 en_pos=6.488822 en_neg=6.578261 pcd=True subgoal_reg=0.0034870230710696117 
2026-01-10 06:53:30,273 :   383/   27 dest_loss=0.031928 future_loss=0.023673 offset_loss=0.023366 kld=0.023277 cd=-0.180354 en_pos=6.411581 en_neg=6.591936 pcd=True subgoal_reg=0.0025886876458806533 
2026-01-10 06:53:45,562 :   389/   27 dest_loss=0.029380 future_loss=0.021464 offset_loss=0.020815 kld=0.023633 cd=-0.049726 en_pos=6.525465 en_neg=6.575191 pcd=True subgoal_reg=0.0028273550399864813 
2026-01-10 06:54:00,767 :   395/   27 dest_loss=0.031718 future_loss=0.022851 offset_loss=0.023334 kld=0.023407 cd=0.073199 en_pos=6.353342 en_neg=6.280143 pcd=True subgoal_reg=0.0025332176246698327 
2026-01-10 06:54:15,745 :   401/   27 dest_loss=0.036625 future_loss=0.025267 offset_loss=0.026392 kld=0.023686 cd=-0.046969 en_pos=6.434596 en_neg=6.481565 pcd=True subgoal_reg=0.0030015923144351116 
2026-01-10 06:54:30,949 :   407/   27 dest_loss=0.173091 future_loss=0.153688 offset_loss=0.085134 kld=0.025851 cd=-0.033451 en_pos=6.278990 en_neg=6.312441 pcd=True subgoal_reg=0.002695420730608116 
2026-01-10 06:54:46,163 :   413/   27 dest_loss=0.118066 future_loss=0.097205 offset_loss=0.070453 kld=0.024446 cd=-0.072274 en_pos=6.409225 en_neg=6.481499 pcd=True subgoal_reg=0.0027331414770679317 
2026-01-10 06:55:01,447 :   419/   27 dest_loss=0.082404 future_loss=0.071578 offset_loss=0.059180 kld=0.025321 cd=0.271399 en_pos=6.552730 en_neg=6.281331 pcd=True subgoal_reg=0.0031165762409544285 
2026-01-10 06:55:16,768 :   425/   27 dest_loss=0.067770 future_loss=0.043553 offset_loss=0.067614 kld=0.023826 cd=0.391654 en_pos=6.625089 en_neg=6.233435 pcd=True subgoal_reg=0.0029525731982928036 
2026-01-10 06:55:31,986 :   431/   27 dest_loss=0.030393 future_loss=0.022307 offset_loss=0.025500 kld=0.025073 cd=-0.089582 en_pos=6.531529 en_neg=6.621112 pcd=True subgoal_reg=0.0033496671896782694 
2026-01-10 06:55:47,320 :   437/   27 dest_loss=0.032880 future_loss=0.024459 offset_loss=0.027231 kld=0.024108 cd=0.023211 en_pos=6.453079 en_neg=6.429868 pcd=True subgoal_reg=0.002763522424417412 
2026-01-10 06:56:02,620 :   443/   27 dest_loss=0.034825 future_loss=0.024142 offset_loss=0.026957 kld=0.023258 cd=0.106653 en_pos=6.516829 en_neg=6.410176 pcd=True subgoal_reg=0.0028696138658792954 
2026-01-10 06:56:17,832 :   449/   27 dest_loss=0.034733 future_loss=0.025265 offset_loss=0.027549 kld=0.024224 cd=0.202886 en_pos=6.742075 en_neg=6.539190 pcd=True subgoal_reg=0.0031398097568891793 
2026-01-10 06:56:33,111 :   455/   27 dest_loss=0.029864 future_loss=0.022386 offset_loss=0.023160 kld=0.024925 cd=0.136644 en_pos=6.522508 en_neg=6.385864 pcd=True subgoal_reg=0.0030565184281414687 
2026-01-10 06:56:48,430 :   461/   27 dest_loss=0.032228 future_loss=0.023527 offset_loss=0.025804 kld=0.023645 cd=0.046676 en_pos=6.477285 en_neg=6.430609 pcd=True subgoal_reg=0.002538096564939782 
2026-01-10 06:57:03,625 :   467/   27 dest_loss=0.033411 future_loss=0.024886 offset_loss=0.026345 kld=0.024354 cd=0.040069 en_pos=6.417188 en_neg=6.377119 pcd=True subgoal_reg=0.0025242469287084547 
2026-01-10 06:57:18,907 :   473/   27 dest_loss=0.148526 future_loss=0.133803 offset_loss=0.107355 kld=0.024093 cd=-0.065281 en_pos=6.349970 en_neg=6.415251 pcd=True subgoal_reg=0.002481379324489221 
2026-01-10 06:57:33,974 :   479/   27 dest_loss=0.029010 future_loss=0.021449 offset_loss=0.022432 kld=0.023794 cd=0.128478 en_pos=6.501551 en_neg=6.373073 pcd=True subgoal_reg=0.0028227397625176886 
2026-01-10 06:57:49,239 :   485/   27 dest_loss=0.129728 future_loss=0.097932 offset_loss=0.089269 kld=0.025997 cd=0.200879 en_pos=6.493557 en_neg=6.292678 pcd=True subgoal_reg=0.0028028661977596717 
2026-01-10 06:58:04,449 :   491/   27 dest_loss=0.028683 future_loss=0.020617 offset_loss=0.023230 kld=0.025507 cd=0.391412 en_pos=6.715422 en_neg=6.324010 pcd=True subgoal_reg=0.002980579708578418 
2026-01-10 06:58:19,736 :   497/   27 dest_loss=0.036924 future_loss=0.026260 offset_loss=0.028041 kld=0.024003 cd=-0.130510 en_pos=6.347107 en_neg=6.477617 pcd=True subgoal_reg=0.0028696097827897032 
2026-01-10 06:58:35,006 :   503/   27 dest_loss=0.030140 future_loss=0.022180 offset_loss=0.024493 kld=0.023895 cd=-0.074947 en_pos=6.430181 en_neg=6.505128 pcd=True subgoal_reg=0.002412520806822995 
2026-01-10 06:58:50,319 :   509/   27 dest_loss=0.037459 future_loss=0.027345 offset_loss=0.029047 kld=0.024437 cd=-0.084378 en_pos=6.202232 en_neg=6.286610 pcd=True subgoal_reg=0.002604677132589852 
2026-01-10 07:00:21,938 : Train Loss 96.2982447924972
2026-01-10 07:00:21,938 : Overall Loss 18.352649872492137
2026-01-10 07:00:21,938 : Dest Loss 24.41380552039384
2026-01-10 07:00:21,938 : Val ADE 0.11857119431940331
2026-01-10 07:00:21,938 : Val FDE 0.14397553785521044
2026-01-10 07:00:21,938 : Val Best ADE 0.11857119431940331
2026-01-10 07:00:21,939 : Val Best FDE 0.14397553785521044
2026-01-10 07:00:21,939 : ----->learning rate 7.8125e-05
2026-01-10 07:00:37,169 :     5/   28 dest_loss=0.035362 future_loss=0.026037 offset_loss=0.025773 kld=0.025416 cd=-0.112132 en_pos=6.492509 en_neg=6.604641 pcd=True subgoal_reg=0.00274659019640504 
2026-01-10 07:00:52,312 :    11/   28 dest_loss=0.036418 future_loss=0.027834 offset_loss=0.023865 kld=0.023965 cd=-0.059047 en_pos=6.549435 en_neg=6.608482 pcd=True subgoal_reg=0.002576453170884325 
2026-01-10 07:01:07,476 :    17/   28 dest_loss=0.033197 future_loss=0.024118 offset_loss=0.025137 kld=0.023974 cd=0.039273 en_pos=6.457224 en_neg=6.417951 pcd=True subgoal_reg=0.002467390149814916 
2026-01-10 07:01:22,423 :    23/   28 dest_loss=0.029603 future_loss=0.020178 offset_loss=0.025533 kld=0.023758 cd=-0.029786 en_pos=6.499224 en_neg=6.529010 pcd=True subgoal_reg=0.0030016414702559247 
2026-01-10 07:01:37,623 :    29/   28 dest_loss=0.037853 future_loss=0.027277 offset_loss=0.028240 kld=0.023070 cd=-0.117610 en_pos=6.317029 en_neg=6.434639 pcd=True subgoal_reg=0.0026172612295283747 
2026-01-10 07:01:52,772 :    35/   28 dest_loss=0.033533 future_loss=0.024610 offset_loss=0.028075 kld=0.023973 cd=-0.072091 en_pos=6.234595 en_neg=6.306686 pcd=True subgoal_reg=0.002713355341186532 
2026-01-10 07:02:07,909 :    41/   28 dest_loss=0.036037 future_loss=0.025977 offset_loss=0.029562 kld=0.024370 cd=0.182342 en_pos=6.569204 en_neg=6.386862 pcd=True subgoal_reg=0.0026149675595005355 
2026-01-10 07:02:23,033 :    47/   28 dest_loss=0.031555 future_loss=0.023160 offset_loss=0.024753 kld=0.024739 cd=-0.020578 en_pos=6.373808 en_neg=6.394386 pcd=True subgoal_reg=0.0028664124092729975 
2026-01-10 07:02:38,154 :    53/   28 dest_loss=0.031311 future_loss=0.022947 offset_loss=0.025194 kld=0.024660 cd=-0.071495 en_pos=6.498741 en_neg=6.570236 pcd=True subgoal_reg=0.002853343971152134 
2026-01-10 07:02:53,265 :    59/   28 dest_loss=0.140507 future_loss=0.126060 offset_loss=0.071350 kld=0.026801 cd=0.018748 en_pos=6.499072 en_neg=6.480324 pcd=True subgoal_reg=0.003255637086159323 
2026-01-10 07:03:08,397 :    65/   28 dest_loss=0.037797 future_loss=0.025929 offset_loss=0.032212 kld=0.023744 cd=-0.255258 en_pos=6.301649 en_neg=6.556907 pcd=True subgoal_reg=0.0029744302929824717 
2026-01-10 07:03:23,531 :    71/   28 dest_loss=0.032118 future_loss=0.023405 offset_loss=0.023312 kld=0.023327 cd=-0.363944 en_pos=6.328833 en_neg=6.692777 pcd=True subgoal_reg=0.002950375858737416 
2026-01-10 07:03:38,723 :    77/   28 dest_loss=0.037742 future_loss=0.027825 offset_loss=0.030806 kld=0.025264 cd=-0.161976 en_pos=6.286539 en_neg=6.448515 pcd=True subgoal_reg=0.002839172904958479 
2026-01-10 07:03:53,860 :    83/   28 dest_loss=0.029163 future_loss=0.021310 offset_loss=0.022912 kld=0.023470 cd=0.097822 en_pos=6.450037 en_neg=6.352215 pcd=True subgoal_reg=0.0028415326324344146 
2026-01-10 07:04:08,998 :    89/   28 dest_loss=0.033400 future_loss=0.023956 offset_loss=0.026748 kld=0.023214 cd=0.144829 en_pos=6.583943 en_neg=6.439114 pcd=True subgoal_reg=0.0029558573959173576 
2026-01-10 07:04:23,983 :    95/   28 dest_loss=0.032706 future_loss=0.022190 offset_loss=0.028780 kld=0.022851 cd=0.014495 en_pos=6.309939 en_neg=6.295444 pcd=True subgoal_reg=0.002775623824838219 
2026-01-10 07:04:39,134 :   101/   28 dest_loss=0.033252 future_loss=0.023436 offset_loss=0.025791 kld=0.023737 cd=0.135202 en_pos=6.550248 en_neg=6.415046 pcd=True subgoal_reg=0.0030389323492356762 
2026-01-10 07:04:54,349 :   107/   28 dest_loss=0.031393 future_loss=0.020293 offset_loss=0.030749 kld=0.023231 cd=0.085875 en_pos=6.432327 en_neg=6.346452 pcd=True subgoal_reg=0.0029933433594019434 
2026-01-10 07:05:09,579 :   113/   28 dest_loss=0.176243 future_loss=0.135504 offset_loss=0.151722 kld=0.025641 cd=0.061764 en_pos=6.502769 en_neg=6.441005 pcd=True subgoal_reg=0.002914014319262151 
2026-01-10 07:05:24,875 :   119/   28 dest_loss=0.037259 future_loss=0.027222 offset_loss=0.029094 kld=0.024838 cd=0.069419 en_pos=6.566783 en_neg=6.497365 pcd=True subgoal_reg=0.0029151691673346214 
2026-01-10 07:05:40,185 :   125/   28 dest_loss=0.033246 future_loss=0.024611 offset_loss=0.026910 kld=0.024047 cd=0.029201 en_pos=6.566215 en_neg=6.537014 pcd=True subgoal_reg=0.0028951613436328178 
2026-01-10 07:05:55,377 :   131/   28 dest_loss=0.036783 future_loss=0.028051 offset_loss=0.022830 kld=0.024263 cd=-0.082212 en_pos=6.561515 en_neg=6.643728 pcd=True subgoal_reg=0.0028937579354747266 
2026-01-10 07:06:10,561 :   137/   28 dest_loss=0.030965 future_loss=0.022215 offset_loss=0.023818 kld=0.023378 cd=0.113080 en_pos=6.574680 en_neg=6.461600 pcd=True subgoal_reg=0.003205601100045021 
2026-01-10 07:06:25,791 :   143/   28 dest_loss=0.035872 future_loss=0.025078 offset_loss=0.027157 kld=0.024569 cd=0.085008 en_pos=6.566056 en_neg=6.481048 pcd=True subgoal_reg=0.0028654203917331546 
2026-01-10 07:06:41,010 :   149/   28 dest_loss=0.029654 future_loss=0.021177 offset_loss=0.023048 kld=0.023659 cd=0.021769 en_pos=6.552435 en_neg=6.530666 pcd=True subgoal_reg=0.0027404287584063187 
2026-01-10 07:06:56,225 :   155/   28 dest_loss=0.148255 future_loss=0.085654 offset_loss=0.150409 kld=0.024707 cd=-0.096217 en_pos=6.378737 en_neg=6.474954 pcd=True subgoal_reg=0.0028758394381116614 
2026-01-10 07:07:11,532 :   161/   28 dest_loss=0.030787 future_loss=0.022649 offset_loss=0.023789 kld=0.024917 cd=0.050484 en_pos=6.633457 en_neg=6.582974 pcd=True subgoal_reg=0.002896056882176136 
2026-01-10 07:07:26,765 :   167/   28 dest_loss=0.031892 future_loss=0.023813 offset_loss=0.026948 kld=0.024463 cd=0.148548 en_pos=6.490386 en_neg=6.341838 pcd=True subgoal_reg=0.0025546663590777464 
2026-01-10 07:07:41,881 :   173/   28 dest_loss=0.034317 future_loss=0.026300 offset_loss=0.026878 kld=0.024180 cd=0.023225 en_pos=6.343697 en_neg=6.320472 pcd=True subgoal_reg=0.0026091693555123324 
2026-01-10 07:07:57,136 :   179/   28 dest_loss=0.145739 future_loss=0.111561 offset_loss=0.081344 kld=0.026962 cd=-0.245302 en_pos=6.378782 en_neg=6.624084 pcd=True subgoal_reg=0.002654391251911843 
2026-01-10 07:08:12,332 :   185/   28 dest_loss=0.031126 future_loss=0.023914 offset_loss=0.024587 kld=0.024678 cd=0.086357 en_pos=6.598507 en_neg=6.512149 pcd=True subgoal_reg=0.0027208673254516934 
2026-01-10 07:08:27,687 :   191/   28 dest_loss=0.038500 future_loss=0.027925 offset_loss=0.028187 kld=0.023166 cd=-0.166442 en_pos=6.418183 en_neg=6.584624 pcd=True subgoal_reg=0.0028839977471992176 
2026-01-10 07:08:42,981 :   197/   28 dest_loss=0.029811 future_loss=0.022305 offset_loss=0.023818 kld=0.024241 cd=-0.284424 en_pos=6.311440 en_neg=6.595864 pcd=True subgoal_reg=0.0026811227192579173 
2026-01-10 07:08:58,273 :   203/   28 dest_loss=0.029819 future_loss=0.021687 offset_loss=0.022405 kld=0.023492 cd=-0.050882 en_pos=6.413567 en_neg=6.464449 pcd=True subgoal_reg=0.002902630385384856 
2026-01-10 07:09:13,458 :   209/   28 dest_loss=0.027227 future_loss=0.020136 offset_loss=0.021741 kld=0.024481 cd=0.106869 en_pos=6.543867 en_neg=6.436998 pcd=True subgoal_reg=0.002636668597189717 
2026-01-10 07:09:28,694 :   215/   28 dest_loss=0.033454 future_loss=0.024872 offset_loss=0.025731 kld=0.024889 cd=0.015353 en_pos=6.410997 en_neg=6.395644 pcd=True subgoal_reg=0.002871615805907858 
2026-01-10 07:09:44,003 :   221/   28 dest_loss=0.033797 future_loss=0.024940 offset_loss=0.025832 kld=0.024341 cd=-0.319816 en_pos=6.384593 en_neg=6.704408 pcd=True subgoal_reg=0.002747578860007963 
2026-01-10 07:09:59,230 :   227/   28 dest_loss=0.069210 future_loss=0.051172 offset_loss=0.086530 kld=0.023081 cd=0.115821 en_pos=6.678079 en_neg=6.562258 pcd=True subgoal_reg=0.0027269753233809084 
2026-01-10 07:10:14,509 :   233/   28 dest_loss=0.035072 future_loss=0.024865 offset_loss=0.026333 kld=0.025143 cd=0.168936 en_pos=6.509456 en_neg=6.340521 pcd=True subgoal_reg=0.0029888779534344625 
2026-01-10 07:10:29,824 :   239/   28 dest_loss=0.057877 future_loss=0.049136 offset_loss=0.041697 kld=0.024741 cd=0.212803 en_pos=6.730170 en_neg=6.517367 pcd=True subgoal_reg=0.0028399971610496254 
2026-01-10 07:10:45,046 :   245/   28 dest_loss=0.030143 future_loss=0.022317 offset_loss=0.023788 kld=0.024936 cd=0.105239 en_pos=6.481827 en_neg=6.376589 pcd=True subgoal_reg=0.002621152154536811 
2026-01-10 07:11:00,150 :   251/   28 dest_loss=0.027520 future_loss=0.021024 offset_loss=0.022487 kld=0.024693 cd=0.114430 en_pos=6.622355 en_neg=6.507925 pcd=True subgoal_reg=0.0029451076897142056 
2026-01-10 07:11:15,387 :   257/   28 dest_loss=0.027603 future_loss=0.019781 offset_loss=0.021832 kld=0.023224 cd=0.098877 en_pos=6.471309 en_neg=6.372432 pcd=True subgoal_reg=0.0027325869735019244 
2026-01-10 07:11:30,707 :   263/   28 dest_loss=0.086432 future_loss=0.071668 offset_loss=0.040792 kld=0.024835 cd=-0.299350 en_pos=6.225018 en_neg=6.524367 pcd=True subgoal_reg=0.0027746011189342256 
2026-01-10 07:11:45,983 :   269/   28 dest_loss=0.040182 future_loss=0.029641 offset_loss=0.031314 kld=0.024516 cd=0.016698 en_pos=6.296175 en_neg=6.279477 pcd=True subgoal_reg=0.0027946328051906316 
2026-01-10 07:12:01,213 :   275/   28 dest_loss=0.037195 future_loss=0.026446 offset_loss=0.027390 kld=0.023642 cd=0.129520 en_pos=6.518955 en_neg=6.389435 pcd=True subgoal_reg=0.0028618106846011 
2026-01-10 07:12:16,465 :   281/   28 dest_loss=0.101406 future_loss=0.064390 offset_loss=0.118480 kld=0.024956 cd=-0.147103 en_pos=6.539856 en_neg=6.686959 pcd=True subgoal_reg=0.0030344814338435218 
2026-01-10 07:12:31,746 :   287/   28 dest_loss=0.029171 future_loss=0.020754 offset_loss=0.023380 kld=0.024012 cd=-0.118095 en_pos=6.532135 en_neg=6.650229 pcd=True subgoal_reg=0.0029254216117775064 
2026-01-10 07:12:46,995 :   293/   28 dest_loss=0.034935 future_loss=0.022623 offset_loss=0.031732 kld=0.023048 cd=0.010817 en_pos=6.322033 en_neg=6.311216 pcd=True subgoal_reg=0.0029264821219871276 
2026-01-10 07:13:02,181 :   299/   28 dest_loss=0.034233 future_loss=0.023325 offset_loss=0.027605 kld=0.023366 cd=0.168872 en_pos=6.387414 en_neg=6.218542 pcd=True subgoal_reg=0.0026203650319551177 
2026-01-10 07:13:17,346 :   305/   28 dest_loss=0.029656 future_loss=0.021669 offset_loss=0.024372 kld=0.022835 cd=-0.287635 en_pos=6.351466 en_neg=6.639101 pcd=True subgoal_reg=0.002470042388751457 
2026-01-10 07:13:32,667 :   311/   28 dest_loss=0.153522 future_loss=0.144639 offset_loss=0.078075 kld=0.025225 cd=-0.000371 en_pos=6.458815 en_neg=6.459186 pcd=True subgoal_reg=0.002456351203839843 
2026-01-10 07:13:47,930 :   317/   28 dest_loss=0.034242 future_loss=0.024872 offset_loss=0.025602 kld=0.024196 cd=0.029747 en_pos=6.395493 en_neg=6.365747 pcd=True subgoal_reg=0.002508903078963783 
2026-01-10 07:14:03,196 :   323/   28 dest_loss=0.034261 future_loss=0.024253 offset_loss=0.026280 kld=0.023714 cd=-0.016034 en_pos=6.594056 en_neg=6.610090 pcd=True subgoal_reg=0.002874502337829211 
2026-01-10 07:14:18,320 :   329/   28 dest_loss=0.038090 future_loss=0.027625 offset_loss=0.029109 kld=0.023633 cd=-0.001190 en_pos=6.317788 en_neg=6.318977 pcd=True subgoal_reg=0.002568295602177779 
2026-01-10 07:14:33,536 :   335/   28 dest_loss=0.037782 future_loss=0.026785 offset_loss=0.027273 kld=0.023304 cd=-0.189152 en_pos=6.301961 en_neg=6.491113 pcd=True subgoal_reg=0.0025585429473103088 
2026-01-10 07:14:48,744 :   341/   28 dest_loss=0.027943 future_loss=0.020724 offset_loss=0.021463 kld=0.023418 cd=0.080355 en_pos=6.598867 en_neg=6.518512 pcd=True subgoal_reg=0.003017446174834025 
2026-01-10 07:15:03,941 :   347/   28 dest_loss=0.034109 future_loss=0.023492 offset_loss=0.026007 kld=0.024304 cd=-0.035369 en_pos=6.359894 en_neg=6.395263 pcd=True subgoal_reg=0.0031344433106349325 
2026-01-10 07:15:19,136 :   353/   28 dest_loss=0.034925 future_loss=0.025811 offset_loss=0.026681 kld=0.024244 cd=-0.078423 en_pos=6.308460 en_neg=6.386883 pcd=True subgoal_reg=0.0026906805772824354 
2026-01-10 07:15:34,374 :   359/   28 dest_loss=0.068290 future_loss=0.059590 offset_loss=0.038631 kld=0.023733 cd=-0.035052 en_pos=6.361446 en_neg=6.396498 pcd=True subgoal_reg=0.0024997755815223946 
2026-01-10 07:15:49,637 :   365/   28 dest_loss=0.036421 future_loss=0.026372 offset_loss=0.028297 kld=0.025591 cd=0.027920 en_pos=6.572440 en_neg=6.544520 pcd=True subgoal_reg=0.0030328575621317833 
2026-01-10 07:16:04,825 :   371/   28 dest_loss=0.033689 future_loss=0.024782 offset_loss=0.024739 kld=0.025077 cd=0.141178 en_pos=6.578782 en_neg=6.437604 pcd=True subgoal_reg=0.0029744252570984807 
2026-01-10 07:16:20,008 :   377/   28 dest_loss=0.031751 future_loss=0.022901 offset_loss=0.023002 kld=0.024029 cd=-0.100348 en_pos=6.352531 en_neg=6.452879 pcd=True subgoal_reg=0.0028138475500547352 
2026-01-10 07:16:35,219 :   383/   28 dest_loss=0.033701 future_loss=0.024637 offset_loss=0.022488 kld=0.023956 cd=0.188526 en_pos=6.607238 en_neg=6.418713 pcd=True subgoal_reg=0.003073173119478831 
2026-01-10 07:16:50,428 :   389/   28 dest_loss=0.039230 future_loss=0.027994 offset_loss=0.030188 kld=0.024729 cd=0.296085 en_pos=6.698657 en_neg=6.402573 pcd=True subgoal_reg=0.003003234818893769 
2026-01-10 07:17:05,555 :   395/   28 dest_loss=0.032077 future_loss=0.023720 offset_loss=0.025644 kld=0.023661 cd=-0.021898 en_pos=6.570428 en_neg=6.592326 pcd=True subgoal_reg=0.0029013517404526384 
2026-01-10 07:17:20,810 :   401/   28 dest_loss=0.033062 future_loss=0.021952 offset_loss=0.030033 kld=0.023949 cd=-0.020709 en_pos=6.515605 en_neg=6.536313 pcd=True subgoal_reg=0.003032606912548027 
2026-01-10 07:17:35,845 :   407/   28 dest_loss=0.040964 future_loss=0.028935 offset_loss=0.030265 kld=0.023439 cd=-0.010452 en_pos=6.544096 en_neg=6.554548 pcd=True subgoal_reg=0.0028389394779490098 
2026-01-10 07:17:51,114 :   413/   28 dest_loss=0.029756 future_loss=0.020950 offset_loss=0.022189 kld=0.023482 cd=0.087257 en_pos=6.575321 en_neg=6.488064 pcd=True subgoal_reg=0.0029806024153351245 
2026-01-10 07:18:06,305 :   419/   28 dest_loss=0.036448 future_loss=0.025313 offset_loss=0.028666 kld=0.023679 cd=-0.207896 en_pos=6.492692 en_neg=6.700589 pcd=True subgoal_reg=0.0032506129312824712 
2026-01-10 07:18:21,559 :   425/   28 dest_loss=0.036529 future_loss=0.026984 offset_loss=0.030009 kld=0.024481 cd=0.079278 en_pos=6.455522 en_neg=6.376244 pcd=True subgoal_reg=0.002744835887436835 
2026-01-10 07:18:36,831 :   431/   28 dest_loss=0.036093 future_loss=0.024290 offset_loss=0.032061 kld=0.023609 cd=0.083616 en_pos=6.534699 en_neg=6.451083 pcd=True subgoal_reg=0.003066281394706987 
2026-01-10 07:18:52,033 :   437/   28 dest_loss=0.034866 future_loss=0.024909 offset_loss=0.028008 kld=0.025443 cd=-0.044373 en_pos=6.423421 en_neg=6.467794 pcd=True subgoal_reg=0.0029059029874587963 
2026-01-10 07:19:07,195 :   443/   28 dest_loss=0.029212 future_loss=0.020203 offset_loss=0.024685 kld=0.025171 cd=-0.109125 en_pos=6.567355 en_neg=6.676480 pcd=True subgoal_reg=0.0031306765168561154 
2026-01-10 07:19:22,411 :   449/   28 dest_loss=0.038751 future_loss=0.029314 offset_loss=0.027247 kld=0.023686 cd=0.133309 en_pos=6.864476 en_neg=6.731167 pcd=True subgoal_reg=0.003088389425189809 
2026-01-10 07:19:37,637 :   455/   28 dest_loss=0.031853 future_loss=0.021159 offset_loss=0.027028 kld=0.023077 cd=0.223753 en_pos=6.545680 en_neg=6.321927 pcd=True subgoal_reg=0.0030759846347729702 
2026-01-10 07:19:52,857 :   461/   28 dest_loss=0.036991 future_loss=0.025698 offset_loss=0.029143 kld=0.025647 cd=-0.046223 en_pos=6.425344 en_neg=6.471567 pcd=True subgoal_reg=0.002843592498254713 
2026-01-10 07:20:08,008 :   467/   28 dest_loss=0.030178 future_loss=0.021508 offset_loss=0.024827 kld=0.024152 cd=-0.054914 en_pos=6.500588 en_neg=6.555501 pcd=True subgoal_reg=0.0031394216190191097 
2026-01-10 07:20:23,280 :   473/   28 dest_loss=0.046477 future_loss=0.031719 offset_loss=0.037031 kld=0.023638 cd=0.059589 en_pos=6.467343 en_neg=6.407754 pcd=True subgoal_reg=0.002984751798346221 
2026-01-10 07:20:38,526 :   479/   28 dest_loss=0.038952 future_loss=0.027987 offset_loss=0.030255 kld=0.024723 cd=0.059612 en_pos=6.637607 en_neg=6.577994 pcd=True subgoal_reg=0.0031308447705360983 
2026-01-10 07:20:53,597 :   485/   28 dest_loss=0.030287 future_loss=0.021664 offset_loss=0.026127 kld=0.023524 cd=-0.259128 en_pos=6.308393 en_neg=6.567521 pcd=True subgoal_reg=0.0026404708865429057 
2026-01-10 07:21:08,836 :   491/   28 dest_loss=0.035058 future_loss=0.025401 offset_loss=0.026739 kld=0.024244 cd=-0.019833 en_pos=6.510396 en_neg=6.530228 pcd=True subgoal_reg=0.0029996934917416304 
2026-01-10 07:21:24,144 :   497/   28 dest_loss=0.036351 future_loss=0.025489 offset_loss=0.028700 kld=0.024215 cd=-0.147449 en_pos=6.292267 en_neg=6.439716 pcd=True subgoal_reg=0.002768646241436987 
2026-01-10 07:21:39,409 :   503/   28 dest_loss=0.086613 future_loss=0.066779 offset_loss=0.062297 kld=0.023802 cd=0.027915 en_pos=6.452563 en_neg=6.424648 pcd=True subgoal_reg=0.0024878832974053744 
2026-01-10 07:21:54,616 :   509/   28 dest_loss=0.042670 future_loss=0.028543 offset_loss=0.035508 kld=0.023346 cd=0.159054 en_pos=6.431927 en_neg=6.272873 pcd=True subgoal_reg=0.0029751892334295466 
2026-01-10 07:23:26,254 : Train Loss 84.15115187823642
2026-01-10 07:23:26,254 : Overall Loss 17.473552335225076
2026-01-10 07:23:26,254 : Dest Loss 23.2860567282389
2026-01-10 07:23:26,254 : Val ADE 0.12212631286735863
2026-01-10 07:23:26,254 : Val FDE 0.14140157531502254
2026-01-10 07:23:26,254 : Val Best ADE 0.11857119431940331
2026-01-10 07:23:26,255 : Val Best FDE 0.14397553785521044
2026-01-10 07:23:26,255 : ----->learning rate 3.90625e-05
2026-01-10 07:23:41,536 :     5/   29 dest_loss=0.036304 future_loss=0.026933 offset_loss=0.029539 kld=0.024188 cd=0.127288 en_pos=6.513398 en_neg=6.386110 pcd=True subgoal_reg=0.0027624443810047817 
2026-01-10 07:23:56,779 :    11/   29 dest_loss=0.034240 future_loss=0.022651 offset_loss=0.029925 kld=0.023221 cd=-0.007617 en_pos=6.427410 en_neg=6.435028 pcd=True subgoal_reg=0.0029946249166709553 
2026-01-10 07:24:11,853 :    17/   29 dest_loss=0.038331 future_loss=0.027641 offset_loss=0.030599 kld=0.024153 cd=-0.089490 en_pos=6.306829 en_neg=6.396319 pcd=True subgoal_reg=0.0026526672818340687 
2026-01-10 07:24:27,103 :    23/   29 dest_loss=0.029598 future_loss=0.021030 offset_loss=0.023958 kld=0.025570 cd=-0.062889 en_pos=6.474514 en_neg=6.537403 pcd=True subgoal_reg=0.0029771111360371557 
2026-01-10 07:24:42,290 :    29/   29 dest_loss=0.081638 future_loss=0.053202 offset_loss=0.093003 kld=0.024263 cd=0.275389 en_pos=6.575209 en_neg=6.299820 pcd=True subgoal_reg=0.0029202876815163734 
2026-01-10 07:24:57,402 :    35/   29 dest_loss=0.036019 future_loss=0.025869 offset_loss=0.027552 kld=0.023833 cd=-0.162272 en_pos=6.381633 en_neg=6.543905 pcd=True subgoal_reg=0.0027033733922922636 
2026-01-10 07:25:12,588 :    41/   29 dest_loss=0.078415 future_loss=0.055880 offset_loss=0.083806 kld=0.023387 cd=0.109004 en_pos=6.423468 en_neg=6.314465 pcd=True subgoal_reg=0.0027751661150039442 
2026-01-10 07:25:27,777 :    47/   29 dest_loss=0.119586 future_loss=0.095165 offset_loss=0.090505 kld=0.025684 cd=0.054521 en_pos=6.514894 en_neg=6.460373 pcd=True subgoal_reg=0.002666085566201075 
2026-01-10 07:25:43,035 :    53/   29 dest_loss=0.035314 future_loss=0.025852 offset_loss=0.025911 kld=0.024804 cd=-0.127718 en_pos=6.394382 en_neg=6.522099 pcd=True subgoal_reg=0.0026664400031024523 
2026-01-10 07:25:58,247 :    59/   29 dest_loss=0.101784 future_loss=0.082182 offset_loss=0.072371 kld=0.024235 cd=-0.072029 en_pos=6.410622 en_neg=6.482651 pcd=True subgoal_reg=0.002588496413936094 
2026-01-10 07:26:13,566 :    65/   29 dest_loss=0.035594 future_loss=0.026764 offset_loss=0.028020 kld=0.024605 cd=-0.012331 en_pos=6.288776 en_neg=6.301108 pcd=True subgoal_reg=0.0027937058626463767 
2026-01-10 07:26:28,834 :    71/   29 dest_loss=0.035330 future_loss=0.026050 offset_loss=0.027187 kld=0.024361 cd=0.354903 en_pos=6.543765 en_neg=6.188861 pcd=True subgoal_reg=0.002847756288491975 
2026-01-10 07:26:44,073 :    77/   29 dest_loss=0.038189 future_loss=0.028278 offset_loss=0.029088 kld=0.025204 cd=-0.186779 en_pos=6.564006 en_neg=6.750785 pcd=True subgoal_reg=0.00293857511656302 
2026-01-10 07:26:59,336 :    83/   29 dest_loss=0.106940 future_loss=0.087034 offset_loss=0.103776 kld=0.024698 cd=0.020101 en_pos=6.483167 en_neg=6.463066 pcd=True subgoal_reg=0.002926464957682567 
2026-01-10 07:27:14,356 :    89/   29 dest_loss=0.025419 future_loss=0.018599 offset_loss=0.020237 kld=0.023900 cd=-0.032986 en_pos=6.579741 en_neg=6.612727 pcd=True subgoal_reg=0.002860079732553719 
2026-01-10 07:27:29,565 :    95/   29 dest_loss=0.176655 future_loss=0.118835 offset_loss=0.148040 kld=0.024282 cd=0.065357 en_pos=6.414248 en_neg=6.348891 pcd=True subgoal_reg=0.002935941645882309 
2026-01-10 07:27:44,820 :   101/   29 dest_loss=0.025598 future_loss=0.019497 offset_loss=0.020947 kld=0.024674 cd=0.029662 en_pos=6.451895 en_neg=6.422234 pcd=True subgoal_reg=0.002696987259886716 
2026-01-10 07:27:59,982 :   107/   29 dest_loss=0.031772 future_loss=0.023957 offset_loss=0.025368 kld=0.024312 cd=0.064770 en_pos=6.483175 en_neg=6.418406 pcd=True subgoal_reg=0.0027428770735961703 
2026-01-10 07:28:15,204 :   113/   29 dest_loss=0.028783 future_loss=0.021449 offset_loss=0.022986 kld=0.025075 cd=0.170121 en_pos=6.540668 en_neg=6.370547 pcd=True subgoal_reg=0.0026324387752460782 
2026-01-10 07:28:30,459 :   119/   29 dest_loss=0.031981 future_loss=0.024005 offset_loss=0.025972 kld=0.023961 cd=-0.183940 en_pos=6.357408 en_neg=6.541348 pcd=True subgoal_reg=0.002956452002317203 
2026-01-10 07:28:45,693 :   125/   29 dest_loss=0.030574 future_loss=0.023057 offset_loss=0.023449 kld=0.024165 cd=0.212770 en_pos=6.540985 en_neg=6.328215 pcd=True subgoal_reg=0.002912179773797682 
2026-01-10 07:29:00,896 :   131/   29 dest_loss=0.038143 future_loss=0.029289 offset_loss=0.023149 kld=0.023968 cd=-0.074966 en_pos=6.381104 en_neg=6.456070 pcd=True subgoal_reg=0.0027343106430736505 
2026-01-10 07:29:16,126 :   137/   29 dest_loss=0.034195 future_loss=0.024814 offset_loss=0.025537 kld=0.024241 cd=-0.024496 en_pos=6.560695 en_neg=6.585190 pcd=True subgoal_reg=0.002925739190882563 
2026-01-10 07:29:31,417 :   143/   29 dest_loss=0.031688 future_loss=0.023620 offset_loss=0.024774 kld=0.023121 cd=0.059173 en_pos=6.531180 en_neg=6.472007 pcd=True subgoal_reg=0.0027099513122635114 
2026-01-10 07:29:46,742 :   149/   29 dest_loss=0.035094 future_loss=0.022105 offset_loss=0.031394 kld=0.023090 cd=0.095603 en_pos=6.402011 en_neg=6.306408 pcd=True subgoal_reg=0.0029049735296031165 
2026-01-10 07:30:02,006 :   155/   29 dest_loss=0.033479 future_loss=0.023609 offset_loss=0.026023 kld=0.023263 cd=-0.058689 en_pos=6.285184 en_neg=6.343874 pcd=True subgoal_reg=0.002882446691675653 
2026-01-10 07:30:17,230 :   161/   29 dest_loss=0.040410 future_loss=0.028359 offset_loss=0.030749 kld=0.023656 cd=0.069991 en_pos=6.508048 en_neg=6.438056 pcd=True subgoal_reg=0.003244908166178887 
2026-01-10 07:30:32,223 :   167/   29 dest_loss=0.025440 future_loss=0.018506 offset_loss=0.021385 kld=0.023090 cd=0.104058 en_pos=6.528922 en_neg=6.424865 pcd=True subgoal_reg=0.002732539305180963 
2026-01-10 07:30:47,469 :   173/   29 dest_loss=0.035489 future_loss=0.025418 offset_loss=0.026524 kld=0.024439 cd=-0.053083 en_pos=6.596639 en_neg=6.649722 pcd=True subgoal_reg=0.002958942605012645 
2026-01-10 07:31:02,689 :   179/   29 dest_loss=0.039343 future_loss=0.029256 offset_loss=0.025943 kld=0.023287 cd=0.015388 en_pos=6.403424 en_neg=6.388036 pcd=True subgoal_reg=0.002472538678062684 
2026-01-10 07:31:17,845 :   185/   29 dest_loss=0.028824 future_loss=0.021411 offset_loss=0.023210 kld=0.024454 cd=0.200746 en_pos=6.518550 en_neg=6.317803 pcd=True subgoal_reg=0.0027364125276742976 
2026-01-10 07:31:33,006 :   191/   29 dest_loss=0.032483 future_loss=0.022716 offset_loss=0.029303 kld=0.024006 cd=-0.113120 en_pos=6.245111 en_neg=6.358231 pcd=True subgoal_reg=0.002664951217969331 
2026-01-10 07:31:48,303 :   197/   29 dest_loss=0.027316 future_loss=0.019774 offset_loss=0.021896 kld=0.024429 cd=-0.063993 en_pos=6.514074 en_neg=6.578067 pcd=True subgoal_reg=0.0028493207924806243 
2026-01-10 07:32:03,477 :   203/   29 dest_loss=0.027940 future_loss=0.020569 offset_loss=0.022945 kld=0.025505 cd=-0.171341 en_pos=6.402153 en_neg=6.573495 pcd=True subgoal_reg=0.0028975363396332677 
2026-01-10 07:32:18,619 :   209/   29 dest_loss=0.035504 future_loss=0.026170 offset_loss=0.027278 kld=0.025114 cd=0.159642 en_pos=6.470042 en_neg=6.310400 pcd=True subgoal_reg=0.002856183852717564 
2026-01-10 07:32:33,838 :   215/   29 dest_loss=0.147437 future_loss=0.121263 offset_loss=0.102919 kld=0.026236 cd=0.156724 en_pos=6.688890 en_neg=6.532166 pcd=True subgoal_reg=0.0028543735216215596 
2026-01-10 07:32:49,008 :   221/   29 dest_loss=0.031571 future_loss=0.023963 offset_loss=0.021977 kld=0.023322 cd=-0.061135 en_pos=6.598620 en_neg=6.659755 pcd=True subgoal_reg=0.002622282580548312 
2026-01-10 07:33:04,187 :   227/   29 dest_loss=0.126294 future_loss=0.101193 offset_loss=0.099425 kld=0.024482 cd=0.072026 en_pos=6.602568 en_neg=6.530543 pcd=True subgoal_reg=0.003468635958250095 
2026-01-10 07:33:19,408 :   233/   29 dest_loss=0.029106 future_loss=0.021587 offset_loss=0.023285 kld=0.024672 cd=0.075750 en_pos=6.517706 en_neg=6.441956 pcd=True subgoal_reg=0.0027944226847432534 
2026-01-10 07:33:34,622 :   239/   29 dest_loss=0.034567 future_loss=0.024997 offset_loss=0.025879 kld=0.023671 cd=-0.055437 en_pos=6.369162 en_neg=6.424599 pcd=True subgoal_reg=0.002541685467553882 
2026-01-10 07:33:49,637 :   245/   29 dest_loss=0.028626 future_loss=0.021383 offset_loss=0.021986 kld=0.023289 cd=0.076299 en_pos=6.605701 en_neg=6.529402 pcd=True subgoal_reg=0.002716039021319115 
2026-01-10 07:34:04,830 :   251/   29 dest_loss=0.036407 future_loss=0.025665 offset_loss=0.028826 kld=0.023107 cd=0.102084 en_pos=6.484566 en_neg=6.382482 pcd=True subgoal_reg=0.002766622934151395 
2026-01-10 07:34:20,037 :   257/   29 dest_loss=0.028486 future_loss=0.020786 offset_loss=0.023817 kld=0.023324 cd=-0.235335 en_pos=6.351092 en_neg=6.586427 pcd=True subgoal_reg=0.0025041177463329283 
2026-01-10 07:34:35,206 :   263/   29 dest_loss=0.034281 future_loss=0.023831 offset_loss=0.027123 kld=0.024904 cd=-0.120543 en_pos=6.300557 en_neg=6.421100 pcd=True subgoal_reg=0.0027671153869950034 
2026-01-10 07:34:50,470 :   269/   29 dest_loss=0.038139 future_loss=0.027507 offset_loss=0.030243 kld=0.023042 cd=0.003875 en_pos=6.437105 en_neg=6.433230 pcd=True subgoal_reg=0.0027931933614297032 
2026-01-10 07:35:05,709 :   275/   29 dest_loss=0.040492 future_loss=0.027371 offset_loss=0.030340 kld=0.024086 cd=0.051532 en_pos=6.425693 en_neg=6.374161 pcd=True subgoal_reg=0.002909008561745939 
2026-01-10 07:35:20,940 :   281/   29 dest_loss=0.030328 future_loss=0.022598 offset_loss=0.024238 kld=0.024996 cd=0.147208 en_pos=6.419664 en_neg=6.272456 pcd=True subgoal_reg=0.0026764935029441514 
2026-01-10 07:35:36,173 :   287/   29 dest_loss=0.029518 future_loss=0.022489 offset_loss=0.021988 kld=0.022990 cd=0.001364 en_pos=6.436875 en_neg=6.435511 pcd=True subgoal_reg=0.0025894105239209595 
2026-01-10 07:35:51,479 :   293/   29 dest_loss=0.035324 future_loss=0.025574 offset_loss=0.027991 kld=0.024684 cd=0.016125 en_pos=6.363027 en_neg=6.346903 pcd=True subgoal_reg=0.0028029620203569713 
2026-01-10 07:36:06,725 :   299/   29 dest_loss=0.030097 future_loss=0.021505 offset_loss=0.024536 kld=0.024592 cd=-0.225768 en_pos=6.286357 en_neg=6.512125 pcd=True subgoal_reg=0.0028638327546610907 
2026-01-10 07:36:21,931 :   305/   29 dest_loss=0.029388 future_loss=0.022281 offset_loss=0.024385 kld=0.024180 cd=-0.048168 en_pos=6.580836 en_neg=6.629004 pcd=True subgoal_reg=0.0028590645106125485 
2026-01-10 07:36:37,174 :   311/   29 dest_loss=0.030179 future_loss=0.021937 offset_loss=0.024323 kld=0.025361 cd=0.066713 en_pos=6.565758 en_neg=6.499045 pcd=True subgoal_reg=0.0030078951427188324 
2026-01-10 07:36:52,429 :   317/   29 dest_loss=0.092618 future_loss=0.055583 offset_loss=0.079428 kld=0.024543 cd=0.103538 en_pos=6.518525 en_neg=6.414988 pcd=True subgoal_reg=0.002885180496175502 
2026-01-10 07:37:07,523 :   323/   29 dest_loss=0.057026 future_loss=0.049636 offset_loss=0.040206 kld=0.024472 cd=-0.044878 en_pos=6.422585 en_neg=6.467462 pcd=True subgoal_reg=0.0026883834051640225 
2026-01-10 07:37:22,763 :   329/   29 dest_loss=0.031945 future_loss=0.023320 offset_loss=0.025457 kld=0.024331 cd=0.068944 en_pos=6.540177 en_neg=6.471233 pcd=True subgoal_reg=0.002665593442545827 
2026-01-10 07:37:38,029 :   335/   29 dest_loss=0.037064 future_loss=0.026767 offset_loss=0.029359 kld=0.024266 cd=-0.226595 en_pos=6.311882 en_neg=6.538477 pcd=True subgoal_reg=0.0029132498663046857 
2026-01-10 07:37:53,262 :   341/   29 dest_loss=0.036071 future_loss=0.024583 offset_loss=0.031832 kld=0.022671 cd=-0.056774 en_pos=6.125528 en_neg=6.182302 pcd=True subgoal_reg=0.0026057993001982003 
2026-01-10 07:38:08,554 :   347/   29 dest_loss=0.051171 future_loss=0.058281 offset_loss=0.043211 kld=0.023954 cd=0.221171 en_pos=6.643321 en_neg=6.422150 pcd=True subgoal_reg=0.002877294822484647 
2026-01-10 07:38:23,797 :   353/   29 dest_loss=0.031402 future_loss=0.023146 offset_loss=0.026014 kld=0.024351 cd=-0.207290 en_pos=6.333231 en_neg=6.540520 pcd=True subgoal_reg=0.002839082256781575 
2026-01-10 07:38:39,060 :   359/   29 dest_loss=0.034196 future_loss=0.026458 offset_loss=0.022395 kld=0.023593 cd=0.097032 en_pos=6.621939 en_neg=6.524907 pcd=True subgoal_reg=0.002811558795415919 
2026-01-10 07:38:54,254 :   365/   29 dest_loss=0.034104 future_loss=0.024918 offset_loss=0.028546 kld=0.024914 cd=0.085675 en_pos=6.529967 en_neg=6.444291 pcd=True subgoal_reg=0.0030009362301642987 
2026-01-10 07:39:09,409 :   371/   29 dest_loss=0.036362 future_loss=0.026580 offset_loss=0.028429 kld=0.023585 cd=0.036882 en_pos=6.472291 en_neg=6.435409 pcd=True subgoal_reg=0.0029838363727865483 
2026-01-10 07:39:24,686 :   377/   29 dest_loss=0.034228 future_loss=0.023069 offset_loss=0.030615 kld=0.023188 cd=-0.070763 en_pos=6.366013 en_neg=6.436776 pcd=True subgoal_reg=0.002937966167894664 
2026-01-10 07:39:39,998 :   383/   29 dest_loss=0.157977 future_loss=0.103461 offset_loss=0.173554 kld=0.024664 cd=0.153977 en_pos=6.579129 en_neg=6.425152 pcd=True subgoal_reg=0.0032260406073016373 
2026-01-10 07:39:55,225 :   389/   29 dest_loss=0.033197 future_loss=0.024301 offset_loss=0.026771 kld=0.023465 cd=-0.234613 en_pos=6.319575 en_neg=6.554188 pcd=True subgoal_reg=0.002737262716133983 
2026-01-10 07:40:10,439 :   395/   29 dest_loss=0.033158 future_loss=0.021366 offset_loss=0.030883 kld=0.022907 cd=-0.041924 en_pos=6.313150 en_neg=6.355074 pcd=True subgoal_reg=0.00303108755186349 
2026-01-10 07:40:25,600 :   401/   29 dest_loss=0.074067 future_loss=0.062650 offset_loss=0.056637 kld=0.025788 cd=-0.263172 en_pos=6.329484 en_neg=6.592656 pcd=True subgoal_reg=0.0025619130587486187 
2026-01-10 07:40:40,874 :   407/   29 dest_loss=0.034796 future_loss=0.024411 offset_loss=0.024795 kld=0.023904 cd=0.045683 en_pos=6.560331 en_neg=6.514647 pcd=True subgoal_reg=0.003312614443031125 
2026-01-10 07:40:56,166 :   413/   29 dest_loss=0.033658 future_loss=0.022194 offset_loss=0.031186 kld=0.023191 cd=0.074246 en_pos=6.363449 en_neg=6.289203 pcd=True subgoal_reg=0.0029624977049187147 
2026-01-10 07:41:11,406 :   419/   29 dest_loss=0.028678 future_loss=0.020828 offset_loss=0.022643 kld=0.024325 cd=-0.160929 en_pos=6.410734 en_neg=6.571663 pcd=True subgoal_reg=0.0029273994648926563 
2026-01-10 07:41:26,716 :   425/   29 dest_loss=0.041910 future_loss=0.040881 offset_loss=0.031672 kld=0.023736 cd=-0.032359 en_pos=6.400799 en_neg=6.433158 pcd=True subgoal_reg=0.002624186045883001 
2026-01-10 07:41:41,946 :   431/   29 dest_loss=0.034047 future_loss=0.023700 offset_loss=0.027649 kld=0.024528 cd=0.119641 en_pos=6.509779 en_neg=6.390138 pcd=True subgoal_reg=0.0030775861670065334 
2026-01-10 07:41:57,125 :   437/   29 dest_loss=0.074219 future_loss=0.083185 offset_loss=0.046551 kld=0.024019 cd=-0.126056 en_pos=6.290486 en_neg=6.416542 pcd=True subgoal_reg=0.0025301092787304268 
2026-01-10 07:42:12,319 :   443/   29 dest_loss=0.028835 future_loss=0.021363 offset_loss=0.022925 kld=0.023761 cd=-0.014051 en_pos=6.474880 en_neg=6.488932 pcd=True subgoal_reg=0.002904036546743371 
2026-01-10 07:42:27,491 :   449/   29 dest_loss=0.028192 future_loss=0.021072 offset_loss=0.024106 kld=0.024270 cd=-0.039695 en_pos=6.431675 en_neg=6.471370 pcd=True subgoal_reg=0.002780430303286747 
2026-01-10 07:42:42,848 :   455/   29 dest_loss=0.125426 future_loss=0.095416 offset_loss=0.090047 kld=0.025817 cd=0.183348 en_pos=6.723879 en_neg=6.540531 pcd=True subgoal_reg=0.00295575668364941 
2026-01-10 07:42:57,972 :   461/   29 dest_loss=0.032359 future_loss=0.022754 offset_loss=0.026912 kld=0.023372 cd=-0.324656 en_pos=6.208288 en_neg=6.532944 pcd=True subgoal_reg=0.0025896008794258412 
2026-01-10 07:43:13,127 :   467/   29 dest_loss=0.029376 future_loss=0.021265 offset_loss=0.023437 kld=0.023531 cd=0.038665 en_pos=6.487230 en_neg=6.448565 pcd=True subgoal_reg=0.0027209909864077788 
2026-01-10 07:43:28,339 :   473/   29 dest_loss=0.090815 future_loss=0.066472 offset_loss=0.077225 kld=0.024376 cd=-0.191444 en_pos=6.432922 en_neg=6.624366 pcd=True subgoal_reg=0.002711282855174516 
2026-01-10 07:43:43,336 :   479/   29 dest_loss=0.033961 future_loss=0.023551 offset_loss=0.026441 kld=0.023774 cd=-0.017541 en_pos=6.567301 en_neg=6.584842 pcd=True subgoal_reg=0.003172721069828805 
2026-01-10 07:43:58,589 :   485/   29 dest_loss=0.035926 future_loss=0.025444 offset_loss=0.026863 kld=0.023904 cd=0.119355 en_pos=6.507241 en_neg=6.387887 pcd=True subgoal_reg=0.002852004901870502 
2026-01-10 07:44:13,780 :   491/   29 dest_loss=0.027989 future_loss=0.021063 offset_loss=0.021970 kld=0.024320 cd=-0.149166 en_pos=6.387413 en_neg=6.536579 pcd=True subgoal_reg=0.0025120217628320876 
2026-01-10 07:44:29,022 :   497/   29 dest_loss=0.031988 future_loss=0.021342 offset_loss=0.029322 kld=0.023758 cd=0.051628 en_pos=6.450674 en_neg=6.399047 pcd=True subgoal_reg=0.0027037761682800346 
2026-01-10 07:44:44,232 :   503/   29 dest_loss=0.049080 future_loss=0.037999 offset_loss=0.038980 kld=0.023580 cd=-0.072947 en_pos=6.468306 en_neg=6.541253 pcd=True subgoal_reg=0.002932964563131829 
2026-01-10 07:44:59,486 :   509/   29 dest_loss=0.028072 future_loss=0.020112 offset_loss=0.022976 kld=0.023245 cd=-0.131023 en_pos=6.624463 en_neg=6.755486 pcd=True subgoal_reg=0.002985505696333607 
2026-01-10 07:46:30,910 : Train Loss 86.06633772931127
2026-01-10 07:46:30,910 : Overall Loss 16.95530050502515
2026-01-10 07:46:30,910 : Dest Loss 22.639272136827852
2026-01-10 07:46:30,910 : Val ADE 0.12225120215637142
2026-01-10 07:46:30,910 : Val FDE 0.14163774147434732
2026-01-10 07:46:30,910 : Val Best ADE 0.11857119431940331
2026-01-10 07:46:30,911 : Val Best FDE 0.14397553785521044
2026-01-10 07:46:30,911 : ----->learning rate 3.90625e-05
2026-01-10 07:46:46,130 :     5/   30 dest_loss=0.032878 future_loss=0.023613 offset_loss=0.026678 kld=0.023262 cd=-0.141891 en_pos=6.221058 en_neg=6.362949 pcd=True subgoal_reg=0.003057591352174551 
2026-01-10 07:47:01,320 :    11/   30 dest_loss=0.032498 future_loss=0.022214 offset_loss=0.027377 kld=0.023837 cd=-0.194354 en_pos=6.363566 en_neg=6.557920 pcd=True subgoal_reg=0.00286366231333131 
2026-01-10 07:47:16,463 :    17/   30 dest_loss=0.079202 future_loss=0.052598 offset_loss=0.094950 kld=0.025286 cd=-0.244160 en_pos=6.515912 en_neg=6.760072 pcd=True subgoal_reg=0.00304106513079292 
2026-01-10 07:47:31,501 :    23/   30 dest_loss=0.034561 future_loss=0.025226 offset_loss=0.028471 kld=0.024620 cd=0.108192 en_pos=6.493038 en_neg=6.384845 pcd=True subgoal_reg=0.0029080784209215955 
2026-01-10 07:47:46,706 :    29/   30 dest_loss=0.030253 future_loss=0.021674 offset_loss=0.024928 kld=0.023260 cd=-0.117927 en_pos=6.437411 en_neg=6.555338 pcd=True subgoal_reg=0.002765438427469639 
2026-01-10 07:48:01,839 :    35/   30 dest_loss=0.031005 future_loss=0.023309 offset_loss=0.023447 kld=0.023327 cd=0.054221 en_pos=6.511254 en_neg=6.457033 pcd=True subgoal_reg=0.0029163409078320447 
2026-01-10 07:48:17,017 :    41/   30 dest_loss=0.033117 future_loss=0.023298 offset_loss=0.025972 kld=0.023573 cd=0.041891 en_pos=6.574501 en_neg=6.532610 pcd=True subgoal_reg=0.0029078852252197797 
2026-01-10 07:48:32,268 :    47/   30 dest_loss=0.030600 future_loss=0.022204 offset_loss=0.025517 kld=0.024771 cd=0.065954 en_pos=6.464155 en_neg=6.398201 pcd=True subgoal_reg=0.0026982283607944546 
2026-01-10 07:48:47,481 :    53/   30 dest_loss=0.031212 future_loss=0.022839 offset_loss=0.023204 kld=0.023346 cd=0.036135 en_pos=6.454541 en_neg=6.418406 pcd=True subgoal_reg=0.0027315016351029146 
2026-01-10 07:49:02,619 :    59/   30 dest_loss=0.031734 future_loss=0.022113 offset_loss=0.025145 kld=0.023288 cd=-0.030647 en_pos=6.506605 en_neg=6.537252 pcd=True subgoal_reg=0.0028421722449990024 
2026-01-10 07:49:17,889 :    65/   30 dest_loss=0.027358 future_loss=0.019551 offset_loss=0.022461 kld=0.022532 cd=-0.057829 en_pos=6.394876 en_neg=6.452705 pcd=True subgoal_reg=0.0027489759617369018 
2026-01-10 07:49:33,074 :    71/   30 dest_loss=0.033395 future_loss=0.022170 offset_loss=0.030550 kld=0.023493 cd=-0.029698 en_pos=6.477064 en_neg=6.506762 pcd=True subgoal_reg=0.0030782316614177364 
2026-01-10 07:49:48,375 :    77/   30 dest_loss=0.033858 future_loss=0.024398 offset_loss=0.027032 kld=0.023070 cd=-0.074894 en_pos=6.325045 en_neg=6.399939 pcd=True subgoal_reg=0.0028607731496647013 
2026-01-10 07:50:03,647 :    83/   30 dest_loss=0.033771 future_loss=0.023496 offset_loss=0.025531 kld=0.023894 cd=0.114662 en_pos=6.546671 en_neg=6.432009 pcd=True subgoal_reg=0.0029591842964460397 
2026-01-10 07:50:18,891 :    89/   30 dest_loss=0.032167 future_loss=0.022586 offset_loss=0.025431 kld=0.023483 cd=-0.129442 en_pos=6.401518 en_neg=6.530961 pcd=True subgoal_reg=0.0031078124679135236 
2026-01-10 07:50:34,013 :    95/   30 dest_loss=0.105826 future_loss=0.070729 offset_loss=0.071547 kld=0.025096 cd=0.120591 en_pos=6.597173 en_neg=6.476582 pcd=True subgoal_reg=0.0030346993939985483 
2026-01-10 07:50:49,311 :   101/   30 dest_loss=0.129885 future_loss=0.112301 offset_loss=0.090295 kld=0.025565 cd=-0.044484 en_pos=6.515855 en_neg=6.560338 pcd=True subgoal_reg=0.0031279216767649224 
2026-01-10 07:51:04,529 :   107/   30 dest_loss=0.038158 future_loss=0.026724 offset_loss=0.031546 kld=0.025240 cd=-0.369663 en_pos=6.287518 en_neg=6.657182 pcd=True subgoal_reg=0.0029783984272520056 
2026-01-10 07:51:19,737 :   113/   30 dest_loss=0.156530 future_loss=0.109618 offset_loss=0.109609 kld=0.026075 cd=0.075507 en_pos=6.615725 en_neg=6.540218 pcd=True subgoal_reg=0.0028782140091808107 
2026-01-10 07:51:35,011 :   119/   30 dest_loss=0.033509 future_loss=0.025651 offset_loss=0.024061 kld=0.023135 cd=-0.287049 en_pos=6.365894 en_neg=6.652943 pcd=True subgoal_reg=0.0026349870201467706 
2026-01-10 07:51:50,295 :   125/   30 dest_loss=0.035118 future_loss=0.025218 offset_loss=0.028160 kld=0.024016 cd=-0.145323 en_pos=6.329618 en_neg=6.474941 pcd=True subgoal_reg=0.002818411250452767 
2026-01-10 07:52:05,461 :   131/   30 dest_loss=0.067669 future_loss=0.065300 offset_loss=0.042136 kld=0.025387 cd=0.060238 en_pos=6.553629 en_neg=6.493391 pcd=True subgoal_reg=0.002898055906334484 
2026-01-10 07:52:20,714 :   137/   30 dest_loss=0.034258 future_loss=0.023530 offset_loss=0.028090 kld=0.022893 cd=0.002008 en_pos=6.357208 en_neg=6.355200 pcd=True subgoal_reg=0.002902302175768509 
2026-01-10 07:52:35,929 :   143/   30 dest_loss=0.026140 future_loss=0.019253 offset_loss=0.022394 kld=0.024273 cd=-0.045220 en_pos=6.471285 en_neg=6.516505 pcd=True subgoal_reg=0.0029404435341011228 
2026-01-10 07:52:51,157 :   149/   30 dest_loss=0.028113 future_loss=0.020327 offset_loss=0.022748 kld=0.024745 cd=-0.028115 en_pos=6.299785 en_neg=6.327900 pcd=True subgoal_reg=0.002756430061824115 
2026-01-10 07:53:06,387 :   155/   30 dest_loss=0.031552 future_loss=0.022200 offset_loss=0.025162 kld=0.024454 cd=-0.153427 en_pos=6.304222 en_neg=6.457648 pcd=True subgoal_reg=0.002819064976310672 
2026-01-10 07:53:21,613 :   161/   30 dest_loss=0.031646 future_loss=0.022923 offset_loss=0.026180 kld=0.024401 cd=-0.218730 en_pos=6.224982 en_neg=6.443712 pcd=True subgoal_reg=0.0025675108811404807 
2026-01-10 07:53:36,888 :   167/   30 dest_loss=0.028357 future_loss=0.019679 offset_loss=0.023453 kld=0.023140 cd=-0.064847 en_pos=6.318863 en_neg=6.383710 pcd=True subgoal_reg=0.002612817569354898 
2026-01-10 07:53:51,987 :   173/   30 dest_loss=0.107945 future_loss=0.093847 offset_loss=0.080785 kld=0.024032 cd=0.022531 en_pos=6.391703 en_neg=6.369173 pcd=True subgoal_reg=0.00265271299786476 
2026-01-10 07:54:07,155 :   179/   30 dest_loss=0.083501 future_loss=0.070284 offset_loss=0.050867 kld=0.024704 cd=0.040347 en_pos=6.363265 en_neg=6.322918 pcd=True subgoal_reg=0.0028928180144786406 
2026-01-10 07:54:22,369 :   185/   30 dest_loss=0.029612 future_loss=0.021864 offset_loss=0.023849 kld=0.024500 cd=0.141742 en_pos=6.417716 en_neg=6.275974 pcd=True subgoal_reg=0.003016403366287453 
2026-01-10 07:54:37,552 :   191/   30 dest_loss=0.035214 future_loss=0.025007 offset_loss=0.029177 kld=0.024372 cd=0.129745 en_pos=6.464184 en_neg=6.334440 pcd=True subgoal_reg=0.002783240866416951 
2026-01-10 07:54:52,697 :   197/   30 dest_loss=0.027577 future_loss=0.020251 offset_loss=0.023448 kld=0.023231 cd=0.204402 en_pos=6.615837 en_neg=6.411435 pcd=True subgoal_reg=0.0025908280836958843 
2026-01-10 07:55:07,940 :   203/   30 dest_loss=0.031872 future_loss=0.023785 offset_loss=0.022223 kld=0.023390 cd=0.073500 en_pos=6.530843 en_neg=6.457343 pcd=True subgoal_reg=0.0028534538274157303 
2026-01-10 07:55:23,185 :   209/   30 dest_loss=0.033249 future_loss=0.024161 offset_loss=0.027283 kld=0.024990 cd=-0.078550 en_pos=6.344802 en_neg=6.423352 pcd=True subgoal_reg=0.0026738773117264266 
2026-01-10 07:55:38,513 :   215/   30 dest_loss=0.029963 future_loss=0.021699 offset_loss=0.024614 kld=0.024135 cd=0.065423 en_pos=6.382388 en_neg=6.316964 pcd=True subgoal_reg=0.0027272411232677858 
2026-01-10 07:55:53,743 :   221/   30 dest_loss=0.035870 future_loss=0.025982 offset_loss=0.027958 kld=0.024524 cd=-0.077434 en_pos=6.406421 en_neg=6.483855 pcd=True subgoal_reg=0.0027382799972036024 
2026-01-10 07:56:08,928 :   227/   30 dest_loss=0.036305 future_loss=0.025868 offset_loss=0.028089 kld=0.022755 cd=-0.000508 en_pos=6.391789 en_neg=6.392297 pcd=True subgoal_reg=0.002705146159728922 
2026-01-10 07:56:24,188 :   233/   30 dest_loss=0.035774 future_loss=0.025141 offset_loss=0.029403 kld=0.023422 cd=-0.038854 en_pos=6.431873 en_neg=6.470727 pcd=True subgoal_reg=0.002627150266852846 
2026-01-10 07:56:39,536 :   239/   30 dest_loss=0.030722 future_loss=0.022003 offset_loss=0.025307 kld=0.024521 cd=0.092125 en_pos=6.527062 en_neg=6.434937 pcd=True subgoal_reg=0.0027835657163847328 
2026-01-10 07:56:54,835 :   245/   30 dest_loss=0.040220 future_loss=0.027107 offset_loss=0.054048 kld=0.024482 cd=-0.087747 en_pos=6.493847 en_neg=6.581594 pcd=True subgoal_reg=0.0028461915830309843 
2026-01-10 07:57:09,835 :   251/   30 dest_loss=0.024545 future_loss=0.018058 offset_loss=0.019968 kld=0.023953 cd=-0.248076 en_pos=6.184575 en_neg=6.432651 pcd=True subgoal_reg=0.0025846860670469393 
2026-01-10 07:57:25,033 :   257/   30 dest_loss=0.035158 future_loss=0.024844 offset_loss=0.029360 kld=0.022850 cd=0.119613 en_pos=6.500039 en_neg=6.380427 pcd=True subgoal_reg=0.0027750161848011457 
2026-01-10 07:57:40,271 :   263/   30 dest_loss=0.029878 future_loss=0.020727 offset_loss=0.024583 kld=0.023106 cd=0.001225 en_pos=6.469894 en_neg=6.468669 pcd=True subgoal_reg=0.002829026739044277 
2026-01-10 07:57:55,549 :   269/   30 dest_loss=0.034404 future_loss=0.025311 offset_loss=0.023479 kld=0.023412 cd=-0.143014 en_pos=6.399459 en_neg=6.542473 pcd=True subgoal_reg=0.0028169692312237284 
2026-01-10 07:58:10,741 :   275/   30 dest_loss=0.034028 future_loss=0.023804 offset_loss=0.026466 kld=0.024333 cd=0.051420 en_pos=6.495368 en_neg=6.443948 pcd=True subgoal_reg=0.0029648198608279936 
2026-01-10 07:58:25,914 :   281/   30 dest_loss=0.028870 future_loss=0.020070 offset_loss=0.022958 kld=0.024658 cd=0.106428 en_pos=6.555667 en_neg=6.449240 pcd=True subgoal_reg=0.0032094895937632914 
2026-01-10 07:58:41,192 :   287/   30 dest_loss=0.032658 future_loss=0.023744 offset_loss=0.025706 kld=0.023194 cd=-0.018696 en_pos=6.481582 en_neg=6.500278 pcd=True subgoal_reg=0.002687993993907129 
2026-01-10 07:58:56,459 :   293/   30 dest_loss=0.026007 future_loss=0.018006 offset_loss=0.021814 kld=0.023403 cd=-0.156224 en_pos=6.606760 en_neg=6.762984 pcd=True subgoal_reg=0.0027735655401388694 
2026-01-10 07:59:11,642 :   299/   30 dest_loss=0.062943 future_loss=0.048904 offset_loss=0.064444 kld=0.023968 cd=-0.077596 en_pos=6.489016 en_neg=6.566612 pcd=True subgoal_reg=0.0029002096026611206 
2026-01-10 07:59:26,842 :   305/   30 dest_loss=0.037847 future_loss=0.027266 offset_loss=0.029342 kld=0.025746 cd=-0.050412 en_pos=6.376192 en_neg=6.426604 pcd=True subgoal_reg=0.0028013411168574215 
2026-01-10 07:59:42,045 :   311/   30 dest_loss=0.031014 future_loss=0.021629 offset_loss=0.024933 kld=0.023716 cd=-0.140940 en_pos=6.154097 en_neg=6.295037 pcd=True subgoal_reg=0.0028297314814680584 
2026-01-10 07:59:57,238 :   317/   30 dest_loss=0.037664 future_loss=0.027524 offset_loss=0.029025 kld=0.023268 cd=0.116666 en_pos=6.311209 en_neg=6.194543 pcd=True subgoal_reg=0.002555490756912599 
2026-01-10 08:00:12,598 :   323/   30 dest_loss=0.031799 future_loss=0.023079 offset_loss=0.024857 kld=0.023520 cd=-0.362326 en_pos=6.372364 en_neg=6.734690 pcd=True subgoal_reg=0.002761836195160402 
2026-01-10 08:00:27,613 :   329/   30 dest_loss=0.021030 future_loss=0.014932 offset_loss=0.018489 kld=0.023032 cd=-0.213929 en_pos=6.364754 en_neg=6.578684 pcd=True subgoal_reg=0.0025972268695474794 
2026-01-10 08:00:42,805 :   335/   30 dest_loss=0.031420 future_loss=0.020973 offset_loss=0.029423 kld=0.023432 cd=-0.216554 en_pos=6.381269 en_neg=6.597823 pcd=True subgoal_reg=0.002592778023880204 
2026-01-10 08:00:58,094 :   341/   30 dest_loss=0.035646 future_loss=0.026005 offset_loss=0.029040 kld=0.024510 cd=-0.218726 en_pos=6.425897 en_neg=6.644623 pcd=True subgoal_reg=0.002608129990480429 
2026-01-10 08:01:13,333 :   347/   30 dest_loss=0.064391 future_loss=0.048590 offset_loss=0.037392 kld=0.024559 cd=0.183989 en_pos=6.579007 en_neg=6.395018 pcd=True subgoal_reg=0.0027315185787591323 
2026-01-10 08:01:28,515 :   353/   30 dest_loss=0.058629 future_loss=0.033569 offset_loss=0.068242 kld=0.024132 cd=0.055334 en_pos=6.455459 en_neg=6.400125 pcd=True subgoal_reg=0.002627546683555035 
2026-01-10 08:01:43,778 :   359/   30 dest_loss=0.037683 future_loss=0.026199 offset_loss=0.029851 kld=0.023181 cd=-0.016528 en_pos=6.560059 en_neg=6.576587 pcd=True subgoal_reg=0.002630379579965046 
2026-01-10 08:01:59,012 :   365/   30 dest_loss=0.032611 future_loss=0.022848 offset_loss=0.024774 kld=0.022939 cd=0.006101 en_pos=6.242274 en_neg=6.236174 pcd=True subgoal_reg=0.0026093673412852774 
2026-01-10 08:02:14,398 :   371/   30 dest_loss=0.137145 future_loss=0.123885 offset_loss=0.094851 kld=0.025795 cd=-0.196318 en_pos=6.296562 en_neg=6.492880 pcd=True subgoal_reg=0.002889172445892957 
2026-01-10 08:02:29,825 :   377/   30 dest_loss=0.098910 future_loss=0.105654 offset_loss=0.072414 kld=0.025588 cd=0.162014 en_pos=6.626872 en_neg=6.464858 pcd=True subgoal_reg=0.002887148455093309 
2026-01-10 08:02:45,254 :   383/   30 dest_loss=0.033271 future_loss=0.023883 offset_loss=0.026504 kld=0.024590 cd=0.010122 en_pos=6.369965 en_neg=6.359843 pcd=True subgoal_reg=0.0027034754833686167 
2026-01-10 08:03:00,409 :   389/   30 dest_loss=0.031115 future_loss=0.021889 offset_loss=0.024545 kld=0.023581 cd=0.010055 en_pos=6.380130 en_neg=6.370075 pcd=True subgoal_reg=0.0029165240580145617 
2026-01-10 08:03:15,614 :   395/   30 dest_loss=0.030685 future_loss=0.021608 offset_loss=0.025315 kld=0.024851 cd=-0.062027 en_pos=6.344100 en_neg=6.406126 pcd=True subgoal_reg=0.002796090197604561 
2026-01-10 08:03:30,876 :   401/   30 dest_loss=0.029012 future_loss=0.020922 offset_loss=0.023670 kld=0.024155 cd=0.197694 en_pos=6.355259 en_neg=6.157565 pcd=True subgoal_reg=0.0026288271966235337 
2026-01-10 08:03:45,896 :   407/   30 dest_loss=0.031295 future_loss=0.022134 offset_loss=0.026254 kld=0.024216 cd=-0.039852 en_pos=6.500196 en_neg=6.540049 pcd=True subgoal_reg=0.0029668653675185078 
2026-01-10 08:04:01,065 :   413/   30 dest_loss=0.035469 future_loss=0.025340 offset_loss=0.028915 kld=0.024649 cd=0.252022 en_pos=6.537869 en_neg=6.285847 pcd=True subgoal_reg=0.002848932534484272 
2026-01-10 08:04:16,223 :   419/   30 dest_loss=0.026097 future_loss=0.018355 offset_loss=0.021368 kld=0.023395 cd=-0.286584 en_pos=6.394710 en_neg=6.681294 pcd=True subgoal_reg=0.002785907647104185 
2026-01-10 08:04:31,361 :   425/   30 dest_loss=0.028097 future_loss=0.019743 offset_loss=0.024500 kld=0.023012 cd=0.045546 en_pos=6.469372 en_neg=6.423826 pcd=True subgoal_reg=0.003026304773026984 
2026-01-10 08:04:46,569 :   431/   30 dest_loss=0.026902 future_loss=0.019411 offset_loss=0.022951 kld=0.024035 cd=0.035661 en_pos=6.335371 en_neg=6.299710 pcd=True subgoal_reg=0.002891942049931144 
2026-01-10 08:05:01,768 :   437/   30 dest_loss=0.032885 future_loss=0.023390 offset_loss=0.027108 kld=0.024574 cd=0.267509 en_pos=6.402827 en_neg=6.135318 pcd=True subgoal_reg=0.0029869780641726016 
2026-01-10 08:05:16,966 :   443/   30 dest_loss=0.033669 future_loss=0.023113 offset_loss=0.027135 kld=0.023488 cd=0.004239 en_pos=6.377228 en_neg=6.372989 pcd=True subgoal_reg=0.0031226033320744958 
2026-01-10 08:05:32,224 :   449/   30 dest_loss=0.030095 future_loss=0.018996 offset_loss=0.028595 kld=0.023636 cd=-0.131478 en_pos=6.392946 en_neg=6.524424 pcd=True subgoal_reg=0.0028325557761560653 
2026-01-10 08:05:47,476 :   455/   30 dest_loss=0.186439 future_loss=0.132400 offset_loss=0.170561 kld=0.026247 cd=0.136375 en_pos=6.711138 en_neg=6.574763 pcd=True subgoal_reg=0.0035184649757044714 
2026-01-10 08:06:02,709 :   461/   30 dest_loss=0.031650 future_loss=0.019897 offset_loss=0.030051 kld=0.023789 cd=0.101043 en_pos=6.440073 en_neg=6.339030 pcd=True subgoal_reg=0.0031359389517932558 
2026-01-10 08:06:17,872 :   467/   30 dest_loss=0.035900 future_loss=0.025335 offset_loss=0.028224 kld=0.024036 cd=-0.289928 en_pos=6.181303 en_neg=6.471231 pcd=True subgoal_reg=0.0025171615179741804 
2026-01-10 08:06:33,020 :   473/   30 dest_loss=0.032575 future_loss=0.023430 offset_loss=0.027247 kld=0.025747 cd=-0.178287 en_pos=6.411312 en_neg=6.589599 pcd=True subgoal_reg=0.002899190635924253 
2026-01-10 08:06:48,270 :   479/   30 dest_loss=0.026292 future_loss=0.018858 offset_loss=0.023014 kld=0.025267 cd=0.145970 en_pos=6.569285 en_neg=6.423314 pcd=True subgoal_reg=0.002817293664919996 
2026-01-10 08:07:03,386 :   485/   30 dest_loss=0.033600 future_loss=0.024508 offset_loss=0.025278 kld=0.023552 cd=-0.210299 en_pos=6.430108 en_neg=6.640407 pcd=True subgoal_reg=0.002704515314039087 
2026-01-10 08:07:18,590 :   491/   30 dest_loss=0.032477 future_loss=0.023178 offset_loss=0.025897 kld=0.023487 cd=-0.130189 en_pos=6.263882 en_neg=6.394071 pcd=True subgoal_reg=0.002775527346567652 
2026-01-10 08:07:33,821 :   497/   30 dest_loss=0.110752 future_loss=0.067868 offset_loss=0.091293 kld=0.023434 cd=-0.142967 en_pos=6.481482 en_neg=6.624449 pcd=True subgoal_reg=0.0028528185102283513 
2026-01-10 08:07:49,018 :   503/   30 dest_loss=0.037030 future_loss=0.026407 offset_loss=0.029073 kld=0.023551 cd=-0.001491 en_pos=6.406376 en_neg=6.407866 pcd=True subgoal_reg=0.002789701710545032 
2026-01-10 08:08:04,272 :   509/   30 dest_loss=0.053354 future_loss=0.038027 offset_loss=0.042910 kld=0.024154 cd=-0.443278 en_pos=6.239772 en_neg=6.683050 pcd=True subgoal_reg=0.002712288905520367 
2026-01-10 08:09:35,897 : Train Loss 79.29092106051237
2026-01-10 08:09:35,897 : Overall Loss 16.959308426053912
2026-01-10 08:09:35,897 : Dest Loss 22.57400071994896
2026-01-10 08:09:35,897 : Val ADE 0.1223223360714418
2026-01-10 08:09:35,897 : Val FDE 0.1416049826548128
2026-01-10 08:09:35,897 : Val Best ADE 0.11857119431940331
2026-01-10 08:09:35,897 : Val Best FDE 0.14397553785521044
2026-01-10 08:09:35,897 : ----->learning rate 3.90625e-05
2026-01-10 08:09:51,110 :     5/   31 dest_loss=0.036528 future_loss=0.025083 offset_loss=0.029198 kld=0.022878 cd=0.058278 en_pos=6.468224 en_neg=6.409946 pcd=True subgoal_reg=0.0026823277258141657 
2026-01-10 08:10:06,247 :    11/   31 dest_loss=0.032207 future_loss=0.022351 offset_loss=0.025086 kld=0.024287 cd=0.032691 en_pos=6.500364 en_neg=6.467672 pcd=True subgoal_reg=0.0029522553075758103 
2026-01-10 08:10:21,351 :    17/   31 dest_loss=0.036814 future_loss=0.026969 offset_loss=0.030107 kld=0.024692 cd=0.043629 en_pos=6.481959 en_neg=6.438330 pcd=True subgoal_reg=0.0026937746127053148 
2026-01-10 08:10:36,578 :    23/   31 dest_loss=0.033759 future_loss=0.024476 offset_loss=0.026728 kld=0.023735 cd=-0.262011 en_pos=6.232079 en_neg=6.494090 pcd=True subgoal_reg=0.0025826616123615057 
2026-01-10 08:10:51,808 :    29/   31 dest_loss=0.031612 future_loss=0.022553 offset_loss=0.024600 kld=0.023776 cd=0.135653 en_pos=6.715635 en_neg=6.579982 pcd=True subgoal_reg=0.002813793821863535 
2026-01-10 08:11:07,001 :    35/   31 dest_loss=0.028767 future_loss=0.020685 offset_loss=0.023866 kld=0.024543 cd=0.193810 en_pos=6.556923 en_neg=6.363113 pcd=True subgoal_reg=0.002820743066160543 
2026-01-10 08:11:22,190 :    41/   31 dest_loss=0.044649 future_loss=0.029818 offset_loss=0.034105 kld=0.023707 cd=-0.113511 en_pos=6.362404 en_neg=6.475915 pcd=True subgoal_reg=0.003076659027923316 
2026-01-10 08:11:37,501 :    47/   31 dest_loss=0.034312 future_loss=0.024644 offset_loss=0.027341 kld=0.024172 cd=0.152363 en_pos=6.509031 en_neg=6.356669 pcd=True subgoal_reg=0.0027134597498989256 
2026-01-10 08:11:52,653 :    53/   31 dest_loss=0.036378 future_loss=0.026423 offset_loss=0.029282 kld=0.024313 cd=-0.054618 en_pos=6.339342 en_neg=6.393961 pcd=True subgoal_reg=0.0027749819678396966 
2026-01-10 08:12:07,894 :    59/   31 dest_loss=0.036559 future_loss=0.026430 offset_loss=0.030176 kld=0.024885 cd=-0.128460 en_pos=6.396288 en_neg=6.524748 pcd=True subgoal_reg=0.002774514292575399 
2026-01-10 08:12:23,114 :    65/   31 dest_loss=0.031143 future_loss=0.021592 offset_loss=0.025239 kld=0.025024 cd=-0.112852 en_pos=6.477534 en_neg=6.590386 pcd=True subgoal_reg=0.002777115735355285 
2026-01-10 08:12:38,305 :    71/   31 dest_loss=0.147769 future_loss=0.121584 offset_loss=0.121046 kld=0.024516 cd=0.058635 en_pos=6.408251 en_neg=6.349616 pcd=True subgoal_reg=0.002754426476717947 
2026-01-10 08:12:53,518 :    77/   31 dest_loss=0.029909 future_loss=0.022699 offset_loss=0.022329 kld=0.023543 cd=0.054702 en_pos=6.604376 en_neg=6.549674 pcd=True subgoal_reg=0.0028768660445722943 
2026-01-10 08:13:08,764 :    83/   31 dest_loss=0.033686 future_loss=0.025064 offset_loss=0.022046 kld=0.023759 cd=0.110977 en_pos=6.607565 en_neg=6.496588 pcd=True subgoal_reg=0.003033741005088976 
2026-01-10 08:13:23,957 :    89/   31 dest_loss=0.035877 future_loss=0.026132 offset_loss=0.027867 kld=0.022533 cd=-0.181298 en_pos=6.285536 en_neg=6.466833 pcd=True subgoal_reg=0.0025323306710279807 
2026-01-10 08:13:39,051 :    95/   31 dest_loss=0.033373 future_loss=0.024021 offset_loss=0.027637 kld=0.024784 cd=0.163752 en_pos=6.514868 en_neg=6.351115 pcd=True subgoal_reg=0.0029742973867978285 
2026-01-10 08:13:54,240 :   101/   31 dest_loss=0.032893 future_loss=0.022388 offset_loss=0.026129 kld=0.023344 cd=-0.148093 en_pos=6.468574 en_neg=6.616666 pcd=True subgoal_reg=0.0030433573660165964 
2026-01-10 08:14:09,417 :   107/   31 dest_loss=0.082873 future_loss=0.064889 offset_loss=0.067678 kld=0.023559 cd=0.145440 en_pos=6.489249 en_neg=6.343808 pcd=True subgoal_reg=0.002972024061320945 
2026-01-10 08:14:24,618 :   113/   31 dest_loss=0.034056 future_loss=0.024220 offset_loss=0.027768 kld=0.023168 cd=-0.041541 en_pos=6.485669 en_neg=6.527210 pcd=True subgoal_reg=0.0026653199804187793 
2026-01-10 08:14:39,822 :   119/   31 dest_loss=0.101824 future_loss=0.082098 offset_loss=0.075203 kld=0.024081 cd=-0.199748 en_pos=6.196644 en_neg=6.396391 pcd=True subgoal_reg=0.002667564341808189 
2026-01-10 08:14:55,071 :   125/   31 dest_loss=0.029670 future_loss=0.020821 offset_loss=0.025820 kld=0.022919 cd=-0.207752 en_pos=6.258231 en_neg=6.465983 pcd=True subgoal_reg=0.002770754162024305 
2026-01-10 08:15:10,310 :   131/   31 dest_loss=0.031277 future_loss=0.021996 offset_loss=0.026500 kld=0.024400 cd=-0.059594 en_pos=6.347247 en_neg=6.406840 pcd=True subgoal_reg=0.002861568916889657 
2026-01-10 08:15:25,561 :   137/   31 dest_loss=0.028732 future_loss=0.019944 offset_loss=0.025292 kld=0.022887 cd=0.128929 en_pos=6.504998 en_neg=6.376070 pcd=True subgoal_reg=0.0028385579768379606 
2026-01-10 08:15:40,866 :   143/   31 dest_loss=0.027163 future_loss=0.017283 offset_loss=0.025743 kld=0.022914 cd=0.051381 en_pos=6.538924 en_neg=6.487542 pcd=True subgoal_reg=0.0030409178856829933 
2026-01-10 08:15:56,071 :   149/   31 dest_loss=0.034735 future_loss=0.024576 offset_loss=0.028526 kld=0.022661 cd=0.038222 en_pos=6.322626 en_neg=6.284404 pcd=True subgoal_reg=0.002678008374860181 
2026-01-10 08:16:11,229 :   155/   31 dest_loss=0.036337 future_loss=0.025535 offset_loss=0.028188 kld=0.023266 cd=0.015669 en_pos=6.475815 en_neg=6.460146 pcd=True subgoal_reg=0.0029473179113849272 
2026-01-10 08:16:26,365 :   161/   31 dest_loss=0.079799 future_loss=0.068012 offset_loss=0.054442 kld=0.023580 cd=0.090841 en_pos=6.329330 en_neg=6.238489 pcd=True subgoal_reg=0.002773973579305816 
2026-01-10 08:16:41,494 :   167/   31 dest_loss=0.028438 future_loss=0.020241 offset_loss=0.022954 kld=0.022812 cd=0.294795 en_pos=6.659222 en_neg=6.364427 pcd=True subgoal_reg=0.0026853517756988813 
2026-01-10 08:16:56,499 :   173/   31 dest_loss=0.040099 future_loss=0.028482 offset_loss=0.031207 kld=0.024914 cd=-0.175867 en_pos=6.383650 en_neg=6.559517 pcd=True subgoal_reg=0.0027529644547634327 
2026-01-10 08:17:11,583 :   179/   31 dest_loss=0.031435 future_loss=0.021778 offset_loss=0.025655 kld=0.023199 cd=0.017191 en_pos=6.452752 en_neg=6.435561 pcd=True subgoal_reg=0.002699007669778739 
2026-01-10 08:17:26,883 :   185/   31 dest_loss=0.147286 future_loss=0.117122 offset_loss=0.102468 kld=0.026252 cd=-0.025235 en_pos=6.411670 en_neg=6.436905 pcd=True subgoal_reg=0.002841417489304556 
2026-01-10 08:17:42,148 :   191/   31 dest_loss=0.037944 future_loss=0.027036 offset_loss=0.029586 kld=0.023753 cd=-0.029967 en_pos=6.473033 en_neg=6.503000 pcd=True subgoal_reg=0.0026210689119776894 
2026-01-10 08:17:57,361 :   197/   31 dest_loss=0.031931 future_loss=0.021500 offset_loss=0.029159 kld=0.023593 cd=-0.026584 en_pos=6.425935 en_neg=6.452518 pcd=True subgoal_reg=0.003019989069844988 
2026-01-10 08:18:12,585 :   203/   31 dest_loss=0.024836 future_loss=0.018667 offset_loss=0.019027 kld=0.023093 cd=0.045688 en_pos=6.545283 en_neg=6.499595 pcd=True subgoal_reg=0.0027171349837369235 
2026-01-10 08:18:27,841 :   209/   31 dest_loss=0.040952 future_loss=0.028285 offset_loss=0.030732 kld=0.022877 cd=-0.089987 en_pos=6.345920 en_neg=6.435907 pcd=True subgoal_reg=0.0028204914552578527 
2026-01-10 08:18:43,071 :   215/   31 dest_loss=0.032784 future_loss=0.023619 offset_loss=0.025340 kld=0.023302 cd=-0.046503 en_pos=6.469843 en_neg=6.516347 pcd=True subgoal_reg=0.002729597039260888 
2026-01-10 08:18:58,240 :   221/   31 dest_loss=0.035462 future_loss=0.024536 offset_loss=0.028837 kld=0.023968 cd=0.076531 en_pos=6.518419 en_neg=6.441888 pcd=True subgoal_reg=0.002830149132611019 
2026-01-10 08:19:13,427 :   227/   31 dest_loss=0.030347 future_loss=0.021457 offset_loss=0.025315 kld=0.023608 cd=0.029376 en_pos=6.394576 en_neg=6.365199 pcd=True subgoal_reg=0.0027577378889623184 
2026-01-10 08:19:28,625 :   233/   31 dest_loss=0.030893 future_loss=0.022198 offset_loss=0.024774 kld=0.023504 cd=0.144076 en_pos=6.471667 en_neg=6.327591 pcd=True subgoal_reg=0.002572540019076542 
2026-01-10 08:19:43,873 :   239/   31 dest_loss=0.034365 future_loss=0.024234 offset_loss=0.028480 kld=0.023022 cd=-0.156624 en_pos=6.376772 en_neg=6.533395 pcd=True subgoal_reg=0.0025468149010055285 
2026-01-10 08:19:59,087 :   245/   31 dest_loss=0.032449 future_loss=0.021120 offset_loss=0.028888 kld=0.023413 cd=0.001740 en_pos=6.297368 en_neg=6.295628 pcd=True subgoal_reg=0.0028208799529740314 
2026-01-10 08:20:14,117 :   251/   31 dest_loss=0.029231 future_loss=0.020365 offset_loss=0.022327 kld=0.023208 cd=-0.000134 en_pos=6.569537 en_neg=6.569671 pcd=True subgoal_reg=0.0028457197872627637 
2026-01-10 08:20:29,344 :   257/   31 dest_loss=0.029103 future_loss=0.020925 offset_loss=0.022252 kld=0.023071 cd=0.223809 en_pos=6.406934 en_neg=6.183125 pcd=True subgoal_reg=0.0023063768265926994 
2026-01-10 08:20:44,596 :   263/   31 dest_loss=0.033525 future_loss=0.025429 offset_loss=0.021893 kld=0.023208 cd=-0.017914 en_pos=6.451030 en_neg=6.468944 pcd=True subgoal_reg=0.0025400087496780174 
2026-01-10 08:20:59,926 :   269/   31 dest_loss=0.083458 future_loss=0.091557 offset_loss=0.062811 kld=0.024256 cd=-0.087222 en_pos=6.271370 en_neg=6.358592 pcd=True subgoal_reg=0.002567360186793051 
2026-01-10 08:21:15,144 :   275/   31 dest_loss=0.034075 future_loss=0.024389 offset_loss=0.025532 kld=0.023084 cd=0.292470 en_pos=6.683691 en_neg=6.391221 pcd=True subgoal_reg=0.0028352267151393108 
2026-01-10 08:21:30,369 :   281/   31 dest_loss=0.027311 future_loss=0.020628 offset_loss=0.022516 kld=0.024843 cd=-0.015234 en_pos=6.482177 en_neg=6.497411 pcd=True subgoal_reg=0.0029227632567260546 
2026-01-10 08:21:45,663 :   287/   31 dest_loss=0.114304 future_loss=0.081511 offset_loss=0.099763 kld=0.024543 cd=0.222965 en_pos=6.509402 en_neg=6.286437 pcd=True subgoal_reg=0.0032081366803789558 
2026-01-10 08:22:00,878 :   293/   31 dest_loss=0.032746 future_loss=0.023757 offset_loss=0.026644 kld=0.024024 cd=-0.289169 en_pos=6.253259 en_neg=6.542428 pcd=True subgoal_reg=0.002647810708869813 
2026-01-10 08:22:16,106 :   299/   31 dest_loss=0.030063 future_loss=0.020573 offset_loss=0.024406 kld=0.023693 cd=0.041615 en_pos=6.641531 en_neg=6.599917 pcd=True subgoal_reg=0.003136435763827955 
2026-01-10 08:22:31,370 :   305/   31 dest_loss=0.035273 future_loss=0.025299 offset_loss=0.028589 kld=0.024635 cd=0.067546 en_pos=6.598129 en_neg=6.530583 pcd=True subgoal_reg=0.0028298836164912106 
2026-01-10 08:22:46,570 :   311/   31 dest_loss=0.028207 future_loss=0.019787 offset_loss=0.024059 kld=0.023821 cd=0.076972 en_pos=6.382669 en_neg=6.305696 pcd=True subgoal_reg=0.002690728420022057 
2026-01-10 08:23:01,792 :   317/   31 dest_loss=0.031448 future_loss=0.021817 offset_loss=0.025859 kld=0.023987 cd=0.211454 en_pos=6.296572 en_neg=6.085118 pcd=True subgoal_reg=0.0026790803224283864 
2026-01-10 08:23:17,037 :   323/   31 dest_loss=0.041070 future_loss=0.029629 offset_loss=0.032793 kld=0.024772 cd=0.199402 en_pos=6.525187 en_neg=6.325785 pcd=True subgoal_reg=0.002757123017497978 
2026-01-10 08:23:32,146 :   329/   31 dest_loss=0.124949 future_loss=0.087708 offset_loss=0.108862 kld=0.023377 cd=0.110466 en_pos=6.444112 en_neg=6.333646 pcd=True subgoal_reg=0.0026248824820395704 
2026-01-10 08:23:47,337 :   335/   31 dest_loss=0.036054 future_loss=0.023724 offset_loss=0.032402 kld=0.023837 cd=0.169257 en_pos=6.621553 en_neg=6.452296 pcd=True subgoal_reg=0.0028994760366262587 
2026-01-10 08:24:02,602 :   341/   31 dest_loss=0.034415 future_loss=0.025344 offset_loss=0.027346 kld=0.024030 cd=0.115198 en_pos=6.494396 en_neg=6.379198 pcd=True subgoal_reg=0.0026696781881531046 
2026-01-10 08:24:17,867 :   347/   31 dest_loss=0.029961 future_loss=0.021998 offset_loss=0.024750 kld=0.025600 cd=0.114037 en_pos=6.493087 en_neg=6.379049 pcd=True subgoal_reg=0.0027868761370335253 
2026-01-10 08:24:33,068 :   353/   31 dest_loss=0.031090 future_loss=0.022445 offset_loss=0.024448 kld=0.024134 cd=-0.141228 en_pos=6.163806 en_neg=6.305035 pcd=True subgoal_reg=0.0024413285297629887 
2026-01-10 08:24:48,286 :   359/   31 dest_loss=0.033790 future_loss=0.023769 offset_loss=0.026113 kld=0.023404 cd=0.046741 en_pos=6.366385 en_neg=6.319644 pcd=True subgoal_reg=0.0027187073903190044 
2026-01-10 08:25:03,546 :   365/   31 dest_loss=0.026493 future_loss=0.018753 offset_loss=0.021774 kld=0.022917 cd=-0.242767 en_pos=6.421466 en_neg=6.664232 pcd=True subgoal_reg=0.0026823831032869675 
2026-01-10 08:25:18,706 :   371/   31 dest_loss=0.035233 future_loss=0.025594 offset_loss=0.027852 kld=0.025546 cd=-0.236353 en_pos=6.278704 en_neg=6.515057 pcd=True subgoal_reg=0.0031494135006587087 
2026-01-10 08:25:33,827 :   377/   31 dest_loss=0.056129 future_loss=0.062328 offset_loss=0.038742 kld=0.023846 cd=-0.041976 en_pos=6.560002 en_neg=6.601978 pcd=True subgoal_reg=0.002842402379235593 
2026-01-10 08:25:49,126 :   383/   31 dest_loss=0.027359 future_loss=0.019978 offset_loss=0.023181 kld=0.024503 cd=0.079688 en_pos=6.498477 en_neg=6.418789 pcd=True subgoal_reg=0.0028865322387282904 
2026-01-10 08:26:04,285 :   389/   31 dest_loss=0.032217 future_loss=0.022829 offset_loss=0.025706 kld=0.024496 cd=-0.024610 en_pos=6.362046 en_neg=6.386656 pcd=True subgoal_reg=0.00301538977317625 
2026-01-10 08:26:19,436 :   395/   31 dest_loss=0.025671 future_loss=0.018692 offset_loss=0.021261 kld=0.024106 cd=0.273136 en_pos=6.533423 en_neg=6.260287 pcd=True subgoal_reg=0.0026889663693536957 
2026-01-10 08:26:34,733 :   401/   31 dest_loss=0.033689 future_loss=0.023624 offset_loss=0.025987 kld=0.022655 cd=0.194676 en_pos=6.511295 en_neg=6.316620 pcd=True subgoal_reg=0.00254589228364642 
2026-01-10 08:26:49,731 :   407/   31 dest_loss=0.035135 future_loss=0.025008 offset_loss=0.027330 kld=0.024301 cd=0.246850 en_pos=6.691807 en_neg=6.444957 pcd=True subgoal_reg=0.0029014459230853537 
2026-01-10 08:27:04,959 :   413/   31 dest_loss=0.032103 future_loss=0.023302 offset_loss=0.027340 kld=0.023182 cd=-0.156361 en_pos=6.352681 en_neg=6.509042 pcd=True subgoal_reg=0.0026140829551108908 
2026-01-10 08:27:20,190 :   419/   31 dest_loss=0.031783 future_loss=0.022291 offset_loss=0.027431 kld=0.023473 cd=-0.067203 en_pos=6.345126 en_neg=6.412329 pcd=True subgoal_reg=0.002700677388564005 
2026-01-10 08:27:35,363 :   425/   31 dest_loss=0.035131 future_loss=0.026028 offset_loss=0.021814 kld=0.023928 cd=0.320201 en_pos=6.688147 en_neg=6.367946 pcd=True subgoal_reg=0.0029817310599694457 
2026-01-10 08:27:50,552 :   431/   31 dest_loss=0.028375 future_loss=0.019344 offset_loss=0.023483 kld=0.023070 cd=-0.093411 en_pos=6.392472 en_neg=6.485883 pcd=True subgoal_reg=0.0026732204894080337 
2026-01-10 08:28:05,760 :   437/   31 dest_loss=0.080487 future_loss=0.050372 offset_loss=0.052017 kld=0.026117 cd=0.188174 en_pos=6.620688 en_neg=6.432514 pcd=True subgoal_reg=0.003052165398699855 
2026-01-10 08:28:20,936 :   443/   31 dest_loss=0.141227 future_loss=0.097943 offset_loss=0.086202 kld=0.025901 cd=0.082363 en_pos=6.500542 en_neg=6.418178 pcd=True subgoal_reg=0.0033399319519768966 
2026-01-10 08:28:36,094 :   449/   31 dest_loss=0.032358 future_loss=0.021802 offset_loss=0.026155 kld=0.023974 cd=0.019023 en_pos=6.684985 en_neg=6.665962 pcd=True subgoal_reg=0.0032699982857406747 
2026-01-10 08:28:51,408 :   455/   31 dest_loss=0.030706 future_loss=0.022331 offset_loss=0.026278 kld=0.024158 cd=0.019159 en_pos=6.547130 en_neg=6.527971 pcd=True subgoal_reg=0.0029616354176022824 
2026-01-10 08:29:06,618 :   461/   31 dest_loss=0.034069 future_loss=0.024173 offset_loss=0.028859 kld=0.024349 cd=-0.034021 en_pos=6.320072 en_neg=6.354093 pcd=True subgoal_reg=0.002614308520180607 
2026-01-10 08:29:21,777 :   467/   31 dest_loss=0.026941 future_loss=0.018250 offset_loss=0.027776 kld=0.023178 cd=0.202465 en_pos=6.594704 en_neg=6.392239 pcd=True subgoal_reg=0.002554376483294564 
2026-01-10 08:29:36,987 :   473/   31 dest_loss=0.033737 future_loss=0.024670 offset_loss=0.027219 kld=0.023093 cd=-0.073077 en_pos=6.406547 en_neg=6.479624 pcd=True subgoal_reg=0.00255990313302658 
2026-01-10 08:29:52,247 :   479/   31 dest_loss=0.026510 future_loss=0.018829 offset_loss=0.022087 kld=0.023151 cd=-0.253662 en_pos=6.408771 en_neg=6.662433 pcd=True subgoal_reg=0.0025416118995957456 
2026-01-10 08:30:07,284 :   485/   31 dest_loss=0.265742 future_loss=0.182617 offset_loss=0.168167 kld=0.027309 cd=0.086247 en_pos=6.436268 en_neg=6.350020 pcd=True subgoal_reg=0.002905038211029359 
2026-01-10 08:30:22,478 :   491/   31 dest_loss=0.033381 future_loss=0.023725 offset_loss=0.024784 kld=0.023005 cd=0.070302 en_pos=6.352659 en_neg=6.282357 pcd=True subgoal_reg=0.0026829947073096477 
2026-01-10 08:30:37,684 :   497/   31 dest_loss=0.032067 future_loss=0.022814 offset_loss=0.025069 kld=0.022809 cd=-0.041877 en_pos=6.366103 en_neg=6.407980 pcd=True subgoal_reg=0.00256891485756365 
2026-01-10 08:30:52,869 :   503/   31 dest_loss=0.032675 future_loss=0.022714 offset_loss=0.026697 kld=0.023556 cd=-0.123908 en_pos=6.541419 en_neg=6.665327 pcd=True subgoal_reg=0.0026479715584059823 
2026-01-10 08:31:08,173 :   509/   31 dest_loss=0.037108 future_loss=0.026599 offset_loss=0.028873 kld=0.025419 cd=-0.239548 en_pos=6.518838 en_neg=6.758385 pcd=True subgoal_reg=0.0030050432238272764 
2026-01-10 08:32:39,816 : Train Loss 89.87556774868617
2026-01-10 08:32:39,816 : Overall Loss 17.52717800264136
2026-01-10 08:32:39,817 : Dest Loss 23.34952546555648
2026-01-10 08:32:39,817 : Val ADE 0.12259853063599119
2026-01-10 08:32:39,817 : Val FDE 0.14192951657933792
2026-01-10 08:32:39,817 : Val Best ADE 0.11857119431940331
2026-01-10 08:32:39,817 : Val Best FDE 0.14397553785521044
2026-01-10 08:32:39,818 : ----->learning rate 3.90625e-05
2026-01-10 08:32:55,014 :     5/   32 dest_loss=0.035460 future_loss=0.024882 offset_loss=0.027904 kld=0.023957 cd=-0.084563 en_pos=6.506430 en_neg=6.590992 pcd=True subgoal_reg=0.0027114448029401236 
2026-01-10 08:33:10,179 :    11/   32 dest_loss=0.028860 future_loss=0.020413 offset_loss=0.024400 kld=0.022897 cd=-0.099161 en_pos=6.351094 en_neg=6.450255 pcd=True subgoal_reg=0.0024693065102858146 
2026-01-10 08:33:25,266 :    17/   32 dest_loss=0.031686 future_loss=0.020379 offset_loss=0.028522 kld=0.023169 cd=-0.128288 en_pos=6.443568 en_neg=6.571856 pcd=True subgoal_reg=0.002640016625494568 
2026-01-10 08:33:40,494 :    23/   32 dest_loss=0.028005 future_loss=0.020156 offset_loss=0.023434 kld=0.024942 cd=0.125894 en_pos=6.431281 en_neg=6.305387 pcd=True subgoal_reg=0.0028810767675011943 
2026-01-10 08:33:55,706 :    29/   32 dest_loss=0.031555 future_loss=0.021270 offset_loss=0.027297 kld=0.023843 cd=0.030683 en_pos=6.578611 en_neg=6.547928 pcd=True subgoal_reg=0.002863309904459055 
2026-01-10 08:34:10,916 :    35/   32 dest_loss=0.091397 future_loss=0.070916 offset_loss=0.078116 kld=0.025719 cd=-0.037813 en_pos=6.456461 en_neg=6.494274 pcd=True subgoal_reg=0.0028115152612694814 
2026-01-10 08:34:26,164 :    41/   32 dest_loss=0.028182 future_loss=0.020670 offset_loss=0.023757 kld=0.024562 cd=-0.073736 en_pos=6.330845 en_neg=6.404581 pcd=True subgoal_reg=0.002637728379497985 
2026-01-10 08:34:41,449 :    47/   32 dest_loss=0.026719 future_loss=0.019012 offset_loss=0.021992 kld=0.024545 cd=0.160700 en_pos=6.597918 en_neg=6.437218 pcd=True subgoal_reg=0.0027028276198895074 
2026-01-10 08:34:56,704 :    53/   32 dest_loss=0.033993 future_loss=0.024200 offset_loss=0.026805 kld=0.023590 cd=-0.022973 en_pos=6.453573 en_neg=6.476546 pcd=True subgoal_reg=0.002948604281047449 
2026-01-10 08:35:11,952 :    59/   32 dest_loss=0.104869 future_loss=0.086899 offset_loss=0.063445 kld=0.025585 cd=0.081445 en_pos=6.583081 en_neg=6.501636 pcd=True subgoal_reg=0.0026817634084654682 
2026-01-10 08:35:27,246 :    65/   32 dest_loss=0.031815 future_loss=0.022435 offset_loss=0.026232 kld=0.022925 cd=0.052501 en_pos=6.435690 en_neg=6.383189 pcd=True subgoal_reg=0.002545465831528899 
2026-01-10 08:35:42,479 :    71/   32 dest_loss=0.032045 future_loss=0.022905 offset_loss=0.025622 kld=0.024455 cd=0.018033 en_pos=6.428818 en_neg=6.410785 pcd=True subgoal_reg=0.002865421910403442 
2026-01-10 08:35:57,831 :    77/   32 dest_loss=0.101335 future_loss=0.075971 offset_loss=0.081201 kld=0.023276 cd=-0.017653 en_pos=6.592692 en_neg=6.610345 pcd=True subgoal_reg=0.002887938819438088 
2026-01-10 08:36:13,035 :    83/   32 dest_loss=0.035511 future_loss=0.025973 offset_loss=0.023269 kld=0.023902 cd=-0.159154 en_pos=6.372572 en_neg=6.531726 pcd=True subgoal_reg=0.0029504448629390813 
2026-01-10 08:36:28,094 :    89/   32 dest_loss=0.028278 future_loss=0.020813 offset_loss=0.024355 kld=0.025826 cd=-0.136985 en_pos=6.479261 en_neg=6.616246 pcd=True subgoal_reg=0.0029314533379481847 
2026-01-10 08:36:43,301 :    95/   32 dest_loss=0.032099 future_loss=0.023032 offset_loss=0.025881 kld=0.024369 cd=-0.024586 en_pos=6.449470 en_neg=6.474055 pcd=True subgoal_reg=0.0026273452015208266 
2026-01-10 08:36:58,552 :   101/   32 dest_loss=0.026981 future_loss=0.019409 offset_loss=0.022150 kld=0.022916 cd=0.160057 en_pos=6.275585 en_neg=6.115528 pcd=True subgoal_reg=0.0024959143971197703 
2026-01-10 08:37:13,765 :   107/   32 dest_loss=0.034170 future_loss=0.024219 offset_loss=0.027137 kld=0.023884 cd=0.126755 en_pos=6.485327 en_neg=6.358572 pcd=True subgoal_reg=0.002859075225424255 
2026-01-10 08:37:28,916 :   113/   32 dest_loss=0.031360 future_loss=0.021320 offset_loss=0.025402 kld=0.023186 cd=-0.081554 en_pos=6.353903 en_neg=6.435458 pcd=True subgoal_reg=0.0027596094396857415 
2026-01-10 08:37:44,230 :   119/   32 dest_loss=0.032555 future_loss=0.025278 offset_loss=0.021136 kld=0.023593 cd=-0.037422 en_pos=6.509063 en_neg=6.546485 pcd=True subgoal_reg=0.0026737257306115774 
2026-01-10 08:37:59,449 :   125/   32 dest_loss=0.095050 future_loss=0.071027 offset_loss=0.104373 kld=0.025117 cd=-0.013709 en_pos=6.487706 en_neg=6.501415 pcd=True subgoal_reg=0.002587161572148824 
2026-01-10 08:38:14,668 :   131/   32 dest_loss=0.032662 future_loss=0.023847 offset_loss=0.026530 kld=0.025219 cd=-0.039173 en_pos=6.381191 en_neg=6.420365 pcd=True subgoal_reg=0.00269881870922548 
2026-01-10 08:38:29,890 :   137/   32 dest_loss=0.035148 future_loss=0.025763 offset_loss=0.028926 kld=0.025141 cd=0.014365 en_pos=6.649663 en_neg=6.635298 pcd=True subgoal_reg=0.003070847248502025 
2026-01-10 08:38:45,103 :   143/   32 dest_loss=0.028565 future_loss=0.020808 offset_loss=0.023522 kld=0.024436 cd=0.190399 en_pos=6.437045 en_neg=6.246646 pcd=True subgoal_reg=0.002754037857672893 
2026-01-10 08:39:00,323 :   149/   32 dest_loss=0.160591 future_loss=0.140244 offset_loss=0.139960 kld=0.026194 cd=-0.166345 en_pos=6.373241 en_neg=6.539586 pcd=True subgoal_reg=0.002988259105532177 
2026-01-10 08:39:15,564 :   155/   32 dest_loss=0.032749 future_loss=0.023078 offset_loss=0.025532 kld=0.023410 cd=-0.156720 en_pos=6.462540 en_neg=6.619260 pcd=True subgoal_reg=0.0026706914165511115 
2026-01-10 08:39:30,749 :   161/   32 dest_loss=0.159485 future_loss=0.126114 offset_loss=0.107986 kld=0.024440 cd=-0.228224 en_pos=6.246844 en_neg=6.475068 pcd=True subgoal_reg=0.002702696683089403 
2026-01-10 08:39:45,797 :   167/   32 dest_loss=0.028491 future_loss=0.020338 offset_loss=0.022876 kld=0.024515 cd=-0.147581 en_pos=6.501282 en_neg=6.648863 pcd=True subgoal_reg=0.0028941876604956112 
2026-01-10 08:40:01,016 :   173/   32 dest_loss=0.036416 future_loss=0.024973 offset_loss=0.028214 kld=0.024070 cd=-0.182188 en_pos=6.449444 en_neg=6.631632 pcd=True subgoal_reg=0.0027378370548982464 
2026-01-10 08:40:16,155 :   179/   32 dest_loss=0.031280 future_loss=0.022041 offset_loss=0.025062 kld=0.024095 cd=-0.035533 en_pos=6.343059 en_neg=6.378592 pcd=True subgoal_reg=0.0026507992505668933 
2026-01-10 08:40:31,329 :   185/   32 dest_loss=0.035537 future_loss=0.025354 offset_loss=0.028578 kld=0.025680 cd=-0.221251 en_pos=6.316239 en_neg=6.537490 pcd=True subgoal_reg=0.002847095560681202 
2026-01-10 08:40:46,640 :   191/   32 dest_loss=0.030850 future_loss=0.021183 offset_loss=0.027520 kld=0.023129 cd=0.074446 en_pos=6.460029 en_neg=6.385584 pcd=True subgoal_reg=0.002533149694519701 
2026-01-10 08:41:01,824 :   197/   32 dest_loss=0.030543 future_loss=0.022064 offset_loss=0.024966 kld=0.024067 cd=-0.056677 en_pos=6.519531 en_neg=6.576208 pcd=True subgoal_reg=0.002776565678068686 
2026-01-10 08:41:16,977 :   203/   32 dest_loss=0.031431 future_loss=0.023207 offset_loss=0.025930 kld=0.024569 cd=-0.021363 en_pos=6.389433 en_neg=6.410797 pcd=True subgoal_reg=0.0026449992538697797 
2026-01-10 08:41:32,137 :   209/   32 dest_loss=0.032446 future_loss=0.024526 offset_loss=0.019762 kld=0.023460 cd=-0.149594 en_pos=6.468709 en_neg=6.618303 pcd=True subgoal_reg=0.0025891976022081493 
2026-01-10 08:41:47,447 :   215/   32 dest_loss=0.035148 future_loss=0.025221 offset_loss=0.026333 kld=0.024123 cd=-0.024977 en_pos=6.414913 en_neg=6.439890 pcd=True subgoal_reg=0.002771130430252398 
2026-01-10 08:42:02,679 :   221/   32 dest_loss=0.030316 future_loss=0.021688 offset_loss=0.024831 kld=0.023143 cd=0.045360 en_pos=6.465181 en_neg=6.419821 pcd=True subgoal_reg=0.0023801904736916795 
2026-01-10 08:42:17,896 :   227/   32 dest_loss=0.031690 future_loss=0.022698 offset_loss=0.025776 kld=0.024511 cd=0.261796 en_pos=6.515789 en_neg=6.253993 pcd=True subgoal_reg=0.002713788367302721 
2026-01-10 08:42:33,082 :   233/   32 dest_loss=0.030877 future_loss=0.022345 offset_loss=0.024070 kld=0.023027 cd=0.234007 en_pos=6.454049 en_neg=6.220042 pcd=True subgoal_reg=0.0028137870225542856 
2026-01-10 08:42:48,366 :   239/   32 dest_loss=0.030431 future_loss=0.021583 offset_loss=0.025113 kld=0.022977 cd=0.060447 en_pos=6.655916 en_neg=6.595469 pcd=True subgoal_reg=0.002501146533730206 
2026-01-10 08:43:03,389 :   245/   32 dest_loss=0.041816 future_loss=0.029277 offset_loss=0.031881 kld=0.024346 cd=0.005606 en_pos=6.640517 en_neg=6.634911 pcd=True subgoal_reg=0.003246609712403337 
2026-01-10 08:43:18,673 :   251/   32 dest_loss=0.032857 future_loss=0.023542 offset_loss=0.026679 kld=0.026021 cd=-0.072540 en_pos=6.614380 en_neg=6.686920 pcd=True subgoal_reg=0.002752825723331596 
2026-01-10 08:43:33,900 :   257/   32 dest_loss=0.033180 future_loss=0.024295 offset_loss=0.027228 kld=0.024150 cd=-0.262611 en_pos=6.386585 en_neg=6.649196 pcd=True subgoal_reg=0.00277700513955289 
2026-01-10 08:43:49,159 :   263/   32 dest_loss=0.030361 future_loss=0.019716 offset_loss=0.028493 kld=0.023296 cd=0.024680 en_pos=6.412843 en_neg=6.388162 pcd=True subgoal_reg=0.0028054589161834722 
2026-01-10 08:44:04,420 :   269/   32 dest_loss=0.028812 future_loss=0.020440 offset_loss=0.023579 kld=0.023268 cd=-0.109018 en_pos=6.461926 en_neg=6.570943 pcd=True subgoal_reg=0.0025725377432698864 
2026-01-10 08:44:19,675 :   275/   32 dest_loss=0.026345 future_loss=0.018429 offset_loss=0.021073 kld=0.022707 cd=-0.083704 en_pos=6.423499 en_neg=6.507203 pcd=True subgoal_reg=0.0026841153414068264 
2026-01-10 08:44:34,934 :   281/   32 dest_loss=0.032943 future_loss=0.023780 offset_loss=0.026634 kld=0.024223 cd=0.094780 en_pos=6.432968 en_neg=6.338187 pcd=True subgoal_reg=0.0025970091918222035 
2026-01-10 08:44:50,177 :   287/   32 dest_loss=0.036654 future_loss=0.025990 offset_loss=0.029007 kld=0.023924 cd=0.054874 en_pos=6.473696 en_neg=6.418822 pcd=True subgoal_reg=0.002822768821979749 
2026-01-10 08:45:05,426 :   293/   32 dest_loss=0.034543 future_loss=0.024918 offset_loss=0.027469 kld=0.024602 cd=-0.191547 en_pos=6.349578 en_neg=6.541124 pcd=True subgoal_reg=0.002673702171615085 
2026-01-10 08:45:20,660 :   299/   32 dest_loss=0.035604 future_loss=0.025602 offset_loss=0.027491 kld=0.024149 cd=-0.046339 en_pos=6.448371 en_neg=6.494710 pcd=True subgoal_reg=0.0026300354500231994 
2026-01-10 08:45:35,968 :   305/   32 dest_loss=0.107324 future_loss=0.084743 offset_loss=0.097189 kld=0.024269 cd=0.056648 en_pos=6.335395 en_neg=6.278747 pcd=True subgoal_reg=0.0026189575913033304 
2026-01-10 08:45:51,158 :   311/   32 dest_loss=0.031817 future_loss=0.022848 offset_loss=0.025118 kld=0.025314 cd=0.145028 en_pos=6.499374 en_neg=6.354346 pcd=True subgoal_reg=0.0028902468874530294 
2026-01-10 08:46:06,431 :   317/   32 dest_loss=0.079489 future_loss=0.051667 offset_loss=0.085074 kld=0.023969 cd=-0.020939 en_pos=6.388876 en_neg=6.409815 pcd=True subgoal_reg=0.0030983617960486758 
2026-01-10 08:46:21,501 :   323/   32 dest_loss=0.034205 future_loss=0.024725 offset_loss=0.026234 kld=0.024376 cd=0.002332 en_pos=6.298230 en_neg=6.295898 pcd=True subgoal_reg=0.0026480713507358662 
2026-01-10 08:46:36,765 :   329/   32 dest_loss=0.031442 future_loss=0.022079 offset_loss=0.025078 kld=0.023806 cd=0.136785 en_pos=6.567957 en_neg=6.431171 pcd=True subgoal_reg=0.0026209958772119646 
2026-01-10 08:46:52,129 :   335/   32 dest_loss=0.036040 future_loss=0.026527 offset_loss=0.028306 kld=0.023988 cd=0.041817 en_pos=6.317962 en_neg=6.276145 pcd=True subgoal_reg=0.0025570849421054412 
2026-01-10 08:47:07,429 :   341/   32 dest_loss=0.033364 future_loss=0.023736 offset_loss=0.025644 kld=0.024714 cd=-0.292524 en_pos=6.258905 en_neg=6.551430 pcd=True subgoal_reg=0.002590122453339722 
2026-01-10 08:47:22,753 :   347/   32 dest_loss=0.033991 future_loss=0.023741 offset_loss=0.025728 kld=0.023862 cd=-0.292839 en_pos=6.295773 en_neg=6.588612 pcd=True subgoal_reg=0.002691087097081298 
2026-01-10 08:47:38,029 :   353/   32 dest_loss=0.029490 future_loss=0.021374 offset_loss=0.023500 kld=0.026149 cd=-0.023270 en_pos=6.423329 en_neg=6.446599 pcd=True subgoal_reg=0.0026411829740880916 
2026-01-10 08:47:53,309 :   359/   32 dest_loss=0.033238 future_loss=0.023514 offset_loss=0.025953 kld=0.023173 cd=0.115252 en_pos=6.479829 en_neg=6.364577 pcd=True subgoal_reg=0.0025081115756282173 
2026-01-10 08:48:08,516 :   365/   32 dest_loss=0.030849 future_loss=0.021711 offset_loss=0.025156 kld=0.023268 cd=-0.112577 en_pos=6.235806 en_neg=6.348383 pcd=True subgoal_reg=0.002581701549741181 
2026-01-10 08:48:23,710 :   371/   32 dest_loss=0.030265 future_loss=0.022001 offset_loss=0.022961 kld=0.022568 cd=0.085101 en_pos=6.421763 en_neg=6.336662 pcd=True subgoal_reg=0.0026776231436536294 
2026-01-10 08:48:38,970 :   377/   32 dest_loss=0.152404 future_loss=0.147325 offset_loss=0.092187 kld=0.027270 cd=0.078839 en_pos=6.492296 en_neg=6.413457 pcd=True subgoal_reg=0.00287941820746747 
2026-01-10 08:48:54,317 :   383/   32 dest_loss=0.031056 future_loss=0.022046 offset_loss=0.024244 kld=0.025662 cd=-0.102503 en_pos=6.504972 en_neg=6.607475 pcd=True subgoal_reg=0.002877083012544252 
2026-01-10 08:49:09,566 :   389/   32 dest_loss=0.039518 future_loss=0.027482 offset_loss=0.030374 kld=0.023872 cd=-0.132070 en_pos=6.360817 en_neg=6.492887 pcd=True subgoal_reg=0.002751711825543423 
2026-01-10 08:49:24,779 :   395/   32 dest_loss=0.032585 future_loss=0.023285 offset_loss=0.025662 kld=0.022887 cd=0.235930 en_pos=6.446882 en_neg=6.210952 pcd=True subgoal_reg=0.0025141245541407606 
2026-01-10 08:49:39,762 :   401/   32 dest_loss=0.033546 future_loss=0.024360 offset_loss=0.027635 kld=0.024672 cd=-0.082825 en_pos=6.457216 en_neg=6.540040 pcd=True subgoal_reg=0.003004156384827608 
2026-01-10 08:49:54,957 :   407/   32 dest_loss=0.026650 future_loss=0.019559 offset_loss=0.021683 kld=0.024302 cd=0.177169 en_pos=6.583123 en_neg=6.405954 pcd=True subgoal_reg=0.0028850962793825516 
2026-01-10 08:50:10,180 :   413/   32 dest_loss=0.038918 future_loss=0.027199 offset_loss=0.030777 kld=0.023687 cd=-0.027719 en_pos=6.554739 en_neg=6.582457 pcd=True subgoal_reg=0.003043540443738252 
2026-01-10 08:50:25,409 :   419/   32 dest_loss=0.045231 future_loss=0.029271 offset_loss=0.039247 kld=0.023720 cd=0.066090 en_pos=6.448198 en_neg=6.382108 pcd=True subgoal_reg=0.0031154681044286187 
2026-01-10 08:50:40,698 :   425/   32 dest_loss=0.036493 future_loss=0.024014 offset_loss=0.034632 kld=0.023663 cd=-0.151159 en_pos=6.218594 en_neg=6.369753 pcd=True subgoal_reg=0.0025605767350103774 
2026-01-10 08:50:55,973 :   431/   32 dest_loss=0.032039 future_loss=0.022021 offset_loss=0.024884 kld=0.023489 cd=-0.109495 en_pos=6.499304 en_neg=6.608799 pcd=True subgoal_reg=0.00285913181454288 
2026-01-10 08:51:11,213 :   437/   32 dest_loss=0.033294 future_loss=0.023622 offset_loss=0.026781 kld=0.023792 cd=0.214614 en_pos=6.426597 en_neg=6.211982 pcd=True subgoal_reg=0.00272216857873409 
2026-01-10 08:51:26,369 :   443/   32 dest_loss=0.027044 future_loss=0.020027 offset_loss=0.022419 kld=0.023487 cd=-0.042231 en_pos=6.266275 en_neg=6.308506 pcd=True subgoal_reg=0.0025201628906321 
2026-01-10 08:51:41,563 :   449/   32 dest_loss=0.182555 future_loss=0.140193 offset_loss=0.163682 kld=0.024214 cd=-0.099977 en_pos=6.398962 en_neg=6.498939 pcd=True subgoal_reg=0.0028789436925723165 
2026-01-10 08:51:56,774 :   455/   32 dest_loss=0.035576 future_loss=0.025699 offset_loss=0.029042 kld=0.024695 cd=0.023540 en_pos=6.449666 en_neg=6.426126 pcd=True subgoal_reg=0.0029456317405366994 
2026-01-10 08:52:11,944 :   461/   32 dest_loss=0.043704 future_loss=0.030764 offset_loss=0.033581 kld=0.024422 cd=0.199333 en_pos=6.394814 en_neg=6.195481 pcd=True subgoal_reg=0.002585145012084032 
2026-01-10 08:52:27,138 :   467/   32 dest_loss=0.034440 future_loss=0.025100 offset_loss=0.027902 kld=0.023811 cd=0.175569 en_pos=6.491076 en_neg=6.315507 pcd=True subgoal_reg=0.002655223078549209 
2026-01-10 08:52:42,463 :   473/   32 dest_loss=0.038411 future_loss=0.027990 offset_loss=0.029398 kld=0.024455 cd=0.166098 en_pos=6.553144 en_neg=6.387046 pcd=True subgoal_reg=0.002885551915841487 
2026-01-10 08:52:57,465 :   479/   32 dest_loss=0.031812 future_loss=0.023419 offset_loss=0.025902 kld=0.025012 cd=0.267948 en_pos=6.474654 en_neg=6.206705 pcd=True subgoal_reg=0.002860573478010121 
2026-01-10 08:53:12,639 :   485/   32 dest_loss=0.139840 future_loss=0.129881 offset_loss=0.081095 kld=0.024946 cd=0.028276 en_pos=6.217056 en_neg=6.188780 pcd=True subgoal_reg=0.002636389236815191 
2026-01-10 08:53:27,865 :   491/   32 dest_loss=0.031823 future_loss=0.021371 offset_loss=0.029245 kld=0.023018 cd=-0.056183 en_pos=6.372321 en_neg=6.428504 pcd=True subgoal_reg=0.0025027639235401787 
2026-01-10 08:53:43,032 :   497/   32 dest_loss=0.078632 future_loss=0.069998 offset_loss=0.068374 kld=0.026353 cd=0.103268 en_pos=6.515600 en_neg=6.412333 pcd=True subgoal_reg=0.002904536664798344 
2026-01-10 08:53:58,156 :   503/   32 dest_loss=0.028463 future_loss=0.020483 offset_loss=0.022390 kld=0.025479 cd=-0.154557 en_pos=6.234175 en_neg=6.388732 pcd=True subgoal_reg=0.0027565626632463465 
2026-01-10 08:54:13,314 :   509/   32 dest_loss=0.029279 future_loss=0.020223 offset_loss=0.023677 kld=0.023960 cd=-0.245860 en_pos=6.368149 en_neg=6.614009 pcd=True subgoal_reg=0.003006521544569975 
2026-01-10 08:55:44,780 : Train Loss 88.36576047893168
2026-01-10 08:55:44,781 : Overall Loss 17.522053810654402
2026-01-10 08:55:44,781 : Dest Loss 23.64212845572076
2026-01-10 08:55:44,781 : Val ADE 0.12109437330113874
2026-01-10 08:55:44,781 : Val FDE 0.14182353589743193
2026-01-10 08:55:44,781 : Val Best ADE 0.11857119431940331
2026-01-10 08:55:44,781 : Val Best FDE 0.14397553785521044
2026-01-10 08:55:44,781 : ----->learning rate 1.953125e-05
2026-01-10 08:55:59,968 :     5/   33 dest_loss=0.033226 future_loss=0.023125 offset_loss=0.025983 kld=0.024016 cd=0.069167 en_pos=6.580208 en_neg=6.511041 pcd=True subgoal_reg=0.002947979772837059 
2026-01-10 08:56:15,143 :    11/   33 dest_loss=0.034477 future_loss=0.024174 offset_loss=0.026747 kld=0.024597 cd=0.166854 en_pos=6.490577 en_neg=6.323722 pcd=True subgoal_reg=0.0026249534856312264 
2026-01-10 08:56:30,313 :    17/   33 dest_loss=0.033372 future_loss=0.023208 offset_loss=0.026865 kld=0.023310 cd=0.119361 en_pos=6.479775 en_neg=6.360414 pcd=True subgoal_reg=0.0030199691846125422 
2026-01-10 08:56:45,455 :    23/   33 dest_loss=0.029223 future_loss=0.020897 offset_loss=0.024393 kld=0.023782 cd=0.009921 en_pos=6.321779 en_neg=6.311858 pcd=True subgoal_reg=0.0024979313826527768 
2026-01-10 08:57:00,712 :    29/   33 dest_loss=0.037230 future_loss=0.026004 offset_loss=0.030056 kld=0.023422 cd=-0.024272 en_pos=6.456688 en_neg=6.480960 pcd=True subgoal_reg=0.002717573599873907 
2026-01-10 08:57:15,923 :    35/   33 dest_loss=0.028254 future_loss=0.020681 offset_loss=0.022979 kld=0.024433 cd=0.018558 en_pos=6.517569 en_neg=6.499011 pcd=True subgoal_reg=0.0027833944451468658 
2026-01-10 08:57:31,109 :    41/   33 dest_loss=0.030985 future_loss=0.022681 offset_loss=0.024836 kld=0.024308 cd=0.018314 en_pos=6.439667 en_neg=6.421353 pcd=True subgoal_reg=0.002608452936798939 
2026-01-10 08:57:46,356 :    47/   33 dest_loss=0.038497 future_loss=0.027738 offset_loss=0.028619 kld=0.025588 cd=-0.189892 en_pos=6.499543 en_neg=6.689435 pcd=True subgoal_reg=0.002715248948696242 
2026-01-10 08:58:01,643 :    53/   33 dest_loss=0.036185 future_loss=0.026526 offset_loss=0.027038 kld=0.023561 cd=-0.145396 en_pos=6.286000 en_neg=6.431396 pcd=True subgoal_reg=0.0024783591181348633 
2026-01-10 08:58:16,935 :    59/   33 dest_loss=0.031002 future_loss=0.022236 offset_loss=0.024593 kld=0.025292 cd=-0.014780 en_pos=6.485012 en_neg=6.499792 pcd=True subgoal_reg=0.0028084197110134035 
2026-01-10 08:58:32,164 :    65/   33 dest_loss=0.033396 future_loss=0.023391 offset_loss=0.025359 kld=0.024581 cd=-0.180750 en_pos=6.360633 en_neg=6.541383 pcd=True subgoal_reg=0.0026954534749055554 
2026-01-10 08:58:47,399 :    71/   33 dest_loss=0.106723 future_loss=0.090593 offset_loss=0.095046 kld=0.025047 cd=-0.322547 en_pos=6.336543 en_neg=6.659091 pcd=True subgoal_reg=0.002702150930508779 
2026-01-10 08:59:02,700 :    77/   33 dest_loss=0.034706 future_loss=0.024691 offset_loss=0.027002 kld=0.024159 cd=0.010176 en_pos=6.427189 en_neg=6.417014 pcd=True subgoal_reg=0.0025735328214966735 
2026-01-10 08:59:17,936 :    83/   33 dest_loss=0.031636 future_loss=0.023121 offset_loss=0.021545 kld=0.023031 cd=-0.055578 en_pos=6.520341 en_neg=6.575919 pcd=True subgoal_reg=0.0026480812598371553 
2026-01-10 08:59:33,209 :    89/   33 dest_loss=0.033127 future_loss=0.024084 offset_loss=0.023611 kld=0.023727 cd=0.148142 en_pos=6.654419 en_neg=6.506277 pcd=True subgoal_reg=0.0028110918371319097 
2026-01-10 08:59:48,246 :    95/   33 dest_loss=0.035293 future_loss=0.025506 offset_loss=0.026774 kld=0.024517 cd=0.296822 en_pos=6.580829 en_neg=6.284006 pcd=True subgoal_reg=0.002651189224735254 
2026-01-10 09:00:03,516 :   101/   33 dest_loss=0.037388 future_loss=0.026968 offset_loss=0.027919 kld=0.024868 cd=0.236915 en_pos=6.457144 en_neg=6.220229 pcd=True subgoal_reg=0.003054591038266853 
2026-01-10 09:00:18,690 :   107/   33 dest_loss=0.028993 future_loss=0.020645 offset_loss=0.022776 kld=0.023119 cd=0.014171 en_pos=6.583048 en_neg=6.568876 pcd=True subgoal_reg=0.0026668519199264133 
2026-01-10 09:00:33,869 :   113/   33 dest_loss=0.040068 future_loss=0.029539 offset_loss=0.030951 kld=0.024423 cd=0.180301 en_pos=6.463949 en_neg=6.283647 pcd=True subgoal_reg=0.002819614246375833 
2026-01-10 09:00:49,233 :   119/   33 dest_loss=0.028839 future_loss=0.021737 offset_loss=0.023009 kld=0.024954 cd=-0.028596 en_pos=6.396288 en_neg=6.424884 pcd=True subgoal_reg=0.0027315716046818874 
2026-01-10 09:01:04,465 :   125/   33 dest_loss=0.028835 future_loss=0.020959 offset_loss=0.024057 kld=0.025040 cd=-0.180828 en_pos=6.423182 en_neg=6.604010 pcd=True subgoal_reg=0.002781629343539142 
2026-01-10 09:01:19,717 :   131/   33 dest_loss=0.033464 future_loss=0.024460 offset_loss=0.027181 kld=0.023124 cd=-0.101950 en_pos=6.598444 en_neg=6.700394 pcd=True subgoal_reg=0.002690666150915945 
2026-01-10 09:01:35,002 :   137/   33 dest_loss=0.028426 future_loss=0.021226 offset_loss=0.022715 kld=0.024889 cd=0.005850 en_pos=6.356611 en_neg=6.350761 pcd=True subgoal_reg=0.002674808258367602 
2026-01-10 09:01:50,200 :   143/   33 dest_loss=0.035255 future_loss=0.025782 offset_loss=0.028531 kld=0.024405 cd=-0.152176 en_pos=6.408005 en_neg=6.560181 pcd=True subgoal_reg=0.0026743767030480026 
2026-01-10 09:02:05,419 :   149/   33 dest_loss=0.032093 future_loss=0.021942 offset_loss=0.025029 kld=0.023324 cd=0.159564 en_pos=6.562419 en_neg=6.402855 pcd=True subgoal_reg=0.0029052298515741372 
2026-01-10 09:02:20,723 :   155/   33 dest_loss=0.059889 future_loss=0.043521 offset_loss=0.073850 kld=0.023445 cd=-0.063614 en_pos=6.390800 en_neg=6.454413 pcd=True subgoal_reg=0.0025424579932847103 
2026-01-10 09:02:35,897 :   161/   33 dest_loss=0.034923 future_loss=0.025145 offset_loss=0.027098 kld=0.023540 cd=0.025023 en_pos=6.528162 en_neg=6.503140 pcd=True subgoal_reg=0.0026957577409247894 
2026-01-10 09:02:51,253 :   167/   33 dest_loss=0.035194 future_loss=0.024798 offset_loss=0.028003 kld=0.023374 cd=-0.355456 en_pos=6.130871 en_neg=6.486327 pcd=True subgoal_reg=0.0024200154020364295 
2026-01-10 09:03:06,278 :   173/   33 dest_loss=0.032065 future_loss=0.023239 offset_loss=0.025921 kld=0.024049 cd=0.155447 en_pos=6.590184 en_neg=6.434737 pcd=True subgoal_reg=0.002708306224924138 
2026-01-10 09:03:21,550 :   179/   33 dest_loss=0.037388 future_loss=0.025795 offset_loss=0.028937 kld=0.024359 cd=-0.087710 en_pos=6.400089 en_neg=6.487800 pcd=True subgoal_reg=0.0028615325282233396 
2026-01-10 09:03:36,786 :   185/   33 dest_loss=0.034213 future_loss=0.025143 offset_loss=0.023762 kld=0.022998 cd=-0.091095 en_pos=6.569625 en_neg=6.660720 pcd=True subgoal_reg=0.0027859481691754067 
2026-01-10 09:03:52,106 :   191/   33 dest_loss=0.035183 future_loss=0.025961 offset_loss=0.026847 kld=0.023975 cd=-0.066390 en_pos=6.269842 en_neg=6.336232 pcd=True subgoal_reg=0.002481110226633971 
2026-01-10 09:04:07,341 :   197/   33 dest_loss=0.030506 future_loss=0.021896 offset_loss=0.023742 kld=0.023060 cd=-0.275092 en_pos=6.361020 en_neg=6.636112 pcd=True subgoal_reg=0.002656544009221087 
2026-01-10 09:04:22,533 :   203/   33 dest_loss=0.033938 future_loss=0.024108 offset_loss=0.026242 kld=0.024577 cd=-0.013298 en_pos=6.472151 en_neg=6.485449 pcd=True subgoal_reg=0.002600906465307978 
2026-01-10 09:04:37,797 :   209/   33 dest_loss=0.035432 future_loss=0.025571 offset_loss=0.027603 kld=0.024545 cd=0.124715 en_pos=6.505687 en_neg=6.380972 pcd=True subgoal_reg=0.0029937277431813488 
2026-01-10 09:04:53,011 :   215/   33 dest_loss=0.133121 future_loss=0.120397 offset_loss=0.083588 kld=0.024671 cd=-0.039084 en_pos=6.475627 en_neg=6.514710 pcd=True subgoal_reg=0.0028827530317422903 
2026-01-10 09:05:08,305 :   221/   33 dest_loss=0.028757 future_loss=0.020847 offset_loss=0.021625 kld=0.022698 cd=-0.155395 en_pos=6.318395 en_neg=6.473790 pcd=True subgoal_reg=0.002658856238736738 
2026-01-10 09:05:23,575 :   227/   33 dest_loss=0.148775 future_loss=0.106865 offset_loss=0.079896 kld=0.025143 cd=-0.045465 en_pos=6.427885 en_neg=6.473350 pcd=True subgoal_reg=0.002477106945512342 
2026-01-10 09:05:38,773 :   233/   33 dest_loss=0.028429 future_loss=0.020158 offset_loss=0.023392 kld=0.022422 cd=0.275772 en_pos=6.534296 en_neg=6.258525 pcd=True subgoal_reg=0.0026237830350133856 
2026-01-10 09:05:53,996 :   239/   33 dest_loss=0.028381 future_loss=0.020291 offset_loss=0.023109 kld=0.022967 cd=0.057368 en_pos=6.474079 en_neg=6.416712 pcd=True subgoal_reg=0.002726673246746471 
2026-01-10 09:06:09,234 :   245/   33 dest_loss=0.033287 future_loss=0.023961 offset_loss=0.024118 kld=0.023113 cd=0.077278 en_pos=6.430500 en_neg=6.353222 pcd=True subgoal_reg=0.0026893947230205648 
2026-01-10 09:06:24,268 :   251/   33 dest_loss=0.040131 future_loss=0.026804 offset_loss=0.035029 kld=0.023981 cd=0.155736 en_pos=6.666383 en_neg=6.510647 pcd=True subgoal_reg=0.002939586697215033 
2026-01-10 09:06:39,513 :   257/   33 dest_loss=0.050051 future_loss=0.038086 offset_loss=0.047942 kld=0.024328 cd=0.129229 en_pos=6.537607 en_neg=6.408379 pcd=True subgoal_reg=0.002702112658569353 
2026-01-10 09:06:54,813 :   263/   33 dest_loss=0.029498 future_loss=0.021194 offset_loss=0.023832 kld=0.023823 cd=0.153716 en_pos=6.610284 en_neg=6.456568 pcd=True subgoal_reg=0.002624968348327747 
2026-01-10 09:07:10,080 :   269/   33 dest_loss=0.029492 future_loss=0.021189 offset_loss=0.022800 kld=0.024217 cd=-0.263733 en_pos=6.250769 en_neg=6.514502 pcd=True subgoal_reg=0.002834017568944319 
2026-01-10 09:07:25,357 :   275/   33 dest_loss=0.036776 future_loss=0.026672 offset_loss=0.028013 kld=0.024840 cd=-0.081820 en_pos=6.494742 en_neg=6.576561 pcd=True subgoal_reg=0.0028076037956954844 
2026-01-10 09:07:40,644 :   281/   33 dest_loss=0.027620 future_loss=0.020328 offset_loss=0.021784 kld=0.024140 cd=-0.036383 en_pos=6.408770 en_neg=6.445153 pcd=True subgoal_reg=0.002523130507000664 
2026-01-10 09:07:55,942 :   287/   33 dest_loss=0.030748 future_loss=0.022354 offset_loss=0.024030 kld=0.024790 cd=0.052850 en_pos=6.490208 en_neg=6.437358 pcd=True subgoal_reg=0.002820808870344909 
2026-01-10 09:08:11,140 :   293/   33 dest_loss=0.034817 future_loss=0.025701 offset_loss=0.023990 kld=0.022981 cd=0.197033 en_pos=6.577886 en_neg=6.380852 pcd=True subgoal_reg=0.0026263659325665364 
2026-01-10 09:08:26,392 :   299/   33 dest_loss=0.031610 future_loss=0.022280 offset_loss=0.025178 kld=0.023290 cd=0.221264 en_pos=6.587432 en_neg=6.366168 pcd=True subgoal_reg=0.002769307057396843 
2026-01-10 09:08:41,683 :   305/   33 dest_loss=0.032191 future_loss=0.023585 offset_loss=0.025171 kld=0.022916 cd=0.091456 en_pos=6.482430 en_neg=6.390974 pcd=True subgoal_reg=0.002425747184262928 
2026-01-10 09:08:56,887 :   311/   33 dest_loss=0.115085 future_loss=0.080888 offset_loss=0.108857 kld=0.024137 cd=-0.176240 en_pos=6.286516 en_neg=6.462756 pcd=True subgoal_reg=0.002439502692328106 
2026-01-10 09:09:12,104 :   317/   33 dest_loss=0.034332 future_loss=0.025113 offset_loss=0.026424 kld=0.024786 cd=0.075867 en_pos=6.513543 en_neg=6.437676 pcd=True subgoal_reg=0.0027596335642397904 
2026-01-10 09:09:27,403 :   323/   33 dest_loss=0.030027 future_loss=0.021538 offset_loss=0.024494 kld=0.024138 cd=0.149538 en_pos=6.373097 en_neg=6.223559 pcd=True subgoal_reg=0.0027056207999808925 
2026-01-10 09:09:42,457 :   329/   33 dest_loss=0.040616 future_loss=0.028927 offset_loss=0.031456 kld=0.024158 cd=0.063847 en_pos=6.565715 en_neg=6.501867 pcd=True subgoal_reg=0.003128065744149572 
2026-01-10 09:09:57,677 :   335/   33 dest_loss=0.030338 future_loss=0.022081 offset_loss=0.024108 kld=0.023870 cd=-0.107030 en_pos=6.367948 en_neg=6.474979 pcd=True subgoal_reg=0.002663236777180171 
2026-01-10 09:10:12,914 :   341/   33 dest_loss=0.037586 future_loss=0.026612 offset_loss=0.029082 kld=0.023339 cd=-0.112581 en_pos=6.316622 en_neg=6.429203 pcd=True subgoal_reg=0.002923900962559807 
2026-01-10 09:10:28,282 :   347/   33 dest_loss=0.027893 future_loss=0.020127 offset_loss=0.022820 kld=0.024852 cd=-0.121505 en_pos=6.420660 en_neg=6.542165 pcd=True subgoal_reg=0.002877068517917251 
2026-01-10 09:10:43,531 :   353/   33 dest_loss=0.062425 future_loss=0.041491 offset_loss=0.048669 kld=0.023522 cd=0.068792 en_pos=6.518836 en_neg=6.450045 pcd=True subgoal_reg=0.002763465781119995 
2026-01-10 09:10:58,795 :   359/   33 dest_loss=0.025604 future_loss=0.018886 offset_loss=0.021627 kld=0.024814 cd=0.157625 en_pos=6.584402 en_neg=6.426778 pcd=True subgoal_reg=0.0029060643105229987 
2026-01-10 09:11:14,066 :   365/   33 dest_loss=0.030147 future_loss=0.022039 offset_loss=0.026085 kld=0.025695 cd=0.229061 en_pos=6.681619 en_neg=6.452558 pcd=True subgoal_reg=0.0029190157477875485 
2026-01-10 09:11:29,265 :   371/   33 dest_loss=0.027082 future_loss=0.019441 offset_loss=0.022197 kld=0.024736 cd=0.085071 en_pos=6.466156 en_neg=6.381085 pcd=True subgoal_reg=0.0028308521830568245 
2026-01-10 09:11:44,583 :   377/   33 dest_loss=0.033010 future_loss=0.024244 offset_loss=0.026676 kld=0.024910 cd=-0.190104 en_pos=6.317111 en_neg=6.507215 pcd=True subgoal_reg=0.00270130757013536 
2026-01-10 09:11:59,766 :   383/   33 dest_loss=0.032457 future_loss=0.022214 offset_loss=0.026122 kld=0.022753 cd=-0.108057 en_pos=6.410571 en_neg=6.518628 pcd=True subgoal_reg=0.0026188455717777812 
2026-01-10 09:12:14,998 :   389/   33 dest_loss=0.028334 future_loss=0.019597 offset_loss=0.023580 kld=0.022958 cd=-0.066574 en_pos=6.338435 en_neg=6.405009 pcd=True subgoal_reg=0.0028459264694921105 
2026-01-10 09:12:30,245 :   395/   33 dest_loss=0.032562 future_loss=0.023295 offset_loss=0.024991 kld=0.023529 cd=0.107906 en_pos=6.550312 en_neg=6.442405 pcd=True subgoal_reg=0.002822191415719307 
2026-01-10 09:12:45,599 :   401/   33 dest_loss=0.033989 future_loss=0.024493 offset_loss=0.026984 kld=0.024966 cd=-0.133573 en_pos=6.359984 en_neg=6.493557 pcd=True subgoal_reg=0.0027265592496330607 
2026-01-10 09:13:00,606 :   407/   33 dest_loss=0.035722 future_loss=0.025267 offset_loss=0.029564 kld=0.024696 cd=0.316261 en_pos=6.727087 en_neg=6.410826 pcd=True subgoal_reg=0.00286998801837599 
2026-01-10 09:13:15,881 :   413/   33 dest_loss=0.038360 future_loss=0.027028 offset_loss=0.028965 kld=0.024334 cd=0.132396 en_pos=6.453956 en_neg=6.321560 pcd=True subgoal_reg=0.0028446854703713872 
2026-01-10 09:13:31,119 :   419/   33 dest_loss=0.073180 future_loss=0.052929 offset_loss=0.090215 kld=0.023364 cd=-0.010887 en_pos=6.539778 en_neg=6.550665 pcd=True subgoal_reg=0.002690835583910704 
2026-01-10 09:13:46,344 :   425/   33 dest_loss=0.031289 future_loss=0.021802 offset_loss=0.026356 kld=0.023425 cd=0.068524 en_pos=6.435594 en_neg=6.367070 pcd=True subgoal_reg=0.0027553598639647346 
2026-01-10 09:14:01,648 :   431/   33 dest_loss=0.033995 future_loss=0.024276 offset_loss=0.027288 kld=0.023994 cd=0.055797 en_pos=6.509842 en_neg=6.454045 pcd=True subgoal_reg=0.0027371251721403163 
2026-01-10 09:14:16,909 :   437/   33 dest_loss=0.033917 future_loss=0.024896 offset_loss=0.023599 kld=0.023909 cd=-0.014871 en_pos=6.555392 en_neg=6.570263 pcd=True subgoal_reg=0.002996016991901197 
2026-01-10 09:14:32,228 :   443/   33 dest_loss=0.034627 future_loss=0.024567 offset_loss=0.027814 kld=0.023655 cd=0.190585 en_pos=6.499043 en_neg=6.308457 pcd=True subgoal_reg=0.0027997295226498417 
2026-01-10 09:14:47,524 :   449/   33 dest_loss=0.031003 future_loss=0.021871 offset_loss=0.026081 kld=0.024666 cd=0.013735 en_pos=6.404679 en_neg=6.390944 pcd=True subgoal_reg=0.002664203555915859 
2026-01-10 09:15:02,707 :   455/   33 dest_loss=0.028972 future_loss=0.020966 offset_loss=0.023027 kld=0.024560 cd=-0.238214 en_pos=6.266263 en_neg=6.504476 pcd=True subgoal_reg=0.002706206062818189 
2026-01-10 09:15:17,904 :   461/   33 dest_loss=0.036107 future_loss=0.025826 offset_loss=0.027605 kld=0.023644 cd=0.109983 en_pos=6.566334 en_neg=6.456351 pcd=True subgoal_reg=0.0026648130287712326 
2026-01-10 09:15:33,106 :   467/   33 dest_loss=0.028859 future_loss=0.021212 offset_loss=0.023988 kld=0.024307 cd=0.002604 en_pos=6.554129 en_neg=6.551526 pcd=True subgoal_reg=0.0029601964335241393 
2026-01-10 09:15:48,245 :   473/   33 dest_loss=0.031859 future_loss=0.022964 offset_loss=0.025448 kld=0.023186 cd=-0.182295 en_pos=6.525802 en_neg=6.708098 pcd=True subgoal_reg=0.0026990901397075644 
2026-01-10 09:16:03,454 :   479/   33 dest_loss=0.032861 future_loss=0.023448 offset_loss=0.026057 kld=0.024736 cd=-0.134033 en_pos=6.369935 en_neg=6.503968 pcd=True subgoal_reg=0.0028173173944946407 
2026-01-10 09:16:18,503 :   485/   33 dest_loss=0.067377 future_loss=0.053999 offset_loss=0.067853 kld=0.024742 cd=0.142883 en_pos=6.610040 en_neg=6.467157 pcd=True subgoal_reg=0.0030530476202704675 
2026-01-10 09:16:33,698 :   491/   33 dest_loss=0.026826 future_loss=0.019504 offset_loss=0.021798 kld=0.023612 cd=0.291868 en_pos=6.699784 en_neg=6.407917 pcd=True subgoal_reg=0.0026800793138060403 
2026-01-10 09:16:48,969 :   497/   33 dest_loss=0.035204 future_loss=0.025525 offset_loss=0.028398 kld=0.024599 cd=0.099011 en_pos=6.369199 en_neg=6.270188 pcd=True subgoal_reg=0.0027962415920775624 
2026-01-10 09:17:04,161 :   503/   33 dest_loss=0.034620 future_loss=0.024849 offset_loss=0.027466 kld=0.022825 cd=-0.174545 en_pos=6.249143 en_neg=6.423688 pcd=True subgoal_reg=0.0027355983940716075 
2026-01-10 09:17:19,440 :   509/   33 dest_loss=0.032163 future_loss=0.022567 offset_loss=0.026058 kld=0.023408 cd=0.029186 en_pos=6.532617 en_neg=6.503431 pcd=True subgoal_reg=0.002890766816302571 
2026-01-10 09:18:51,063 : Train Loss 86.92564380900276
2026-01-10 09:18:51,063 : Overall Loss 16.714248114922043
2026-01-10 09:18:51,063 : Dest Loss 22.35825270356516
2026-01-10 09:18:51,065 : Val ADE 0.12019437989341492
2026-01-10 09:18:51,065 : Val FDE 0.1417407611020578
2026-01-10 09:18:51,065 : Val Best ADE 0.11857119431940331
2026-01-10 09:18:51,065 : Val Best FDE 0.14397553785521044
2026-01-10 09:18:51,065 : ----->learning rate 1.953125e-05
2026-01-10 09:19:06,271 :     5/   34 dest_loss=0.030647 future_loss=0.022071 offset_loss=0.021619 kld=0.023178 cd=0.013835 en_pos=6.540516 en_neg=6.526681 pcd=True subgoal_reg=0.002892492853404826 
2026-01-10 09:19:21,355 :    11/   34 dest_loss=0.027807 future_loss=0.019411 offset_loss=0.022254 kld=0.023263 cd=-0.221789 en_pos=6.390108 en_neg=6.611897 pcd=True subgoal_reg=0.002883351746949883 
2026-01-10 09:19:36,377 :    17/   34 dest_loss=0.031744 future_loss=0.024469 offset_loss=0.019953 kld=0.024663 cd=0.059396 en_pos=6.726447 en_neg=6.667052 pcd=True subgoal_reg=0.0028752250893115273 
2026-01-10 09:19:51,534 :    23/   34 dest_loss=0.033127 future_loss=0.022840 offset_loss=0.027231 kld=0.023365 cd=-0.022931 en_pos=6.448533 en_neg=6.471464 pcd=True subgoal_reg=0.0026007332170836887 
2026-01-10 09:20:06,744 :    29/   34 dest_loss=0.036657 future_loss=0.026242 offset_loss=0.029074 kld=0.024882 cd=-0.148756 en_pos=6.417384 en_neg=6.566140 pcd=True subgoal_reg=0.0027030311520367307 
2026-01-10 09:20:21,920 :    35/   34 dest_loss=0.026360 future_loss=0.019717 offset_loss=0.019463 kld=0.023202 cd=-0.334089 en_pos=6.398164 en_neg=6.732252 pcd=True subgoal_reg=0.002694348707183187 
2026-01-10 09:20:37,126 :    41/   34 dest_loss=0.037782 future_loss=0.026820 offset_loss=0.029540 kld=0.023940 cd=0.188836 en_pos=6.589257 en_neg=6.400422 pcd=True subgoal_reg=0.002658464939282606 
2026-01-10 09:20:52,412 :    47/   34 dest_loss=0.031605 future_loss=0.022606 offset_loss=0.024433 kld=0.025050 cd=-0.117518 en_pos=6.387171 en_neg=6.504688 pcd=True subgoal_reg=0.0026919209161280857 
2026-01-10 09:21:07,738 :    53/   34 dest_loss=0.037328 future_loss=0.027417 offset_loss=0.028925 kld=0.025214 cd=0.064205 en_pos=6.535424 en_neg=6.471219 pcd=True subgoal_reg=0.0026938047860897377 
2026-01-10 09:21:23,035 :    59/   34 dest_loss=0.034742 future_loss=0.025432 offset_loss=0.026141 kld=0.023426 cd=0.038340 en_pos=6.468268 en_neg=6.429927 pcd=True subgoal_reg=0.002650438912385769 
2026-01-10 09:21:38,349 :    65/   34 dest_loss=0.029643 future_loss=0.021284 offset_loss=0.023901 kld=0.022748 cd=0.187778 en_pos=6.577987 en_neg=6.390209 pcd=True subgoal_reg=0.0027080839769908953 
2026-01-10 09:21:53,591 :    71/   34 dest_loss=0.031554 future_loss=0.022289 offset_loss=0.024323 kld=0.024538 cd=0.168896 en_pos=6.608267 en_neg=6.439371 pcd=True subgoal_reg=0.002798604962526724 
2026-01-10 09:22:08,846 :    77/   34 dest_loss=0.126068 future_loss=0.110885 offset_loss=0.116236 kld=0.025487 cd=0.101583 en_pos=6.565800 en_neg=6.464217 pcd=True subgoal_reg=0.0028651574823490753 
2026-01-10 09:22:24,093 :    83/   34 dest_loss=0.032598 future_loss=0.023357 offset_loss=0.024157 kld=0.024176 cd=0.152868 en_pos=6.679762 en_neg=6.526894 pcd=True subgoal_reg=0.0030932803736762535 
2026-01-10 09:22:39,514 :    89/   34 dest_loss=0.036865 future_loss=0.026751 offset_loss=0.028593 kld=0.024340 cd=-0.134268 en_pos=6.250589 en_neg=6.384858 pcd=True subgoal_reg=0.002604131089743552 
2026-01-10 09:22:54,540 :    95/   34 dest_loss=0.033620 future_loss=0.024065 offset_loss=0.026551 kld=0.024518 cd=-0.085573 en_pos=6.195094 en_neg=6.280667 pcd=True subgoal_reg=0.0028785555641574934 
2026-01-10 09:23:09,755 :   101/   34 dest_loss=0.033739 future_loss=0.024836 offset_loss=0.026082 kld=0.023824 cd=0.196965 en_pos=6.402221 en_neg=6.205256 pcd=True subgoal_reg=0.002801485155090713 
2026-01-10 09:23:25,047 :   107/   34 dest_loss=0.035599 future_loss=0.025847 offset_loss=0.028043 kld=0.023850 cd=-0.070411 en_pos=6.439805 en_neg=6.510215 pcd=True subgoal_reg=0.0028557770291868477 
2026-01-10 09:23:40,258 :   113/   34 dest_loss=0.031370 future_loss=0.022269 offset_loss=0.023936 kld=0.023037 cd=0.124236 en_pos=6.498787 en_neg=6.374551 pcd=True subgoal_reg=0.00272187779589683 
2026-01-10 09:23:55,544 :   119/   34 dest_loss=0.040138 future_loss=0.028396 offset_loss=0.032238 kld=0.023519 cd=-0.033596 en_pos=6.270647 en_neg=6.304243 pcd=True subgoal_reg=0.0026661395528813627 
2026-01-10 09:24:10,829 :   125/   34 dest_loss=0.029998 future_loss=0.020614 offset_loss=0.025664 kld=0.023298 cd=-0.125084 en_pos=6.309690 en_neg=6.434773 pcd=True subgoal_reg=0.0028206894957354687 
2026-01-10 09:24:26,095 :   131/   34 dest_loss=0.033312 future_loss=0.024046 offset_loss=0.025701 kld=0.024061 cd=-0.175611 en_pos=6.360766 en_neg=6.536377 pcd=True subgoal_reg=0.002769906649230207 
2026-01-10 09:24:41,366 :   137/   34 dest_loss=0.033681 future_loss=0.025142 offset_loss=0.026394 kld=0.024053 cd=-0.153991 en_pos=6.337575 en_neg=6.491566 pcd=True subgoal_reg=0.002730589927016174 
2026-01-10 09:24:56,607 :   143/   34 dest_loss=0.110178 future_loss=0.101508 offset_loss=0.086391 kld=0.025239 cd=-0.034105 en_pos=6.431792 en_neg=6.465897 pcd=True subgoal_reg=0.002669511748560614 
2026-01-10 09:25:11,904 :   149/   34 dest_loss=0.039944 future_loss=0.028667 offset_loss=0.030254 kld=0.023856 cd=-0.142722 en_pos=6.343256 en_neg=6.485978 pcd=True subgoal_reg=0.002673618363666518 
2026-01-10 09:25:27,077 :   155/   34 dest_loss=0.035375 future_loss=0.025022 offset_loss=0.027161 kld=0.023096 cd=-0.087192 en_pos=6.258751 en_neg=6.345943 pcd=True subgoal_reg=0.002563682301792144 
2026-01-10 09:25:42,304 :   161/   34 dest_loss=0.032307 future_loss=0.023077 offset_loss=0.025348 kld=0.024272 cd=-0.042786 en_pos=6.689546 en_neg=6.732331 pcd=True subgoal_reg=0.002920954791886055 
2026-01-10 09:25:57,642 :   167/   34 dest_loss=0.116913 future_loss=0.110979 offset_loss=0.070170 kld=0.025484 cd=-0.231124 en_pos=6.569233 en_neg=6.800357 pcd=True subgoal_reg=0.002785802062411537 
2026-01-10 09:26:12,663 :   173/   34 dest_loss=0.037465 future_loss=0.026715 offset_loss=0.030556 kld=0.024260 cd=0.068616 en_pos=6.397740 en_neg=6.329125 pcd=True subgoal_reg=0.0026945168311510656 
2026-01-10 09:26:27,986 :   179/   34 dest_loss=0.030982 future_loss=0.022288 offset_loss=0.025475 kld=0.023652 cd=0.110286 en_pos=6.453050 en_neg=6.342764 pcd=True subgoal_reg=0.00254597273238751 
2026-01-10 09:26:43,314 :   185/   34 dest_loss=0.032682 future_loss=0.020333 offset_loss=0.030328 kld=0.023612 cd=0.100789 en_pos=6.485923 en_neg=6.385135 pcd=True subgoal_reg=0.0030835619735617276 
2026-01-10 09:26:58,535 :   191/   34 dest_loss=0.038398 future_loss=0.026069 offset_loss=0.030105 kld=0.024239 cd=-0.110128 en_pos=6.386207 en_neg=6.496335 pcd=True subgoal_reg=0.002760243384721142 
2026-01-10 09:27:13,776 :   197/   34 dest_loss=0.035100 future_loss=0.024166 offset_loss=0.026847 kld=0.023760 cd=0.190045 en_pos=6.614371 en_neg=6.424326 pcd=True subgoal_reg=0.002792858499447208 
2026-01-10 09:27:28,971 :   203/   34 dest_loss=0.026885 future_loss=0.019259 offset_loss=0.022371 kld=0.023136 cd=0.072336 en_pos=6.355850 en_neg=6.283514 pcd=True subgoal_reg=0.0026361803868123605 
2026-01-10 09:27:44,196 :   209/   34 dest_loss=0.031077 future_loss=0.022942 offset_loss=0.025351 kld=0.024059 cd=-0.338646 en_pos=6.378711 en_neg=6.717357 pcd=True subgoal_reg=0.0028465786894506465 
2026-01-10 09:27:59,370 :   215/   34 dest_loss=0.032566 future_loss=0.022185 offset_loss=0.027886 kld=0.022827 cd=-0.067015 en_pos=6.371240 en_neg=6.438255 pcd=True subgoal_reg=0.002643736895534287 
2026-01-10 09:28:14,628 :   221/   34 dest_loss=0.122400 future_loss=0.100867 offset_loss=0.100844 kld=0.024809 cd=-0.144804 en_pos=6.341374 en_neg=6.486179 pcd=True subgoal_reg=0.0029637657809049632 
2026-01-10 09:28:29,837 :   227/   34 dest_loss=0.122662 future_loss=0.080047 offset_loss=0.142321 kld=0.024393 cd=0.018937 en_pos=6.592885 en_neg=6.573948 pcd=True subgoal_reg=0.002712453394346292 
2026-01-10 09:28:45,043 :   233/   34 dest_loss=0.029987 future_loss=0.021708 offset_loss=0.025056 kld=0.024010 cd=0.142799 en_pos=6.512719 en_neg=6.369920 pcd=True subgoal_reg=0.0027489975728753955 
2026-01-10 09:29:00,188 :   239/   34 dest_loss=0.067398 future_loss=0.059352 offset_loss=0.064713 kld=0.023479 cd=-0.245644 en_pos=6.254711 en_neg=6.500355 pcd=True subgoal_reg=0.0027636571108575403 
2026-01-10 09:29:15,414 :   245/   34 dest_loss=0.027756 future_loss=0.020352 offset_loss=0.022181 kld=0.024401 cd=-0.118180 en_pos=6.400427 en_neg=6.518607 pcd=True subgoal_reg=0.002755495322199734 
2026-01-10 09:29:30,347 :   251/   34 dest_loss=0.031916 future_loss=0.022522 offset_loss=0.025462 kld=0.024323 cd=0.033275 en_pos=6.420248 en_neg=6.386973 pcd=True subgoal_reg=0.002566337201631159 
2026-01-10 09:29:45,648 :   257/   34 dest_loss=0.032196 future_loss=0.022643 offset_loss=0.024620 kld=0.023298 cd=0.125408 en_pos=6.665193 en_neg=6.539785 pcd=True subgoal_reg=0.002788095858326478 
2026-01-10 09:30:00,889 :   263/   34 dest_loss=0.039122 future_loss=0.027346 offset_loss=0.030632 kld=0.024645 cd=0.162583 en_pos=6.491908 en_neg=6.329325 pcd=True subgoal_reg=0.0027849706244894934 
2026-01-10 09:30:16,104 :   269/   34 dest_loss=0.029531 future_loss=0.020923 offset_loss=0.024292 kld=0.023959 cd=-0.069935 en_pos=6.393293 en_neg=6.463228 pcd=True subgoal_reg=0.0027183687574132446 
2026-01-10 09:30:31,336 :   275/   34 dest_loss=0.032367 future_loss=0.021551 offset_loss=0.025967 kld=0.023232 cd=0.117809 en_pos=6.425260 en_neg=6.307451 pcd=True subgoal_reg=0.0028561536729127465 
2026-01-10 09:30:46,616 :   281/   34 dest_loss=0.034518 future_loss=0.023640 offset_loss=0.027434 kld=0.022958 cd=-0.136126 en_pos=6.275430 en_neg=6.411556 pcd=True subgoal_reg=0.002516811665734386 
2026-01-10 09:31:01,844 :   287/   34 dest_loss=0.034096 future_loss=0.024138 offset_loss=0.027399 kld=0.024136 cd=-0.274441 en_pos=6.297815 en_neg=6.572256 pcd=True subgoal_reg=0.0029133702734163353 
2026-01-10 09:31:17,111 :   293/   34 dest_loss=0.028380 future_loss=0.019063 offset_loss=0.022734 kld=0.024976 cd=0.261247 en_pos=6.638244 en_neg=6.376996 pcd=True subgoal_reg=0.0029951994025296845 
2026-01-10 09:31:32,410 :   299/   34 dest_loss=0.036849 future_loss=0.026111 offset_loss=0.028547 kld=0.025189 cd=-0.272146 en_pos=6.284609 en_neg=6.556755 pcd=True subgoal_reg=0.002914607365755006 
2026-01-10 09:31:47,659 :   305/   34 dest_loss=0.029115 future_loss=0.020954 offset_loss=0.023304 kld=0.024327 cd=-0.118905 en_pos=6.487659 en_neg=6.606564 pcd=True subgoal_reg=0.003015207339487653 
2026-01-10 09:32:02,880 :   311/   34 dest_loss=0.037612 future_loss=0.027114 offset_loss=0.029675 kld=0.024732 cd=0.052616 en_pos=6.482432 en_neg=6.429816 pcd=True subgoal_reg=0.0029602991214939117 
2026-01-10 09:32:18,143 :   317/   34 dest_loss=0.027307 future_loss=0.019816 offset_loss=0.021571 kld=0.023410 cd=-0.117727 en_pos=6.387456 en_neg=6.505183 pcd=True subgoal_reg=0.0026169229348890657 
2026-01-10 09:32:33,397 :   323/   34 dest_loss=0.036293 future_loss=0.025573 offset_loss=0.027721 kld=0.023144 cd=-0.177208 en_pos=6.344175 en_neg=6.521383 pcd=True subgoal_reg=0.0026530591467123143 
2026-01-10 09:32:48,491 :   329/   34 dest_loss=0.089481 future_loss=0.052480 offset_loss=0.081721 kld=0.023387 cd=-0.024500 en_pos=6.375453 en_neg=6.399953 pcd=True subgoal_reg=0.002563390642051513 
2026-01-10 09:33:03,768 :   335/   34 dest_loss=0.030831 future_loss=0.023026 offset_loss=0.024757 kld=0.025267 cd=0.089630 en_pos=6.413449 en_neg=6.323819 pcd=True subgoal_reg=0.0025712525483630845 
2026-01-10 09:33:19,024 :   341/   34 dest_loss=0.028290 future_loss=0.019874 offset_loss=0.023253 kld=0.025128 cd=-0.210270 en_pos=6.463242 en_neg=6.673512 pcd=True subgoal_reg=0.0029049212278727168 
2026-01-10 09:33:34,279 :   347/   34 dest_loss=0.033410 future_loss=0.024004 offset_loss=0.026173 kld=0.023912 cd=0.169125 en_pos=6.443216 en_neg=6.274091 pcd=True subgoal_reg=0.002552173349773355 
2026-01-10 09:33:49,577 :   353/   34 dest_loss=0.039752 future_loss=0.028581 offset_loss=0.027553 kld=0.023686 cd=0.079572 en_pos=6.481937 en_neg=6.402365 pcd=True subgoal_reg=0.0028019878097176295 
2026-01-10 09:34:04,797 :   359/   34 dest_loss=0.030957 future_loss=0.022028 offset_loss=0.026013 kld=0.024240 cd=-0.044241 en_pos=6.294677 en_neg=6.338918 pcd=True subgoal_reg=0.002749027132657501 
2026-01-10 09:34:20,084 :   365/   34 dest_loss=0.029550 future_loss=0.021699 offset_loss=0.023827 kld=0.023696 cd=-0.308247 en_pos=6.398236 en_neg=6.706483 pcd=True subgoal_reg=0.0024700022537313838 
2026-01-10 09:34:35,324 :   371/   34 dest_loss=0.031121 future_loss=0.022402 offset_loss=0.025315 kld=0.024610 cd=0.184670 en_pos=6.478477 en_neg=6.293807 pcd=True subgoal_reg=0.002904881336459807 
2026-01-10 09:34:50,824 :   377/   34 dest_loss=0.035486 future_loss=0.024834 offset_loss=0.029406 kld=0.022971 cd=0.117059 en_pos=6.376596 en_neg=6.259537 pcd=True subgoal_reg=0.002358124566628365 
2026-01-10 09:35:06,635 :   383/   34 dest_loss=0.036630 future_loss=0.028650 offset_loss=0.023521 kld=0.023349 cd=0.125051 en_pos=6.460939 en_neg=6.335888 pcd=True subgoal_reg=0.0027155203880700625 
2026-01-10 09:35:21,880 :   389/   34 dest_loss=0.027293 future_loss=0.019580 offset_loss=0.021670 kld=0.023624 cd=-0.155114 en_pos=6.267056 en_neg=6.422169 pcd=True subgoal_reg=0.002455750548322889 
2026-01-10 09:35:37,092 :   395/   34 dest_loss=0.034329 future_loss=0.025055 offset_loss=0.027043 kld=0.025498 cd=-0.272906 en_pos=6.490962 en_neg=6.763868 pcd=True subgoal_reg=0.0030833182456731843 
2026-01-10 09:35:52,338 :   401/   34 dest_loss=0.037154 future_loss=0.025087 offset_loss=0.030976 kld=0.022722 cd=-0.097707 en_pos=6.464330 en_neg=6.562037 pcd=True subgoal_reg=0.002625588967559213 
2026-01-10 09:36:07,440 :   407/   34 dest_loss=0.033300 future_loss=0.022394 offset_loss=0.027345 kld=0.023175 cd=-0.011105 en_pos=6.407608 en_neg=6.418713 pcd=True subgoal_reg=0.0029081704215474565 
2026-01-10 09:36:22,702 :   413/   34 dest_loss=0.035419 future_loss=0.024727 offset_loss=0.027224 kld=0.023784 cd=0.048499 en_pos=6.552344 en_neg=6.503846 pcd=True subgoal_reg=0.003171492801353715 
2026-01-10 09:36:37,972 :   419/   34 dest_loss=0.144340 future_loss=0.110931 offset_loss=0.125553 kld=0.024588 cd=0.015637 en_pos=6.350612 en_neg=6.334975 pcd=True subgoal_reg=0.0029116196162073844 
2026-01-10 09:36:53,207 :   425/   34 dest_loss=0.033340 future_loss=0.024133 offset_loss=0.026308 kld=0.025740 cd=0.149582 en_pos=6.620383 en_neg=6.470801 pcd=True subgoal_reg=0.0028925876928718283 
2026-01-10 09:37:08,427 :   431/   34 dest_loss=0.028128 future_loss=0.019879 offset_loss=0.023813 kld=0.023583 cd=0.152622 en_pos=6.681548 en_neg=6.528927 pcd=True subgoal_reg=0.0030158630555760435 
2026-01-10 09:37:23,671 :   437/   34 dest_loss=0.030539 future_loss=0.022479 offset_loss=0.024329 kld=0.025756 cd=0.120454 en_pos=6.664796 en_neg=6.544342 pcd=True subgoal_reg=0.0028260477648807585 
2026-01-10 09:37:38,916 :   443/   34 dest_loss=0.034551 future_loss=0.026178 offset_loss=0.022393 kld=0.023606 cd=0.216243 en_pos=6.506042 en_neg=6.289798 pcd=True subgoal_reg=0.0027034950975178837 
2026-01-10 09:37:54,117 :   449/   34 dest_loss=0.034503 future_loss=0.024145 offset_loss=0.026673 kld=0.024074 cd=0.039939 en_pos=6.396297 en_neg=6.356358 pcd=True subgoal_reg=0.002636490829347573 
2026-01-10 09:38:09,338 :   455/   34 dest_loss=0.029781 future_loss=0.021356 offset_loss=0.023130 kld=0.024088 cd=-0.127595 en_pos=6.151400 en_neg=6.278995 pcd=True subgoal_reg=0.0025666064939960072 
2026-01-10 09:38:24,661 :   461/   34 dest_loss=0.032737 future_loss=0.024077 offset_loss=0.025844 kld=0.025328 cd=0.091881 en_pos=6.617194 en_neg=6.525313 pcd=True subgoal_reg=0.0030652852815245815 
2026-01-10 09:38:39,905 :   467/   34 dest_loss=0.032405 future_loss=0.023165 offset_loss=0.026069 kld=0.023512 cd=0.094417 en_pos=6.392153 en_neg=6.297736 pcd=True subgoal_reg=0.002686874719414313 
2026-01-10 09:38:55,193 :   473/   34 dest_loss=0.031489 future_loss=0.021941 offset_loss=0.025405 kld=0.022730 cd=0.082056 en_pos=6.316578 en_neg=6.234522 pcd=True subgoal_reg=0.002601823637259727 
2026-01-10 09:39:10,403 :   479/   34 dest_loss=0.033434 future_loss=0.023580 offset_loss=0.026126 kld=0.023044 cd=0.290320 en_pos=6.562701 en_neg=6.272381 pcd=True subgoal_reg=0.002674262875778659 
2026-01-10 09:39:25,490 :   485/   34 dest_loss=0.029104 future_loss=0.020530 offset_loss=0.023013 kld=0.023314 cd=-0.068328 en_pos=6.496446 en_neg=6.564775 pcd=True subgoal_reg=0.0028346302561727188 
2026-01-10 09:39:40,706 :   491/   34 dest_loss=0.033573 future_loss=0.023292 offset_loss=0.027292 kld=0.023128 cd=-0.117712 en_pos=6.346045 en_neg=6.463757 pcd=True subgoal_reg=0.0026096289729875726 
2026-01-10 09:39:56,009 :   497/   34 dest_loss=0.031411 future_loss=0.022834 offset_loss=0.026127 kld=0.024872 cd=-0.109483 en_pos=6.369122 en_neg=6.478604 pcd=True subgoal_reg=0.0027235612754202593 
2026-01-10 09:40:11,155 :   503/   34 dest_loss=0.027435 future_loss=0.020193 offset_loss=0.023652 kld=0.024057 cd=-0.096204 en_pos=6.377096 en_neg=6.473300 pcd=True subgoal_reg=0.002503562344843028 
2026-01-10 09:40:26,281 :   509/   34 dest_loss=0.038299 future_loss=0.027830 offset_loss=0.029322 kld=0.023273 cd=-0.053013 en_pos=6.191314 en_neg=6.244327 pcd=True subgoal_reg=0.002634158668499067 
2026-01-10 09:41:57,814 : Train Loss 89.98866086309381
2026-01-10 09:41:57,814 : Overall Loss 17.500763545900195
2026-01-10 09:41:57,814 : Dest Loss 23.234273582933838
2026-01-10 09:41:57,814 : Val ADE 0.12095259650076669
2026-01-10 09:41:57,814 : Val FDE 0.1416463984698025
2026-01-10 09:41:57,815 : Val Best ADE 0.11857119431940331
2026-01-10 09:41:57,815 : Val Best FDE 0.14397553785521044
2026-01-10 09:41:57,815 : ----->learning rate 1.953125e-05
2026-01-10 09:42:12,936 :     5/   35 dest_loss=0.106297 future_loss=0.066741 offset_loss=0.121556 kld=0.025514 cd=-0.035223 en_pos=6.549437 en_neg=6.584661 pcd=True subgoal_reg=0.0029123491382173927 
2026-01-10 09:42:28,087 :    11/   35 dest_loss=0.033046 future_loss=0.023989 offset_loss=0.025759 kld=0.024578 cd=-0.322196 en_pos=6.241207 en_neg=6.563403 pcd=True subgoal_reg=0.0029749339820210365 
2026-01-10 09:42:43,087 :    17/   35 dest_loss=0.031759 future_loss=0.023460 offset_loss=0.025656 kld=0.023595 cd=0.052681 en_pos=6.397386 en_neg=6.344705 pcd=True subgoal_reg=0.0025719067480054893 
2026-01-10 09:42:58,270 :    23/   35 dest_loss=0.039922 future_loss=0.027640 offset_loss=0.030364 kld=0.024934 cd=0.245730 en_pos=6.668123 en_neg=6.422393 pcd=True subgoal_reg=0.00307634523323987 
2026-01-10 09:43:13,488 :    29/   35 dest_loss=0.029943 future_loss=0.021392 offset_loss=0.023785 kld=0.024046 cd=-0.312964 en_pos=6.136435 en_neg=6.449400 pcd=True subgoal_reg=0.0026397843359993326 
2026-01-10 09:43:28,645 :    35/   35 dest_loss=0.034602 future_loss=0.024671 offset_loss=0.027876 kld=0.024386 cd=0.049360 en_pos=6.556154 en_neg=6.506794 pcd=True subgoal_reg=0.0027337668226630743 
2026-01-10 09:43:43,838 :    41/   35 dest_loss=0.035213 future_loss=0.024759 offset_loss=0.028999 kld=0.022767 cd=-0.198710 en_pos=6.253083 en_neg=6.451793 pcd=True subgoal_reg=0.002528187805306074 
2026-01-10 09:43:59,000 :    47/   35 dest_loss=0.038353 future_loss=0.027222 offset_loss=0.029456 kld=0.023205 cd=-0.009661 en_pos=6.335268 en_neg=6.344929 pcd=True subgoal_reg=0.002603969353245617 
2026-01-10 09:44:14,174 :    53/   35 dest_loss=0.032528 future_loss=0.023217 offset_loss=0.026963 kld=0.024578 cd=-0.164144 en_pos=6.502802 en_neg=6.666946 pcd=True subgoal_reg=0.002703541121246012 
2026-01-10 09:44:29,375 :    59/   35 dest_loss=0.087689 future_loss=0.071257 offset_loss=0.102440 kld=0.024503 cd=-0.228839 en_pos=6.193635 en_neg=6.422473 pcd=True subgoal_reg=0.0029219453796530174 
2026-01-10 09:44:44,622 :    65/   35 dest_loss=0.030964 future_loss=0.021728 offset_loss=0.023668 kld=0.023506 cd=0.061889 en_pos=6.582101 en_neg=6.520212 pcd=True subgoal_reg=0.0028452489309444577 
2026-01-10 09:44:59,847 :    71/   35 dest_loss=0.162479 future_loss=0.129959 offset_loss=0.161169 kld=0.025387 cd=-0.112317 en_pos=6.351984 en_neg=6.464302 pcd=True subgoal_reg=0.00282253912986754 
2026-01-10 09:45:15,086 :    77/   35 dest_loss=0.031587 future_loss=0.022450 offset_loss=0.026226 kld=0.025229 cd=-0.149485 en_pos=6.359531 en_neg=6.509017 pcd=True subgoal_reg=0.002807139721498017 
2026-01-10 09:45:30,413 :    83/   35 dest_loss=0.093779 future_loss=0.055468 offset_loss=0.077375 kld=0.025968 cd=0.135387 en_pos=6.591054 en_neg=6.455667 pcd=True subgoal_reg=0.0030357483903713017 
2026-01-10 09:45:45,510 :    89/   35 dest_loss=0.030045 future_loss=0.022018 offset_loss=0.023687 kld=0.023141 cd=-0.044593 en_pos=6.348174 en_neg=6.392767 pcd=True subgoal_reg=0.002624194205733327 
2026-01-10 09:46:00,718 :    95/   35 dest_loss=0.031932 future_loss=0.022622 offset_loss=0.025366 kld=0.023171 cd=-0.072472 en_pos=6.337672 en_neg=6.410144 pcd=True subgoal_reg=0.002674128182082054 
2026-01-10 09:46:15,979 :   101/   35 dest_loss=0.035326 future_loss=0.025141 offset_loss=0.028408 kld=0.024877 cd=-0.047489 en_pos=6.568625 en_neg=6.616114 pcd=True subgoal_reg=0.0027538202897295135 
2026-01-10 09:46:31,224 :   107/   35 dest_loss=0.029779 future_loss=0.020930 offset_loss=0.024582 kld=0.023000 cd=0.050957 en_pos=6.501653 en_neg=6.450696 pcd=True subgoal_reg=0.0027504032526978876 
2026-01-10 09:46:46,413 :   113/   35 dest_loss=0.034148 future_loss=0.024906 offset_loss=0.027753 kld=0.023313 cd=0.124510 en_pos=6.401027 en_neg=6.276517 pcd=True subgoal_reg=0.002654565661398581 
2026-01-10 09:47:01,604 :   119/   35 dest_loss=0.032927 future_loss=0.024125 offset_loss=0.027255 kld=0.024778 cd=0.005282 en_pos=6.555709 en_neg=6.550427 pcd=True subgoal_reg=0.002890505223283128 
2026-01-10 09:47:16,964 :   125/   35 dest_loss=0.086483 future_loss=0.068120 offset_loss=0.115825 kld=0.023920 cd=-0.047474 en_pos=6.434044 en_neg=6.481518 pcd=True subgoal_reg=0.0028604335538857262 
2026-01-10 09:47:32,187 :   131/   35 dest_loss=0.099568 future_loss=0.094750 offset_loss=0.111182 kld=0.024917 cd=-0.119309 en_pos=6.349428 en_neg=6.468737 pcd=True subgoal_reg=0.0028022926901665485 
2026-01-10 09:47:47,522 :   137/   35 dest_loss=0.031971 future_loss=0.022949 offset_loss=0.024454 kld=0.024690 cd=-0.029029 en_pos=6.556163 en_neg=6.585192 pcd=True subgoal_reg=0.0027133294916088725 
2026-01-10 09:48:02,814 :   143/   35 dest_loss=0.159049 future_loss=0.103398 offset_loss=0.168431 kld=0.023434 cd=-0.057340 en_pos=6.553459 en_neg=6.610799 pcd=True subgoal_reg=0.0029128712683508997 
2026-01-10 09:48:18,114 :   149/   35 dest_loss=0.031989 future_loss=0.022422 offset_loss=0.026074 kld=0.024558 cd=0.315081 en_pos=6.596457 en_neg=6.281376 pcd=True subgoal_reg=0.0026897432255281574 
2026-01-10 09:48:33,416 :   155/   35 dest_loss=0.070332 future_loss=0.059532 offset_loss=0.055147 kld=0.024518 cd=0.135128 en_pos=6.538728 en_neg=6.403600 pcd=True subgoal_reg=0.002649427941750179 
2026-01-10 09:48:48,614 :   161/   35 dest_loss=0.033630 future_loss=0.023791 offset_loss=0.025706 kld=0.024991 cd=0.093264 en_pos=6.667447 en_neg=6.574183 pcd=True subgoal_reg=0.00303441566995619 
2026-01-10 09:49:03,670 :   167/   35 dest_loss=0.033732 future_loss=0.023929 offset_loss=0.027135 kld=0.023484 cd=0.024200 en_pos=6.538814 en_neg=6.514613 pcd=True subgoal_reg=0.003027344229541536 
2026-01-10 09:49:18,831 :   173/   35 dest_loss=0.031714 future_loss=0.022846 offset_loss=0.025242 kld=0.024742 cd=0.060996 en_pos=6.472832 en_neg=6.411836 pcd=True subgoal_reg=0.0027000510894820474 
2026-01-10 09:49:34,121 :   179/   35 dest_loss=0.132525 future_loss=0.121790 offset_loss=0.071041 kld=0.025187 cd=-0.089193 en_pos=6.369545 en_neg=6.458739 pcd=True subgoal_reg=0.002573910809608516 
2026-01-10 09:49:49,327 :   185/   35 dest_loss=0.038161 future_loss=0.026285 offset_loss=0.029633 kld=0.023217 cd=-0.324902 en_pos=6.152499 en_neg=6.477401 pcd=True subgoal_reg=0.0027264887725061064 
2026-01-10 09:50:04,557 :   191/   35 dest_loss=0.078141 future_loss=0.061529 offset_loss=0.054638 kld=0.026176 cd=0.188291 en_pos=6.537029 en_neg=6.348738 pcd=True subgoal_reg=0.0025978775072031564 
2026-01-10 09:50:19,787 :   197/   35 dest_loss=0.199099 future_loss=0.117517 offset_loss=0.194928 kld=0.025337 cd=-0.315709 en_pos=6.393006 en_neg=6.708714 pcd=True subgoal_reg=0.0029588354134978553 
2026-01-10 09:50:34,988 :   203/   35 dest_loss=0.077619 future_loss=0.047774 offset_loss=0.076319 kld=0.025149 cd=0.203056 en_pos=6.384786 en_neg=6.181729 pcd=True subgoal_reg=0.00277944686080584 
2026-01-10 09:50:50,194 :   209/   35 dest_loss=0.032067 future_loss=0.022326 offset_loss=0.025307 kld=0.025429 cd=0.004308 en_pos=6.619350 en_neg=6.615042 pcd=True subgoal_reg=0.00322864101446467 
2026-01-10 09:51:05,427 :   215/   35 dest_loss=0.075198 future_loss=0.064761 offset_loss=0.080048 kld=0.021722 cd=-0.060385 en_pos=6.461951 en_neg=6.522336 pcd=True subgoal_reg=0.0026079634859668688 
2026-01-10 09:51:20,587 :   221/   35 dest_loss=0.035030 future_loss=0.024784 offset_loss=0.026323 kld=0.023102 cd=-0.031914 en_pos=6.244997 en_neg=6.276911 pcd=True subgoal_reg=0.002770068549369626 
2026-01-10 09:51:35,810 :   227/   35 dest_loss=0.033391 future_loss=0.021372 offset_loss=0.029501 kld=0.023005 cd=-0.122785 en_pos=6.318806 en_neg=6.441591 pcd=True subgoal_reg=0.002531868597217007 
2026-01-10 09:51:51,046 :   233/   35 dest_loss=0.037827 future_loss=0.028473 offset_loss=0.029987 kld=0.023797 cd=-0.037858 en_pos=6.459361 en_neg=6.497220 pcd=True subgoal_reg=0.0026731567317439054 
2026-01-10 09:52:06,205 :   239/   35 dest_loss=0.034930 future_loss=0.025835 offset_loss=0.027965 kld=0.025226 cd=-0.080076 en_pos=6.290419 en_neg=6.370495 pcd=True subgoal_reg=0.0026304824072811983 
2026-01-10 09:52:21,206 :   245/   35 dest_loss=0.033117 future_loss=0.024218 offset_loss=0.025887 kld=0.024661 cd=-0.237691 en_pos=6.414258 en_neg=6.651949 pcd=True subgoal_reg=0.00264698237544019 
2026-01-10 09:52:36,403 :   251/   35 dest_loss=0.029774 future_loss=0.021210 offset_loss=0.023909 kld=0.023173 cd=-0.107623 en_pos=6.395802 en_neg=6.503425 pcd=True subgoal_reg=0.002669491505529339 
2026-01-10 09:52:51,648 :   257/   35 dest_loss=0.034552 future_loss=0.025235 offset_loss=0.026807 kld=0.023535 cd=0.249045 en_pos=6.445586 en_neg=6.196541 pcd=True subgoal_reg=0.0023425454848093412 
2026-01-10 09:53:06,764 :   263/   35 dest_loss=0.029174 future_loss=0.020581 offset_loss=0.023274 kld=0.024122 cd=0.102848 en_pos=6.395088 en_neg=6.292241 pcd=True subgoal_reg=0.0028995600996191344 
2026-01-10 09:53:21,963 :   269/   35 dest_loss=0.031725 future_loss=0.021329 offset_loss=0.028731 kld=0.023194 cd=0.139723 en_pos=6.510331 en_neg=6.370608 pcd=True subgoal_reg=0.002614629948136295 
2026-01-10 09:53:37,134 :   275/   35 dest_loss=0.031942 future_loss=0.020955 offset_loss=0.029446 kld=0.024146 cd=-0.067986 en_pos=6.501211 en_neg=6.569197 pcd=True subgoal_reg=0.0029771835861587314 
2026-01-10 09:53:52,278 :   281/   35 dest_loss=0.035060 future_loss=0.025341 offset_loss=0.026930 kld=0.024593 cd=-0.154780 en_pos=6.315314 en_neg=6.470094 pcd=True subgoal_reg=0.0026843175418209578 
2026-01-10 09:54:07,498 :   287/   35 dest_loss=0.033688 future_loss=0.024034 offset_loss=0.025398 kld=0.023364 cd=-0.141007 en_pos=6.472259 en_neg=6.613266 pcd=True subgoal_reg=0.002716060843270334 
2026-01-10 09:54:22,764 :   293/   35 dest_loss=0.033323 future_loss=0.025369 offset_loss=0.022343 kld=0.024205 cd=-0.067015 en_pos=6.427853 en_neg=6.494868 pcd=True subgoal_reg=0.0029062423790015184 
2026-01-10 09:54:37,993 :   299/   35 dest_loss=0.142850 future_loss=0.096650 offset_loss=0.102558 kld=0.026466 cd=-0.223506 en_pos=6.386806 en_neg=6.610312 pcd=True subgoal_reg=0.0028978950631051697 
2026-01-10 09:54:53,233 :   305/   35 dest_loss=0.034052 future_loss=0.023476 offset_loss=0.026875 kld=0.023449 cd=0.173960 en_pos=6.540195 en_neg=6.366235 pcd=True subgoal_reg=0.003239379745298915 
2026-01-10 09:55:08,463 :   311/   35 dest_loss=0.120752 future_loss=0.084612 offset_loss=0.133990 kld=0.022470 cd=0.100648 en_pos=6.561326 en_neg=6.460678 pcd=True subgoal_reg=0.0029195944936172696 
2026-01-10 09:55:23,694 :   317/   35 dest_loss=0.024222 future_loss=0.017361 offset_loss=0.020647 kld=0.022847 cd=-0.021693 en_pos=6.367155 en_neg=6.388849 pcd=True subgoal_reg=0.0024927352655273877 
2026-01-10 09:55:38,783 :   323/   35 dest_loss=0.137153 future_loss=0.104551 offset_loss=0.106303 kld=0.025589 cd=-0.051603 en_pos=6.377299 en_neg=6.428902 pcd=True subgoal_reg=0.002651833485259358 
2026-01-10 09:55:54,070 :   329/   35 dest_loss=0.028499 future_loss=0.020791 offset_loss=0.023318 kld=0.023839 cd=0.045620 en_pos=6.438109 en_neg=6.392489 pcd=True subgoal_reg=0.0025942399816386566 
2026-01-10 09:56:09,320 :   335/   35 dest_loss=0.035608 future_loss=0.026159 offset_loss=0.026086 kld=0.024484 cd=-0.136495 en_pos=6.396994 en_neg=6.533489 pcd=True subgoal_reg=0.002546448534152928 
2026-01-10 09:56:24,544 :   341/   35 dest_loss=0.033714 future_loss=0.024296 offset_loss=0.025050 kld=0.023273 cd=-0.148498 en_pos=6.495092 en_neg=6.643590 pcd=True subgoal_reg=0.002670806029111984 
2026-01-10 09:56:39,896 :   347/   35 dest_loss=0.041387 future_loss=0.029690 offset_loss=0.031770 kld=0.025384 cd=-0.234407 en_pos=6.445422 en_neg=6.679830 pcd=True subgoal_reg=0.0028738753811680725 
2026-01-10 09:56:55,246 :   353/   35 dest_loss=0.025698 future_loss=0.019372 offset_loss=0.020518 kld=0.023844 cd=0.015620 en_pos=6.416431 en_neg=6.400811 pcd=True subgoal_reg=0.0023740871806813726 
2026-01-10 09:57:10,463 :   359/   35 dest_loss=0.029915 future_loss=0.021582 offset_loss=0.023522 kld=0.022970 cd=-0.150202 en_pos=6.338476 en_neg=6.488677 pcd=True subgoal_reg=0.0024401539294675208 
2026-01-10 09:57:25,721 :   365/   35 dest_loss=0.030657 future_loss=0.021362 offset_loss=0.024824 kld=0.023371 cd=0.074292 en_pos=6.589871 en_neg=6.515578 pcd=True subgoal_reg=0.0028258025079601085 
2026-01-10 09:57:40,919 :   371/   35 dest_loss=0.032009 future_loss=0.023772 offset_loss=0.025094 kld=0.024657 cd=-0.011327 en_pos=6.451302 en_neg=6.462629 pcd=True subgoal_reg=0.002650900151563031 
2026-01-10 09:57:56,193 :   377/   35 dest_loss=0.033812 future_loss=0.024604 offset_loss=0.024424 kld=0.023611 cd=-0.192101 en_pos=6.436293 en_neg=6.628394 pcd=True subgoal_reg=0.002877157205216884 
2026-01-10 09:58:11,426 :   383/   35 dest_loss=0.036592 future_loss=0.026137 offset_loss=0.028491 kld=0.024293 cd=-0.206036 en_pos=6.313234 en_neg=6.519270 pcd=True subgoal_reg=0.002757173081915043 
2026-01-10 09:58:26,594 :   389/   35 dest_loss=0.031363 future_loss=0.022934 offset_loss=0.023089 kld=0.023152 cd=-0.014275 en_pos=6.328398 en_neg=6.342674 pcd=True subgoal_reg=0.0024744586356430943 
2026-01-10 09:58:41,854 :   395/   35 dest_loss=0.030259 future_loss=0.022170 offset_loss=0.023573 kld=0.023863 cd=-0.155212 en_pos=6.344168 en_neg=6.499380 pcd=True subgoal_reg=0.002660383270581884 
2026-01-10 09:58:56,978 :   401/   35 dest_loss=0.025169 future_loss=0.018263 offset_loss=0.021005 kld=0.022769 cd=-0.352274 en_pos=6.126517 en_neg=6.478791 pcd=True subgoal_reg=0.0024848058280875188 
2026-01-10 09:59:12,228 :   407/   35 dest_loss=0.031064 future_loss=0.020926 offset_loss=0.028238 kld=0.023306 cd=-0.045046 en_pos=6.301317 en_neg=6.346363 pcd=True subgoal_reg=0.0027843519562599115 
2026-01-10 09:59:27,458 :   413/   35 dest_loss=0.180731 future_loss=0.134169 offset_loss=0.200911 kld=0.024314 cd=-0.281881 en_pos=6.462795 en_neg=6.744676 pcd=True subgoal_reg=0.0031203375761992454 
2026-01-10 09:59:42,745 :   419/   35 dest_loss=0.030603 future_loss=0.022840 offset_loss=0.023785 kld=0.024153 cd=-0.199090 en_pos=6.332043 en_neg=6.531133 pcd=True subgoal_reg=0.0028038868935793123 
2026-01-10 09:59:58,040 :   425/   35 dest_loss=0.033343 future_loss=0.024146 offset_loss=0.024109 kld=0.023135 cd=-0.021383 en_pos=6.411090 en_neg=6.432473 pcd=True subgoal_reg=0.0027907163230250775 
2026-01-10 10:00:13,276 :   431/   35 dest_loss=0.037016 future_loss=0.027265 offset_loss=0.028283 kld=0.023962 cd=-0.298730 en_pos=6.338653 en_neg=6.637383 pcd=True subgoal_reg=0.0027594727728076918 
2026-01-10 10:00:28,488 :   437/   35 dest_loss=0.033943 future_loss=0.024104 offset_loss=0.027438 kld=0.023433 cd=0.090228 en_pos=6.464970 en_neg=6.374741 pcd=True subgoal_reg=0.0029930627904498053 
2026-01-10 10:00:43,750 :   443/   35 dest_loss=0.031351 future_loss=0.021781 offset_loss=0.025315 kld=0.023762 cd=-0.079195 en_pos=6.453027 en_neg=6.532222 pcd=True subgoal_reg=0.002995869240767855 
2026-01-10 10:00:58,959 :   449/   35 dest_loss=0.034578 future_loss=0.022357 offset_loss=0.030839 kld=0.023726 cd=-0.072608 en_pos=6.473489 en_neg=6.546097 pcd=True subgoal_reg=0.002734038991049741 
2026-01-10 10:01:14,254 :   455/   35 dest_loss=0.030679 future_loss=0.021349 offset_loss=0.026889 kld=0.023268 cd=-0.003488 en_pos=6.409913 en_neg=6.413402 pcd=True subgoal_reg=0.002584376269587106 
2026-01-10 10:01:29,521 :   461/   35 dest_loss=0.040947 future_loss=0.029459 offset_loss=0.030908 kld=0.024201 cd=0.030496 en_pos=6.486670 en_neg=6.456175 pcd=True subgoal_reg=0.0028461705725297496 
2026-01-10 10:01:44,633 :   467/   35 dest_loss=0.026531 future_loss=0.020417 offset_loss=0.020667 kld=0.024023 cd=-0.001594 en_pos=6.426375 en_neg=6.427968 pcd=True subgoal_reg=0.0027221223814790935 
2026-01-10 10:01:59,773 :   473/   35 dest_loss=0.030299 future_loss=0.021653 offset_loss=0.023104 kld=0.023540 cd=-0.075444 en_pos=6.532155 en_neg=6.607599 pcd=True subgoal_reg=0.0024462733956840395 
2026-01-10 10:02:14,828 :   479/   35 dest_loss=0.041162 future_loss=0.031077 offset_loss=0.026011 kld=0.023797 cd=-0.095146 en_pos=6.533610 en_neg=6.628756 pcd=True subgoal_reg=0.0027239686373157898 
2026-01-10 10:02:30,026 :   485/   35 dest_loss=0.120684 future_loss=0.104534 offset_loss=0.119683 kld=0.025381 cd=0.089258 en_pos=6.499803 en_neg=6.410545 pcd=True subgoal_reg=0.0030556998607718833 
2026-01-10 10:02:45,326 :   491/   35 dest_loss=0.150698 future_loss=0.108334 offset_loss=0.179103 kld=0.024959 cd=-0.061490 en_pos=6.449986 en_neg=6.511476 pcd=True subgoal_reg=0.002983309226910099 
2026-01-10 10:03:00,560 :   497/   35 dest_loss=0.029300 future_loss=0.020574 offset_loss=0.023906 kld=0.023381 cd=0.251848 en_pos=6.572507 en_neg=6.320659 pcd=True subgoal_reg=0.00268342153162249 
2026-01-10 10:03:15,748 :   503/   35 dest_loss=0.034453 future_loss=0.024327 offset_loss=0.026113 kld=0.024336 cd=0.135264 en_pos=6.513435 en_neg=6.378171 pcd=True subgoal_reg=0.0028545661619486474 
2026-01-10 10:03:31,021 :   509/   35 dest_loss=0.026730 future_loss=0.019605 offset_loss=0.022001 kld=0.024518 cd=-0.183719 en_pos=6.386776 en_neg=6.570495 pcd=True subgoal_reg=0.0027999644805172356 
2026-01-10 10:05:02,659 : Train Loss 88.33913463197136
2026-01-10 10:05:02,659 : Overall Loss 17.78673418026136
2026-01-10 10:05:02,659 : Dest Loss 23.94609018548387
2026-01-10 10:05:02,659 : Val ADE 0.11947318895603933
2026-01-10 10:05:02,659 : Val FDE 0.14171962857128742
2026-01-10 10:05:02,660 : Val Best ADE 0.11857119431940331
2026-01-10 10:05:02,660 : Val Best FDE 0.14397553785521044
2026-01-10 10:05:02,660 : ----->learning rate 1.953125e-05
2026-01-10 10:05:17,942 :     5/   36 dest_loss=0.030135 future_loss=0.021282 offset_loss=0.023331 kld=0.023405 cd=-0.101152 en_pos=6.550515 en_neg=6.651666 pcd=True subgoal_reg=0.0027067055510303557 
2026-01-10 10:05:33,105 :    11/   36 dest_loss=0.032117 future_loss=0.022951 offset_loss=0.025134 kld=0.023342 cd=0.057141 en_pos=6.440105 en_neg=6.382964 pcd=True subgoal_reg=0.0027306557823557768 
2026-01-10 10:05:48,294 :    17/   36 dest_loss=0.127982 future_loss=0.102226 offset_loss=0.095194 kld=0.025258 cd=-0.041078 en_pos=6.672544 en_neg=6.713622 pcd=True subgoal_reg=0.0028174123235925803 
2026-01-10 10:06:03,280 :    23/   36 dest_loss=0.033990 future_loss=0.024218 offset_loss=0.026931 kld=0.023080 cd=-0.300027 en_pos=6.317270 en_neg=6.617297 pcd=True subgoal_reg=0.0025948239994359958 
2026-01-10 10:06:18,591 :    29/   36 dest_loss=0.038845 future_loss=0.027600 offset_loss=0.029116 kld=0.024487 cd=0.044345 en_pos=6.510668 en_neg=6.466324 pcd=True subgoal_reg=0.00277699248769634 
2026-01-10 10:06:33,760 :    35/   36 dest_loss=0.034940 future_loss=0.024512 offset_loss=0.027191 kld=0.024004 cd=0.131243 en_pos=6.563389 en_neg=6.432146 pcd=True subgoal_reg=0.002918581565630466 
2026-01-10 10:06:48,990 :    41/   36 dest_loss=0.029169 future_loss=0.020913 offset_loss=0.023448 kld=0.023362 cd=-0.034676 en_pos=6.415523 en_neg=6.450200 pcd=True subgoal_reg=0.0025667779588886934 
2026-01-10 10:07:04,168 :    47/   36 dest_loss=0.033551 future_loss=0.023396 offset_loss=0.026280 kld=0.023165 cd=-0.108273 en_pos=6.610176 en_neg=6.718450 pcd=True subgoal_reg=0.002735030947528606 
2026-01-10 10:07:19,404 :    53/   36 dest_loss=0.031188 future_loss=0.022236 offset_loss=0.025133 kld=0.023680 cd=-0.412888 en_pos=6.142814 en_neg=6.555702 pcd=True subgoal_reg=0.002667326164070626 
2026-01-10 10:07:34,662 :    59/   36 dest_loss=0.088597 future_loss=0.059455 offset_loss=0.093853 kld=0.023683 cd=0.083553 en_pos=6.468542 en_neg=6.384989 pcd=True subgoal_reg=0.0030272701200528577 
2026-01-10 10:07:49,946 :    65/   36 dest_loss=0.030637 future_loss=0.021580 offset_loss=0.024111 kld=0.024913 cd=0.046175 en_pos=6.271949 en_neg=6.225774 pcd=True subgoal_reg=0.0028690994414240847 
2026-01-10 10:08:05,284 :    71/   36 dest_loss=0.032827 future_loss=0.023254 offset_loss=0.025969 kld=0.023327 cd=0.325022 en_pos=6.668867 en_neg=6.343846 pcd=True subgoal_reg=0.0027399362372181055 
2026-01-10 10:08:20,604 :    77/   36 dest_loss=0.029792 future_loss=0.021619 offset_loss=0.024297 kld=0.024292 cd=-0.217469 en_pos=6.278135 en_neg=6.495604 pcd=True subgoal_reg=0.0026923863815110425 
2026-01-10 10:08:35,943 :    83/   36 dest_loss=0.028317 future_loss=0.019164 offset_loss=0.023852 kld=0.023771 cd=0.054274 en_pos=6.581461 en_neg=6.527188 pcd=True subgoal_reg=0.0033589586690799325 
2026-01-10 10:08:51,266 :    89/   36 dest_loss=0.029443 future_loss=0.021238 offset_loss=0.023290 kld=0.024670 cd=-0.267894 en_pos=6.388132 en_neg=6.656026 pcd=True subgoal_reg=0.002775125224770501 
2026-01-10 10:09:06,324 :    95/   36 dest_loss=0.033022 future_loss=0.023292 offset_loss=0.025893 kld=0.023197 cd=0.123105 en_pos=6.490394 en_neg=6.367290 pcd=True subgoal_reg=0.0028364797261103717 
2026-01-10 10:09:21,641 :   101/   36 dest_loss=0.031473 future_loss=0.023547 offset_loss=0.024175 kld=0.024339 cd=0.112033 en_pos=6.481920 en_neg=6.369887 pcd=True subgoal_reg=0.002653676919707118 
2026-01-10 10:09:36,919 :   107/   36 dest_loss=0.033128 future_loss=0.023203 offset_loss=0.026342 kld=0.023263 cd=0.128681 en_pos=6.557926 en_neg=6.429245 pcd=True subgoal_reg=0.0028776313581290215 
2026-01-10 10:09:52,162 :   113/   36 dest_loss=0.033425 future_loss=0.024044 offset_loss=0.026375 kld=0.024670 cd=-0.146520 en_pos=6.373065 en_neg=6.519585 pcd=True subgoal_reg=0.002791582924029268 
2026-01-10 10:10:07,530 :   119/   36 dest_loss=0.027444 future_loss=0.018527 offset_loss=0.023207 kld=0.023105 cd=-0.021418 en_pos=6.308124 en_neg=6.329542 pcd=True subgoal_reg=0.002606135370478667 
2026-01-10 10:10:22,721 :   125/   36 dest_loss=0.025780 future_loss=0.018597 offset_loss=0.021143 kld=0.023903 cd=-0.097573 en_pos=6.395757 en_neg=6.493331 pcd=True subgoal_reg=0.002680986914638173 
2026-01-10 10:10:37,898 :   131/   36 dest_loss=0.106720 future_loss=0.095371 offset_loss=0.069150 kld=0.025221 cd=0.180761 en_pos=6.431500 en_neg=6.250739 pcd=True subgoal_reg=0.003049842857040451 
2026-01-10 10:10:53,128 :   137/   36 dest_loss=0.029642 future_loss=0.021030 offset_loss=0.024269 kld=0.024570 cd=0.165447 en_pos=6.484669 en_neg=6.319223 pcd=True subgoal_reg=0.0027226383450346665 
2026-01-10 10:11:08,325 :   143/   36 dest_loss=0.030747 future_loss=0.022305 offset_loss=0.026107 kld=0.023600 cd=0.008343 en_pos=6.454381 en_neg=6.446039 pcd=True subgoal_reg=0.0027329331277758345 
2026-01-10 10:11:23,526 :   149/   36 dest_loss=0.034110 future_loss=0.024410 offset_loss=0.025783 kld=0.023438 cd=-0.047453 en_pos=6.128841 en_neg=6.176294 pcd=True subgoal_reg=0.0025103502362724445 
2026-01-10 10:11:38,744 :   155/   36 dest_loss=0.032576 future_loss=0.022506 offset_loss=0.026922 kld=0.022990 cd=-0.119358 en_pos=6.324711 en_neg=6.444069 pcd=True subgoal_reg=0.0027111690842297094 
2026-01-10 10:11:54,008 :   161/   36 dest_loss=0.035938 future_loss=0.025960 offset_loss=0.027436 kld=0.024101 cd=0.021958 en_pos=6.285693 en_neg=6.263735 pcd=True subgoal_reg=0.0027675959819125394 
2026-01-10 10:12:09,171 :   167/   36 dest_loss=0.034712 future_loss=0.025716 offset_loss=0.029214 kld=0.024983 cd=-0.394006 en_pos=6.219013 en_neg=6.613019 pcd=True subgoal_reg=0.002680289217064363 
2026-01-10 10:12:24,210 :   173/   36 dest_loss=0.029048 future_loss=0.021489 offset_loss=0.024280 kld=0.024709 cd=0.078619 en_pos=6.453800 en_neg=6.375182 pcd=True subgoal_reg=0.0031000500399429574 
2026-01-10 10:12:39,398 :   179/   36 dest_loss=0.037092 future_loss=0.026183 offset_loss=0.029039 kld=0.023131 cd=-0.067953 en_pos=6.239081 en_neg=6.307034 pcd=True subgoal_reg=0.0027409740334369058 
2026-01-10 10:12:54,701 :   185/   36 dest_loss=0.033201 future_loss=0.024304 offset_loss=0.025908 kld=0.024083 cd=-0.005022 en_pos=6.433279 en_neg=6.438301 pcd=True subgoal_reg=0.0028168568777653894 
2026-01-10 10:13:09,979 :   191/   36 dest_loss=0.033853 future_loss=0.024737 offset_loss=0.025271 kld=0.023046 cd=0.045940 en_pos=6.441267 en_neg=6.395327 pcd=True subgoal_reg=0.002689472886713435 
2026-01-10 10:13:25,195 :   197/   36 dest_loss=0.029834 future_loss=0.021473 offset_loss=0.024283 kld=0.023364 cd=-0.005117 en_pos=6.380853 en_neg=6.385971 pcd=True subgoal_reg=0.00273747291013672 
2026-01-10 10:13:40,406 :   203/   36 dest_loss=0.146283 future_loss=0.094046 offset_loss=0.104933 kld=0.025284 cd=0.022994 en_pos=6.312373 en_neg=6.289379 pcd=True subgoal_reg=0.0027986177572201796 
2026-01-10 10:13:55,614 :   209/   36 dest_loss=0.108988 future_loss=0.070790 offset_loss=0.123649 kld=0.024372 cd=0.151518 en_pos=6.512219 en_neg=6.360701 pcd=True subgoal_reg=0.002693053994642277 
2026-01-10 10:14:10,800 :   215/   36 dest_loss=0.031399 future_loss=0.021411 offset_loss=0.024966 kld=0.023324 cd=-0.095203 en_pos=6.412897 en_neg=6.508100 pcd=True subgoal_reg=0.0026919953510048645 
2026-01-10 10:14:25,948 :   221/   36 dest_loss=0.068309 future_loss=0.055297 offset_loss=0.063360 kld=0.022148 cd=0.112456 en_pos=6.586277 en_neg=6.473822 pcd=True subgoal_reg=0.0027248571228277417 
2026-01-10 10:14:41,123 :   227/   36 dest_loss=0.031199 future_loss=0.022171 offset_loss=0.025382 kld=0.023127 cd=-0.078539 en_pos=6.412495 en_neg=6.491033 pcd=True subgoal_reg=0.0025858749432223233 
2026-01-10 10:14:56,329 :   233/   36 dest_loss=0.033545 future_loss=0.023128 offset_loss=0.026885 kld=0.023424 cd=0.034135 en_pos=6.515934 en_neg=6.481799 pcd=True subgoal_reg=0.002897616523438666 
2026-01-10 10:15:11,506 :   239/   36 dest_loss=0.037925 future_loss=0.026893 offset_loss=0.029426 kld=0.023067 cd=-0.014276 en_pos=6.302714 en_neg=6.316990 pcd=True subgoal_reg=0.0024837022662410543 
2026-01-10 10:15:26,766 :   245/   36 dest_loss=0.035111 future_loss=0.026894 offset_loss=0.021537 kld=0.023318 cd=0.006544 en_pos=6.534343 en_neg=6.527798 pcd=True subgoal_reg=0.0026036101867011373 
2026-01-10 10:15:41,809 :   251/   36 dest_loss=0.028531 future_loss=0.020073 offset_loss=0.022298 kld=0.025276 cd=0.042065 en_pos=6.449070 en_neg=6.407005 pcd=True subgoal_reg=0.0029312169925252204 
2026-01-10 10:15:57,052 :   257/   36 dest_loss=0.034474 future_loss=0.025268 offset_loss=0.027093 kld=0.024714 cd=-0.168938 en_pos=6.301437 en_neg=6.470374 pcd=True subgoal_reg=0.0027820671348128966 
2026-01-10 10:16:12,329 :   263/   36 dest_loss=0.033687 future_loss=0.024126 offset_loss=0.026332 kld=0.024380 cd=-0.189640 en_pos=6.342943 en_neg=6.532583 pcd=True subgoal_reg=0.002705486224043447 
2026-01-10 10:16:27,516 :   269/   36 dest_loss=0.033216 future_loss=0.023974 offset_loss=0.026150 kld=0.023398 cd=0.032111 en_pos=6.473371 en_neg=6.441260 pcd=True subgoal_reg=0.0027753015730613466 
2026-01-10 10:16:42,746 :   275/   36 dest_loss=0.037425 future_loss=0.026638 offset_loss=0.029609 kld=0.024379 cd=0.040117 en_pos=6.572765 en_neg=6.532648 pcd=True subgoal_reg=0.002833291127756714 
2026-01-10 10:16:57,959 :   281/   36 dest_loss=0.034084 future_loss=0.023978 offset_loss=0.027224 kld=0.023611 cd=0.003966 en_pos=6.497202 en_neg=6.493236 pcd=True subgoal_reg=0.002562219906445181 
2026-01-10 10:17:13,156 :   287/   36 dest_loss=0.155545 future_loss=0.097442 offset_loss=0.161262 kld=0.023630 cd=0.124040 en_pos=6.413680 en_neg=6.289640 pcd=True subgoal_reg=0.0027069580829810523 
2026-01-10 10:17:28,451 :   293/   36 dest_loss=0.092008 future_loss=0.055230 offset_loss=0.081133 kld=0.025768 cd=-0.045534 en_pos=6.521321 en_neg=6.566855 pcd=True subgoal_reg=0.0028058178034364454 
2026-01-10 10:17:43,713 :   299/   36 dest_loss=0.029381 future_loss=0.022135 offset_loss=0.023916 kld=0.023946 cd=0.059766 en_pos=6.286067 en_neg=6.226301 pcd=True subgoal_reg=0.0026513005951037047 
2026-01-10 10:17:58,915 :   305/   36 dest_loss=0.028725 future_loss=0.021335 offset_loss=0.023019 kld=0.024142 cd=0.027183 en_pos=6.346882 en_neg=6.319699 pcd=True subgoal_reg=0.0028128050054885625 
2026-01-10 10:18:14,123 :   311/   36 dest_loss=0.035456 future_loss=0.022694 offset_loss=0.030965 kld=0.023756 cd=0.171048 en_pos=6.532468 en_neg=6.361420 pcd=True subgoal_reg=0.0030172002063853717 
2026-01-10 10:18:29,299 :   317/   36 dest_loss=0.083249 future_loss=0.060299 offset_loss=0.093964 kld=0.023474 cd=0.023120 en_pos=6.491744 en_neg=6.468624 pcd=True subgoal_reg=0.0027262684392044094 
2026-01-10 10:18:44,521 :   323/   36 dest_loss=0.116015 future_loss=0.127963 offset_loss=0.074113 kld=0.025523 cd=0.020426 en_pos=6.571167 en_neg=6.550741 pcd=True subgoal_reg=0.0029771953836880685 
2026-01-10 10:18:59,574 :   329/   36 dest_loss=0.031315 future_loss=0.022618 offset_loss=0.023856 kld=0.023373 cd=0.116204 en_pos=6.569557 en_neg=6.453353 pcd=True subgoal_reg=0.0027153784475596274 
2026-01-10 10:19:14,776 :   335/   36 dest_loss=0.031534 future_loss=0.022532 offset_loss=0.024077 kld=0.024102 cd=-0.072483 en_pos=6.469654 en_neg=6.542137 pcd=True subgoal_reg=0.002884151205255655 
2026-01-10 10:19:29,987 :   341/   36 dest_loss=0.031214 future_loss=0.023468 offset_loss=0.024847 kld=0.024567 cd=0.117264 en_pos=6.635394 en_neg=6.518130 pcd=True subgoal_reg=0.0027879016782463547 
2026-01-10 10:19:45,363 :   347/   36 dest_loss=0.030051 future_loss=0.021259 offset_loss=0.023660 kld=0.024021 cd=-0.170881 en_pos=6.309938 en_neg=6.480819 pcd=True subgoal_reg=0.00264964996158634 
2026-01-10 10:20:00,582 :   353/   36 dest_loss=0.043136 future_loss=0.030203 offset_loss=0.044392 kld=0.023239 cd=-0.016625 en_pos=6.404684 en_neg=6.421309 pcd=True subgoal_reg=0.0025267383178751972 
2026-01-10 10:20:15,830 :   359/   36 dest_loss=0.032612 future_loss=0.022552 offset_loss=0.025944 kld=0.025039 cd=0.053660 en_pos=6.631504 en_neg=6.577844 pcd=True subgoal_reg=0.0029837114551573736 
2026-01-10 10:20:31,045 :   365/   36 dest_loss=0.033727 future_loss=0.026250 offset_loss=0.022318 kld=0.023883 cd=0.125101 en_pos=6.596512 en_neg=6.471411 pcd=True subgoal_reg=0.0024782679924998507 
2026-01-10 10:20:46,221 :   371/   36 dest_loss=0.029785 future_loss=0.021983 offset_loss=0.023754 kld=0.023342 cd=0.063045 en_pos=6.654784 en_neg=6.591739 pcd=True subgoal_reg=0.0029006157049769783 
2026-01-10 10:21:01,394 :   377/   36 dest_loss=0.032932 future_loss=0.022036 offset_loss=0.025274 kld=0.023783 cd=0.185841 en_pos=6.549342 en_neg=6.363500 pcd=True subgoal_reg=0.0030854168763872697 
2026-01-10 10:21:16,687 :   383/   36 dest_loss=0.061284 future_loss=0.042998 offset_loss=0.047248 kld=0.023333 cd=-0.113861 en_pos=6.450535 en_neg=6.564396 pcd=True subgoal_reg=0.0028419378809620022 
2026-01-10 10:21:31,942 :   389/   36 dest_loss=0.032733 future_loss=0.024452 offset_loss=0.026404 kld=0.024218 cd=0.091323 en_pos=6.259282 en_neg=6.167959 pcd=True subgoal_reg=0.0024733358246506296 
2026-01-10 10:21:47,204 :   395/   36 dest_loss=0.033592 future_loss=0.023823 offset_loss=0.025463 kld=0.024164 cd=0.293801 en_pos=6.545518 en_neg=6.251717 pcd=True subgoal_reg=0.002513131007338812 
2026-01-10 10:22:02,399 :   401/   36 dest_loss=0.061969 future_loss=0.046080 offset_loss=0.047508 kld=0.024657 cd=0.107668 en_pos=6.543807 en_neg=6.436139 pcd=True subgoal_reg=0.0030464668177931885 
2026-01-10 10:22:17,424 :   407/   36 dest_loss=0.169243 future_loss=0.115390 offset_loss=0.146371 kld=0.023392 cd=-0.354290 en_pos=6.371435 en_neg=6.725725 pcd=True subgoal_reg=0.002785877330239611 
2026-01-10 10:22:32,682 :   413/   36 dest_loss=0.123273 future_loss=0.102139 offset_loss=0.055277 kld=0.023897 cd=-0.277652 en_pos=6.303423 en_neg=6.581074 pcd=True subgoal_reg=0.0026361231159991805 
2026-01-10 10:22:47,942 :   419/   36 dest_loss=0.028269 future_loss=0.020712 offset_loss=0.023666 kld=0.024484 cd=-0.108079 en_pos=6.446258 en_neg=6.554337 pcd=True subgoal_reg=0.002560556471046922 
2026-01-10 10:23:03,152 :   425/   36 dest_loss=0.038388 future_loss=0.028123 offset_loss=0.030725 kld=0.024670 cd=-0.189587 en_pos=6.347344 en_neg=6.536930 pcd=True subgoal_reg=0.0027828331185404927 
2026-01-10 10:23:18,348 :   431/   36 dest_loss=0.027395 future_loss=0.018231 offset_loss=0.024251 kld=0.023227 cd=0.075226 en_pos=6.466525 en_neg=6.391299 pcd=True subgoal_reg=0.0026675595684181666 
2026-01-10 10:23:34,385 :   437/   36 dest_loss=0.030829 future_loss=0.022581 offset_loss=0.025223 kld=0.022584 cd=-0.178742 en_pos=6.199029 en_neg=6.377771 pcd=True subgoal_reg=0.002510539135344881 
2026-01-10 10:23:50,086 :   443/   36 dest_loss=0.035288 future_loss=0.024281 offset_loss=0.026990 kld=0.023305 cd=0.008884 en_pos=6.628925 en_neg=6.620041 pcd=True subgoal_reg=0.002870188266528088 
2026-01-10 10:24:07,743 :   449/   36 dest_loss=0.075113 future_loss=0.068303 offset_loss=0.056506 kld=0.024249 cd=0.099415 en_pos=6.431619 en_neg=6.332204 pcd=True subgoal_reg=0.0026072242142420373 
2026-01-10 10:24:24,104 :   455/   36 dest_loss=0.029733 future_loss=0.021290 offset_loss=0.023885 kld=0.023310 cd=0.092948 en_pos=6.575833 en_neg=6.482884 pcd=True subgoal_reg=0.002952671300950012 
2026-01-10 10:24:40,935 :   461/   36 dest_loss=0.031159 future_loss=0.023184 offset_loss=0.025726 kld=0.024400 cd=-0.109246 en_pos=6.231438 en_neg=6.340684 pcd=True subgoal_reg=0.0027516820890954446 
2026-01-10 10:24:57,128 :   467/   36 dest_loss=0.031459 future_loss=0.022588 offset_loss=0.024531 kld=0.023540 cd=0.022263 en_pos=6.445449 en_neg=6.423186 pcd=True subgoal_reg=0.002837365805364417 
2026-01-10 10:25:13,336 :   473/   36 dest_loss=0.070060 future_loss=0.058792 offset_loss=0.080292 kld=0.023775 cd=0.100428 en_pos=6.511733 en_neg=6.411305 pcd=True subgoal_reg=0.0027767698005663746 
2026-01-10 10:25:30,644 :   479/   36 dest_loss=0.107544 future_loss=0.073373 offset_loss=0.080952 kld=0.023686 cd=-0.273817 en_pos=6.500422 en_neg=6.774238 pcd=True subgoal_reg=0.0032831630121035165 
2026-01-10 10:25:47,681 :   485/   36 dest_loss=0.025068 future_loss=0.018454 offset_loss=0.021266 kld=0.022569 cd=0.142721 en_pos=6.435447 en_neg=6.292726 pcd=True subgoal_reg=0.0023824949044995675 
2026-01-10 10:26:04,455 :   491/   36 dest_loss=0.030537 future_loss=0.021880 offset_loss=0.024709 kld=0.024093 cd=0.126725 en_pos=6.461272 en_neg=6.334547 pcd=True subgoal_reg=0.0027127364451577317 
2026-01-10 10:26:21,395 :   497/   36 dest_loss=0.028484 future_loss=0.020817 offset_loss=0.024204 kld=0.024790 cd=-0.247857 en_pos=6.226923 en_neg=6.474780 pcd=True subgoal_reg=0.002645405081898306 
2026-01-10 10:26:37,506 :   503/   36 dest_loss=0.039702 future_loss=0.027291 offset_loss=0.029679 kld=0.023711 cd=0.095049 en_pos=6.535104 en_neg=6.440055 pcd=True subgoal_reg=0.002957112210028241 
2026-01-10 10:26:54,695 :   509/   36 dest_loss=0.031344 future_loss=0.022601 offset_loss=0.021187 kld=0.023548 cd=0.082213 en_pos=6.562496 en_neg=6.480283 pcd=True subgoal_reg=0.002945822870924418 
2026-01-10 10:28:33,248 : Train Loss 85.91318999241409
2026-01-10 10:28:33,248 : Overall Loss 17.198487357689118
2026-01-10 10:28:33,248 : Dest Loss 22.921161197672756
2026-01-10 10:28:33,248 : Val ADE 0.12038488504426412
2026-01-10 10:28:33,248 : Val FDE 0.1415627801777468
2026-01-10 10:28:33,249 : Val Best ADE 0.11857119431940331
2026-01-10 10:28:33,249 : Val Best FDE 0.14397553785521044
2026-01-10 10:28:33,249 : ----->learning rate 9.765625e-06
2026-01-10 10:28:49,970 :     5/   37 dest_loss=0.029679 future_loss=0.020998 offset_loss=0.023965 kld=0.022964 cd=0.142637 en_pos=6.505192 en_neg=6.362554 pcd=True subgoal_reg=0.002682883192837885 
2026-01-10 10:29:06,079 :    11/   37 dest_loss=0.028979 future_loss=0.021422 offset_loss=0.023974 kld=0.024699 cd=-0.112881 en_pos=6.396533 en_neg=6.509414 pcd=True subgoal_reg=0.0027934077952784003 
2026-01-10 10:29:22,383 :    17/   37 dest_loss=0.031848 future_loss=0.022681 offset_loss=0.025572 kld=0.023306 cd=0.073269 en_pos=6.478129 en_neg=6.404860 pcd=True subgoal_reg=0.0028010721295474656 
2026-01-10 10:29:38,797 :    23/   37 dest_loss=0.025627 future_loss=0.018879 offset_loss=0.021734 kld=0.024294 cd=0.076960 en_pos=6.360754 en_neg=6.283793 pcd=True subgoal_reg=0.002671136378489798 
2026-01-10 10:29:54,797 :    29/   37 dest_loss=0.032098 future_loss=0.021296 offset_loss=0.027409 kld=0.023134 cd=0.081281 en_pos=6.453680 en_neg=6.372399 pcd=True subgoal_reg=0.0026059183138836496 
2026-01-10 10:30:11,513 :    35/   37 dest_loss=0.032044 future_loss=0.023142 offset_loss=0.024508 kld=0.022787 cd=-0.051548 en_pos=6.395588 en_neg=6.447136 pcd=True subgoal_reg=0.0027485127781210913 
2026-01-10 10:30:29,220 :    41/   37 dest_loss=0.031052 future_loss=0.022529 offset_loss=0.024909 kld=0.022840 cd=-0.030099 en_pos=6.502556 en_neg=6.532655 pcd=True subgoal_reg=0.002451725317629062 
2026-01-10 10:30:46,832 :    47/   37 dest_loss=0.035087 future_loss=0.027698 offset_loss=0.023599 kld=0.023677 cd=-0.154140 en_pos=6.324755 en_neg=6.478895 pcd=True subgoal_reg=0.002732477899630557 
2026-01-10 10:31:04,670 :    53/   37 dest_loss=0.127392 future_loss=0.083548 offset_loss=0.113838 kld=0.025486 cd=-0.156291 en_pos=6.410685 en_neg=6.566976 pcd=True subgoal_reg=0.0029088890982539722 
2026-01-10 10:31:21,444 :    59/   37 dest_loss=0.031782 future_loss=0.022478 offset_loss=0.024796 kld=0.022903 cd=0.248890 en_pos=6.518599 en_neg=6.269709 pcd=True subgoal_reg=0.0026884837100092816 
2026-01-10 10:31:37,891 :    65/   37 dest_loss=0.031469 future_loss=0.022213 offset_loss=0.025404 kld=0.024113 cd=0.043380 en_pos=6.488328 en_neg=6.444948 pcd=True subgoal_reg=0.0029327796157287396 
2026-01-10 10:31:53,600 :    71/   37 dest_loss=0.028390 future_loss=0.019796 offset_loss=0.022127 kld=0.022920 cd=0.146664 en_pos=6.802320 en_neg=6.655657 pcd=True subgoal_reg=0.002647304431359557 
2026-01-10 10:32:09,327 :    77/   37 dest_loss=0.034996 future_loss=0.024785 offset_loss=0.027819 kld=0.023917 cd=-0.087833 en_pos=6.227170 en_neg=6.315003 pcd=True subgoal_reg=0.002542738922259238 
2026-01-10 10:32:25,221 :    83/   37 dest_loss=0.030767 future_loss=0.021852 offset_loss=0.024074 kld=0.023030 cd=-0.106675 en_pos=6.330839 en_neg=6.437514 pcd=True subgoal_reg=0.002692938107218595 
2026-01-10 10:32:41,154 :    89/   37 dest_loss=0.033291 future_loss=0.024466 offset_loss=0.026482 kld=0.024152 cd=-0.021746 en_pos=6.221096 en_neg=6.242842 pcd=True subgoal_reg=0.0029439382828543624 
2026-01-10 10:32:56,923 :    95/   37 dest_loss=0.038631 future_loss=0.028055 offset_loss=0.028480 kld=0.023243 cd=0.012521 en_pos=6.434677 en_neg=6.422156 pcd=True subgoal_reg=0.0025435385974112053 
2026-01-10 10:33:12,981 :   101/   37 dest_loss=0.030615 future_loss=0.021883 offset_loss=0.025786 kld=0.024030 cd=-0.133238 en_pos=6.622329 en_neg=6.755567 pcd=True subgoal_reg=0.0027588841956972007 
2026-01-10 10:33:28,896 :   107/   37 dest_loss=0.034480 future_loss=0.024059 offset_loss=0.027010 kld=0.023314 cd=-0.206148 en_pos=6.524219 en_neg=6.730366 pcd=True subgoal_reg=0.002920166817188765 
2026-01-10 10:33:45,020 :   113/   37 dest_loss=0.029312 future_loss=0.021130 offset_loss=0.023404 kld=0.023018 cd=0.051404 en_pos=6.279603 en_neg=6.228199 pcd=True subgoal_reg=0.002666478464651563 
2026-01-10 10:34:01,552 :   119/   37 dest_loss=0.030889 future_loss=0.022675 offset_loss=0.024035 kld=0.024721 cd=-0.003063 en_pos=6.225274 en_neg=6.228337 pcd=True subgoal_reg=0.002667188635374591 
2026-01-10 10:34:17,691 :   125/   37 dest_loss=0.033401 future_loss=0.023539 offset_loss=0.025826 kld=0.023173 cd=-0.008681 en_pos=6.483512 en_neg=6.492193 pcd=True subgoal_reg=0.0027456136526182845 
2026-01-10 10:34:33,688 :   131/   37 dest_loss=0.033277 future_loss=0.023772 offset_loss=0.026333 kld=0.025403 cd=0.007610 en_pos=6.547204 en_neg=6.539594 pcd=True subgoal_reg=0.0031849258192448663 
2026-01-10 10:34:50,519 :   137/   37 dest_loss=0.028995 future_loss=0.020751 offset_loss=0.022524 kld=0.023101 cd=-0.030336 en_pos=6.500811 en_neg=6.531147 pcd=True subgoal_reg=0.0028932288950539436 
2026-01-10 10:35:08,400 :   143/   37 dest_loss=0.034501 future_loss=0.023854 offset_loss=0.027421 kld=0.022512 cd=-0.178869 en_pos=6.279628 en_neg=6.458497 pcd=True subgoal_reg=0.0026040942515822302 
2026-01-10 10:35:26,316 :   149/   37 dest_loss=0.095844 future_loss=0.078295 offset_loss=0.101786 kld=0.026598 cd=0.007212 en_pos=6.677151 en_neg=6.669939 pcd=True subgoal_reg=0.003020373537130908 
2026-01-10 10:35:44,381 :   155/   37 dest_loss=0.097921 future_loss=0.071319 offset_loss=0.071285 kld=0.023258 cd=-0.101917 en_pos=6.459717 en_neg=6.561633 pcd=True subgoal_reg=0.0028062184888246063 
2026-01-10 10:36:01,459 :   161/   37 dest_loss=0.030833 future_loss=0.022028 offset_loss=0.024271 kld=0.023221 cd=0.266789 en_pos=6.479683 en_neg=6.212894 pcd=True subgoal_reg=0.0025437565144075386 
2026-01-10 10:36:17,474 :   167/   37 dest_loss=0.027912 future_loss=0.020334 offset_loss=0.022571 kld=0.023895 cd=-0.257950 en_pos=6.310527 en_neg=6.568478 pcd=True subgoal_reg=0.0024637718642882304 
2026-01-10 10:36:33,140 :   173/   37 dest_loss=0.151551 future_loss=0.124970 offset_loss=0.159716 kld=0.026530 cd=0.006859 en_pos=6.627165 en_neg=6.620306 pcd=True subgoal_reg=0.003063622886612974 
2026-01-10 10:36:49,474 :   179/   37 dest_loss=0.031049 future_loss=0.022857 offset_loss=0.024985 kld=0.025472 cd=0.077549 en_pos=6.388910 en_neg=6.311361 pcd=True subgoal_reg=0.002636120783882396 
2026-01-10 10:37:06,229 :   185/   37 dest_loss=0.120529 future_loss=0.111162 offset_loss=0.096356 kld=0.025068 cd=0.007412 en_pos=6.449235 en_neg=6.441824 pcd=True subgoal_reg=0.0028604742494714756 
2026-01-10 10:37:23,104 :   191/   37 dest_loss=0.062136 future_loss=0.048209 offset_loss=0.082765 kld=0.023989 cd=0.023962 en_pos=6.482753 en_neg=6.458791 pcd=True subgoal_reg=0.002827365759912507 
2026-01-10 10:37:39,492 :   197/   37 dest_loss=0.031945 future_loss=0.022997 offset_loss=0.024436 kld=0.023093 cd=-0.139350 en_pos=6.289268 en_neg=6.428618 pcd=True subgoal_reg=0.0025222349006694 
2026-01-10 10:37:56,389 :   203/   37 dest_loss=0.075861 future_loss=0.058649 offset_loss=0.076367 kld=0.023590 cd=0.042239 en_pos=6.430488 en_neg=6.388250 pcd=True subgoal_reg=0.0026732005642702878 
2026-01-10 10:38:13,612 :   209/   37 dest_loss=0.031171 future_loss=0.022546 offset_loss=0.025307 kld=0.024065 cd=-0.038749 en_pos=6.518363 en_neg=6.557112 pcd=True subgoal_reg=0.0027949444403605386 
2026-01-10 10:38:29,458 :   215/   37 dest_loss=0.030622 future_loss=0.021910 offset_loss=0.024970 kld=0.024142 cd=0.012468 en_pos=6.333987 en_neg=6.321519 pcd=True subgoal_reg=0.00267728028918929 
2026-01-10 10:38:46,020 :   221/   37 dest_loss=0.075232 future_loss=0.048397 offset_loss=0.085508 kld=0.024041 cd=0.062267 en_pos=6.409705 en_neg=6.347438 pcd=True subgoal_reg=0.002920280535486202 
2026-01-10 10:39:02,817 :   227/   37 dest_loss=0.034473 future_loss=0.025017 offset_loss=0.027857 kld=0.023834 cd=-0.239029 en_pos=6.172805 en_neg=6.411833 pcd=True subgoal_reg=0.0024979730296699285 
2026-01-10 10:39:19,601 :   233/   37 dest_loss=0.033780 future_loss=0.023544 offset_loss=0.026861 kld=0.024967 cd=0.076691 en_pos=6.497482 en_neg=6.420791 pcd=True subgoal_reg=0.0026446197101993993 
2026-01-10 10:39:37,121 :   239/   37 dest_loss=0.033772 future_loss=0.023532 offset_loss=0.026208 kld=0.023763 cd=-0.139317 en_pos=6.495182 en_neg=6.634499 pcd=True subgoal_reg=0.0027838775010815926 
2026-01-10 10:39:53,727 :   245/   37 dest_loss=0.133165 future_loss=0.093454 offset_loss=0.119973 kld=0.026746 cd=0.022189 en_pos=6.457308 en_neg=6.435118 pcd=True subgoal_reg=0.0028410153448998913 
2026-01-10 10:40:09,359 :   251/   37 dest_loss=0.037420 future_loss=0.026280 offset_loss=0.028270 kld=0.023187 cd=-0.235327 en_pos=6.334915 en_neg=6.570242 pcd=True subgoal_reg=0.0027099971845703638 
2026-01-10 10:40:25,125 :   257/   37 dest_loss=0.030068 future_loss=0.022193 offset_loss=0.024004 kld=0.023492 cd=-0.070041 en_pos=6.495978 en_neg=6.566019 pcd=True subgoal_reg=0.0027894624922597424 
2026-01-10 10:40:40,909 :   263/   37 dest_loss=0.031238 future_loss=0.022296 offset_loss=0.024531 kld=0.023735 cd=-0.027439 en_pos=6.279257 en_neg=6.306695 pcd=True subgoal_reg=0.0028962099121613424 
2026-01-10 10:40:56,769 :   269/   37 dest_loss=0.032294 future_loss=0.024164 offset_loss=0.021915 kld=0.023719 cd=0.057851 en_pos=6.549870 en_neg=6.492019 pcd=True subgoal_reg=0.0027633924556842177 
2026-01-10 10:41:12,511 :   275/   37 dest_loss=0.028846 future_loss=0.020253 offset_loss=0.023348 kld=0.023377 cd=0.237450 en_pos=6.463076 en_neg=6.225625 pcd=True subgoal_reg=0.002723409115379768 
2026-01-10 10:41:28,404 :   281/   37 dest_loss=0.031364 future_loss=0.020510 offset_loss=0.028141 kld=0.023897 cd=0.036066 en_pos=6.487498 en_neg=6.451432 pcd=True subgoal_reg=0.002825512910170881 
2026-01-10 10:41:44,181 :   287/   37 dest_loss=0.039866 future_loss=0.029279 offset_loss=0.031302 kld=0.024150 cd=0.108949 en_pos=6.283272 en_neg=6.174323 pcd=True subgoal_reg=0.0029191416206447622 
2026-01-10 10:41:59,900 :   293/   37 dest_loss=0.036326 future_loss=0.026583 offset_loss=0.028394 kld=0.024678 cd=-0.047735 en_pos=6.313755 en_neg=6.361490 pcd=True subgoal_reg=0.0027749834907048088 
2026-01-10 10:42:16,081 :   299/   37 dest_loss=0.027662 future_loss=0.019892 offset_loss=0.021842 kld=0.024129 cd=0.055044 en_pos=6.385947 en_neg=6.330903 pcd=True subgoal_reg=0.0025512948343331013 
2026-01-10 10:42:33,005 :   305/   37 dest_loss=0.098804 future_loss=0.088846 offset_loss=0.080243 kld=0.023293 cd=0.061744 en_pos=6.511414 en_neg=6.449670 pcd=True subgoal_reg=0.002761252254465473 
2026-01-10 10:42:49,228 :   311/   37 dest_loss=0.032124 future_loss=0.023356 offset_loss=0.026083 kld=0.024653 cd=0.145837 en_pos=6.599155 en_neg=6.453318 pcd=True subgoal_reg=0.002979366536635656 
2026-01-10 10:43:05,353 :   317/   37 dest_loss=0.029462 future_loss=0.020982 offset_loss=0.022835 kld=0.023474 cd=0.063417 en_pos=6.427634 en_neg=6.364217 pcd=True subgoal_reg=0.0026668736034938722 
2026-01-10 10:43:22,419 :   323/   37 dest_loss=0.034111 future_loss=0.023993 offset_loss=0.026625 kld=0.023405 cd=-0.033913 en_pos=6.447457 en_neg=6.481370 pcd=True subgoal_reg=0.0025884588500458446 
2026-01-10 10:43:39,140 :   329/   37 dest_loss=0.031116 future_loss=0.022827 offset_loss=0.025412 kld=0.024565 cd=-0.034954 en_pos=6.344182 en_neg=6.379136 pcd=True subgoal_reg=0.0025711391309296873 
2026-01-10 10:43:55,265 :   335/   37 dest_loss=0.037875 future_loss=0.028174 offset_loss=0.028573 kld=0.025269 cd=0.000441 en_pos=6.524213 en_neg=6.523772 pcd=True subgoal_reg=0.0027478011495679503 
2026-01-10 10:44:11,362 :   341/   37 dest_loss=0.037876 future_loss=0.026668 offset_loss=0.028377 kld=0.023659 cd=0.158801 en_pos=6.450177 en_neg=6.291376 pcd=True subgoal_reg=0.0028177704443691927 
2026-01-10 10:44:27,151 :   347/   37 dest_loss=0.031935 future_loss=0.023205 offset_loss=0.024711 kld=0.024630 cd=0.180764 en_pos=6.538533 en_neg=6.357769 pcd=True subgoal_reg=0.002848238357030311 
2026-01-10 10:44:42,909 :   353/   37 dest_loss=0.032725 future_loss=0.024927 offset_loss=0.020674 kld=0.023872 cd=-0.264522 en_pos=6.418927 en_neg=6.683449 pcd=True subgoal_reg=0.0027263886876178547 
2026-01-10 10:44:58,703 :   359/   37 dest_loss=0.080180 future_loss=0.053916 offset_loss=0.075136 kld=0.023141 cd=-0.015859 en_pos=6.398094 en_neg=6.413953 pcd=True subgoal_reg=0.002778498709354411 
2026-01-10 10:45:14,434 :   365/   37 dest_loss=0.028566 future_loss=0.021026 offset_loss=0.022913 kld=0.023746 cd=0.267113 en_pos=6.332916 en_neg=6.065803 pcd=True subgoal_reg=0.0024624722573373913 
2026-01-10 10:45:30,246 :   371/   37 dest_loss=0.038213 future_loss=0.027613 offset_loss=0.029293 kld=0.024537 cd=-0.330693 en_pos=6.385131 en_neg=6.715824 pcd=True subgoal_reg=0.002591721503827402 
2026-01-10 10:45:45,982 :   377/   37 dest_loss=0.035921 future_loss=0.026940 offset_loss=0.028852 kld=0.023638 cd=-0.209663 en_pos=6.335066 en_neg=6.544730 pcd=True subgoal_reg=0.0026352768126722543 
2026-01-10 10:46:01,633 :   383/   37 dest_loss=0.034561 future_loss=0.024368 offset_loss=0.024471 kld=0.023993 cd=0.109866 en_pos=6.624498 en_neg=6.514632 pcd=True subgoal_reg=0.002924262028119749 
2026-01-10 10:46:17,305 :   389/   37 dest_loss=0.043938 future_loss=0.032022 offset_loss=0.048202 kld=0.024083 cd=-0.119601 en_pos=6.507393 en_neg=6.626994 pcd=True subgoal_reg=0.003038698430351869 
2026-01-10 10:46:32,915 :   395/   37 dest_loss=0.030297 future_loss=0.021677 offset_loss=0.024314 kld=0.023605 cd=0.059547 en_pos=6.355061 en_neg=6.295514 pcd=True subgoal_reg=0.002715530581818296 
2026-01-10 10:46:48,658 :   401/   37 dest_loss=0.036706 future_loss=0.026467 offset_loss=0.027373 kld=0.022938 cd=-0.053977 en_pos=6.373676 en_neg=6.427653 pcd=True subgoal_reg=0.0024540460573225335 
2026-01-10 10:47:04,265 :   407/   37 dest_loss=0.030695 future_loss=0.020461 offset_loss=0.027860 kld=0.023166 cd=0.099906 en_pos=6.371421 en_neg=6.271515 pcd=True subgoal_reg=0.0027180521941986635 
2026-01-10 10:47:19,952 :   413/   37 dest_loss=0.031600 future_loss=0.022307 offset_loss=0.023566 kld=0.023491 cd=0.141895 en_pos=6.557015 en_neg=6.415120 pcd=True subgoal_reg=0.003124728651160574 
2026-01-10 10:47:35,664 :   419/   37 dest_loss=0.084375 future_loss=0.070400 offset_loss=0.106794 kld=0.024342 cd=-0.041725 en_pos=6.335357 en_neg=6.377082 pcd=True subgoal_reg=0.0027531141303281923 
2026-01-10 10:47:51,401 :   425/   37 dest_loss=0.030308 future_loss=0.021882 offset_loss=0.024175 kld=0.024166 cd=-0.052005 en_pos=6.399215 en_neg=6.451221 pcd=True subgoal_reg=0.0026243610055995408 
2026-01-10 10:48:07,153 :   431/   37 dest_loss=0.033322 future_loss=0.024487 offset_loss=0.024930 kld=0.023364 cd=-0.008085 en_pos=6.400324 en_neg=6.408409 pcd=True subgoal_reg=0.0026238394993938134 
2026-01-10 10:48:22,912 :   437/   37 dest_loss=0.030184 future_loss=0.021663 offset_loss=0.023156 kld=0.025038 cd=-0.186137 en_pos=6.432533 en_neg=6.618670 pcd=True subgoal_reg=0.0026990566801490907 
2026-01-10 10:48:38,636 :   443/   37 dest_loss=0.040914 future_loss=0.026530 offset_loss=0.034223 kld=0.023869 cd=-0.118038 en_pos=6.393866 en_neg=6.511904 pcd=True subgoal_reg=0.0029246381568599116 
2026-01-10 10:48:54,296 :   449/   37 dest_loss=0.033888 future_loss=0.023642 offset_loss=0.026105 kld=0.023335 cd=-0.139515 en_pos=6.391769 en_neg=6.531283 pcd=True subgoal_reg=0.002690764325148805 
2026-01-10 10:49:09,926 :   455/   37 dest_loss=0.033465 future_loss=0.024599 offset_loss=0.027695 kld=0.023606 cd=-0.165563 en_pos=6.271914 en_neg=6.437477 pcd=True subgoal_reg=0.0027007570440285757 
2026-01-10 10:49:25,596 :   461/   37 dest_loss=0.034644 future_loss=0.025410 offset_loss=0.027264 kld=0.023306 cd=-0.015259 en_pos=6.527229 en_neg=6.542487 pcd=True subgoal_reg=0.0026050113519325013 
2026-01-10 10:49:41,364 :   467/   37 dest_loss=0.036148 future_loss=0.026689 offset_loss=0.025582 kld=0.023221 cd=-0.218337 en_pos=6.470949 en_neg=6.689286 pcd=True subgoal_reg=0.0025384987752492295 
2026-01-10 10:49:57,032 :   473/   37 dest_loss=0.029208 future_loss=0.021884 offset_loss=0.022789 kld=0.024611 cd=-0.222335 en_pos=6.418647 en_neg=6.640982 pcd=True subgoal_reg=0.0024649017415745633 
2026-01-10 10:50:12,711 :   479/   37 dest_loss=0.028046 future_loss=0.020449 offset_loss=0.021566 kld=0.023521 cd=-0.220662 en_pos=6.302100 en_neg=6.522762 pcd=True subgoal_reg=0.0027989690066774304 
2026-01-10 10:50:28,353 :   485/   37 dest_loss=0.106760 future_loss=0.095739 offset_loss=0.082803 kld=0.025173 cd=0.062063 en_pos=6.275270 en_neg=6.213207 pcd=True subgoal_reg=0.0026434084822384444 
2026-01-10 10:50:44,089 :   491/   37 dest_loss=0.028476 future_loss=0.021221 offset_loss=0.022488 kld=0.023032 cd=0.119375 en_pos=6.417055 en_neg=6.297680 pcd=True subgoal_reg=0.0024089019932403426 
2026-01-10 10:50:59,837 :   497/   37 dest_loss=0.030938 future_loss=0.021729 offset_loss=0.023009 kld=0.023487 cd=0.064393 en_pos=6.562744 en_neg=6.498351 pcd=True subgoal_reg=0.0028756388465149448 
2026-01-10 10:51:15,523 :   503/   37 dest_loss=0.102695 future_loss=0.077870 offset_loss=0.104179 kld=0.025259 cd=0.036817 en_pos=6.563465 en_neg=6.526648 pcd=True subgoal_reg=0.0029244645960337006 
2026-01-10 10:51:31,107 :   509/   37 dest_loss=0.030162 future_loss=0.021150 offset_loss=0.024026 kld=0.023632 cd=0.078742 en_pos=6.570170 en_neg=6.491428 pcd=True subgoal_reg=0.0028607831114843543 
2026-01-10 10:53:05,384 : Train Loss 82.32629262340306
2026-01-10 10:53:05,384 : Overall Loss 16.312079118727908
2026-01-10 10:53:05,384 : Dest Loss 22.03983121769114
2026-01-10 10:53:05,384 : Val ADE 0.11818155944526287
2026-01-10 10:53:05,385 : Val FDE 0.14221544238019562
2026-01-10 10:53:05,385 : Val Best ADE 0.11818155944526287
2026-01-10 10:53:05,385 : Val Best FDE 0.14221544238019562
2026-01-10 10:53:05,385 : ----->learning rate 9.765625e-06
2026-01-10 10:53:21,137 :     5/   38 dest_loss=0.034847 future_loss=0.025180 offset_loss=0.027293 kld=0.024926 cd=0.246568 en_pos=6.543777 en_neg=6.297209 pcd=True subgoal_reg=0.0027613852097793865 
2026-01-10 10:53:36,776 :    11/   38 dest_loss=0.031547 future_loss=0.023583 offset_loss=0.023299 kld=0.024905 cd=-0.074493 en_pos=6.348046 en_neg=6.422539 pcd=True subgoal_reg=0.002894365256645063 
2026-01-10 10:53:52,451 :    17/   38 dest_loss=0.052981 future_loss=0.035221 offset_loss=0.059585 kld=0.024879 cd=0.011260 en_pos=6.480887 en_neg=6.469627 pcd=True subgoal_reg=0.002510201876290307 
2026-01-10 10:54:07,909 :    23/   38 dest_loss=0.034072 future_loss=0.024173 offset_loss=0.026586 kld=0.023560 cd=0.032829 en_pos=6.289640 en_neg=6.256810 pcd=True subgoal_reg=0.0026404215473924968 
2026-01-10 10:54:23,603 :    29/   38 dest_loss=0.030996 future_loss=0.023488 offset_loss=0.021249 kld=0.023456 cd=0.143702 en_pos=6.479710 en_neg=6.336009 pcd=True subgoal_reg=0.0028086263035248197 
2026-01-10 10:54:39,282 :    35/   38 dest_loss=0.063343 future_loss=0.049980 offset_loss=0.047727 kld=0.024038 cd=0.136104 en_pos=6.504079 en_neg=6.367975 pcd=True subgoal_reg=0.0028836861455801346 
2026-01-10 10:54:54,929 :    41/   38 dest_loss=0.033817 future_loss=0.024599 offset_loss=0.026791 kld=0.023227 cd=-0.169412 en_pos=6.443774 en_neg=6.613186 pcd=True subgoal_reg=0.0027579106876835188 
2026-01-10 10:55:10,662 :    47/   38 dest_loss=0.074642 future_loss=0.048797 offset_loss=0.087290 kld=0.024137 cd=0.106279 en_pos=6.458720 en_neg=6.352442 pcd=True subgoal_reg=0.002814529583566994 
2026-01-10 10:55:26,290 :    53/   38 dest_loss=0.065975 future_loss=0.047868 offset_loss=0.058993 kld=0.024742 cd=0.080058 en_pos=6.703006 en_neg=6.622948 pcd=True subgoal_reg=0.0026996755519598224 
2026-01-10 10:55:42,006 :    59/   38 dest_loss=0.033577 future_loss=0.024606 offset_loss=0.026350 kld=0.024729 cd=-0.157410 en_pos=6.378564 en_neg=6.535974 pcd=True subgoal_reg=0.0028385668606525794 
2026-01-10 10:55:57,643 :    65/   38 dest_loss=0.034286 future_loss=0.025719 offset_loss=0.022553 kld=0.024123 cd=0.023400 en_pos=6.432181 en_neg=6.408781 pcd=True subgoal_reg=0.002809653761375706 
2026-01-10 10:56:13,397 :    71/   38 dest_loss=0.034162 future_loss=0.024744 offset_loss=0.026712 kld=0.022957 cd=0.176045 en_pos=6.423242 en_neg=6.247197 pcd=True subgoal_reg=0.00236648595850173 
2026-01-10 10:56:29,069 :    77/   38 dest_loss=0.034411 future_loss=0.025993 offset_loss=0.021636 kld=0.023911 cd=-0.063784 en_pos=6.422310 en_neg=6.486094 pcd=True subgoal_reg=0.002834993337863521 
2026-01-10 10:56:44,766 :    83/   38 dest_loss=0.104426 future_loss=0.090553 offset_loss=0.074841 kld=0.024329 cd=-0.026093 en_pos=6.403458 en_neg=6.429551 pcd=True subgoal_reg=0.002519296399242534 
2026-01-10 10:57:00,510 :    89/   38 dest_loss=0.032932 future_loss=0.024062 offset_loss=0.025256 kld=0.024853 cd=-0.433967 en_pos=6.286246 en_neg=6.720212 pcd=True subgoal_reg=0.0026553802993842983 
2026-01-10 10:57:16,061 :    95/   38 dest_loss=0.040688 future_loss=0.028966 offset_loss=0.029631 kld=0.024748 cd=0.117377 en_pos=6.618171 en_neg=6.500795 pcd=True subgoal_reg=0.002768297136755169 
2026-01-10 10:57:31,801 :   101/   38 dest_loss=0.035777 future_loss=0.026090 offset_loss=0.026651 kld=0.024366 cd=-0.094325 en_pos=6.369553 en_neg=6.463878 pcd=True subgoal_reg=0.0030329313206835613 
2026-01-10 10:57:47,540 :   107/   38 dest_loss=0.031594 future_loss=0.022836 offset_loss=0.025117 kld=0.023828 cd=0.224496 en_pos=6.609847 en_neg=6.385351 pcd=True subgoal_reg=0.002336001853324077 
2026-01-10 10:58:03,249 :   113/   38 dest_loss=0.036056 future_loss=0.025809 offset_loss=0.027518 kld=0.025117 cd=-0.038106 en_pos=6.511566 en_neg=6.549672 pcd=True subgoal_reg=0.0029635278825031167 
2026-01-10 10:58:18,926 :   119/   38 dest_loss=0.032274 future_loss=0.023169 offset_loss=0.024582 kld=0.024861 cd=-0.271040 en_pos=6.272312 en_neg=6.543352 pcd=True subgoal_reg=0.0029053332835575745 
2026-01-10 10:58:34,705 :   125/   38 dest_loss=0.035035 future_loss=0.026160 offset_loss=0.027269 kld=0.024753 cd=-0.308088 en_pos=6.481189 en_neg=6.789276 pcd=True subgoal_reg=0.002764990032499133 
2026-01-10 10:58:50,385 :   131/   38 dest_loss=0.034722 future_loss=0.025511 offset_loss=0.027385 kld=0.024678 cd=0.095303 en_pos=6.491336 en_neg=6.396033 pcd=True subgoal_reg=0.0027981542299416024 
2026-01-10 10:59:06,134 :   137/   38 dest_loss=0.031640 future_loss=0.021319 offset_loss=0.026600 kld=0.024287 cd=-0.232893 en_pos=6.270197 en_neg=6.503089 pcd=True subgoal_reg=0.0028603163428130903 
2026-01-10 10:59:21,767 :   143/   38 dest_loss=0.029914 future_loss=0.022938 offset_loss=0.024284 kld=0.024705 cd=-0.324272 en_pos=6.276294 en_neg=6.600566 pcd=True subgoal_reg=0.002857400006538404 
2026-01-10 10:59:37,490 :   149/   38 dest_loss=0.034505 future_loss=0.025466 offset_loss=0.026824 kld=0.024370 cd=-0.008560 en_pos=6.529123 en_neg=6.537683 pcd=True subgoal_reg=0.002785596210065103 
2026-01-10 10:59:53,109 :   155/   38 dest_loss=0.241230 future_loss=0.168811 offset_loss=0.202447 kld=0.024217 cd=-0.407969 en_pos=6.397125 en_neg=6.805095 pcd=True subgoal_reg=0.00283890820073926 
2026-01-10 11:00:08,717 :   161/   38 dest_loss=0.065883 future_loss=0.051223 offset_loss=0.081764 kld=0.023950 cd=0.137180 en_pos=6.673242 en_neg=6.536062 pcd=True subgoal_reg=0.0028741068854311346 
2026-01-10 11:00:24,462 :   167/   38 dest_loss=0.029190 future_loss=0.021335 offset_loss=0.022024 kld=0.023497 cd=0.191077 en_pos=6.495700 en_neg=6.304623 pcd=True subgoal_reg=0.0027706694342575396 
2026-01-10 11:00:39,966 :   173/   38 dest_loss=0.033689 future_loss=0.024059 offset_loss=0.025747 kld=0.024386 cd=-0.132848 en_pos=6.305223 en_neg=6.438072 pcd=True subgoal_reg=0.0028750537172904348 
2026-01-10 11:00:55,730 :   179/   38 dest_loss=0.161196 future_loss=0.106025 offset_loss=0.133410 kld=0.025496 cd=0.116383 en_pos=6.482151 en_neg=6.365768 pcd=True subgoal_reg=0.0028922914493064106 
2026-01-10 11:01:11,447 :   185/   38 dest_loss=0.111974 future_loss=0.094417 offset_loss=0.086646 kld=0.025253 cd=-0.219841 en_pos=6.328596 en_neg=6.548437 pcd=True subgoal_reg=0.002762802181802311 
2026-01-10 11:01:27,198 :   191/   38 dest_loss=0.029222 future_loss=0.021032 offset_loss=0.023379 kld=0.023103 cd=0.276558 en_pos=6.562649 en_neg=6.286091 pcd=True subgoal_reg=0.0025985471305336096 
2026-01-10 11:01:42,926 :   197/   38 dest_loss=0.030212 future_loss=0.021318 offset_loss=0.022930 kld=0.023593 cd=0.215233 en_pos=6.470339 en_neg=6.255106 pcd=True subgoal_reg=0.002744896708445295 
2026-01-10 11:01:58,634 :   203/   38 dest_loss=0.232969 future_loss=0.172343 offset_loss=0.192621 kld=0.024734 cd=-0.317195 en_pos=6.302724 en_neg=6.619920 pcd=True subgoal_reg=0.0028564869090693494 
2026-01-10 11:02:14,372 :   209/   38 dest_loss=0.032563 future_loss=0.024057 offset_loss=0.025280 kld=0.023808 cd=0.052250 en_pos=6.487149 en_neg=6.434900 pcd=True subgoal_reg=0.0028821186713757817 
2026-01-10 11:02:30,090 :   215/   38 dest_loss=0.031617 future_loss=0.022607 offset_loss=0.024651 kld=0.023775 cd=0.145974 en_pos=6.384983 en_neg=6.239009 pcd=True subgoal_reg=0.002527797771523344 
2026-01-10 11:02:45,805 :   221/   38 dest_loss=0.032861 future_loss=0.024095 offset_loss=0.024635 kld=0.023534 cd=0.099141 en_pos=6.524375 en_neg=6.425235 pcd=True subgoal_reg=0.0026787768245986714 
2026-01-10 11:03:01,600 :   227/   38 dest_loss=0.028981 future_loss=0.021171 offset_loss=0.023099 kld=0.024710 cd=-0.257437 en_pos=6.293133 en_neg=6.550569 pcd=True subgoal_reg=0.002802543341074511 
2026-01-10 11:03:17,396 :   233/   38 dest_loss=0.036080 future_loss=0.026675 offset_loss=0.027725 kld=0.024607 cd=0.060207 en_pos=6.573118 en_neg=6.512911 pcd=True subgoal_reg=0.002729218454355581 
2026-01-10 11:03:33,152 :   239/   38 dest_loss=0.035336 future_loss=0.025515 offset_loss=0.026505 kld=0.023270 cd=-0.017462 en_pos=6.519434 en_neg=6.536896 pcd=True subgoal_reg=0.0026933825510340125 
2026-01-10 11:03:48,893 :   245/   38 dest_loss=0.035381 future_loss=0.024494 offset_loss=0.026372 kld=0.023255 cd=-0.026295 en_pos=6.310611 en_neg=6.336906 pcd=True subgoal_reg=0.002522680425664837 
2026-01-10 11:04:04,365 :   251/   38 dest_loss=0.035043 future_loss=0.025027 offset_loss=0.026754 kld=0.024481 cd=-0.013406 en_pos=6.337308 en_neg=6.350714 pcd=True subgoal_reg=0.0026416713274391287 
2026-01-10 11:04:20,095 :   257/   38 dest_loss=0.037779 future_loss=0.026794 offset_loss=0.028330 kld=0.024307 cd=0.065604 en_pos=6.479134 en_neg=6.413529 pcd=True subgoal_reg=0.0029431027796970547 
2026-01-10 11:04:35,852 :   263/   38 dest_loss=0.034622 future_loss=0.025411 offset_loss=0.026346 kld=0.024869 cd=-0.244793 en_pos=6.299316 en_neg=6.544109 pcd=True subgoal_reg=0.0026460504483650058 
2026-01-10 11:04:51,541 :   269/   38 dest_loss=0.029983 future_loss=0.021158 offset_loss=0.023177 kld=0.024349 cd=-0.181778 en_pos=6.407457 en_neg=6.589235 pcd=True subgoal_reg=0.0029124039285786055 
2026-01-10 11:05:07,355 :   275/   38 dest_loss=0.036044 future_loss=0.025986 offset_loss=0.024039 kld=0.023447 cd=0.109089 en_pos=6.626610 en_neg=6.517522 pcd=True subgoal_reg=0.002857440301932593 
2026-01-10 11:05:23,202 :   281/   38 dest_loss=0.030547 future_loss=0.021529 offset_loss=0.024066 kld=0.023402 cd=-0.018566 en_pos=6.498657 en_neg=6.517223 pcd=True subgoal_reg=0.0028092151386687014 
2026-01-10 11:05:38,957 :   287/   38 dest_loss=0.100785 future_loss=0.074078 offset_loss=0.096413 kld=0.023411 cd=0.037767 en_pos=6.437733 en_neg=6.399966 pcd=True subgoal_reg=0.002713865726851187 
2026-01-10 11:05:54,656 :   293/   38 dest_loss=0.031572 future_loss=0.022762 offset_loss=0.025029 kld=0.024727 cd=0.077956 en_pos=6.617731 en_neg=6.539775 pcd=True subgoal_reg=0.002847380623101997 
2026-01-10 11:06:10,411 :   299/   38 dest_loss=0.070719 future_loss=0.050732 offset_loss=0.051603 kld=0.024600 cd=0.036485 en_pos=6.487097 en_neg=6.450611 pcd=True subgoal_reg=0.0028153829646963345 
2026-01-10 11:06:26,209 :   305/   38 dest_loss=0.029798 future_loss=0.021594 offset_loss=0.022898 kld=0.023139 cd=-0.090151 en_pos=6.384875 en_neg=6.475026 pcd=True subgoal_reg=0.002561332639942501 
2026-01-10 11:06:41,984 :   311/   38 dest_loss=0.095952 future_loss=0.090655 offset_loss=0.062635 kld=0.024093 cd=-0.132944 en_pos=6.343091 en_neg=6.476035 pcd=True subgoal_reg=0.002719956251336729 
2026-01-10 11:06:57,755 :   317/   38 dest_loss=0.037344 future_loss=0.026991 offset_loss=0.029122 kld=0.023295 cd=-0.102280 en_pos=6.252959 en_neg=6.355240 pcd=True subgoal_reg=0.002791362175049991 
2026-01-10 11:07:13,416 :   323/   38 dest_loss=0.030336 future_loss=0.023025 offset_loss=0.024553 kld=0.023268 cd=-0.293121 en_pos=6.229052 en_neg=6.522173 pcd=True subgoal_reg=0.0026291369123262204 
2026-01-10 11:07:28,919 :   329/   38 dest_loss=0.029096 future_loss=0.021136 offset_loss=0.021170 kld=0.023989 cd=-0.033198 en_pos=6.467393 en_neg=6.500590 pcd=True subgoal_reg=0.002913409495816464 
2026-01-10 11:07:44,720 :   335/   38 dest_loss=0.030064 future_loss=0.021115 offset_loss=0.025652 kld=0.023346 cd=-0.044952 en_pos=6.446433 en_neg=6.491385 pcd=True subgoal_reg=0.002734361417029584 
2026-01-10 11:08:00,432 :   341/   38 dest_loss=0.035540 future_loss=0.026342 offset_loss=0.024678 kld=0.022728 cd=0.019403 en_pos=6.493194 en_neg=6.473791 pcd=True subgoal_reg=0.002668013754526244 
2026-01-10 11:08:16,169 :   347/   38 dest_loss=0.038325 future_loss=0.027880 offset_loss=0.029941 kld=0.024584 cd=-0.139654 en_pos=6.335376 en_neg=6.475030 pcd=True subgoal_reg=0.002690661535137198 
2026-01-10 11:08:31,870 :   353/   38 dest_loss=0.117451 future_loss=0.085485 offset_loss=0.121010 kld=0.022822 cd=0.233732 en_pos=6.642342 en_neg=6.408611 pcd=True subgoal_reg=0.0027955921281252747 
2026-01-10 11:08:47,627 :   359/   38 dest_loss=0.029331 future_loss=0.021156 offset_loss=0.024047 kld=0.023526 cd=-0.111033 en_pos=6.120087 en_neg=6.231120 pcd=True subgoal_reg=0.0023554639396294146 
2026-01-10 11:09:03,333 :   365/   38 dest_loss=0.033083 future_loss=0.021251 offset_loss=0.029599 kld=0.023186 cd=0.144655 en_pos=6.483626 en_neg=6.338972 pcd=True subgoal_reg=0.002786562553273498 
2026-01-10 11:09:19,036 :   371/   38 dest_loss=0.031265 future_loss=0.023021 offset_loss=0.025520 kld=0.023800 cd=-0.240051 en_pos=6.279771 en_neg=6.519822 pcd=True subgoal_reg=0.002631595090036372 
2026-01-10 11:09:34,743 :   377/   38 dest_loss=0.027160 future_loss=0.019920 offset_loss=0.021621 kld=0.022888 cd=-0.092602 en_pos=6.415135 en_neg=6.507737 pcd=True subgoal_reg=0.002744389657166194 
2026-01-10 11:09:50,445 :   383/   38 dest_loss=0.067764 future_loss=0.060360 offset_loss=0.074064 kld=0.025582 cd=-0.163051 en_pos=6.549495 en_neg=6.712546 pcd=True subgoal_reg=0.0027258708849489015 
2026-01-10 11:10:06,092 :   389/   38 dest_loss=0.031221 future_loss=0.022854 offset_loss=0.024046 kld=0.023600 cd=-0.080484 en_pos=6.469453 en_neg=6.549937 pcd=True subgoal_reg=0.0029465925705966746 
2026-01-10 11:10:21,918 :   395/   38 dest_loss=0.035143 future_loss=0.025469 offset_loss=0.027950 kld=0.024310 cd=0.249463 en_pos=6.521264 en_neg=6.271801 pcd=True subgoal_reg=0.002825423091330049 
2026-01-10 11:10:37,633 :   401/   38 dest_loss=0.036848 future_loss=0.026166 offset_loss=0.027134 kld=0.024545 cd=-0.109416 en_pos=6.353945 en_neg=6.463361 pcd=True subgoal_reg=0.0029980832762074123 
2026-01-10 11:10:53,130 :   407/   38 dest_loss=0.059979 future_loss=0.042325 offset_loss=0.057748 kld=0.022550 cd=-0.087446 en_pos=6.248622 en_neg=6.336069 pcd=True subgoal_reg=0.0025193320329944258 
2026-01-10 11:11:08,804 :   413/   38 dest_loss=0.028221 future_loss=0.018978 offset_loss=0.026138 kld=0.023742 cd=-0.267402 en_pos=6.256347 en_neg=6.523749 pcd=True subgoal_reg=0.0027325734786102884 
2026-01-10 11:11:24,499 :   419/   38 dest_loss=0.032860 future_loss=0.022055 offset_loss=0.025625 kld=0.024748 cd=0.052530 en_pos=6.520736 en_neg=6.468206 pcd=True subgoal_reg=0.002894559956864143 
2026-01-10 11:11:40,231 :   425/   38 dest_loss=0.035266 future_loss=0.024722 offset_loss=0.027702 kld=0.024101 cd=-0.032969 en_pos=6.299153 en_neg=6.332122 pcd=True subgoal_reg=0.002382764125500076 
2026-01-10 11:11:55,937 :   431/   38 dest_loss=0.030503 future_loss=0.022100 offset_loss=0.024668 kld=0.024788 cd=-0.124220 en_pos=6.420650 en_neg=6.544870 pcd=True subgoal_reg=0.002680514424994419 
2026-01-10 11:12:11,700 :   437/   38 dest_loss=0.036220 future_loss=0.025456 offset_loss=0.027039 kld=0.023597 cd=0.179654 en_pos=6.547741 en_neg=6.368087 pcd=True subgoal_reg=0.00302855819700284 
2026-01-10 11:12:27,460 :   443/   38 dest_loss=0.033146 future_loss=0.022883 offset_loss=0.023538 kld=0.023621 cd=-0.004867 en_pos=6.492057 en_neg=6.496924 pcd=True subgoal_reg=0.0029454069794002317 
2026-01-10 11:12:43,174 :   449/   38 dest_loss=0.034982 future_loss=0.024978 offset_loss=0.027655 kld=0.023468 cd=0.003210 en_pos=6.399328 en_neg=6.396118 pcd=True subgoal_reg=0.0026103710504139645 
2026-01-10 11:12:59,019 :   455/   38 dest_loss=0.026434 future_loss=0.018529 offset_loss=0.021206 kld=0.022888 cd=-0.029803 en_pos=6.428481 en_neg=6.458284 pcd=True subgoal_reg=0.002713676050893492 
2026-01-10 11:13:14,773 :   461/   38 dest_loss=0.030912 future_loss=0.022412 offset_loss=0.023891 kld=0.022849 cd=0.033726 en_pos=6.457078 en_neg=6.423352 pcd=True subgoal_reg=0.0026554160965474955 
2026-01-10 11:13:30,554 :   467/   38 dest_loss=0.034954 future_loss=0.025725 offset_loss=0.026867 kld=0.024891 cd=0.033373 en_pos=6.405074 en_neg=6.371701 pcd=True subgoal_reg=0.0028428687849065878 
2026-01-10 11:13:46,259 :   473/   38 dest_loss=0.036736 future_loss=0.025191 offset_loss=0.028179 kld=0.023374 cd=-0.196950 en_pos=6.391685 en_neg=6.588635 pcd=True subgoal_reg=0.0027485555062524707 
2026-01-10 11:14:01,929 :   479/   38 dest_loss=0.030879 future_loss=0.022336 offset_loss=0.024729 kld=0.023002 cd=-0.142042 en_pos=6.389107 en_neg=6.531148 pcd=True subgoal_reg=0.002587116681280202 
2026-01-10 11:14:17,471 :   485/   38 dest_loss=0.037363 future_loss=0.027018 offset_loss=0.026134 kld=0.023592 cd=-0.064674 en_pos=6.630565 en_neg=6.695239 pcd=True subgoal_reg=0.002876901493061375 
2026-01-10 11:14:33,097 :   491/   38 dest_loss=0.081705 future_loss=0.065648 offset_loss=0.059949 kld=0.023535 cd=-0.269322 en_pos=6.384540 en_neg=6.653862 pcd=True subgoal_reg=0.002724338049257721 
2026-01-10 11:14:48,851 :   497/   38 dest_loss=0.028122 future_loss=0.020377 offset_loss=0.022542 kld=0.024646 cd=0.038307 en_pos=6.414490 en_neg=6.376183 pcd=True subgoal_reg=0.002817965627123545 
2026-01-10 11:15:04,589 :   503/   38 dest_loss=0.031413 future_loss=0.022828 offset_loss=0.024882 kld=0.024482 cd=0.096016 en_pos=6.425810 en_neg=6.329794 pcd=True subgoal_reg=0.0026875920220596258 
2026-01-10 11:15:20,352 :   509/   38 dest_loss=0.101176 future_loss=0.087426 offset_loss=0.065620 kld=0.026143 cd=-0.061079 en_pos=6.508947 en_neg=6.570026 pcd=True subgoal_reg=0.002788786134829255 
2026-01-10 11:16:54,462 : Train Loss 91.64293116069234
2026-01-10 11:16:54,463 : Overall Loss 17.39641645295374
2026-01-10 11:16:54,463 : Dest Loss 23.365202725727695
2026-01-10 11:16:54,463 : Val ADE 0.11862027033221183
2026-01-10 11:16:54,463 : Val FDE 0.14189914381503144
2026-01-10 11:16:54,463 : Val Best ADE 0.11818155944526287
2026-01-10 11:16:54,463 : Val Best FDE 0.14221544238019562
2026-01-10 11:16:54,463 : ----->learning rate 9.765625e-06
2026-01-10 11:17:10,130 :     5/   39 dest_loss=0.038498 future_loss=0.025469 offset_loss=0.034402 kld=0.023587 cd=0.111647 en_pos=6.379410 en_neg=6.267763 pcd=True subgoal_reg=0.002717338123756967 
2026-01-10 11:17:25,898 :    11/   39 dest_loss=0.114458 future_loss=0.097094 offset_loss=0.116727 kld=0.024690 cd=-0.030442 en_pos=6.516207 en_neg=6.546649 pcd=True subgoal_reg=0.0029158916240566777 
2026-01-10 11:17:41,406 :    17/   39 dest_loss=0.034994 future_loss=0.025676 offset_loss=0.026985 kld=0.023284 cd=-0.012128 en_pos=6.442996 en_neg=6.455125 pcd=True subgoal_reg=0.0025571042854057088 
2026-01-10 11:17:57,047 :    23/   39 dest_loss=0.031283 future_loss=0.023520 offset_loss=0.023454 kld=0.023504 cd=0.013488 en_pos=6.343841 en_neg=6.330353 pcd=True subgoal_reg=0.0025848988443017916 
2026-01-10 11:18:12,826 :    29/   39 dest_loss=0.032250 future_loss=0.023053 offset_loss=0.025701 kld=0.023166 cd=-0.119070 en_pos=6.477068 en_neg=6.596137 pcd=True subgoal_reg=0.0026955380591801754 
2026-01-10 11:18:28,643 :    35/   39 dest_loss=0.030610 future_loss=0.021377 offset_loss=0.024024 kld=0.024602 cd=0.012907 en_pos=6.529513 en_neg=6.516606 pcd=True subgoal_reg=0.002881338158155509 
2026-01-10 11:18:44,459 :    41/   39 dest_loss=0.038447 future_loss=0.027698 offset_loss=0.027912 kld=0.023566 cd=-0.037918 en_pos=6.335535 en_neg=6.373454 pcd=True subgoal_reg=0.002593224345472956 
2026-01-10 11:19:00,317 :    47/   39 dest_loss=0.034501 future_loss=0.024560 offset_loss=0.027012 kld=0.024576 cd=-0.054639 en_pos=6.432110 en_neg=6.486750 pcd=True subgoal_reg=0.0028322566101968774 
2026-01-10 11:19:16,027 :    53/   39 dest_loss=0.032196 future_loss=0.021917 offset_loss=0.026841 kld=0.023394 cd=-0.341237 en_pos=6.356153 en_neg=6.697391 pcd=True subgoal_reg=0.0027136834649805425 
2026-01-10 11:19:31,765 :    59/   39 dest_loss=0.031073 future_loss=0.022945 offset_loss=0.024072 kld=0.024243 cd=-0.250137 en_pos=6.339398 en_neg=6.589535 pcd=True subgoal_reg=0.0024976889070147746 
2026-01-10 11:19:47,435 :    65/   39 dest_loss=0.096304 future_loss=0.062580 offset_loss=0.063982 kld=0.023329 cd=-0.001274 en_pos=6.358114 en_neg=6.359388 pcd=True subgoal_reg=0.0029186065903537024 
2026-01-10 11:20:03,125 :    71/   39 dest_loss=0.031403 future_loss=0.022091 offset_loss=0.024884 kld=0.023190 cd=-0.082586 en_pos=6.363607 en_neg=6.446193 pcd=True subgoal_reg=0.0025953191014801203 
2026-01-10 11:20:18,950 :    77/   39 dest_loss=0.031331 future_loss=0.022622 offset_loss=0.023536 kld=0.023497 cd=0.349135 en_pos=6.650897 en_neg=6.301762 pcd=True subgoal_reg=0.002812579534419213 
2026-01-10 11:20:34,647 :    83/   39 dest_loss=0.034268 future_loss=0.024432 offset_loss=0.026786 kld=0.023350 cd=0.044804 en_pos=6.545172 en_neg=6.500368 pcd=True subgoal_reg=0.002561155729514175 
2026-01-10 11:20:50,325 :    89/   39 dest_loss=0.033006 future_loss=0.022657 offset_loss=0.025861 kld=0.024227 cd=0.132062 en_pos=6.591014 en_neg=6.458952 pcd=True subgoal_reg=0.002807766795164525 
2026-01-10 11:21:05,877 :    95/   39 dest_loss=0.032757 future_loss=0.023547 offset_loss=0.023927 kld=0.023614 cd=0.066298 en_pos=6.701912 en_neg=6.635614 pcd=True subgoal_reg=0.0028250433787264566 
2026-01-10 11:21:21,524 :   101/   39 dest_loss=0.084193 future_loss=0.049500 offset_loss=0.077759 kld=0.023561 cd=-0.107880 en_pos=6.446930 en_neg=6.554810 pcd=True subgoal_reg=0.002714207550309735 
2026-01-10 11:21:37,282 :   107/   39 dest_loss=0.035262 future_loss=0.025105 offset_loss=0.025503 kld=0.023420 cd=-0.001761 en_pos=6.405340 en_neg=6.407101 pcd=True subgoal_reg=0.0028512228347443457 
2026-01-10 11:21:52,947 :   113/   39 dest_loss=0.031991 future_loss=0.023956 offset_loss=0.026254 kld=0.024788 cd=0.013545 en_pos=6.481491 en_neg=6.467946 pcd=True subgoal_reg=0.002671505382445677 
2026-01-10 11:22:08,688 :   119/   39 dest_loss=0.039304 future_loss=0.028497 offset_loss=0.028900 kld=0.024393 cd=-0.114781 en_pos=6.451877 en_neg=6.566658 pcd=True subgoal_reg=0.002818477100338582 
2026-01-10 11:22:24,392 :   125/   39 dest_loss=0.027916 future_loss=0.020892 offset_loss=0.022718 kld=0.024966 cd=0.070350 en_pos=6.409885 en_neg=6.339535 pcd=True subgoal_reg=0.0027290090204702177 
2026-01-10 11:22:40,047 :   131/   39 dest_loss=0.033468 future_loss=0.025702 offset_loss=0.020561 kld=0.023948 cd=0.049088 en_pos=6.609702 en_neg=6.560614 pcd=True subgoal_reg=0.002705626938565256 
2026-01-10 11:22:55,806 :   137/   39 dest_loss=0.037811 future_loss=0.027351 offset_loss=0.028782 kld=0.023297 cd=-0.324843 en_pos=6.388019 en_neg=6.712863 pcd=True subgoal_reg=0.002507958480573251 
2026-01-10 11:23:11,451 :   143/   39 dest_loss=0.029224 future_loss=0.021590 offset_loss=0.022460 kld=0.023163 cd=0.075015 en_pos=6.479772 en_neg=6.404758 pcd=True subgoal_reg=0.0025408043716274222 
2026-01-10 11:23:27,139 :   149/   39 dest_loss=0.193910 future_loss=0.140370 offset_loss=0.166924 kld=0.028160 cd=-0.016334 en_pos=6.635806 en_neg=6.652140 pcd=True subgoal_reg=0.0031322421612445398 
2026-01-10 11:23:42,868 :   155/   39 dest_loss=0.135557 future_loss=0.105674 offset_loss=0.092624 kld=0.023697 cd=-0.031764 en_pos=6.459117 en_neg=6.490882 pcd=True subgoal_reg=0.0027595319445986363 
2026-01-10 11:23:58,509 :   161/   39 dest_loss=0.029643 future_loss=0.021902 offset_loss=0.023099 kld=0.024627 cd=-0.137285 en_pos=6.421788 en_neg=6.559073 pcd=True subgoal_reg=0.0028921735255257497 
2026-01-10 11:24:14,281 :   167/   39 dest_loss=0.027443 future_loss=0.019723 offset_loss=0.023046 kld=0.024963 cd=0.051467 en_pos=6.377590 en_neg=6.326123 pcd=True subgoal_reg=0.0027292750251232357 
2026-01-10 11:24:29,750 :   173/   39 dest_loss=0.030799 future_loss=0.021694 offset_loss=0.024249 kld=0.023898 cd=0.115703 en_pos=6.519452 en_neg=6.403748 pcd=True subgoal_reg=0.0027705204589115193 
2026-01-10 11:24:45,543 :   179/   39 dest_loss=0.079244 future_loss=0.069153 offset_loss=0.094744 kld=0.023186 cd=-0.257868 en_pos=6.395431 en_neg=6.653299 pcd=True subgoal_reg=0.0030612665134633382 
2026-01-10 11:25:01,225 :   185/   39 dest_loss=0.035602 future_loss=0.025190 offset_loss=0.027968 kld=0.023480 cd=0.226099 en_pos=6.551014 en_neg=6.324915 pcd=True subgoal_reg=0.0026837368903909506 
2026-01-10 11:25:16,933 :   191/   39 dest_loss=0.030905 future_loss=0.022863 offset_loss=0.024568 kld=0.024601 cd=-0.008738 en_pos=6.340505 en_neg=6.349243 pcd=True subgoal_reg=0.002862520042601034 
2026-01-10 11:25:32,649 :   197/   39 dest_loss=0.055109 future_loss=0.052965 offset_loss=0.032141 kld=0.023893 cd=0.053936 en_pos=6.544463 en_neg=6.490527 pcd=True subgoal_reg=0.002655321795353897 
2026-01-10 11:25:48,362 :   203/   39 dest_loss=0.035373 future_loss=0.024317 offset_loss=0.026969 kld=0.024908 cd=-0.003140 en_pos=6.449237 en_neg=6.452376 pcd=True subgoal_reg=0.003050829533385429 
2026-01-10 11:26:04,122 :   209/   39 dest_loss=0.033408 future_loss=0.024940 offset_loss=0.025986 kld=0.025137 cd=-0.054619 en_pos=6.421790 en_neg=6.476409 pcd=True subgoal_reg=0.002702566014256438 
2026-01-10 11:26:19,883 :   215/   39 dest_loss=0.026630 future_loss=0.018919 offset_loss=0.021359 kld=0.023537 cd=-0.131710 en_pos=6.454340 en_neg=6.586050 pcd=True subgoal_reg=0.002770472225237486 
2026-01-10 11:26:35,626 :   221/   39 dest_loss=0.029621 future_loss=0.020414 offset_loss=0.024393 kld=0.022957 cd=-0.059749 en_pos=6.498618 en_neg=6.558367 pcd=True subgoal_reg=0.002688329935512865 
2026-01-10 11:26:51,429 :   227/   39 dest_loss=0.034876 future_loss=0.032531 offset_loss=0.040976 kld=0.023264 cd=-0.105280 en_pos=6.476831 en_neg=6.582111 pcd=True subgoal_reg=0.002573362559234893 
2026-01-10 11:27:07,134 :   233/   39 dest_loss=0.027420 future_loss=0.019473 offset_loss=0.022049 kld=0.023116 cd=-0.065768 en_pos=6.381377 en_neg=6.447144 pcd=True subgoal_reg=0.0027250449728244246 
2026-01-10 11:27:22,919 :   239/   39 dest_loss=0.032019 future_loss=0.022619 offset_loss=0.025163 kld=0.023201 cd=0.003161 en_pos=6.377780 en_neg=6.374619 pcd=True subgoal_reg=0.0025471327894170076 
2026-01-10 11:27:38,655 :   245/   39 dest_loss=0.035399 future_loss=0.024745 offset_loss=0.026656 kld=0.023734 cd=-0.111531 en_pos=6.493734 en_neg=6.605266 pcd=True subgoal_reg=0.0026421844471597273 
2026-01-10 11:27:54,148 :   251/   39 dest_loss=0.029262 future_loss=0.020711 offset_loss=0.022931 kld=0.024787 cd=-0.072915 en_pos=6.452684 en_neg=6.525599 pcd=True subgoal_reg=0.0026085584064246053 
2026-01-10 11:28:09,895 :   257/   39 dest_loss=0.033666 future_loss=0.024661 offset_loss=0.025541 kld=0.023923 cd=-0.191525 en_pos=6.371668 en_neg=6.563193 pcd=True subgoal_reg=0.002659623001473814 
2026-01-10 11:28:25,608 :   263/   39 dest_loss=0.036586 future_loss=0.027096 offset_loss=0.023928 kld=0.023513 cd=-0.032038 en_pos=6.546336 en_neg=6.578374 pcd=True subgoal_reg=0.003083627465234445 
2026-01-10 11:28:41,363 :   269/   39 dest_loss=0.044208 future_loss=0.028921 offset_loss=0.038430 kld=0.023323 cd=-0.109309 en_pos=6.258202 en_neg=6.367511 pcd=True subgoal_reg=0.0028187346170976536 
2026-01-10 11:28:57,077 :   275/   39 dest_loss=0.072891 future_loss=0.055590 offset_loss=0.096594 kld=0.025002 cd=0.305825 en_pos=6.631436 en_neg=6.325611 pcd=True subgoal_reg=0.002834594549133324 
2026-01-10 11:29:12,716 :   281/   39 dest_loss=0.030152 future_loss=0.021445 offset_loss=0.023620 kld=0.023483 cd=-0.009201 en_pos=6.370221 en_neg=6.379422 pcd=True subgoal_reg=0.002665513511106317 
2026-01-10 11:29:28,445 :   287/   39 dest_loss=0.118038 future_loss=0.080803 offset_loss=0.084501 kld=0.024518 cd=0.227762 en_pos=6.704625 en_neg=6.476863 pcd=True subgoal_reg=0.0028605855015197135 
2026-01-10 11:29:44,178 :   293/   39 dest_loss=0.031930 future_loss=0.023381 offset_loss=0.025577 kld=0.024249 cd=0.084092 en_pos=6.396818 en_neg=6.312726 pcd=True subgoal_reg=0.002663613063168953 
2026-01-10 11:29:59,829 :   299/   39 dest_loss=0.028063 future_loss=0.021398 offset_loss=0.022550 kld=0.024381 cd=0.068480 en_pos=6.454940 en_neg=6.386460 pcd=True subgoal_reg=0.0025391097346156833 
2026-01-10 11:30:15,487 :   305/   39 dest_loss=0.031122 future_loss=0.022368 offset_loss=0.024252 kld=0.023263 cd=0.108735 en_pos=6.553202 en_neg=6.444466 pcd=True subgoal_reg=0.0026845516384162256 
2026-01-10 11:30:31,091 :   311/   39 dest_loss=0.028578 future_loss=0.021661 offset_loss=0.019768 kld=0.023887 cd=-0.269710 en_pos=6.400571 en_neg=6.670281 pcd=True subgoal_reg=0.0028771540728231276 
2026-01-10 11:30:46,806 :   317/   39 dest_loss=0.036340 future_loss=0.026180 offset_loss=0.028914 kld=0.023188 cd=-0.010861 en_pos=6.273443 en_neg=6.284303 pcd=True subgoal_reg=0.0026551850508993754 
2026-01-10 11:31:02,522 :   323/   39 dest_loss=0.029048 future_loss=0.020891 offset_loss=0.023297 kld=0.022457 cd=-0.006319 en_pos=6.377616 en_neg=6.383935 pcd=True subgoal_reg=0.0025630938521983395 
2026-01-10 11:31:17,974 :   329/   39 dest_loss=0.041097 future_loss=0.029122 offset_loss=0.030117 kld=0.023827 cd=-0.154182 en_pos=6.289859 en_neg=6.444041 pcd=True subgoal_reg=0.002533651333185292 
2026-01-10 11:31:33,779 :   335/   39 dest_loss=0.032142 future_loss=0.023718 offset_loss=0.025601 kld=0.023946 cd=-0.053015 en_pos=6.354603 en_neg=6.407618 pcd=True subgoal_reg=0.0025321541019857003 
2026-01-10 11:31:49,509 :   341/   39 dest_loss=0.031569 future_loss=0.023144 offset_loss=0.022642 kld=0.023236 cd=-0.117786 en_pos=6.534297 en_neg=6.652083 pcd=True subgoal_reg=0.0027483215580584443 
2026-01-10 11:32:05,152 :   347/   39 dest_loss=0.102023 future_loss=0.061279 offset_loss=0.081909 kld=0.025723 cd=-0.190267 en_pos=6.330013 en_neg=6.520279 pcd=True subgoal_reg=0.002728131935583075 
2026-01-10 11:32:20,894 :   353/   39 dest_loss=0.033017 future_loss=0.024351 offset_loss=0.025772 kld=0.024910 cd=0.036934 en_pos=6.404410 en_neg=6.367476 pcd=True subgoal_reg=0.0027597079856611427 
2026-01-10 11:32:36,620 :   359/   39 dest_loss=0.192419 future_loss=0.169365 offset_loss=0.150835 kld=0.028198 cd=0.286575 en_pos=6.545155 en_neg=6.258581 pcd=True subgoal_reg=0.0031329143870277632 
2026-01-10 11:32:52,437 :   365/   39 dest_loss=0.038445 future_loss=0.026027 offset_loss=0.028641 kld=0.023263 cd=-0.097582 en_pos=6.307968 en_neg=6.405550 pcd=True subgoal_reg=0.002933774827601529 
2026-01-10 11:33:08,144 :   371/   39 dest_loss=0.035037 future_loss=0.024633 offset_loss=0.027343 kld=0.023105 cd=-0.109332 en_pos=6.419832 en_neg=6.529164 pcd=True subgoal_reg=0.002790470085588045 
2026-01-10 11:33:23,799 :   377/   39 dest_loss=0.027922 future_loss=0.020613 offset_loss=0.021860 kld=0.023194 cd=-0.014345 en_pos=6.406162 en_neg=6.420507 pcd=True subgoal_reg=0.0026914688182592 
2026-01-10 11:33:39,527 :   383/   39 dest_loss=0.029342 future_loss=0.021202 offset_loss=0.023869 kld=0.024766 cd=0.019352 en_pos=6.601380 en_neg=6.582028 pcd=True subgoal_reg=0.0029636211715415896 
2026-01-10 11:33:55,103 :   389/   39 dest_loss=0.026426 future_loss=0.018955 offset_loss=0.021919 kld=0.022901 cd=0.009449 en_pos=6.354698 en_neg=6.345249 pcd=True subgoal_reg=0.002451543423487313 
2026-01-10 11:34:10,768 :   395/   39 dest_loss=0.027046 future_loss=0.019588 offset_loss=0.021700 kld=0.024751 cd=0.089378 en_pos=6.512120 en_neg=6.422742 pcd=True subgoal_reg=0.002835172287890226 
2026-01-10 11:34:26,285 :   401/   39 dest_loss=0.027823 future_loss=0.020121 offset_loss=0.021968 kld=0.023373 cd=-0.259250 en_pos=6.314129 en_neg=6.573379 pcd=True subgoal_reg=0.002721636789756323 
2026-01-10 11:34:41,723 :   407/   39 dest_loss=0.029039 future_loss=0.020815 offset_loss=0.022816 kld=0.024075 cd=-0.140996 en_pos=6.357320 en_neg=6.498316 pcd=True subgoal_reg=0.0024733395872840536 
2026-01-10 11:34:57,413 :   413/   39 dest_loss=0.034343 future_loss=0.026014 offset_loss=0.022463 kld=0.023640 cd=0.035430 en_pos=6.477949 en_neg=6.442519 pcd=True subgoal_reg=0.00260477360550378 
2026-01-10 11:35:13,088 :   419/   39 dest_loss=0.146111 future_loss=0.116556 offset_loss=0.130039 kld=0.026441 cd=-0.031980 en_pos=6.547094 en_neg=6.579075 pcd=True subgoal_reg=0.002811546730116926 
2026-01-10 11:35:28,774 :   425/   39 dest_loss=0.035431 future_loss=0.024820 offset_loss=0.027954 kld=0.023343 cd=-0.112896 en_pos=6.293885 en_neg=6.406781 pcd=True subgoal_reg=0.0026991233048921735 
2026-01-10 11:35:44,491 :   431/   39 dest_loss=0.149137 future_loss=0.099639 offset_loss=0.163029 kld=0.027018 cd=-0.081502 en_pos=6.461870 en_neg=6.543372 pcd=True subgoal_reg=0.0029820902749841554 
2026-01-10 11:36:00,103 :   437/   39 dest_loss=0.031271 future_loss=0.022466 offset_loss=0.024253 kld=0.023341 cd=0.026154 en_pos=6.534830 en_neg=6.508676 pcd=True subgoal_reg=0.002631261673762651 
2026-01-10 11:36:15,828 :   443/   39 dest_loss=0.038510 future_loss=0.028265 offset_loss=0.028611 kld=0.023738 cd=-0.016849 en_pos=6.513329 en_neg=6.530177 pcd=True subgoal_reg=0.0024888165221024633 
2026-01-10 11:36:31,489 :   449/   39 dest_loss=0.171393 future_loss=0.136468 offset_loss=0.112526 kld=0.024517 cd=-0.111508 en_pos=6.308413 en_neg=6.419921 pcd=True subgoal_reg=0.0026381612824406967 
2026-01-10 11:36:47,142 :   455/   39 dest_loss=0.040516 future_loss=0.029888 offset_loss=0.024710 kld=0.024246 cd=0.100987 en_pos=6.669825 en_neg=6.568839 pcd=True subgoal_reg=0.0028495499241430085 
2026-01-10 11:37:02,876 :   461/   39 dest_loss=0.034680 future_loss=0.025643 offset_loss=0.027042 kld=0.023945 cd=0.124210 en_pos=6.449056 en_neg=6.324846 pcd=True subgoal_reg=0.0029444853192434847 
2026-01-10 11:37:18,660 :   467/   39 dest_loss=0.029522 future_loss=0.022930 offset_loss=0.019486 kld=0.023171 cd=-0.017604 en_pos=6.452297 en_neg=6.469902 pcd=True subgoal_reg=0.00266854522562162 
2026-01-10 11:37:34,373 :   473/   39 dest_loss=0.032238 future_loss=0.022728 offset_loss=0.024131 kld=0.023212 cd=-0.211956 en_pos=6.265930 en_neg=6.477887 pcd=True subgoal_reg=0.0027173073852831816 
2026-01-10 11:37:50,025 :   479/   39 dest_loss=0.036863 future_loss=0.026432 offset_loss=0.028664 kld=0.024853 cd=-0.000214 en_pos=6.497055 en_neg=6.497269 pcd=True subgoal_reg=0.0027112516728401764 
2026-01-10 11:38:05,577 :   485/   39 dest_loss=0.030471 future_loss=0.021436 offset_loss=0.024633 kld=0.022970 cd=0.049514 en_pos=6.429189 en_neg=6.379675 pcd=True subgoal_reg=0.0026694149967751617 
2026-01-10 11:38:21,247 :   491/   39 dest_loss=0.031439 future_loss=0.021989 offset_loss=0.024748 kld=0.023905 cd=-0.181584 en_pos=6.394561 en_neg=6.576146 pcd=True subgoal_reg=0.0028361728111345364 
2026-01-10 11:38:36,947 :   497/   39 dest_loss=0.174704 future_loss=0.122727 offset_loss=0.201207 kld=0.025461 cd=-0.161002 en_pos=6.559021 en_neg=6.720023 pcd=True subgoal_reg=0.003304321314750181 
2026-01-10 11:38:52,705 :   503/   39 dest_loss=0.031253 future_loss=0.022033 offset_loss=0.024465 kld=0.023088 cd=-0.060150 en_pos=6.394183 en_neg=6.454334 pcd=True subgoal_reg=0.0027627341309438185 
2026-01-10 11:39:08,327 :   509/   39 dest_loss=0.032321 future_loss=0.023225 offset_loss=0.024342 kld=0.023299 cd=-0.054428 en_pos=6.408871 en_neg=6.463298 pcd=True subgoal_reg=0.003044195295971538 
2026-01-10 11:40:42,049 : Train Loss 88.53997865996008
2026-01-10 11:40:42,050 : Overall Loss 17.910437316471306
2026-01-10 11:40:42,050 : Dest Loss 24.058948171202374
2026-01-10 11:40:42,050 : Val ADE 0.11821031256641111
2026-01-10 11:40:42,050 : Val FDE 0.14191315475188274
2026-01-10 11:40:42,050 : Val Best ADE 0.11818155944526287
2026-01-10 11:40:42,050 : Val Best FDE 0.14221544238019562
2026-01-10 11:40:42,050 : ----->learning rate 9.765625e-06
2026-01-10 11:40:57,838 :     5/   40 dest_loss=0.029113 future_loss=0.021109 offset_loss=0.022834 kld=0.025399 cd=0.008979 en_pos=6.549175 en_neg=6.540197 pcd=True subgoal_reg=0.002891637016025141 
2026-01-10 11:41:13,495 :    11/   40 dest_loss=0.025679 future_loss=0.019061 offset_loss=0.020494 kld=0.023711 cd=0.013252 en_pos=6.392181 en_neg=6.378929 pcd=True subgoal_reg=0.0025745095328170474 
2026-01-10 11:41:28,996 :    17/   40 dest_loss=0.027683 future_loss=0.019659 offset_loss=0.021972 kld=0.023318 cd=0.237704 en_pos=6.607483 en_neg=6.369779 pcd=True subgoal_reg=0.0029053511032150333 
2026-01-10 11:41:44,686 :    23/   40 dest_loss=0.029234 future_loss=0.020792 offset_loss=0.022011 kld=0.023220 cd=0.152500 en_pos=6.587773 en_neg=6.435273 pcd=True subgoal_reg=0.002600019170153344 
2026-01-10 11:42:00,365 :    29/   40 dest_loss=0.030777 future_loss=0.022655 offset_loss=0.023107 kld=0.023144 cd=0.010015 en_pos=6.318926 en_neg=6.308912 pcd=True subgoal_reg=0.0023520206121213855 
2026-01-10 11:42:16,045 :    35/   40 dest_loss=0.033189 future_loss=0.023883 offset_loss=0.025993 kld=0.024089 cd=0.166478 en_pos=6.497447 en_neg=6.330968 pcd=True subgoal_reg=0.002804299439556017 
2026-01-10 11:42:31,719 :    41/   40 dest_loss=0.032977 future_loss=0.023078 offset_loss=0.026068 kld=0.024606 cd=0.072898 en_pos=6.452616 en_neg=6.379718 pcd=True subgoal_reg=0.0026770982240929804 
2026-01-10 11:42:47,389 :    47/   40 dest_loss=0.029803 future_loss=0.021518 offset_loss=0.023265 kld=0.023755 cd=-0.086148 en_pos=6.460572 en_neg=6.546720 pcd=True subgoal_reg=0.002547265770220194 
2026-01-10 11:43:03,039 :    53/   40 dest_loss=0.031303 future_loss=0.022017 offset_loss=0.024395 kld=0.024398 cd=-0.024760 en_pos=6.618726 en_neg=6.643487 pcd=True subgoal_reg=0.0028609138770466203 
2026-01-10 11:43:18,648 :    59/   40 dest_loss=0.028696 future_loss=0.021021 offset_loss=0.022757 kld=0.023337 cd=-0.126889 en_pos=6.417004 en_neg=6.543893 pcd=True subgoal_reg=0.002672170366593027 
2026-01-10 11:43:34,362 :    65/   40 dest_loss=0.034316 future_loss=0.023650 offset_loss=0.026694 kld=0.024494 cd=-0.201296 en_pos=6.389973 en_neg=6.591269 pcd=True subgoal_reg=0.002793549199439853 
2026-01-10 11:43:50,009 :    71/   40 dest_loss=0.031701 future_loss=0.022101 offset_loss=0.023780 kld=0.023429 cd=0.214249 en_pos=6.556068 en_neg=6.341819 pcd=True subgoal_reg=0.002731057077437555 
2026-01-10 11:44:05,679 :    77/   40 dest_loss=0.031224 future_loss=0.023165 offset_loss=0.024236 kld=0.023798 cd=-0.049822 en_pos=6.277709 en_neg=6.327531 pcd=True subgoal_reg=0.0026726548322709032 
2026-01-10 11:44:21,293 :    83/   40 dest_loss=0.033452 future_loss=0.024231 offset_loss=0.025696 kld=0.023161 cd=-0.249156 en_pos=6.368209 en_neg=6.617365 pcd=True subgoal_reg=0.00254421166763212 
2026-01-10 11:44:36,763 :    89/   40 dest_loss=0.031877 future_loss=0.022383 offset_loss=0.024117 kld=0.023524 cd=-0.046234 en_pos=6.608843 en_neg=6.655077 pcd=True subgoal_reg=0.002569426702231122 
2026-01-10 11:44:52,517 :    95/   40 dest_loss=0.031267 future_loss=0.023015 offset_loss=0.023738 kld=0.023273 cd=0.120227 en_pos=6.547193 en_neg=6.426966 pcd=True subgoal_reg=0.002751484049468126 
2026-01-10 11:45:08,193 :   101/   40 dest_loss=0.037071 future_loss=0.029187 offset_loss=0.031207 kld=0.024762 cd=0.008542 en_pos=6.481903 en_neg=6.473361 pcd=True subgoal_reg=0.0026152681798416017 
2026-01-10 11:45:23,833 :   107/   40 dest_loss=0.032940 future_loss=0.023696 offset_loss=0.025605 kld=0.024647 cd=0.055872 en_pos=6.488705 en_neg=6.432834 pcd=True subgoal_reg=0.002621684938909258 
2026-01-10 11:45:39,630 :   113/   40 dest_loss=0.034786 future_loss=0.024931 offset_loss=0.026243 kld=0.023492 cd=0.075460 en_pos=6.315022 en_neg=6.239561 pcd=True subgoal_reg=0.002429842215821494 
2026-01-10 11:45:55,212 :   119/   40 dest_loss=0.030869 future_loss=0.022642 offset_loss=0.023938 kld=0.024149 cd=0.034994 en_pos=6.619577 en_neg=6.584583 pcd=True subgoal_reg=0.00275638578609755 
2026-01-10 11:46:10,889 :   125/   40 dest_loss=0.037385 future_loss=0.026795 offset_loss=0.028374 kld=0.024547 cd=-0.043048 en_pos=6.539474 en_neg=6.582522 pcd=True subgoal_reg=0.0026857205037701926 
2026-01-10 11:46:26,450 :   131/   40 dest_loss=0.030600 future_loss=0.021832 offset_loss=0.023763 kld=0.023589 cd=0.168754 en_pos=6.578530 en_neg=6.409776 pcd=True subgoal_reg=0.002573482033365872 
2026-01-10 11:46:42,056 :   137/   40 dest_loss=0.032610 future_loss=0.024361 offset_loss=0.025777 kld=0.024052 cd=0.226612 en_pos=6.455407 en_neg=6.228794 pcd=True subgoal_reg=0.0025589182603480507 
2026-01-10 11:46:57,648 :   143/   40 dest_loss=0.026133 future_loss=0.018649 offset_loss=0.020153 kld=0.022958 cd=-0.077832 en_pos=6.411679 en_neg=6.489511 pcd=True subgoal_reg=0.002774997012357322 
2026-01-10 11:47:13,328 :   149/   40 dest_loss=0.037522 future_loss=0.026873 offset_loss=0.028017 kld=0.023252 cd=-0.041879 en_pos=6.438424 en_neg=6.480303 pcd=True subgoal_reg=0.002509695261809895 
2026-01-10 11:47:28,974 :   155/   40 dest_loss=0.061270 future_loss=0.047353 offset_loss=0.047492 kld=0.024594 cd=-0.053697 en_pos=6.555098 en_neg=6.608795 pcd=True subgoal_reg=0.002823227135766681 
2026-01-10 11:47:44,748 :   161/   40 dest_loss=0.034969 future_loss=0.025137 offset_loss=0.028242 kld=0.024515 cd=0.066224 en_pos=6.464500 en_neg=6.398275 pcd=True subgoal_reg=0.002508900294847475 
2026-01-10 11:48:00,280 :   167/   40 dest_loss=0.031726 future_loss=0.022088 offset_loss=0.024154 kld=0.023364 cd=0.187900 en_pos=6.473457 en_neg=6.285557 pcd=True subgoal_reg=0.0026840722916819182 
2026-01-10 11:48:15,964 :   173/   40 dest_loss=0.033486 future_loss=0.024132 offset_loss=0.025816 kld=0.023480 cd=0.236364 en_pos=6.716458 en_neg=6.480094 pcd=True subgoal_reg=0.0029468081229658736 
2026-01-10 11:48:31,647 :   179/   40 dest_loss=0.030592 future_loss=0.022985 offset_loss=0.023728 kld=0.024171 cd=0.013730 en_pos=6.299759 en_neg=6.286029 pcd=True subgoal_reg=0.002643553144944232 
2026-01-10 11:48:47,410 :   185/   40 dest_loss=0.093623 future_loss=0.066078 offset_loss=0.084224 kld=0.026629 cd=0.170943 en_pos=6.470232 en_neg=6.299289 pcd=True subgoal_reg=0.002833142079662252 
2026-01-10 11:49:03,148 :   191/   40 dest_loss=0.034334 future_loss=0.023981 offset_loss=0.025950 kld=0.023063 cd=-0.046411 en_pos=6.545821 en_neg=6.592233 pcd=True subgoal_reg=0.002786170932294847 
2026-01-10 11:49:18,806 :   197/   40 dest_loss=0.034163 future_loss=0.024410 offset_loss=0.026441 kld=0.023812 cd=-0.009232 en_pos=6.416440 en_neg=6.425672 pcd=True subgoal_reg=0.002746659605773824 
2026-01-10 11:49:34,512 :   203/   40 dest_loss=0.028344 future_loss=0.020552 offset_loss=0.022310 kld=0.024031 cd=0.010438 en_pos=6.327048 en_neg=6.316610 pcd=True subgoal_reg=0.002638088819133666 
2026-01-10 11:49:50,249 :   209/   40 dest_loss=0.031648 future_loss=0.021915 offset_loss=0.024852 kld=0.024406 cd=-0.073396 en_pos=6.417191 en_neg=6.490586 pcd=True subgoal_reg=0.0026893025802120422 
2026-01-10 11:50:05,923 :   215/   40 dest_loss=0.035032 future_loss=0.023253 offset_loss=0.029803 kld=0.022892 cd=-0.083252 en_pos=6.285914 en_neg=6.369166 pcd=True subgoal_reg=0.0025099616634145496 
2026-01-10 11:50:21,682 :   221/   40 dest_loss=0.038763 future_loss=0.027503 offset_loss=0.030082 kld=0.025079 cd=0.205048 en_pos=6.511048 en_neg=6.306000 pcd=True subgoal_reg=0.002855410654164862 
2026-01-10 11:50:37,473 :   227/   40 dest_loss=0.035044 future_loss=0.025380 offset_loss=0.027011 kld=0.024126 cd=-0.302350 en_pos=6.241529 en_neg=6.543880 pcd=True subgoal_reg=0.0026270824714569774 
2026-01-10 11:50:53,226 :   233/   40 dest_loss=0.064165 future_loss=0.060603 offset_loss=0.056724 kld=0.025253 cd=0.063415 en_pos=6.547488 en_neg=6.484073 pcd=True subgoal_reg=0.002613177516683064 
2026-01-10 11:51:08,973 :   239/   40 dest_loss=0.033193 future_loss=0.023657 offset_loss=0.025106 kld=0.023259 cd=0.026213 en_pos=6.359727 en_neg=6.333513 pcd=True subgoal_reg=0.0024181284469519835 
2026-01-10 11:51:24,559 :   245/   40 dest_loss=0.030980 future_loss=0.023052 offset_loss=0.024385 kld=0.024286 cd=-0.010961 en_pos=6.275476 en_neg=6.286437 pcd=True subgoal_reg=0.0026556813192134964 
2026-01-10 11:51:40,412 :   251/   40 dest_loss=0.030359 future_loss=0.022233 offset_loss=0.024542 kld=0.024555 cd=-0.086966 en_pos=6.488957 en_neg=6.575923 pcd=True subgoal_reg=0.0026909539587608175 
2026-01-10 11:51:56,176 :   257/   40 dest_loss=0.033176 future_loss=0.023132 offset_loss=0.025529 kld=0.024393 cd=0.154993 en_pos=6.519551 en_neg=6.364559 pcd=True subgoal_reg=0.0027370906130480903 
2026-01-10 11:52:11,966 :   263/   40 dest_loss=0.034666 future_loss=0.024891 offset_loss=0.027257 kld=0.023057 cd=0.213713 en_pos=6.577282 en_neg=6.363569 pcd=True subgoal_reg=0.002705569204193245 
2026-01-10 11:52:27,770 :   269/   40 dest_loss=0.028929 future_loss=0.022075 offset_loss=0.022489 kld=0.023420 cd=-0.151690 en_pos=6.393005 en_neg=6.544695 pcd=True subgoal_reg=0.002758193773577487 
2026-01-10 11:52:43,505 :   275/   40 dest_loss=0.098507 future_loss=0.070136 offset_loss=0.081335 kld=0.024818 cd=0.020922 en_pos=6.550221 en_neg=6.529299 pcd=True subgoal_reg=0.0027142129424311337 
2026-01-10 11:52:59,215 :   281/   40 dest_loss=0.082034 future_loss=0.061986 offset_loss=0.061757 kld=0.024513 cd=-0.161743 en_pos=6.446996 en_neg=6.608739 pcd=True subgoal_reg=0.002899875628478829 
2026-01-10 11:53:14,909 :   287/   40 dest_loss=0.062923 future_loss=0.044930 offset_loss=0.062145 kld=0.021829 cd=0.065626 en_pos=6.520477 en_neg=6.454852 pcd=True subgoal_reg=0.0026280602885526334 
2026-01-10 11:53:30,576 :   293/   40 dest_loss=0.074268 future_loss=0.056421 offset_loss=0.052410 kld=0.023965 cd=-0.085570 en_pos=6.400393 en_neg=6.485963 pcd=True subgoal_reg=0.0028366252751131785 
2026-01-10 11:53:46,378 :   299/   40 dest_loss=0.031235 future_loss=0.022102 offset_loss=0.023709 kld=0.022839 cd=-0.126680 en_pos=6.392617 en_neg=6.519298 pcd=True subgoal_reg=0.002627101595498559 
2026-01-10 11:54:02,026 :   305/   40 dest_loss=0.089976 future_loss=0.081148 offset_loss=0.049968 kld=0.023986 cd=-0.094118 en_pos=6.331625 en_neg=6.425744 pcd=True subgoal_reg=0.0026802693699893828 
2026-01-10 11:54:17,684 :   311/   40 dest_loss=0.035035 future_loss=0.025612 offset_loss=0.024068 kld=0.023539 cd=-0.285234 en_pos=6.412978 en_neg=6.698212 pcd=True subgoal_reg=0.002624556868530745 
2026-01-10 11:54:33,342 :   317/   40 dest_loss=0.072019 future_loss=0.047548 offset_loss=0.076193 kld=0.023240 cd=-0.134240 en_pos=6.431916 en_neg=6.566156 pcd=True subgoal_reg=0.002718244650561019 
2026-01-10 11:54:48,810 :   323/   40 dest_loss=0.035082 future_loss=0.024601 offset_loss=0.026387 kld=0.025294 cd=-0.094002 en_pos=6.546169 en_neg=6.640171 pcd=True subgoal_reg=0.0028941961399669494 
2026-01-10 11:55:04,593 :   329/   40 dest_loss=0.029981 future_loss=0.021918 offset_loss=0.023855 kld=0.024377 cd=0.266615 en_pos=6.731705 en_neg=6.465090 pcd=True subgoal_reg=0.002573953958052773 
2026-01-10 11:55:20,322 :   335/   40 dest_loss=0.028443 future_loss=0.019254 offset_loss=0.023990 kld=0.023017 cd=0.414561 en_pos=6.670512 en_neg=6.255951 pcd=True subgoal_reg=0.002550976463367783 
2026-01-10 11:55:36,155 :   341/   40 dest_loss=0.030887 future_loss=0.022464 offset_loss=0.024324 kld=0.025079 cd=0.068465 en_pos=6.414051 en_neg=6.345586 pcd=True subgoal_reg=0.0026369239922365293 
2026-01-10 11:55:52,428 :   347/   40 dest_loss=0.031859 future_loss=0.023020 offset_loss=0.023205 kld=0.023526 cd=-0.219150 en_pos=6.239738 en_neg=6.458888 pcd=True subgoal_reg=0.003013980716943692 
2026-01-10 11:56:08,105 :   353/   40 dest_loss=0.029379 future_loss=0.021182 offset_loss=0.022753 kld=0.024365 cd=0.099779 en_pos=6.570464 en_neg=6.470686 pcd=True subgoal_reg=0.0028146774545548927 
2026-01-10 11:56:23,757 :   359/   40 dest_loss=0.029079 future_loss=0.020673 offset_loss=0.022469 kld=0.023502 cd=-0.137842 en_pos=6.489736 en_neg=6.627577 pcd=True subgoal_reg=0.0027457547055411494 
2026-01-10 11:56:39,360 :   365/   40 dest_loss=0.027656 future_loss=0.020440 offset_loss=0.022974 kld=0.023492 cd=-0.191344 en_pos=6.225085 en_neg=6.416429 pcd=True subgoal_reg=0.0023807419145322234 
2026-01-10 11:56:55,018 :   371/   40 dest_loss=0.033333 future_loss=0.024166 offset_loss=0.026502 kld=0.023498 cd=0.142334 en_pos=6.441203 en_neg=6.298869 pcd=True subgoal_reg=0.0027419616836068536 
2026-01-10 11:57:10,523 :   377/   40 dest_loss=0.039183 future_loss=0.027218 offset_loss=0.030381 kld=0.023410 cd=0.032311 en_pos=6.469415 en_neg=6.437104 pcd=True subgoal_reg=0.0026954175196181518 
2026-01-10 11:57:26,082 :   383/   40 dest_loss=0.032207 future_loss=0.023554 offset_loss=0.025344 kld=0.025215 cd=-0.216861 en_pos=6.512833 en_neg=6.729694 pcd=True subgoal_reg=0.0028259657940523175 
2026-01-10 11:57:41,773 :   389/   40 dest_loss=0.034900 future_loss=0.024577 offset_loss=0.025724 kld=0.022928 cd=0.111504 en_pos=6.544877 en_neg=6.433374 pcd=True subgoal_reg=0.002565289433912967 
2026-01-10 11:57:57,326 :   395/   40 dest_loss=0.036044 future_loss=0.025909 offset_loss=0.029164 kld=0.024329 cd=0.014519 en_pos=6.315264 en_neg=6.300745 pcd=True subgoal_reg=0.002559040102396188 
2026-01-10 11:58:12,745 :   401/   40 dest_loss=0.030222 future_loss=0.021431 offset_loss=0.022893 kld=0.022967 cd=0.086865 en_pos=6.568116 en_neg=6.481251 pcd=True subgoal_reg=0.0027644573501182275 
2026-01-10 11:58:28,323 :   407/   40 dest_loss=0.066293 future_loss=0.053251 offset_loss=0.064879 kld=0.023605 cd=0.078620 en_pos=6.511435 en_neg=6.432815 pcd=True subgoal_reg=0.0027031955056202404 
2026-01-10 11:58:43,943 :   413/   40 dest_loss=0.035148 future_loss=0.025166 offset_loss=0.026264 kld=0.024282 cd=-0.078826 en_pos=6.381435 en_neg=6.460262 pcd=True subgoal_reg=0.0028245979282158777 
2026-01-10 11:58:59,477 :   419/   40 dest_loss=0.031865 future_loss=0.022976 offset_loss=0.025222 kld=0.023067 cd=0.143456 en_pos=6.367110 en_neg=6.223654 pcd=True subgoal_reg=0.0025565222117792125 
2026-01-10 11:59:14,972 :   425/   40 dest_loss=0.034176 future_loss=0.024475 offset_loss=0.026798 kld=0.024336 cd=-0.163217 en_pos=6.347390 en_neg=6.510607 pcd=True subgoal_reg=0.002905729982295187 
2026-01-10 11:59:30,451 :   431/   40 dest_loss=0.033693 future_loss=0.024298 offset_loss=0.026063 kld=0.024714 cd=-0.041356 en_pos=6.398853 en_neg=6.440209 pcd=True subgoal_reg=0.002837284923426429 
2026-01-10 11:59:46,047 :   437/   40 dest_loss=0.059938 future_loss=0.048801 offset_loss=0.053119 kld=0.024620 cd=-0.122437 en_pos=6.476429 en_neg=6.598866 pcd=True subgoal_reg=0.002922993836488841 
2026-01-10 12:00:01,596 :   443/   40 dest_loss=0.036075 future_loss=0.026320 offset_loss=0.023590 kld=0.023468 cd=0.282297 en_pos=6.691088 en_neg=6.408791 pcd=True subgoal_reg=0.0029046797886481137 
2026-01-10 12:00:17,152 :   449/   40 dest_loss=0.100716 future_loss=0.075830 offset_loss=0.096088 kld=0.024699 cd=-0.120634 en_pos=6.459607 en_neg=6.580241 pcd=True subgoal_reg=0.002870595028085593 
2026-01-10 12:00:32,736 :   455/   40 dest_loss=0.031230 future_loss=0.022406 offset_loss=0.023942 kld=0.023743 cd=-0.108010 en_pos=6.421000 en_neg=6.529010 pcd=True subgoal_reg=0.002428662772899775 
2026-01-10 12:00:48,325 :   461/   40 dest_loss=0.144396 future_loss=0.118802 offset_loss=0.085230 kld=0.025714 cd=0.241050 en_pos=6.769723 en_neg=6.528674 pcd=True subgoal_reg=0.0031483160183129596 
2026-01-10 12:01:03,830 :   467/   40 dest_loss=0.028412 future_loss=0.020866 offset_loss=0.022624 kld=0.024537 cd=0.197903 en_pos=6.600928 en_neg=6.403024 pcd=True subgoal_reg=0.002757671893915162 
2026-01-10 12:01:19,331 :   473/   40 dest_loss=0.033133 future_loss=0.023915 offset_loss=0.025606 kld=0.025014 cd=-0.123740 en_pos=6.540208 en_neg=6.663948 pcd=True subgoal_reg=0.0029507435787040764 
2026-01-10 12:01:34,746 :   479/   40 dest_loss=0.031008 future_loss=0.021924 offset_loss=0.024942 kld=0.023839 cd=0.122723 en_pos=6.486002 en_neg=6.363279 pcd=True subgoal_reg=0.002691698972835306 
2026-01-10 12:01:50,321 :   485/   40 dest_loss=0.032458 future_loss=0.022895 offset_loss=0.025286 kld=0.022826 cd=-0.140326 en_pos=6.300390 en_neg=6.440716 pcd=True subgoal_reg=0.0024449634241869426 
2026-01-10 12:02:05,853 :   491/   40 dest_loss=0.033524 future_loss=0.024596 offset_loss=0.027477 kld=0.023607 cd=0.063314 en_pos=6.391343 en_neg=6.328029 pcd=True subgoal_reg=0.002567704817424451 
2026-01-10 12:02:21,413 :   497/   40 dest_loss=0.035667 future_loss=0.026213 offset_loss=0.026506 kld=0.024961 cd=0.027595 en_pos=6.519325 en_neg=6.491731 pcd=True subgoal_reg=0.002776080010034457 
2026-01-10 12:02:37,007 :   503/   40 dest_loss=0.030478 future_loss=0.020455 offset_loss=0.027413 kld=0.023212 cd=-0.014118 en_pos=6.545716 en_neg=6.559834 pcd=True subgoal_reg=0.0029301721848182622 
2026-01-10 12:02:52,566 :   509/   40 dest_loss=0.120374 future_loss=0.101220 offset_loss=0.092384 kld=0.025466 cd=0.138544 en_pos=6.512521 en_neg=6.373977 pcd=True subgoal_reg=0.0027225400333827443 
2026-01-10 12:04:25,583 : Train Loss 81.48191401773641
2026-01-10 12:04:25,583 : Overall Loss 16.415736404882527
2026-01-10 12:04:25,584 : Dest Loss 22.252631169752476
2026-01-10 12:04:25,584 : Val ADE 0.1182161430310487
2026-01-10 12:04:25,584 : Val FDE 0.14192125563634955
2026-01-10 12:04:25,584 : Val Best ADE 0.11818155944526287
2026-01-10 12:04:25,584 : Val Best FDE 0.14221544238019562
2026-01-10 12:04:25,584 : ----->learning rate 4.8828125e-06
2026-01-10 12:04:41,161 :     5/   41 dest_loss=0.033247 future_loss=0.025116 offset_loss=0.022545 kld=0.023799 cd=-0.461409 en_pos=6.395045 en_neg=6.856453 pcd=True subgoal_reg=0.0027480240541196944 
2026-01-10 12:04:56,604 :    11/   41 dest_loss=0.030793 future_loss=0.021798 offset_loss=0.024600 kld=0.024398 cd=0.091441 en_pos=6.551382 en_neg=6.459941 pcd=True subgoal_reg=0.0026600928816007496 
2026-01-10 12:05:12,020 :    17/   41 dest_loss=0.030207 future_loss=0.022461 offset_loss=0.023884 kld=0.024518 cd=0.213853 en_pos=6.425832 en_neg=6.211979 pcd=True subgoal_reg=0.002686320259633229 
2026-01-10 12:05:27,221 :    23/   41 dest_loss=0.026759 future_loss=0.020398 offset_loss=0.022346 kld=0.025029 cd=-0.099347 en_pos=6.494000 en_neg=6.593347 pcd=True subgoal_reg=0.002682676832252051 
2026-01-10 12:05:42,664 :    29/   41 dest_loss=0.030718 future_loss=0.021126 offset_loss=0.025766 kld=0.022920 cd=0.036918 en_pos=6.395363 en_neg=6.358444 pcd=True subgoal_reg=0.002463188162803189 
2026-01-10 12:05:58,282 :    35/   41 dest_loss=0.107330 future_loss=0.079320 offset_loss=0.083857 kld=0.024941 cd=-0.130841 en_pos=6.499737 en_neg=6.630578 pcd=True subgoal_reg=0.00269656921195946 
2026-01-10 12:06:13,903 :    41/   41 dest_loss=0.032801 future_loss=0.023193 offset_loss=0.026147 kld=0.024282 cd=-0.023708 en_pos=6.482607 en_neg=6.506315 pcd=True subgoal_reg=0.0026926347429734854 
2026-01-10 12:06:29,506 :    47/   41 dest_loss=0.029076 future_loss=0.020359 offset_loss=0.023347 kld=0.022570 cd=-0.033255 en_pos=6.299772 en_neg=6.333026 pcd=True subgoal_reg=0.002686509394489821 
2026-01-10 12:06:45,186 :    53/   41 dest_loss=0.034314 future_loss=0.025228 offset_loss=0.025952 kld=0.024274 cd=0.140673 en_pos=6.596790 en_neg=6.456117 pcd=True subgoal_reg=0.002504509842235844 
2026-01-10 12:07:00,769 :    59/   41 dest_loss=0.117706 future_loss=0.087038 offset_loss=0.149362 kld=0.023880 cd=-0.188799 en_pos=6.309751 en_neg=6.498550 pcd=True subgoal_reg=0.002749147590256098 
2026-01-10 12:07:16,280 :    65/   41 dest_loss=0.075725 future_loss=0.062579 offset_loss=0.050982 kld=0.024988 cd=0.026113 en_pos=6.487124 en_neg=6.461011 pcd=True subgoal_reg=0.002817244078779869 
2026-01-10 12:07:31,829 :    71/   41 dest_loss=0.027780 future_loss=0.019182 offset_loss=0.022591 kld=0.023432 cd=-0.112702 en_pos=6.525769 en_neg=6.638471 pcd=True subgoal_reg=0.0029342134697146888 
2026-01-10 12:07:47,355 :    77/   41 dest_loss=0.030445 future_loss=0.022632 offset_loss=0.024132 kld=0.023101 cd=0.116643 en_pos=6.267580 en_neg=6.150937 pcd=True subgoal_reg=0.0025167244984596084 
2026-01-10 12:08:02,955 :    83/   41 dest_loss=0.033511 future_loss=0.023057 offset_loss=0.027482 kld=0.023635 cd=0.021608 en_pos=6.503786 en_neg=6.482178 pcd=True subgoal_reg=0.0029107075014208612 
2026-01-10 12:08:18,535 :    89/   41 dest_loss=0.026919 future_loss=0.019648 offset_loss=0.022297 kld=0.023196 cd=-0.149025 en_pos=6.340939 en_neg=6.489963 pcd=True subgoal_reg=0.0027971465398616527 
2026-01-10 12:08:33,814 :    95/   41 dest_loss=0.033080 future_loss=0.023913 offset_loss=0.025178 kld=0.022807 cd=0.010746 en_pos=6.435140 en_neg=6.424394 pcd=True subgoal_reg=0.002755644423183276 
2026-01-10 12:08:49,412 :   101/   41 dest_loss=0.029652 future_loss=0.021517 offset_loss=0.023623 kld=0.024876 cd=0.070965 en_pos=6.372077 en_neg=6.301113 pcd=True subgoal_reg=0.0026911818615510813 
2026-01-10 12:09:04,923 :   107/   41 dest_loss=0.031770 future_loss=0.023592 offset_loss=0.024746 kld=0.024182 cd=-0.101469 en_pos=6.194321 en_neg=6.295790 pcd=True subgoal_reg=0.002617548453621525 
2026-01-10 12:09:20,398 :   113/   41 dest_loss=0.035731 future_loss=0.024953 offset_loss=0.026429 kld=0.023897 cd=-0.022023 en_pos=6.531614 en_neg=6.553637 pcd=True subgoal_reg=0.0029405863126015677 
2026-01-10 12:09:35,848 :   119/   41 dest_loss=0.028730 future_loss=0.021008 offset_loss=0.023715 kld=0.024998 cd=0.109532 en_pos=6.480769 en_neg=6.371237 pcd=True subgoal_reg=0.002766678559583234 
2026-01-10 12:09:51,380 :   125/   41 dest_loss=0.040051 future_loss=0.028973 offset_loss=0.030107 kld=0.024037 cd=0.102698 en_pos=6.436155 en_neg=6.333456 pcd=True subgoal_reg=0.0027546881088476175 
2026-01-10 12:10:06,774 :   131/   41 dest_loss=0.029247 future_loss=0.022700 offset_loss=0.023559 kld=0.022839 cd=0.044994 en_pos=6.282700 en_neg=6.237706 pcd=True subgoal_reg=0.0025798059083298403 
2026-01-10 12:10:22,374 :   137/   41 dest_loss=0.032507 future_loss=0.022902 offset_loss=0.024745 kld=0.025125 cd=0.076296 en_pos=6.657633 en_neg=6.581338 pcd=True subgoal_reg=0.0030626517513923854 
2026-01-10 12:10:37,825 :   143/   41 dest_loss=0.034177 future_loss=0.024653 offset_loss=0.026271 kld=0.024232 cd=0.057754 en_pos=6.517864 en_neg=6.460110 pcd=True subgoal_reg=0.0026326068576483603 
2026-01-10 12:10:53,360 :   149/   41 dest_loss=0.139939 future_loss=0.115339 offset_loss=0.111934 kld=0.024671 cd=0.014147 en_pos=6.323055 en_neg=6.308908 pcd=True subgoal_reg=0.002701554406658496 
2026-01-10 12:11:08,890 :   155/   41 dest_loss=0.030151 future_loss=0.021178 offset_loss=0.022646 kld=0.024775 cd=-0.217319 en_pos=6.534786 en_neg=6.752105 pcd=True subgoal_reg=0.002876861481375232 
2026-01-10 12:11:24,450 :   161/   41 dest_loss=0.030025 future_loss=0.022717 offset_loss=0.022488 kld=0.023221 cd=0.301213 en_pos=6.641149 en_neg=6.339936 pcd=True subgoal_reg=0.002641562463595642 
2026-01-10 12:11:39,976 :   167/   41 dest_loss=0.027082 future_loss=0.019691 offset_loss=0.022433 kld=0.024036 cd=0.207983 en_pos=6.425113 en_neg=6.217130 pcd=True subgoal_reg=0.0027082774148726495 
2026-01-10 12:11:55,260 :   173/   41 dest_loss=0.032226 future_loss=0.022145 offset_loss=0.024153 kld=0.023481 cd=0.007565 en_pos=6.526854 en_neg=6.519288 pcd=True subgoal_reg=0.0029408195247922486 
2026-01-10 12:12:10,683 :   179/   41 dest_loss=0.034176 future_loss=0.023424 offset_loss=0.026354 kld=0.023449 cd=0.050353 en_pos=6.520005 en_neg=6.469652 pcd=True subgoal_reg=0.0028227748975678353 
2026-01-10 12:12:26,111 :   185/   41 dest_loss=0.030298 future_loss=0.022108 offset_loss=0.023616 kld=0.024177 cd=-0.048455 en_pos=6.512607 en_neg=6.561062 pcd=True subgoal_reg=0.0026930409948622584 
2026-01-10 12:12:41,649 :   191/   41 dest_loss=0.036471 future_loss=0.026373 offset_loss=0.028657 kld=0.024587 cd=0.110700 en_pos=6.530180 en_neg=6.419480 pcd=True subgoal_reg=0.002945474630079789 
2026-01-10 12:12:57,074 :   197/   41 dest_loss=0.032008 future_loss=0.023364 offset_loss=0.025011 kld=0.024507 cd=-0.053505 en_pos=6.265605 en_neg=6.319110 pcd=True subgoal_reg=0.0028850365196414138 
2026-01-10 12:13:12,539 :   203/   41 dest_loss=0.034897 future_loss=0.025299 offset_loss=0.022593 kld=0.023085 cd=0.010125 en_pos=6.492991 en_neg=6.482867 pcd=True subgoal_reg=0.0029547316384532685 
2026-01-10 12:13:28,009 :   209/   41 dest_loss=0.114588 future_loss=0.070383 offset_loss=0.116369 kld=0.025679 cd=-0.025474 en_pos=6.382480 en_neg=6.407953 pcd=True subgoal_reg=0.0029037945011476003 
2026-01-10 12:13:43,508 :   215/   41 dest_loss=0.035742 future_loss=0.025205 offset_loss=0.026847 kld=0.024971 cd=-0.119003 en_pos=6.323279 en_neg=6.442282 pcd=True subgoal_reg=0.002949661182358908 
2026-01-10 12:13:59,001 :   221/   41 dest_loss=0.070654 future_loss=0.062861 offset_loss=0.068368 kld=0.023370 cd=-0.337110 en_pos=6.313151 en_neg=6.650260 pcd=True subgoal_reg=0.0028712277593928763 
2026-01-10 12:14:14,435 :   227/   41 dest_loss=0.034787 future_loss=0.025721 offset_loss=0.027580 kld=0.024835 cd=-0.003386 en_pos=6.522792 en_neg=6.526178 pcd=True subgoal_reg=0.002840482087692921 
2026-01-10 12:14:29,888 :   233/   41 dest_loss=0.035173 future_loss=0.024584 offset_loss=0.027488 kld=0.023544 cd=-0.127712 en_pos=6.261816 en_neg=6.389527 pcd=True subgoal_reg=0.0025176471036129134 
2026-01-10 12:14:45,324 :   239/   41 dest_loss=0.034263 future_loss=0.024544 offset_loss=0.026211 kld=0.024577 cd=0.155406 en_pos=6.542907 en_neg=6.387501 pcd=True subgoal_reg=0.002893726502119035 
2026-01-10 12:15:00,766 :   245/   41 dest_loss=0.031411 future_loss=0.022728 offset_loss=0.024268 kld=0.023199 cd=0.001484 en_pos=6.543427 en_neg=6.541943 pcd=True subgoal_reg=0.002589991227208649 
2026-01-10 12:15:16,108 :   251/   41 dest_loss=0.036099 future_loss=0.024888 offset_loss=0.028712 kld=0.023895 cd=0.059175 en_pos=6.369883 en_neg=6.310708 pcd=True subgoal_reg=0.002696499950640304 
2026-01-10 12:15:31,582 :   257/   41 dest_loss=0.157805 future_loss=0.118170 offset_loss=0.133782 kld=0.022400 cd=0.370536 en_pos=6.582842 en_neg=6.212306 pcd=True subgoal_reg=0.0026958890432656458 
2026-01-10 12:15:47,117 :   263/   41 dest_loss=0.033979 future_loss=0.024973 offset_loss=0.027993 kld=0.024681 cd=-0.159782 en_pos=6.337979 en_neg=6.497761 pcd=True subgoal_reg=0.002537916246909047 
2026-01-10 12:16:02,625 :   269/   41 dest_loss=0.033089 future_loss=0.023398 offset_loss=0.026091 kld=0.024786 cd=-0.207688 en_pos=6.484596 en_neg=6.692285 pcd=True subgoal_reg=0.0027886430765096883 
2026-01-10 12:16:18,119 :   275/   41 dest_loss=0.037078 future_loss=0.027414 offset_loss=0.026012 kld=0.022797 cd=0.000794 en_pos=6.336393 en_neg=6.335599 pcd=True subgoal_reg=0.0024941992468867284 
2026-01-10 12:16:33,668 :   281/   41 dest_loss=0.035075 future_loss=0.025015 offset_loss=0.026900 kld=0.022969 cd=0.223021 en_pos=6.556891 en_neg=6.333870 pcd=True subgoal_reg=0.002854121336309318 
2026-01-10 12:16:49,289 :   287/   41 dest_loss=0.082712 future_loss=0.071943 offset_loss=0.081064 kld=0.023669 cd=0.078067 en_pos=6.735728 en_neg=6.657661 pcd=True subgoal_reg=0.0027586904523597936 
2026-01-10 12:17:04,871 :   293/   41 dest_loss=0.032682 future_loss=0.023696 offset_loss=0.025482 kld=0.024656 cd=0.235118 en_pos=6.429075 en_neg=6.193956 pcd=True subgoal_reg=0.002841936255442029 
2026-01-10 12:17:20,447 :   299/   41 dest_loss=0.039361 future_loss=0.028728 offset_loss=0.029869 kld=0.024932 cd=0.114716 en_pos=6.427087 en_neg=6.312372 pcd=True subgoal_reg=0.0026916792110474206 
2026-01-10 12:17:36,001 :   305/   41 dest_loss=0.031638 future_loss=0.023408 offset_loss=0.025873 kld=0.024230 cd=-0.078355 en_pos=6.359282 en_neg=6.437637 pcd=True subgoal_reg=0.0026427405265817784 
2026-01-10 12:17:51,549 :   311/   41 dest_loss=0.043728 future_loss=0.030919 offset_loss=0.032686 kld=0.024271 cd=-0.274530 en_pos=6.253400 en_neg=6.527930 pcd=True subgoal_reg=0.0027362049080477996 
2026-01-10 12:18:07,247 :   317/   41 dest_loss=0.056622 future_loss=0.039592 offset_loss=0.075037 kld=0.023432 cd=0.246921 en_pos=6.633817 en_neg=6.386896 pcd=True subgoal_reg=0.0028153828129706382 
2026-01-10 12:18:22,783 :   323/   41 dest_loss=0.027397 future_loss=0.019706 offset_loss=0.021433 kld=0.024687 cd=0.089978 en_pos=6.411831 en_neg=6.321853 pcd=True subgoal_reg=0.0029421013148693857 
2026-01-10 12:18:38,123 :   329/   41 dest_loss=0.033138 future_loss=0.024576 offset_loss=0.026552 kld=0.024759 cd=-0.091731 en_pos=6.427171 en_neg=6.518902 pcd=True subgoal_reg=0.0029847496331194224 
2026-01-10 12:18:53,715 :   335/   41 dest_loss=0.126009 future_loss=0.082359 offset_loss=0.102854 kld=0.026269 cd=0.357767 en_pos=6.495289 en_neg=6.137522 pcd=True subgoal_reg=0.0029336123050799348 
2026-01-10 12:19:09,260 :   341/   41 dest_loss=0.030152 future_loss=0.022052 offset_loss=0.024296 kld=0.024864 cd=-0.055387 en_pos=6.483081 en_neg=6.538468 pcd=True subgoal_reg=0.002824082424171169 
2026-01-10 12:19:24,777 :   347/   41 dest_loss=0.029528 future_loss=0.021229 offset_loss=0.024165 kld=0.024690 cd=0.116050 en_pos=6.434716 en_neg=6.318666 pcd=True subgoal_reg=0.002680406682276593 
2026-01-10 12:19:40,386 :   353/   41 dest_loss=0.029151 future_loss=0.020442 offset_loss=0.024020 kld=0.022868 cd=-0.280890 en_pos=6.375052 en_neg=6.655942 pcd=True subgoal_reg=0.0024878067466530896 
2026-01-10 12:19:55,876 :   359/   41 dest_loss=0.051839 future_loss=0.046256 offset_loss=0.030435 kld=0.024676 cd=0.011919 en_pos=6.536029 en_neg=6.524109 pcd=True subgoal_reg=0.0027743491335744017 
2026-01-10 12:20:11,430 :   365/   41 dest_loss=0.028239 future_loss=0.020666 offset_loss=0.021724 kld=0.022995 cd=0.055875 en_pos=6.403699 en_neg=6.347824 pcd=True subgoal_reg=0.002745037062069469 
2026-01-10 12:20:27,090 :   371/   41 dest_loss=0.034074 future_loss=0.024360 offset_loss=0.026225 kld=0.022867 cd=0.159348 en_pos=6.436144 en_neg=6.276796 pcd=True subgoal_reg=0.0025973917523244732 
2026-01-10 12:20:42,691 :   377/   41 dest_loss=0.099005 future_loss=0.078479 offset_loss=0.066687 kld=0.023625 cd=0.134047 en_pos=6.548167 en_neg=6.414119 pcd=True subgoal_reg=0.0029091903513416197 
2026-01-10 12:20:58,282 :   383/   41 dest_loss=0.036428 future_loss=0.023996 offset_loss=0.031802 kld=0.023335 cd=0.072941 en_pos=6.362676 en_neg=6.289734 pcd=True subgoal_reg=0.0031153718438305398 
2026-01-10 12:21:13,899 :   389/   41 dest_loss=0.035052 future_loss=0.024619 offset_loss=0.027219 kld=0.023820 cd=-0.362707 en_pos=6.146384 en_neg=6.509091 pcd=True subgoal_reg=0.002726325799021925 
2026-01-10 12:21:29,522 :   395/   41 dest_loss=0.031382 future_loss=0.022854 offset_loss=0.024784 kld=0.024263 cd=-0.094149 en_pos=6.357368 en_neg=6.451517 pcd=True subgoal_reg=0.0024428967620432423 
2026-01-10 12:21:45,113 :   401/   41 dest_loss=0.032645 future_loss=0.022367 offset_loss=0.025657 kld=0.022859 cd=0.075913 en_pos=6.404148 en_neg=6.328235 pcd=True subgoal_reg=0.0027158187970862204 
2026-01-10 12:22:00,412 :   407/   41 dest_loss=0.032440 future_loss=0.023356 offset_loss=0.025619 kld=0.024003 cd=0.131019 en_pos=6.399027 en_neg=6.268008 pcd=True subgoal_reg=0.0028439917292280427 
2026-01-10 12:22:15,961 :   413/   41 dest_loss=0.030661 future_loss=0.021764 offset_loss=0.024205 kld=0.023408 cd=-0.299412 en_pos=6.172669 en_neg=6.472080 pcd=True subgoal_reg=0.002724617811549471 
2026-01-10 12:22:31,469 :   419/   41 dest_loss=0.036397 future_loss=0.023797 offset_loss=0.031395 kld=0.023367 cd=0.096208 en_pos=6.383412 en_neg=6.287204 pcd=True subgoal_reg=0.0027229812506249012 
2026-01-10 12:22:47,054 :   425/   41 dest_loss=0.030796 future_loss=0.021394 offset_loss=0.023926 kld=0.023369 cd=0.255180 en_pos=6.565073 en_neg=6.309894 pcd=True subgoal_reg=0.0027921740192984323 
2026-01-10 12:23:02,503 :   431/   41 dest_loss=0.024848 future_loss=0.017783 offset_loss=0.020052 kld=0.023672 cd=-0.001386 en_pos=6.323723 en_neg=6.325109 pcd=True subgoal_reg=0.0026252399418358633 
2026-01-10 12:23:18,008 :   437/   41 dest_loss=0.029063 future_loss=0.020506 offset_loss=0.022809 kld=0.023255 cd=0.000451 en_pos=6.398564 en_neg=6.398113 pcd=True subgoal_reg=0.0027856444419718553 
2026-01-10 12:23:33,450 :   443/   41 dest_loss=0.031575 future_loss=0.023777 offset_loss=0.024576 kld=0.023645 cd=0.397377 en_pos=6.496220 en_neg=6.098843 pcd=True subgoal_reg=0.0026479992542628255 
2026-01-10 12:23:48,941 :   449/   41 dest_loss=0.079323 future_loss=0.067599 offset_loss=0.064858 kld=0.024775 cd=0.194547 en_pos=6.565972 en_neg=6.371425 pcd=True subgoal_reg=0.002771154470530832 
2026-01-10 12:24:04,418 :   455/   41 dest_loss=0.079056 future_loss=0.060564 offset_loss=0.085295 kld=0.024956 cd=-0.036442 en_pos=6.607301 en_neg=6.643743 pcd=True subgoal_reg=0.002730299525449156 
2026-01-10 12:24:19,869 :   461/   41 dest_loss=0.028607 future_loss=0.021155 offset_loss=0.023590 kld=0.024513 cd=-0.053859 en_pos=6.334497 en_neg=6.388356 pcd=True subgoal_reg=0.00275363730887924 
2026-01-10 12:24:35,434 :   467/   41 dest_loss=0.035196 future_loss=0.025062 offset_loss=0.026300 kld=0.024624 cd=0.149910 en_pos=6.515446 en_neg=6.365536 pcd=True subgoal_reg=0.00304814007314715 
2026-01-10 12:24:50,957 :   473/   41 dest_loss=0.030983 future_loss=0.023602 offset_loss=0.024278 kld=0.024382 cd=0.089611 en_pos=6.467194 en_neg=6.377584 pcd=True subgoal_reg=0.002585497330358205 
2026-01-10 12:25:06,495 :   479/   41 dest_loss=0.031349 future_loss=0.022576 offset_loss=0.024289 kld=0.023136 cd=-0.256743 en_pos=6.146183 en_neg=6.402926 pcd=True subgoal_reg=0.002846744023591347 
2026-01-10 12:25:21,835 :   485/   41 dest_loss=0.038682 future_loss=0.028257 offset_loss=0.029776 kld=0.023861 cd=-0.001989 en_pos=6.437816 en_neg=6.439805 pcd=True subgoal_reg=0.002630996823204044 
2026-01-10 12:25:37,274 :   491/   41 dest_loss=0.031138 future_loss=0.021891 offset_loss=0.024494 kld=0.023397 cd=0.011577 en_pos=6.457840 en_neg=6.446263 pcd=True subgoal_reg=0.00269707254362258 
2026-01-10 12:25:52,742 :   497/   41 dest_loss=0.090979 future_loss=0.066611 offset_loss=0.044389 kld=0.024488 cd=-0.004300 en_pos=6.451155 en_neg=6.455455 pcd=True subgoal_reg=0.002637539150929281 
2026-01-10 12:26:08,206 :   503/   41 dest_loss=0.030645 future_loss=0.022235 offset_loss=0.024259 kld=0.023084 cd=0.300518 en_pos=6.567915 en_neg=6.267397 pcd=True subgoal_reg=0.002705299353874354 
2026-01-10 12:26:23,640 :   509/   41 dest_loss=0.036267 future_loss=0.025480 offset_loss=0.027344 kld=0.022845 cd=-0.080109 en_pos=6.382328 en_neg=6.462437 pcd=True subgoal_reg=0.0030508481617751064 
2026-01-10 12:27:56,294 : Train Loss 90.51457265269816
2026-01-10 12:27:56,294 : Overall Loss 17.11358503486232
2026-01-10 12:27:56,294 : Dest Loss 22.767150451264584
2026-01-10 12:27:56,295 : Val ADE 0.1189139594121325
2026-01-10 12:27:56,295 : Val FDE 0.14179430408881602
2026-01-10 12:27:56,295 : Val Best ADE 0.11818155944526287
2026-01-10 12:27:56,295 : Val Best FDE 0.14221544238019562
2026-01-10 12:27:56,296 : ----->learning rate 4.8828125e-06
2026-01-10 12:28:11,890 :     5/   42 dest_loss=0.141269 future_loss=0.104151 offset_loss=0.116565 kld=0.022998 cd=0.098080 en_pos=6.454541 en_neg=6.356461 pcd=True subgoal_reg=0.002631539161810915 
2026-01-10 12:28:27,415 :    11/   42 dest_loss=0.034372 future_loss=0.026611 offset_loss=0.021686 kld=0.024517 cd=-0.078159 en_pos=6.606146 en_neg=6.684305 pcd=True subgoal_reg=0.00280556454548572 
2026-01-10 12:28:42,816 :    17/   42 dest_loss=0.037573 future_loss=0.027102 offset_loss=0.029443 kld=0.024137 cd=0.211630 en_pos=6.401942 en_neg=6.190313 pcd=True subgoal_reg=0.0024788276632492306 
2026-01-10 12:28:58,321 :    23/   42 dest_loss=0.035796 future_loss=0.026149 offset_loss=0.027257 kld=0.023520 cd=0.120371 en_pos=6.584406 en_neg=6.464035 pcd=True subgoal_reg=0.0025994390429527696 
2026-01-10 12:29:13,864 :    29/   42 dest_loss=0.030693 future_loss=0.022427 offset_loss=0.024570 kld=0.024838 cd=-0.004484 en_pos=6.376295 en_neg=6.380779 pcd=True subgoal_reg=0.0025511826585802957 
2026-01-10 12:29:29,365 :    35/   42 dest_loss=0.147338 future_loss=0.097512 offset_loss=0.138382 kld=0.026353 cd=0.106805 en_pos=6.617001 en_neg=6.510196 pcd=True subgoal_reg=0.003316609926663841 
2026-01-10 12:29:44,944 :    41/   42 dest_loss=0.028278 future_loss=0.020981 offset_loss=0.023229 kld=0.023758 cd=0.090874 en_pos=6.427651 en_neg=6.336777 pcd=True subgoal_reg=0.00267564621566762 
2026-01-10 12:30:00,394 :    47/   42 dest_loss=0.035344 future_loss=0.024192 offset_loss=0.026133 kld=0.023133 cd=0.100432 en_pos=6.485304 en_neg=6.384872 pcd=True subgoal_reg=0.0027615478840657985 
2026-01-10 12:30:15,928 :    53/   42 dest_loss=0.033052 future_loss=0.023162 offset_loss=0.026521 kld=0.023262 cd=0.094115 en_pos=6.353685 en_neg=6.259570 pcd=True subgoal_reg=0.002853715910000238 
2026-01-10 12:30:31,458 :    59/   42 dest_loss=0.032715 future_loss=0.022635 offset_loss=0.025680 kld=0.023567 cd=0.136062 en_pos=6.595460 en_neg=6.459398 pcd=True subgoal_reg=0.002928279902085394 
2026-01-10 12:30:46,966 :    65/   42 dest_loss=0.033373 future_loss=0.023021 offset_loss=0.026802 kld=0.022861 cd=-0.135165 en_pos=6.327381 en_neg=6.462546 pcd=True subgoal_reg=0.00271322981964501 
2026-01-10 12:31:02,620 :    71/   42 dest_loss=0.027331 future_loss=0.019839 offset_loss=0.021424 kld=0.022918 cd=-0.051068 en_pos=6.401835 en_neg=6.452903 pcd=True subgoal_reg=0.002601390132497458 
2026-01-10 12:31:18,216 :    77/   42 dest_loss=0.032373 future_loss=0.023171 offset_loss=0.024871 kld=0.024400 cd=-0.005981 en_pos=6.397356 en_neg=6.403336 pcd=True subgoal_reg=0.002876628441076999 
2026-01-10 12:31:33,812 :    83/   42 dest_loss=0.032465 future_loss=0.023220 offset_loss=0.026695 kld=0.024114 cd=-0.001013 en_pos=6.442757 en_neg=6.443771 pcd=True subgoal_reg=0.0025993671262100797 
2026-01-10 12:31:49,499 :    89/   42 dest_loss=0.033123 future_loss=0.025513 offset_loss=0.020560 kld=0.023927 cd=0.044536 en_pos=6.546017 en_neg=6.501481 pcd=True subgoal_reg=0.0027099801054507712 
2026-01-10 12:32:04,842 :    95/   42 dest_loss=0.033026 future_loss=0.022930 offset_loss=0.027186 kld=0.022972 cd=0.155083 en_pos=6.515759 en_neg=6.360676 pcd=True subgoal_reg=0.002634151566435518 
2026-01-10 12:32:20,355 :   101/   42 dest_loss=0.034313 future_loss=0.024559 offset_loss=0.027793 kld=0.024346 cd=-0.045236 en_pos=6.246198 en_neg=6.291434 pcd=True subgoal_reg=0.002540465548970045 
2026-01-10 12:32:35,847 :   107/   42 dest_loss=0.028474 future_loss=0.020814 offset_loss=0.022267 kld=0.024900 cd=-0.219398 en_pos=6.254357 en_neg=6.473756 pcd=True subgoal_reg=0.0027510752189653116 
2026-01-10 12:32:51,391 :   113/   42 dest_loss=0.030839 future_loss=0.023759 offset_loss=0.019388 kld=0.024461 cd=-0.158793 en_pos=6.517349 en_neg=6.676142 pcd=True subgoal_reg=0.002860226109029809 
2026-01-10 12:33:06,987 :   119/   42 dest_loss=0.029096 future_loss=0.021701 offset_loss=0.023865 kld=0.025007 cd=-0.019038 en_pos=6.472753 en_neg=6.491791 pcd=True subgoal_reg=0.002955064638239216 
2026-01-10 12:33:22,625 :   125/   42 dest_loss=0.026528 future_loss=0.019063 offset_loss=0.021959 kld=0.023271 cd=-0.029115 en_pos=6.352538 en_neg=6.381654 pcd=True subgoal_reg=0.002805167343880211 
2026-01-10 12:33:38,215 :   131/   42 dest_loss=0.036434 future_loss=0.026814 offset_loss=0.027452 kld=0.022881 cd=0.120761 en_pos=6.472057 en_neg=6.351296 pcd=True subgoal_reg=0.0026333624100993965 
2026-01-10 12:33:53,811 :   137/   42 dest_loss=0.034326 future_loss=0.025048 offset_loss=0.027030 kld=0.024888 cd=-0.059305 en_pos=6.471603 en_neg=6.530908 pcd=True subgoal_reg=0.0028235380010065577 
2026-01-10 12:34:09,333 :   143/   42 dest_loss=0.067145 future_loss=0.057584 offset_loss=0.058548 kld=0.023391 cd=0.104521 en_pos=6.430089 en_neg=6.325568 pcd=True subgoal_reg=0.002633788601260654 
2026-01-10 12:34:24,860 :   149/   42 dest_loss=0.027088 future_loss=0.019018 offset_loss=0.021317 kld=0.023285 cd=-0.128454 en_pos=6.511746 en_neg=6.640200 pcd=True subgoal_reg=0.002648820723003075 
2026-01-10 12:34:40,449 :   155/   42 dest_loss=0.034300 future_loss=0.025091 offset_loss=0.027618 kld=0.024282 cd=0.056839 en_pos=6.423010 en_neg=6.366171 pcd=True subgoal_reg=0.002623465299371881 
2026-01-10 12:34:55,963 :   161/   42 dest_loss=0.089723 future_loss=0.072866 offset_loss=0.086892 kld=0.026165 cd=-0.144311 en_pos=6.607915 en_neg=6.752226 pcd=True subgoal_reg=0.0029181418638941662 
2026-01-10 12:35:11,473 :   167/   42 dest_loss=0.034538 future_loss=0.024686 offset_loss=0.026810 kld=0.025269 cd=0.119175 en_pos=6.587532 en_neg=6.468357 pcd=True subgoal_reg=0.0026879703679407755 
2026-01-10 12:35:26,743 :   173/   42 dest_loss=0.030868 future_loss=0.022752 offset_loss=0.022942 kld=0.023141 cd=0.060992 en_pos=6.426678 en_neg=6.365686 pcd=True subgoal_reg=0.002705081627038675 
2026-01-10 12:35:42,279 :   179/   42 dest_loss=0.175956 future_loss=0.138144 offset_loss=0.139548 kld=0.025043 cd=0.014826 en_pos=6.643786 en_neg=6.628960 pcd=True subgoal_reg=0.0030064665932021542 
2026-01-10 12:35:57,736 :   185/   42 dest_loss=0.032149 future_loss=0.023815 offset_loss=0.025261 kld=0.023744 cd=0.061713 en_pos=6.466369 en_neg=6.404656 pcd=True subgoal_reg=0.002817166884991084 
2026-01-10 12:36:13,246 :   191/   42 dest_loss=0.036115 future_loss=0.023414 offset_loss=0.030831 kld=0.023060 cd=-0.152227 en_pos=6.167142 en_neg=6.319369 pcd=True subgoal_reg=0.0025846801066529003 
2026-01-10 12:36:28,768 :   197/   42 dest_loss=0.032328 future_loss=0.022351 offset_loss=0.024391 kld=0.023311 cd=-0.019659 en_pos=6.374371 en_neg=6.394030 pcd=True subgoal_reg=0.002817481354707322 
2026-01-10 12:36:44,265 :   203/   42 dest_loss=0.165217 future_loss=0.137878 offset_loss=0.102312 kld=0.025389 cd=-0.095836 en_pos=6.602051 en_neg=6.697887 pcd=True subgoal_reg=0.0025616565605295592 
2026-01-10 12:36:59,705 :   209/   42 dest_loss=0.030861 future_loss=0.022111 offset_loss=0.022773 kld=0.022836 cd=0.043298 en_pos=6.512030 en_neg=6.468731 pcd=True subgoal_reg=0.0025937057349333234 
2026-01-10 12:37:15,221 :   215/   42 dest_loss=0.034642 future_loss=0.024326 offset_loss=0.026331 kld=0.023108 cd=-0.059825 en_pos=6.362746 en_neg=6.422571 pcd=True subgoal_reg=0.002545508323147851 
2026-01-10 12:37:30,784 :   221/   42 dest_loss=0.031718 future_loss=0.022376 offset_loss=0.023907 kld=0.024104 cd=-0.080402 en_pos=6.660626 en_neg=6.741027 pcd=True subgoal_reg=0.0028653029114372123 
2026-01-10 12:37:46,300 :   227/   42 dest_loss=0.035232 future_loss=0.025292 offset_loss=0.027228 kld=0.024452 cd=0.223370 en_pos=6.528206 en_neg=6.304836 pcd=True subgoal_reg=0.0026868131075060055 
2026-01-10 12:38:01,806 :   233/   42 dest_loss=0.028514 future_loss=0.020574 offset_loss=0.022123 kld=0.023966 cd=-0.233124 en_pos=6.305256 en_neg=6.538380 pcd=True subgoal_reg=0.002710944322869734 
2026-01-10 12:38:17,373 :   239/   42 dest_loss=0.037649 future_loss=0.027387 offset_loss=0.028084 kld=0.024477 cd=0.030969 en_pos=6.402351 en_neg=6.371382 pcd=True subgoal_reg=0.0026109467824368612 
2026-01-10 12:38:32,857 :   245/   42 dest_loss=0.026852 future_loss=0.019892 offset_loss=0.022480 kld=0.023353 cd=0.148664 en_pos=6.374131 en_neg=6.225467 pcd=True subgoal_reg=0.0025245124704154887 
2026-01-10 12:38:48,284 :   251/   42 dest_loss=0.095132 future_loss=0.088138 offset_loss=0.071307 kld=0.023994 cd=-0.277710 en_pos=6.224681 en_neg=6.502390 pcd=True subgoal_reg=0.0027036687732748207 
2026-01-10 12:39:03,807 :   257/   42 dest_loss=0.030244 future_loss=0.022092 offset_loss=0.024290 kld=0.024459 cd=0.014817 en_pos=6.323525 en_neg=6.308708 pcd=True subgoal_reg=0.0026163727512206487 
2026-01-10 12:39:19,305 :   263/   42 dest_loss=0.028653 future_loss=0.020252 offset_loss=0.021176 kld=0.023244 cd=-0.071640 en_pos=6.490982 en_neg=6.562622 pcd=True subgoal_reg=0.002827037998858423 
2026-01-10 12:39:34,824 :   269/   42 dest_loss=0.029806 future_loss=0.021760 offset_loss=0.022842 kld=0.024306 cd=-0.152344 en_pos=6.339581 en_neg=6.491925 pcd=True subgoal_reg=0.002722798541083387 
2026-01-10 12:39:50,320 :   275/   42 dest_loss=0.035255 future_loss=0.025853 offset_loss=0.027169 kld=0.023353 cd=-0.052432 en_pos=6.482740 en_neg=6.535172 pcd=True subgoal_reg=0.002620704644567876 
2026-01-10 12:40:05,843 :   281/   42 dest_loss=0.031854 future_loss=0.023177 offset_loss=0.025735 kld=0.023906 cd=0.114593 en_pos=6.534819 en_neg=6.420226 pcd=True subgoal_reg=0.0028612908924748287 
2026-01-10 12:40:21,381 :   287/   42 dest_loss=0.030337 future_loss=0.022647 offset_loss=0.023939 kld=0.024173 cd=0.216262 en_pos=6.658980 en_neg=6.442718 pcd=True subgoal_reg=0.0027364922056505167 
2026-01-10 12:40:36,878 :   293/   42 dest_loss=0.090155 future_loss=0.053576 offset_loss=0.080457 kld=0.024045 cd=-0.047414 en_pos=6.504609 en_neg=6.552023 pcd=True subgoal_reg=0.0028266957237964158 
2026-01-10 12:40:52,522 :   299/   42 dest_loss=0.037413 future_loss=0.028853 offset_loss=0.024151 kld=0.023661 cd=-0.005854 en_pos=6.434915 en_neg=6.440770 pcd=True subgoal_reg=0.0030313155344846732 
2026-01-10 12:41:08,034 :   305/   42 dest_loss=0.029799 future_loss=0.021552 offset_loss=0.023535 kld=0.023559 cd=0.107347 en_pos=6.513634 en_neg=6.406287 pcd=True subgoal_reg=0.00271092164126903 
2026-01-10 12:41:23,556 :   311/   42 dest_loss=0.028343 future_loss=0.020769 offset_loss=0.022043 kld=0.025017 cd=0.099679 en_pos=6.426992 en_neg=6.327313 pcd=True subgoal_reg=0.0027610844144550675 
2026-01-10 12:41:39,091 :   317/   42 dest_loss=0.031460 future_loss=0.022945 offset_loss=0.024504 kld=0.024722 cd=-0.141910 en_pos=6.485262 en_neg=6.627173 pcd=True subgoal_reg=0.002681471791553949 
2026-01-10 12:41:54,635 :   323/   42 dest_loss=0.028486 future_loss=0.020743 offset_loss=0.021973 kld=0.023352 cd=-0.090879 en_pos=6.607391 en_neg=6.698270 pcd=True subgoal_reg=0.0028407684112420582 
2026-01-10 12:42:10,000 :   329/   42 dest_loss=0.029343 future_loss=0.020900 offset_loss=0.022599 kld=0.023349 cd=0.057776 en_pos=6.534891 en_neg=6.477115 pcd=True subgoal_reg=0.002798586497931169 
2026-01-10 12:42:25,522 :   335/   42 dest_loss=0.106679 future_loss=0.098604 offset_loss=0.070523 kld=0.024258 cd=0.118227 en_pos=6.432891 en_neg=6.314664 pcd=True subgoal_reg=0.0025708692721975565 
2026-01-10 12:42:41,091 :   341/   42 dest_loss=0.035809 future_loss=0.025758 offset_loss=0.028024 kld=0.024884 cd=0.091031 en_pos=6.648350 en_neg=6.557319 pcd=True subgoal_reg=0.0029303570605496484 
2026-01-10 12:42:56,656 :   347/   42 dest_loss=0.039190 future_loss=0.029218 offset_loss=0.025044 kld=0.023638 cd=0.095101 en_pos=6.459342 en_neg=6.364241 pcd=True subgoal_reg=0.0028253821120498004 
2026-01-10 12:43:12,168 :   353/   42 dest_loss=0.029685 future_loss=0.019663 offset_loss=0.026980 kld=0.023151 cd=-0.141904 en_pos=6.315869 en_neg=6.457774 pcd=True subgoal_reg=0.0028661536774617653 
2026-01-10 12:43:27,637 :   359/   42 dest_loss=0.031224 future_loss=0.021825 offset_loss=0.024748 kld=0.023098 cd=0.012133 en_pos=6.530648 en_neg=6.518515 pcd=True subgoal_reg=0.002717042320405598 
2026-01-10 12:43:43,219 :   365/   42 dest_loss=0.034930 future_loss=0.024531 offset_loss=0.024793 kld=0.023390 cd=0.036280 en_pos=6.553932 en_neg=6.517652 pcd=True subgoal_reg=0.0026923758008635928 
2026-01-10 12:43:58,719 :   371/   42 dest_loss=0.032191 future_loss=0.023814 offset_loss=0.022684 kld=0.023179 cd=-0.015973 en_pos=6.564845 en_neg=6.580818 pcd=True subgoal_reg=0.00275856860507387 
2026-01-10 12:44:14,152 :   377/   42 dest_loss=0.031848 future_loss=0.022882 offset_loss=0.024051 kld=0.022912 cd=0.261130 en_pos=6.519417 en_neg=6.258287 pcd=True subgoal_reg=0.0028380724273659895 
2026-01-10 12:44:29,768 :   383/   42 dest_loss=0.027071 future_loss=0.019648 offset_loss=0.021161 kld=0.022632 cd=-0.101595 en_pos=6.299726 en_neg=6.401321 pcd=True subgoal_reg=0.0024352299488606265 
2026-01-10 12:44:45,416 :   389/   42 dest_loss=0.170901 future_loss=0.134526 offset_loss=0.076482 kld=0.025975 cd=0.202138 en_pos=6.492436 en_neg=6.290298 pcd=True subgoal_reg=0.0025711844736176367 
2026-01-10 12:45:01,062 :   395/   42 dest_loss=0.034161 future_loss=0.024359 offset_loss=0.025922 kld=0.024829 cd=0.164007 en_pos=6.602165 en_neg=6.438158 pcd=True subgoal_reg=0.002742459225872998 
2026-01-10 12:45:16,599 :   401/   42 dest_loss=0.032379 future_loss=0.023340 offset_loss=0.025716 kld=0.024467 cd=-0.111089 en_pos=6.265722 en_neg=6.376811 pcd=True subgoal_reg=0.002732878523576094 
2026-01-10 12:45:31,934 :   407/   42 dest_loss=0.029250 future_loss=0.020661 offset_loss=0.023765 kld=0.023283 cd=-0.207264 en_pos=6.443682 en_neg=6.650946 pcd=True subgoal_reg=0.002778679643076272 
2026-01-10 12:45:47,463 :   413/   42 dest_loss=0.032174 future_loss=0.023770 offset_loss=0.024719 kld=0.024757 cd=0.074112 en_pos=6.521978 en_neg=6.447866 pcd=True subgoal_reg=0.002852941138846009 
2026-01-10 12:46:02,978 :   419/   42 dest_loss=0.029421 future_loss=0.021434 offset_loss=0.023999 kld=0.023635 cd=0.040477 en_pos=6.439370 en_neg=6.398893 pcd=True subgoal_reg=0.0025753897601657706 
2026-01-10 12:46:18,527 :   425/   42 dest_loss=0.036085 future_loss=0.026159 offset_loss=0.028487 kld=0.024392 cd=0.179570 en_pos=6.547798 en_neg=6.368228 pcd=True subgoal_reg=0.002702500485468937 
2026-01-10 12:46:34,148 :   431/   42 dest_loss=0.031686 future_loss=0.021307 offset_loss=0.029213 kld=0.023599 cd=0.092368 en_pos=6.596219 en_neg=6.503852 pcd=True subgoal_reg=0.0029253496471422034 
2026-01-10 12:46:49,705 :   437/   42 dest_loss=0.033469 future_loss=0.024429 offset_loss=0.025960 kld=0.024164 cd=-0.007794 en_pos=6.464689 en_neg=6.472482 pcd=True subgoal_reg=0.0028244282269578617 
2026-01-10 12:47:05,234 :   443/   42 dest_loss=0.032728 future_loss=0.023708 offset_loss=0.025767 kld=0.024734 cd=-0.009908 en_pos=6.561442 en_neg=6.571350 pcd=True subgoal_reg=0.002642049415061231 
2026-01-10 12:47:20,831 :   449/   42 dest_loss=0.109547 future_loss=0.082227 offset_loss=0.083799 kld=0.025043 cd=-0.030331 en_pos=6.298328 en_neg=6.328658 pcd=True subgoal_reg=0.0025221440244274683 
2026-01-10 12:47:36,381 :   455/   42 dest_loss=0.032047 future_loss=0.023370 offset_loss=0.025299 kld=0.024862 cd=0.225835 en_pos=6.626012 en_neg=6.400177 pcd=True subgoal_reg=0.002938775835144917 
2026-01-10 12:47:52,060 :   461/   42 dest_loss=0.035442 future_loss=0.024149 offset_loss=0.026842 kld=0.023564 cd=-0.073508 en_pos=6.349280 en_neg=6.422788 pcd=True subgoal_reg=0.002875471819220583 
2026-01-10 12:48:07,637 :   467/   42 dest_loss=0.027387 future_loss=0.019868 offset_loss=0.021462 kld=0.024536 cd=0.151961 en_pos=6.499555 en_neg=6.347594 pcd=True subgoal_reg=0.0026432799397909075 
2026-01-10 12:48:23,260 :   473/   42 dest_loss=0.035068 future_loss=0.025612 offset_loss=0.027713 kld=0.024978 cd=0.025124 en_pos=6.423260 en_neg=6.398136 pcd=True subgoal_reg=0.0031546825315410497 
2026-01-10 12:48:38,838 :   479/   42 dest_loss=0.034290 future_loss=0.024826 offset_loss=0.027265 kld=0.024606 cd=-0.095049 en_pos=6.320092 en_neg=6.415140 pcd=True subgoal_reg=0.002821016306523843 
2026-01-10 12:48:54,225 :   485/   42 dest_loss=0.031202 future_loss=0.022728 offset_loss=0.025116 kld=0.024046 cd=-0.043302 en_pos=6.410127 en_neg=6.453430 pcd=True subgoal_reg=0.002702751924914599 
2026-01-10 12:49:09,776 :   491/   42 dest_loss=0.032699 future_loss=0.024234 offset_loss=0.025122 kld=0.024021 cd=-0.181799 en_pos=6.490864 en_neg=6.672663 pcd=True subgoal_reg=0.0026331851241978557 
2026-01-10 12:49:25,322 :   497/   42 dest_loss=0.035610 future_loss=0.026298 offset_loss=0.027956 kld=0.024791 cd=-0.053276 en_pos=6.329775 en_neg=6.383051 pcd=True subgoal_reg=0.0028438631084930534 
2026-01-10 12:49:40,931 :   503/   42 dest_loss=0.038604 future_loss=0.027429 offset_loss=0.029718 kld=0.024413 cd=-0.060532 en_pos=6.360740 en_neg=6.421272 pcd=True subgoal_reg=0.002736723875268051 
2026-01-10 12:49:56,522 :   509/   42 dest_loss=0.031128 future_loss=0.023287 offset_loss=0.024552 kld=0.024349 cd=-0.070617 en_pos=6.399163 en_neg=6.469781 pcd=True subgoal_reg=0.0026784126915332775 
2026-01-10 12:51:29,306 : Train Loss 93.53025602079516
2026-01-10 12:51:29,306 : Overall Loss 17.718823844332036
2026-01-10 12:51:29,306 : Dest Loss 23.870659255709647
2026-01-10 12:51:29,306 : Val ADE 0.11839772379501562
2026-01-10 12:51:29,307 : Val FDE 0.14185504808078858
2026-01-10 12:51:29,307 : Val Best ADE 0.11818155944526287
2026-01-10 12:51:29,307 : Val Best FDE 0.14221544238019562
2026-01-10 12:51:29,307 : ----->learning rate 4.8828125e-06
2026-01-10 12:51:44,908 :     5/   43 dest_loss=0.171075 future_loss=0.169212 offset_loss=0.117804 kld=0.027463 cd=-0.264047 en_pos=6.305251 en_neg=6.569298 pcd=True subgoal_reg=0.002844360261641028 
2026-01-10 12:52:00,418 :    11/   43 dest_loss=0.033773 future_loss=0.024792 offset_loss=0.023620 kld=0.023673 cd=0.095037 en_pos=6.493918 en_neg=6.398881 pcd=True subgoal_reg=0.0028910664357779067 
2026-01-10 12:52:15,723 :    17/   43 dest_loss=0.033602 future_loss=0.024106 offset_loss=0.025901 kld=0.025537 cd=0.032608 en_pos=6.454668 en_neg=6.422060 pcd=True subgoal_reg=0.0028392822359355084 
2026-01-10 12:52:31,234 :    23/   43 dest_loss=0.038202 future_loss=0.026015 offset_loss=0.032664 kld=0.024011 cd=-0.045884 en_pos=6.366912 en_neg=6.412797 pcd=True subgoal_reg=0.0028499266061493903 
2026-01-10 12:52:46,808 :    29/   43 dest_loss=0.027520 future_loss=0.019904 offset_loss=0.022962 kld=0.024620 cd=0.072793 en_pos=6.409320 en_neg=6.336527 pcd=True subgoal_reg=0.0029276921691455526 
2026-01-10 12:53:02,324 :    35/   43 dest_loss=0.032015 future_loss=0.023203 offset_loss=0.022623 kld=0.022975 cd=0.010821 en_pos=6.356310 en_neg=6.345489 pcd=True subgoal_reg=0.0027095037454869415 
2026-01-10 12:53:17,804 :    41/   43 dest_loss=0.028138 future_loss=0.020208 offset_loss=0.021624 kld=0.022816 cd=-0.194622 en_pos=6.142624 en_neg=6.337247 pcd=True subgoal_reg=0.002665718542367949 
2026-01-10 12:53:33,300 :    47/   43 dest_loss=0.030304 future_loss=0.020699 offset_loss=0.023015 kld=0.022771 cd=-0.197351 en_pos=6.319447 en_neg=6.516799 pcd=True subgoal_reg=0.002708769922042858 
2026-01-10 12:53:48,852 :    53/   43 dest_loss=0.037335 future_loss=0.023831 offset_loss=0.032949 kld=0.023403 cd=-0.015603 en_pos=6.346322 en_neg=6.361925 pcd=True subgoal_reg=0.0029531998199752384 
2026-01-10 12:54:04,373 :    59/   43 dest_loss=0.030340 future_loss=0.019772 offset_loss=0.028428 kld=0.023531 cd=-0.008117 en_pos=6.332237 en_neg=6.340355 pcd=True subgoal_reg=0.0027282087115374633 
2026-01-10 12:54:19,912 :    65/   43 dest_loss=0.128955 future_loss=0.088187 offset_loss=0.120863 kld=0.023075 cd=0.039365 en_pos=6.390711 en_neg=6.351346 pcd=True subgoal_reg=0.0027717753271498382 
2026-01-10 12:54:35,394 :    71/   43 dest_loss=0.033046 future_loss=0.023964 offset_loss=0.026515 kld=0.025606 cd=-0.158740 en_pos=6.544373 en_neg=6.703113 pcd=True subgoal_reg=0.003082694832414932 
2026-01-10 12:54:50,981 :    77/   43 dest_loss=0.030796 future_loss=0.021331 offset_loss=0.024308 kld=0.023238 cd=-0.048232 en_pos=6.323033 en_neg=6.371265 pcd=True subgoal_reg=0.002677584777851086 
2026-01-10 12:55:06,506 :    83/   43 dest_loss=0.037757 future_loss=0.026403 offset_loss=0.027717 kld=0.024980 cd=0.064617 en_pos=6.664639 en_neg=6.600022 pcd=True subgoal_reg=0.0029240957741027314 
2026-01-10 12:55:21,886 :    89/   43 dest_loss=0.039308 future_loss=0.028006 offset_loss=0.029045 kld=0.025171 cd=0.125651 en_pos=6.481473 en_neg=6.355822 pcd=True subgoal_reg=0.0028375925149281456 
2026-01-10 12:55:37,449 :    95/   43 dest_loss=0.036864 future_loss=0.025661 offset_loss=0.026875 kld=0.024114 cd=-0.127670 en_pos=6.386454 en_neg=6.514124 pcd=True subgoal_reg=0.0030581972377954425 
2026-01-10 12:55:53,110 :   101/   43 dest_loss=0.177464 future_loss=0.123815 offset_loss=0.156228 kld=0.023501 cd=0.155731 en_pos=6.333334 en_neg=6.177603 pcd=True subgoal_reg=0.0026013978269334116 
2026-01-10 12:56:08,662 :   107/   43 dest_loss=0.039445 future_loss=0.029294 offset_loss=0.031785 kld=0.024659 cd=0.052202 en_pos=6.471472 en_neg=6.419270 pcd=True subgoal_reg=0.0026842107445182776 
2026-01-10 12:56:24,284 :   113/   43 dest_loss=0.029890 future_loss=0.021462 offset_loss=0.023998 kld=0.024496 cd=0.000992 en_pos=6.501437 en_neg=6.500446 pcd=True subgoal_reg=0.002771599774234648 
2026-01-10 12:56:39,838 :   119/   43 dest_loss=0.031010 future_loss=0.021503 offset_loss=0.023896 kld=0.023158 cd=0.046425 en_pos=6.490623 en_neg=6.444198 pcd=True subgoal_reg=0.0028588072567814187 
2026-01-10 12:56:55,372 :   125/   43 dest_loss=0.032187 future_loss=0.022719 offset_loss=0.026329 kld=0.022916 cd=-0.160213 en_pos=6.290119 en_neg=6.450332 pcd=True subgoal_reg=0.002541433884478871 
2026-01-10 12:57:10,934 :   131/   43 dest_loss=0.033590 future_loss=0.023972 offset_loss=0.025363 kld=0.023082 cd=-0.213684 en_pos=6.257916 en_neg=6.471601 pcd=True subgoal_reg=0.0025995202410089477 
2026-01-10 12:57:26,505 :   137/   43 dest_loss=0.034373 future_loss=0.025566 offset_loss=0.025841 kld=0.024652 cd=-0.063117 en_pos=6.413415 en_neg=6.476532 pcd=True subgoal_reg=0.002786535500085295 
2026-01-10 12:57:42,122 :   143/   43 dest_loss=0.162153 future_loss=0.146468 offset_loss=0.085512 kld=0.026849 cd=-0.050874 en_pos=6.433480 en_neg=6.484355 pcd=True subgoal_reg=0.0027417177233297037 
2026-01-10 12:57:57,774 :   149/   43 dest_loss=0.030818 future_loss=0.021714 offset_loss=0.025143 kld=0.024489 cd=0.030209 en_pos=6.447721 en_neg=6.417512 pcd=True subgoal_reg=0.0027175720138394146 
2026-01-10 12:58:13,357 :   155/   43 dest_loss=0.034025 future_loss=0.024940 offset_loss=0.026999 kld=0.025472 cd=0.019428 en_pos=6.427736 en_neg=6.408308 pcd=True subgoal_reg=0.002691542736059875 
2026-01-10 12:58:28,939 :   161/   43 dest_loss=0.040721 future_loss=0.028535 offset_loss=0.031924 kld=0.025659 cd=0.100998 en_pos=6.643248 en_neg=6.542250 pcd=True subgoal_reg=0.002867217106214838 
2026-01-10 12:58:44,319 :   167/   43 dest_loss=0.034391 future_loss=0.025641 offset_loss=0.026116 kld=0.023878 cd=-0.129076 en_pos=6.247573 en_neg=6.376650 pcd=True subgoal_reg=0.0026875478227118537 
2026-01-10 12:58:59,865 :   173/   43 dest_loss=0.026418 future_loss=0.019215 offset_loss=0.021385 kld=0.023318 cd=-0.012603 en_pos=6.429889 en_neg=6.442492 pcd=True subgoal_reg=0.0027358579873579284 
2026-01-10 12:59:15,431 :   179/   43 dest_loss=0.124194 future_loss=0.109034 offset_loss=0.117346 kld=0.024862 cd=0.005625 en_pos=6.488819 en_neg=6.483193 pcd=True subgoal_reg=0.0028174898116322547 
2026-01-10 12:59:30,999 :   185/   43 dest_loss=0.028992 future_loss=0.020536 offset_loss=0.023481 kld=0.024264 cd=-0.070023 en_pos=6.457974 en_neg=6.527998 pcd=True subgoal_reg=0.0025731675744682207 
2026-01-10 12:59:46,577 :   191/   43 dest_loss=0.092638 future_loss=0.098240 offset_loss=0.076387 kld=0.024586 cd=0.056532 en_pos=6.303790 en_neg=6.247258 pcd=True subgoal_reg=0.0025050960432355706 
2026-01-10 13:00:02,187 :   197/   43 dest_loss=0.037898 future_loss=0.027224 offset_loss=0.030083 kld=0.024299 cd=0.054279 en_pos=6.480227 en_neg=6.425948 pcd=True subgoal_reg=0.0025155269082209773 
2026-01-10 13:00:17,725 :   203/   43 dest_loss=0.029972 future_loss=0.022284 offset_loss=0.023702 kld=0.024356 cd=-0.153416 en_pos=6.340362 en_neg=6.493778 pcd=True subgoal_reg=0.0027388917364818176 
2026-01-10 13:00:33,253 :   209/   43 dest_loss=0.033403 future_loss=0.025554 offset_loss=0.021265 kld=0.023072 cd=0.045164 en_pos=6.536008 en_neg=6.490843 pcd=True subgoal_reg=0.0025748052088232437 
2026-01-10 13:00:48,765 :   215/   43 dest_loss=0.036562 future_loss=0.025839 offset_loss=0.028352 kld=0.024170 cd=0.109887 en_pos=6.449498 en_neg=6.339611 pcd=True subgoal_reg=0.0026152353455919054 
2026-01-10 13:01:04,221 :   221/   43 dest_loss=0.151132 future_loss=0.128704 offset_loss=0.111915 kld=0.026183 cd=0.042946 en_pos=6.555399 en_neg=6.512453 pcd=True subgoal_reg=0.003030666135131285 
2026-01-10 13:01:19,676 :   227/   43 dest_loss=0.034856 future_loss=0.025133 offset_loss=0.026772 kld=0.024889 cd=-0.035013 en_pos=6.426219 en_neg=6.461232 pcd=True subgoal_reg=0.0025938121450711036 
2026-01-10 13:01:35,122 :   233/   43 dest_loss=0.032571 future_loss=0.021000 offset_loss=0.027859 kld=0.023431 cd=-0.058085 en_pos=6.488001 en_neg=6.546086 pcd=True subgoal_reg=0.0028524215851956306 
2026-01-10 13:01:50,641 :   239/   43 dest_loss=0.033371 future_loss=0.024516 offset_loss=0.025992 kld=0.024677 cd=-0.169908 en_pos=6.267300 en_neg=6.437208 pcd=True subgoal_reg=0.002708890507539066 
2026-01-10 13:02:06,003 :   245/   43 dest_loss=0.031925 future_loss=0.022691 offset_loss=0.025459 kld=0.023194 cd=-0.038325 en_pos=6.377957 en_neg=6.416282 pcd=True subgoal_reg=0.002532420060003803 
2026-01-10 13:02:21,710 :   251/   43 dest_loss=0.027492 future_loss=0.019557 offset_loss=0.021347 kld=0.023600 cd=0.111319 en_pos=6.377467 en_neg=6.266149 pcd=True subgoal_reg=0.0027756585246904485 
2026-01-10 13:02:37,409 :   257/   43 dest_loss=0.039605 future_loss=0.027659 offset_loss=0.029896 kld=0.024064 cd=-0.025201 en_pos=6.558200 en_neg=6.583401 pcd=True subgoal_reg=0.0029117389721371855 
2026-01-10 13:02:52,987 :   263/   43 dest_loss=0.114180 future_loss=0.066170 offset_loss=0.118408 kld=0.025304 cd=0.277413 en_pos=6.673993 en_neg=6.396580 pcd=True subgoal_reg=0.002754640289793866 
2026-01-10 13:03:08,731 :   269/   43 dest_loss=0.033612 future_loss=0.024332 offset_loss=0.026264 kld=0.023883 cd=0.019202 en_pos=6.316537 en_neg=6.297335 pcd=True subgoal_reg=0.0027381347419802252 
2026-01-10 13:03:24,493 :   275/   43 dest_loss=0.032648 future_loss=0.024325 offset_loss=0.022818 kld=0.022946 cd=0.123776 en_pos=6.446913 en_neg=6.323137 pcd=True subgoal_reg=0.002585780624695613 
2026-01-10 13:03:40,107 :   281/   43 dest_loss=0.036491 future_loss=0.025735 offset_loss=0.028081 kld=0.023753 cd=-0.231328 en_pos=6.372036 en_neg=6.603364 pcd=True subgoal_reg=0.0027697221471346123 
2026-01-10 13:03:55,753 :   287/   43 dest_loss=0.034796 future_loss=0.025397 offset_loss=0.028137 kld=0.024460 cd=-0.145452 en_pos=6.287673 en_neg=6.433125 pcd=True subgoal_reg=0.0026103988162138143 
2026-01-10 13:04:11,329 :   293/   43 dest_loss=0.032426 future_loss=0.022709 offset_loss=0.024427 kld=0.023105 cd=0.075743 en_pos=6.274160 en_neg=6.198416 pcd=True subgoal_reg=0.0030391905845142233 
2026-01-10 13:04:26,840 :   299/   43 dest_loss=0.032295 future_loss=0.022619 offset_loss=0.025769 kld=0.023424 cd=-0.011099 en_pos=6.530147 en_neg=6.541246 pcd=True subgoal_reg=0.0027970993567557217 
2026-01-10 13:04:42,390 :   305/   43 dest_loss=0.035347 future_loss=0.025775 offset_loss=0.027787 kld=0.025541 cd=-0.143524 en_pos=6.411891 en_neg=6.555415 pcd=True subgoal_reg=0.0027309129273346312 
2026-01-10 13:04:57,979 :   311/   43 dest_loss=0.026335 future_loss=0.019700 offset_loss=0.021520 kld=0.025257 cd=0.123294 en_pos=6.628500 en_neg=6.505206 pcd=True subgoal_reg=0.0027110986669732083 
2026-01-10 13:05:13,531 :   317/   43 dest_loss=0.036308 future_loss=0.025356 offset_loss=0.028246 kld=0.023678 cd=-0.069280 en_pos=6.394012 en_neg=6.463291 pcd=True subgoal_reg=0.0025663398810535695 
2026-01-10 13:05:28,880 :   323/   43 dest_loss=0.031423 future_loss=0.024162 offset_loss=0.020433 kld=0.023140 cd=0.014835 en_pos=6.476051 en_neg=6.461215 pcd=True subgoal_reg=0.0025958653737314322 
2026-01-10 13:05:44,456 :   329/   43 dest_loss=0.028632 future_loss=0.020848 offset_loss=0.022580 kld=0.023661 cd=-0.014129 en_pos=6.345065 en_neg=6.359194 pcd=True subgoal_reg=0.002831887212065668 
2026-01-10 13:06:00,024 :   335/   43 dest_loss=0.029382 future_loss=0.021707 offset_loss=0.021203 kld=0.022998 cd=-0.022452 en_pos=6.504743 en_neg=6.527196 pcd=True subgoal_reg=0.00284757553620291 
2026-01-10 13:06:15,657 :   341/   43 dest_loss=0.025656 future_loss=0.018958 offset_loss=0.020813 kld=0.023839 cd=-0.033172 en_pos=6.387274 en_neg=6.420446 pcd=True subgoal_reg=0.002810708371955896 
2026-01-10 13:06:31,211 :   347/   43 dest_loss=0.027971 future_loss=0.018820 offset_loss=0.026239 kld=0.023311 cd=-0.027228 en_pos=6.364924 en_neg=6.392152 pcd=True subgoal_reg=0.0028125408702596266 
2026-01-10 13:06:46,900 :   353/   43 dest_loss=0.035466 future_loss=0.024712 offset_loss=0.026988 kld=0.024161 cd=-0.036289 en_pos=6.644632 en_neg=6.680921 pcd=True subgoal_reg=0.002925828274003826 
2026-01-10 13:07:02,391 :   359/   43 dest_loss=0.030552 future_loss=0.021968 offset_loss=0.023964 kld=0.024732 cd=-0.002605 en_pos=6.346254 en_neg=6.348859 pcd=True subgoal_reg=0.0026621365047933363 
2026-01-10 13:07:18,216 :   365/   43 dest_loss=0.031864 future_loss=0.022687 offset_loss=0.025040 kld=0.023810 cd=-0.097110 en_pos=6.434716 en_neg=6.531826 pcd=True subgoal_reg=0.0031327988202730236 
2026-01-10 13:07:34,664 :   371/   43 dest_loss=0.031272 future_loss=0.021873 offset_loss=0.024435 kld=0.022541 cd=0.107143 en_pos=6.481523 en_neg=6.374380 pcd=True subgoal_reg=0.002715517865449056 
2026-01-10 13:07:50,865 :   377/   43 dest_loss=0.029878 future_loss=0.021559 offset_loss=0.024616 kld=0.023440 cd=0.142918 en_pos=6.434105 en_neg=6.291187 pcd=True subgoal_reg=0.0027903236635838744 
2026-01-10 13:08:06,615 :   383/   43 dest_loss=0.030760 future_loss=0.021599 offset_loss=0.023694 kld=0.023880 cd=-0.219822 en_pos=6.406952 en_neg=6.626774 pcd=True subgoal_reg=0.0028539455300997003 
2026-01-10 13:08:22,315 :   389/   43 dest_loss=0.030964 future_loss=0.021938 offset_loss=0.023843 kld=0.022927 cd=-0.246301 en_pos=6.335343 en_neg=6.581644 pcd=True subgoal_reg=0.002608426932613348 
2026-01-10 13:08:38,027 :   395/   43 dest_loss=0.034599 future_loss=0.025394 offset_loss=0.023215 kld=0.022967 cd=0.167609 en_pos=6.560718 en_neg=6.393108 pcd=True subgoal_reg=0.0026197099359246186 
2026-01-10 13:08:53,589 :   401/   43 dest_loss=0.033174 future_loss=0.022501 offset_loss=0.027854 kld=0.022670 cd=-0.109239 en_pos=6.355058 en_neg=6.464297 pcd=True subgoal_reg=0.002557334879070222 
2026-01-10 13:09:09,283 :   407/   43 dest_loss=0.034477 future_loss=0.024872 offset_loss=0.026585 kld=0.023957 cd=0.136211 en_pos=6.613663 en_neg=6.477453 pcd=True subgoal_reg=0.0028331737614442363 
2026-01-10 13:09:24,947 :   413/   43 dest_loss=0.035516 future_loss=0.024419 offset_loss=0.027619 kld=0.023189 cd=-0.183847 en_pos=6.378037 en_neg=6.561884 pcd=True subgoal_reg=0.0028102948345997587 
2026-01-10 13:09:40,514 :   419/   43 dest_loss=0.031146 future_loss=0.021748 offset_loss=0.024369 kld=0.023283 cd=-0.056846 en_pos=6.389683 en_neg=6.446529 pcd=True subgoal_reg=0.0026056006678368705 
2026-01-10 13:09:56,086 :   425/   43 dest_loss=0.029928 future_loss=0.021401 offset_loss=0.024507 kld=0.023969 cd=-0.154779 en_pos=6.241389 en_neg=6.396169 pcd=True subgoal_reg=0.0023223617690281877 
2026-01-10 13:10:11,663 :   431/   43 dest_loss=0.030822 future_loss=0.022325 offset_loss=0.025386 kld=0.024155 cd=-0.086927 en_pos=6.549760 en_neg=6.636687 pcd=True subgoal_reg=0.002646125017645957 
2026-01-10 13:10:27,257 :   437/   43 dest_loss=0.045315 future_loss=0.033319 offset_loss=0.029496 kld=0.024321 cd=-0.059666 en_pos=6.481428 en_neg=6.541093 pcd=True subgoal_reg=0.003005098092491695 
2026-01-10 13:10:42,786 :   443/   43 dest_loss=0.031648 future_loss=0.022935 offset_loss=0.024327 kld=0.025138 cd=0.079531 en_pos=6.615423 en_neg=6.535892 pcd=True subgoal_reg=0.0028788595178641757 
2026-01-10 13:10:58,448 :   449/   43 dest_loss=0.029013 future_loss=0.020934 offset_loss=0.023278 kld=0.024335 cd=-0.101575 en_pos=6.238642 en_neg=6.340217 pcd=True subgoal_reg=0.0027149444146260067 
2026-01-10 13:11:14,164 :   455/   43 dest_loss=0.164836 future_loss=0.145458 offset_loss=0.125132 kld=0.026301 cd=0.044174 en_pos=6.520664 en_neg=6.476490 pcd=True subgoal_reg=0.002706869762820292 
2026-01-10 13:11:29,831 :   461/   43 dest_loss=0.032841 future_loss=0.024414 offset_loss=0.023909 kld=0.022795 cd=-0.035694 en_pos=6.505829 en_neg=6.541523 pcd=True subgoal_reg=0.0027075190344864318 
2026-01-10 13:11:45,493 :   467/   43 dest_loss=0.030516 future_loss=0.021949 offset_loss=0.023857 kld=0.023134 cd=-0.249942 en_pos=6.309894 en_neg=6.559836 pcd=True subgoal_reg=0.0025017024218511362 
2026-01-10 13:12:01,131 :   473/   43 dest_loss=0.026434 future_loss=0.019303 offset_loss=0.021031 kld=0.023946 cd=-0.166722 en_pos=6.427530 en_neg=6.594252 pcd=True subgoal_reg=0.002776819407223182 
2026-01-10 13:12:16,611 :   479/   43 dest_loss=0.031780 future_loss=0.024178 offset_loss=0.020068 kld=0.023849 cd=-0.217486 en_pos=6.552001 en_neg=6.769487 pcd=True subgoal_reg=0.0028299278767371793 
2026-01-10 13:12:32,152 :   485/   43 dest_loss=0.038947 future_loss=0.028196 offset_loss=0.029604 kld=0.023143 cd=-0.301328 en_pos=6.179683 en_neg=6.481011 pcd=True subgoal_reg=0.0025952143989079633 
2026-01-10 13:12:47,734 :   491/   43 dest_loss=0.032884 future_loss=0.023152 offset_loss=0.026055 kld=0.024177 cd=-0.200584 en_pos=6.530788 en_neg=6.731372 pcd=True subgoal_reg=0.0029110011525547348 
2026-01-10 13:13:03,255 :   497/   43 dest_loss=0.120322 future_loss=0.106022 offset_loss=0.058621 kld=0.025930 cd=-0.073059 en_pos=6.265533 en_neg=6.338592 pcd=True subgoal_reg=0.0027758679364217106 
2026-01-10 13:13:18,771 :   503/   43 dest_loss=0.034000 future_loss=0.024306 offset_loss=0.027258 kld=0.022920 cd=-0.037840 en_pos=6.360481 en_neg=6.398321 pcd=True subgoal_reg=0.0024537333909995527 
2026-01-10 13:13:34,394 :   509/   43 dest_loss=0.087393 future_loss=0.072893 offset_loss=0.055172 kld=0.023813 cd=-0.025249 en_pos=6.442831 en_neg=6.468080 pcd=True subgoal_reg=0.0026843109679364216 
2026-01-10 13:15:07,284 : Train Loss 81.65352568645179
2026-01-10 13:15:07,285 : Overall Loss 17.546127117075923
2026-01-10 13:15:07,285 : Dest Loss 23.444600809184898
2026-01-10 13:15:07,285 : Val ADE 0.11926476935297999
2026-01-10 13:15:07,285 : Val FDE 0.14160686486142723
2026-01-10 13:15:07,285 : Val Best ADE 0.11818155944526287
2026-01-10 13:15:07,286 : Val Best FDE 0.14221544238019562
2026-01-10 13:15:07,286 : ----->learning rate 4.8828125e-06
2026-01-10 13:15:22,821 :     5/   44 dest_loss=0.096943 future_loss=0.062929 offset_loss=0.098886 kld=0.024079 cd=-0.151593 en_pos=6.485282 en_neg=6.636875 pcd=True subgoal_reg=0.0027971918778509066 
2026-01-10 13:15:38,287 :    11/   44 dest_loss=0.038115 future_loss=0.027269 offset_loss=0.029493 kld=0.024739 cd=0.051628 en_pos=6.377174 en_neg=6.325546 pcd=True subgoal_reg=0.002703040762374925 
2026-01-10 13:15:53,924 :    17/   44 dest_loss=0.030620 future_loss=0.021698 offset_loss=0.025224 kld=0.024258 cd=-0.051387 en_pos=6.264608 en_neg=6.315994 pcd=True subgoal_reg=0.002657121391015855 
2026-01-10 13:16:09,317 :    23/   44 dest_loss=0.047193 future_loss=0.036555 offset_loss=0.060478 kld=0.024237 cd=0.060662 en_pos=6.268775 en_neg=6.208114 pcd=True subgoal_reg=0.002441849187704839 
2026-01-10 13:16:24,876 :    29/   44 dest_loss=0.034800 future_loss=0.025302 offset_loss=0.026779 kld=0.025533 cd=-0.098466 en_pos=6.335414 en_neg=6.433880 pcd=True subgoal_reg=0.0029779410061523356 
2026-01-10 13:16:40,371 :    35/   44 dest_loss=0.030207 future_loss=0.022272 offset_loss=0.024286 kld=0.024079 cd=0.052678 en_pos=6.404996 en_neg=6.352318 pcd=True subgoal_reg=0.0025217142721437632 
2026-01-10 13:16:55,878 :    41/   44 dest_loss=0.037580 future_loss=0.026172 offset_loss=0.029302 kld=0.022887 cd=0.005519 en_pos=6.343095 en_neg=6.337576 pcd=True subgoal_reg=0.002676804588818159 
2026-01-10 13:17:11,386 :    47/   44 dest_loss=0.029593 future_loss=0.019070 offset_loss=0.027145 kld=0.023198 cd=-0.099532 en_pos=6.423750 en_neg=6.523282 pcd=True subgoal_reg=0.0028152043524698545 
2026-01-10 13:17:26,933 :    53/   44 dest_loss=0.033559 future_loss=0.023790 offset_loss=0.026074 kld=0.023376 cd=0.040480 en_pos=6.505935 en_neg=6.465455 pcd=True subgoal_reg=0.0025456556613463943 
2026-01-10 13:17:42,438 :    59/   44 dest_loss=0.038106 future_loss=0.028254 offset_loss=0.030118 kld=0.024195 cd=-0.283442 en_pos=6.290797 en_neg=6.574239 pcd=True subgoal_reg=0.0026790923927951346 
2026-01-10 13:17:57,960 :    65/   44 dest_loss=0.031242 future_loss=0.022951 offset_loss=0.024648 kld=0.024063 cd=-0.150035 en_pos=6.297419 en_neg=6.447454 pcd=True subgoal_reg=0.0023479474132913868 
2026-01-10 13:18:13,484 :    71/   44 dest_loss=0.202610 future_loss=0.153241 offset_loss=0.097195 kld=0.026343 cd=-0.001990 en_pos=6.530858 en_neg=6.532848 pcd=True subgoal_reg=0.002950367612989956 
2026-01-10 13:18:29,014 :    77/   44 dest_loss=0.024956 future_loss=0.018019 offset_loss=0.021274 kld=0.024282 cd=0.062967 en_pos=6.508104 en_neg=6.445137 pcd=True subgoal_reg=0.0028032895343875724 
2026-01-10 13:18:44,554 :    83/   44 dest_loss=0.026485 future_loss=0.018726 offset_loss=0.022182 kld=0.023459 cd=0.165295 en_pos=6.612747 en_neg=6.447452 pcd=True subgoal_reg=0.002733864903662866 
2026-01-10 13:18:59,991 :    89/   44 dest_loss=0.032145 future_loss=0.022833 offset_loss=0.024927 kld=0.023671 cd=0.161047 en_pos=6.473357 en_neg=6.312309 pcd=True subgoal_reg=0.0029464117523592655 
2026-01-10 13:19:15,448 :    95/   44 dest_loss=0.029289 future_loss=0.020646 offset_loss=0.023631 kld=0.024501 cd=-0.172012 en_pos=6.379023 en_neg=6.551035 pcd=True subgoal_reg=0.002734428969365702 
2026-01-10 13:19:30,939 :   101/   44 dest_loss=0.030591 future_loss=0.021526 offset_loss=0.024494 kld=0.023104 cd=0.064849 en_pos=6.459819 en_neg=6.394970 pcd=True subgoal_reg=0.0028099202768058383 
2026-01-10 13:19:46,407 :   107/   44 dest_loss=0.121116 future_loss=0.094367 offset_loss=0.063435 kld=0.025094 cd=-0.271872 en_pos=6.106810 en_neg=6.378683 pcd=True subgoal_reg=0.002543936019909619 
2026-01-10 13:20:01,868 :   113/   44 dest_loss=0.033439 future_loss=0.024475 offset_loss=0.026316 kld=0.023669 cd=-0.073073 en_pos=6.336094 en_neg=6.409167 pcd=True subgoal_reg=0.002855389652799742 
2026-01-10 13:20:17,283 :   119/   44 dest_loss=0.030509 future_loss=0.021049 offset_loss=0.023849 kld=0.023372 cd=0.127876 en_pos=6.764693 en_neg=6.636817 pcd=True subgoal_reg=0.00297507629509869 
2026-01-10 13:20:32,707 :   125/   44 dest_loss=0.073268 future_loss=0.066234 offset_loss=0.053838 kld=0.023612 cd=0.154918 en_pos=6.421446 en_neg=6.266528 pcd=True subgoal_reg=0.0027862654413041347 
2026-01-10 13:20:48,216 :   131/   44 dest_loss=0.030871 future_loss=0.022660 offset_loss=0.021091 kld=0.023277 cd=0.149404 en_pos=6.593102 en_neg=6.443698 pcd=True subgoal_reg=0.0029356434480043254 
2026-01-10 13:21:03,649 :   137/   44 dest_loss=0.033041 future_loss=0.023045 offset_loss=0.026610 kld=0.023833 cd=-0.256189 en_pos=6.440475 en_neg=6.696664 pcd=True subgoal_reg=0.0028870922012989315 
2026-01-10 13:21:19,137 :   143/   44 dest_loss=0.101573 future_loss=0.058350 offset_loss=0.070784 kld=0.026280 cd=0.034236 en_pos=6.409073 en_neg=6.374837 pcd=True subgoal_reg=0.002839320079994851 
2026-01-10 13:21:34,635 :   149/   44 dest_loss=0.032040 future_loss=0.022568 offset_loss=0.025605 kld=0.025295 cd=0.049381 en_pos=6.379125 en_neg=6.329744 pcd=True subgoal_reg=0.002986084487348966 
2026-01-10 13:21:50,192 :   155/   44 dest_loss=0.032731 future_loss=0.023690 offset_loss=0.025607 kld=0.024828 cd=0.159223 en_pos=6.476100 en_neg=6.316877 pcd=True subgoal_reg=0.002598699296295593 
2026-01-10 13:22:05,712 :   161/   44 dest_loss=0.029877 future_loss=0.021103 offset_loss=0.024034 kld=0.022793 cd=0.271255 en_pos=6.629368 en_neg=6.358113 pcd=True subgoal_reg=0.002777431355970509 
2026-01-10 13:22:21,330 :   167/   44 dest_loss=0.032634 future_loss=0.023779 offset_loss=0.025530 kld=0.023944 cd=0.206334 en_pos=6.528712 en_neg=6.322378 pcd=True subgoal_reg=0.002715444508672067 
2026-01-10 13:22:36,588 :   173/   44 dest_loss=0.031588 future_loss=0.022953 offset_loss=0.025203 kld=0.024145 cd=-0.145426 en_pos=6.330427 en_neg=6.475852 pcd=True subgoal_reg=0.0026113034322083457 
2026-01-10 13:22:52,153 :   179/   44 dest_loss=0.033717 future_loss=0.025149 offset_loss=0.023894 kld=0.024079 cd=-0.217062 en_pos=6.383772 en_neg=6.600834 pcd=True subgoal_reg=0.002710969576160443 
2026-01-10 13:23:07,720 :   185/   44 dest_loss=0.030712 future_loss=0.021846 offset_loss=0.024393 kld=0.023883 cd=-0.082979 en_pos=6.407165 en_neg=6.490144 pcd=True subgoal_reg=0.0028002408310080634 
2026-01-10 13:23:23,262 :   191/   44 dest_loss=0.032455 future_loss=0.023350 offset_loss=0.025866 kld=0.024746 cd=0.143051 en_pos=6.527973 en_neg=6.384922 pcd=True subgoal_reg=0.00278716360419272 
2026-01-10 13:23:38,739 :   197/   44 dest_loss=0.025715 future_loss=0.018942 offset_loss=0.021961 kld=0.024420 cd=0.058655 en_pos=6.634146 en_neg=6.575491 pcd=True subgoal_reg=0.002710223268538613 
2026-01-10 13:23:54,326 :   203/   44 dest_loss=0.032399 future_loss=0.023793 offset_loss=0.025422 kld=0.024383 cd=-0.083885 en_pos=6.417136 en_neg=6.501020 pcd=True subgoal_reg=0.0026724807210411613 
2026-01-10 13:24:09,921 :   209/   44 dest_loss=0.037295 future_loss=0.027000 offset_loss=0.028794 kld=0.023664 cd=-0.174799 en_pos=6.351442 en_neg=6.526241 pcd=True subgoal_reg=0.002676453714025793 
2026-01-10 13:24:25,544 :   215/   44 dest_loss=0.035620 future_loss=0.024334 offset_loss=0.026097 kld=0.023818 cd=0.053908 en_pos=6.545050 en_neg=6.491142 pcd=True subgoal_reg=0.003333785020705288 
2026-01-10 13:24:41,148 :   221/   44 dest_loss=0.091284 future_loss=0.063992 offset_loss=0.072660 kld=0.025065 cd=0.119437 en_pos=6.280810 en_neg=6.161373 pcd=True subgoal_reg=0.0025387510966520003 
2026-01-10 13:24:56,825 :   227/   44 dest_loss=0.034775 future_loss=0.024629 offset_loss=0.027635 kld=0.023008 cd=-0.062560 en_pos=6.338591 en_neg=6.401151 pcd=True subgoal_reg=0.002658275451991111 
2026-01-10 13:25:12,382 :   233/   44 dest_loss=0.097952 future_loss=0.062393 offset_loss=0.085408 kld=0.023336 cd=-0.099886 en_pos=6.371405 en_neg=6.471292 pcd=True subgoal_reg=0.0028980029222758167 
2026-01-10 13:25:28,014 :   239/   44 dest_loss=0.035104 future_loss=0.024631 offset_loss=0.026077 kld=0.024143 cd=0.114548 en_pos=6.351536 en_neg=6.236988 pcd=True subgoal_reg=0.0028006677536671094 
2026-01-10 13:25:43,706 :   245/   44 dest_loss=0.031899 future_loss=0.021834 offset_loss=0.024141 kld=0.023555 cd=0.062115 en_pos=6.567376 en_neg=6.505261 pcd=True subgoal_reg=0.002794099224810668 
2026-01-10 13:25:59,125 :   251/   44 dest_loss=0.028349 future_loss=0.020120 offset_loss=0.022345 kld=0.022571 cd=0.122119 en_pos=6.449070 en_neg=6.326951 pcd=True subgoal_reg=0.0026486317178691927 
2026-01-10 13:26:14,768 :   257/   44 dest_loss=0.030656 future_loss=0.019585 offset_loss=0.028280 kld=0.023081 cd=0.044789 en_pos=6.353484 en_neg=6.308695 pcd=True subgoal_reg=0.0027387322959899073 
2026-01-10 13:26:30,377 :   263/   44 dest_loss=0.027752 future_loss=0.019837 offset_loss=0.023432 kld=0.025075 cd=-0.118843 en_pos=6.435725 en_neg=6.554569 pcd=True subgoal_reg=0.0027740716285873483 
2026-01-10 13:26:46,003 :   269/   44 dest_loss=0.029690 future_loss=0.020823 offset_loss=0.023270 kld=0.023568 cd=0.310943 en_pos=6.638057 en_neg=6.327115 pcd=True subgoal_reg=0.0031847187016891963 
2026-01-10 13:27:01,633 :   275/   44 dest_loss=0.028353 future_loss=0.020101 offset_loss=0.022058 kld=0.023907 cd=0.045893 en_pos=6.536933 en_neg=6.491040 pcd=True subgoal_reg=0.0027335565818087056 
2026-01-10 13:27:17,184 :   281/   44 dest_loss=0.030536 future_loss=0.021497 offset_loss=0.024215 kld=0.025556 cd=-0.127534 en_pos=6.400916 en_neg=6.528450 pcd=True subgoal_reg=0.002867588730222549 
2026-01-10 13:27:32,823 :   287/   44 dest_loss=0.087050 future_loss=0.056277 offset_loss=0.068512 kld=0.023382 cd=0.050347 en_pos=6.434275 en_neg=6.383928 pcd=True subgoal_reg=0.002854011069136637 
2026-01-10 13:27:48,519 :   293/   44 dest_loss=0.052574 future_loss=0.042747 offset_loss=0.042251 kld=0.023802 cd=0.078877 en_pos=6.561983 en_neg=6.483106 pcd=True subgoal_reg=0.002736350966838921 
2026-01-10 13:28:04,070 :   299/   44 dest_loss=0.033832 future_loss=0.023807 offset_loss=0.027140 kld=0.024902 cd=-0.032058 en_pos=6.389152 en_neg=6.421210 pcd=True subgoal_reg=0.0029487944997478727 
2026-01-10 13:28:19,708 :   305/   44 dest_loss=0.027352 future_loss=0.019900 offset_loss=0.022331 kld=0.025006 cd=0.061662 en_pos=6.443561 en_neg=6.381899 pcd=True subgoal_reg=0.0028585700853166664 
2026-01-10 13:28:35,336 :   311/   44 dest_loss=0.028586 future_loss=0.021132 offset_loss=0.022584 kld=0.024300 cd=0.018209 en_pos=6.378459 en_neg=6.360251 pcd=True subgoal_reg=0.002694602515102546 
2026-01-10 13:28:50,930 :   317/   44 dest_loss=0.031458 future_loss=0.024072 offset_loss=0.019518 kld=0.024030 cd=0.099632 en_pos=6.569828 en_neg=6.470196 pcd=True subgoal_reg=0.0027829813314539965 
2026-01-10 13:29:06,520 :   323/   44 dest_loss=0.032432 future_loss=0.023753 offset_loss=0.024938 kld=0.025061 cd=0.029463 en_pos=6.479204 en_neg=6.449741 pcd=True subgoal_reg=0.002962522933621217 
2026-01-10 13:29:21,903 :   329/   44 dest_loss=0.030712 future_loss=0.021697 offset_loss=0.024346 kld=0.023706 cd=-0.121898 en_pos=6.193145 en_neg=6.315043 pcd=True subgoal_reg=0.0024565817330834483 
2026-01-10 13:29:37,553 :   335/   44 dest_loss=0.035925 future_loss=0.025465 offset_loss=0.026646 kld=0.024443 cd=0.224037 en_pos=6.451111 en_neg=6.227074 pcd=True subgoal_reg=0.0028195984834937134 
2026-01-10 13:29:53,214 :   341/   44 dest_loss=0.029941 future_loss=0.021357 offset_loss=0.023884 kld=0.024376 cd=0.260541 en_pos=6.712284 en_neg=6.451743 pcd=True subgoal_reg=0.002828832578768491 
2026-01-10 13:30:08,892 :   347/   44 dest_loss=0.030401 future_loss=0.021813 offset_loss=0.022324 kld=0.023326 cd=0.014137 en_pos=6.302108 en_neg=6.287971 pcd=True subgoal_reg=0.0026529652623518154 
2026-01-10 13:30:24,506 :   353/   44 dest_loss=0.031478 future_loss=0.022943 offset_loss=0.024894 kld=0.023975 cd=0.011613 en_pos=6.468532 en_neg=6.456919 pcd=True subgoal_reg=0.0027294338110181943 
2026-01-10 13:30:40,031 :   359/   44 dest_loss=0.028683 future_loss=0.020604 offset_loss=0.023314 kld=0.023935 cd=-0.009843 en_pos=6.326193 en_neg=6.336036 pcd=True subgoal_reg=0.0025634784371019823 
2026-01-10 13:30:55,564 :   365/   44 dest_loss=0.030463 future_loss=0.022722 offset_loss=0.024815 kld=0.024199 cd=0.220866 en_pos=6.448710 en_neg=6.227844 pcd=True subgoal_reg=0.0026360597014996176 
2026-01-10 13:31:11,119 :   371/   44 dest_loss=0.037344 future_loss=0.026985 offset_loss=0.029818 kld=0.024716 cd=-0.063547 en_pos=6.456692 en_neg=6.520239 pcd=True subgoal_reg=0.0030852810748975322 
2026-01-10 13:31:26,636 :   377/   44 dest_loss=0.188175 future_loss=0.149045 offset_loss=0.103831 kld=0.025461 cd=-0.049474 en_pos=6.175225 en_neg=6.224699 pcd=True subgoal_reg=0.0025877764663506638 
2026-01-10 13:31:42,184 :   383/   44 dest_loss=0.077574 future_loss=0.053949 offset_loss=0.056166 kld=0.023623 cd=-0.084748 en_pos=6.310150 en_neg=6.394898 pcd=True subgoal_reg=0.0024933321886005683 
2026-01-10 13:31:57,684 :   389/   44 dest_loss=0.034288 future_loss=0.025474 offset_loss=0.026767 kld=0.025614 cd=-0.083457 en_pos=6.430054 en_neg=6.513511 pcd=True subgoal_reg=0.00295627846080244 
2026-01-10 13:32:13,225 :   395/   44 dest_loss=0.113010 future_loss=0.102103 offset_loss=0.062059 kld=0.025339 cd=0.073590 en_pos=6.623547 en_neg=6.549956 pcd=True subgoal_reg=0.0028233010451538844 
2026-01-10 13:32:28,833 :   401/   44 dest_loss=0.123789 future_loss=0.090661 offset_loss=0.098763 kld=0.024408 cd=-0.044331 en_pos=6.398515 en_neg=6.442847 pcd=True subgoal_reg=0.0027323670251677193 
2026-01-10 13:32:44,160 :   407/   44 dest_loss=0.038629 future_loss=0.026981 offset_loss=0.029127 kld=0.024678 cd=-0.216686 en_pos=6.561577 en_neg=6.778263 pcd=True subgoal_reg=0.0028983494048697364 
2026-01-10 13:32:59,686 :   413/   44 dest_loss=0.031968 future_loss=0.022740 offset_loss=0.025361 kld=0.022824 cd=0.260517 en_pos=6.500239 en_neg=6.239722 pcd=True subgoal_reg=0.002819321574345949 
2026-01-10 13:33:15,189 :   419/   44 dest_loss=0.029650 future_loss=0.021451 offset_loss=0.023538 kld=0.024204 cd=0.187858 en_pos=6.322530 en_neg=6.134672 pcd=True subgoal_reg=0.0025805423464396243 
2026-01-10 13:33:30,711 :   425/   44 dest_loss=0.032589 future_loss=0.021628 offset_loss=0.029130 kld=0.023401 cd=-0.061524 en_pos=6.426163 en_neg=6.487687 pcd=True subgoal_reg=0.002784782395926096 
2026-01-10 13:33:46,219 :   431/   44 dest_loss=0.033665 future_loss=0.022916 offset_loss=0.026532 kld=0.023128 cd=0.019090 en_pos=6.384477 en_neg=6.365387 pcd=True subgoal_reg=0.0028361507645869345 
2026-01-10 13:34:01,782 :   437/   44 dest_loss=0.035472 future_loss=0.024687 offset_loss=0.027169 kld=0.023420 cd=-0.165174 en_pos=6.265124 en_neg=6.430298 pcd=True subgoal_reg=0.0026174659676532997 
2026-01-10 13:34:17,290 :   443/   44 dest_loss=0.032369 future_loss=0.022739 offset_loss=0.024965 kld=0.023263 cd=0.062274 en_pos=6.582722 en_neg=6.520448 pcd=True subgoal_reg=0.0025935280316829084 
2026-01-10 13:34:32,801 :   449/   44 dest_loss=0.032452 future_loss=0.023297 offset_loss=0.026262 kld=0.023935 cd=-0.002296 en_pos=6.447929 en_neg=6.450225 pcd=True subgoal_reg=0.0026731206498327893 
2026-01-10 13:34:48,336 :   455/   44 dest_loss=0.109472 future_loss=0.080112 offset_loss=0.072297 kld=0.024449 cd=-0.088989 en_pos=6.335776 en_neg=6.424765 pcd=True subgoal_reg=0.0030187938541500468 
2026-01-10 13:35:03,833 :   461/   44 dest_loss=0.101379 future_loss=0.072133 offset_loss=0.050300 kld=0.024693 cd=0.114757 en_pos=6.582975 en_neg=6.468218 pcd=True subgoal_reg=0.0024988855601408544 
2026-01-10 13:35:19,347 :   467/   44 dest_loss=0.033369 future_loss=0.024562 offset_loss=0.027060 kld=0.025025 cd=-0.019147 en_pos=6.419811 en_neg=6.438958 pcd=True subgoal_reg=0.003062102867821214 
2026-01-10 13:35:34,796 :   473/   44 dest_loss=0.039787 future_loss=0.028064 offset_loss=0.030478 kld=0.023266 cd=-0.103453 en_pos=6.346601 en_neg=6.450053 pcd=True subgoal_reg=0.0024768103972444278 
2026-01-10 13:35:50,382 :   479/   44 dest_loss=0.032968 future_loss=0.023831 offset_loss=0.025917 kld=0.025485 cd=0.129431 en_pos=6.577180 en_neg=6.447748 pcd=True subgoal_reg=0.0031239649564187015 
2026-01-10 13:36:05,756 :   485/   44 dest_loss=0.030114 future_loss=0.021904 offset_loss=0.023579 kld=0.023880 cd=-0.047081 en_pos=6.368496 en_neg=6.415577 pcd=True subgoal_reg=0.0027351074225960767 
2026-01-10 13:36:21,307 :   491/   44 dest_loss=0.088266 future_loss=0.062990 offset_loss=0.089708 kld=0.024232 cd=-0.482905 en_pos=6.425056 en_neg=6.907962 pcd=True subgoal_reg=0.0028030356402097114 
2026-01-10 13:36:36,921 :   497/   44 dest_loss=0.107087 future_loss=0.104867 offset_loss=0.076877 kld=0.025677 cd=0.152059 en_pos=6.395279 en_neg=6.243220 pcd=True subgoal_reg=0.0026716280737206434 
2026-01-10 13:36:52,518 :   503/   44 dest_loss=0.032882 future_loss=0.022569 offset_loss=0.026168 kld=0.023278 cd=-0.106699 en_pos=6.465360 en_neg=6.572059 pcd=True subgoal_reg=0.002842648566502165 
2026-01-10 13:37:08,017 :   509/   44 dest_loss=0.027598 future_loss=0.019991 offset_loss=0.022604 kld=0.024401 cd=-0.325534 en_pos=6.043801 en_neg=6.369335 pcd=True subgoal_reg=0.0026360333806921448 
2026-01-10 13:38:40,887 : Train Loss 88.08930785629262
2026-01-10 13:38:40,887 : Overall Loss 18.085636966153103
2026-01-10 13:38:40,887 : Dest Loss 24.125132243695933
2026-01-10 13:38:40,887 : Val ADE 0.119399838268243
2026-01-10 13:38:40,887 : Val FDE 0.1412940979035038
2026-01-10 13:38:40,887 : Val Best ADE 0.11818155944526287
2026-01-10 13:38:40,887 : Val Best FDE 0.14221544238019562
2026-01-10 13:38:40,887 : ----->learning rate 2.44140625e-06
2026-01-10 13:38:56,467 :     5/   45 dest_loss=0.032805 future_loss=0.024119 offset_loss=0.024840 kld=0.023581 cd=-0.110867 en_pos=6.285896 en_neg=6.396762 pcd=True subgoal_reg=0.0027789189832070804 
2026-01-10 13:39:12,033 :    11/   45 dest_loss=0.028737 future_loss=0.021282 offset_loss=0.022327 kld=0.024235 cd=-0.176452 en_pos=6.262379 en_neg=6.438831 pcd=True subgoal_reg=0.002587072685199468 
2026-01-10 13:39:27,312 :    17/   45 dest_loss=0.113481 future_loss=0.083994 offset_loss=0.086395 kld=0.024994 cd=-0.092975 en_pos=6.492759 en_neg=6.585735 pcd=True subgoal_reg=0.0027466830296638167 
2026-01-10 13:39:42,949 :    23/   45 dest_loss=0.029272 future_loss=0.021118 offset_loss=0.022726 kld=0.023617 cd=-0.164746 en_pos=6.562128 en_neg=6.726874 pcd=True subgoal_reg=0.00286070690849821 
2026-01-10 13:39:58,484 :    29/   45 dest_loss=0.032001 future_loss=0.022980 offset_loss=0.025377 kld=0.023801 cd=-0.187761 en_pos=6.162375 en_neg=6.350135 pcd=True subgoal_reg=0.0026220610810034186 
2026-01-10 13:40:14,074 :    35/   45 dest_loss=0.030442 future_loss=0.023871 offset_loss=0.019930 kld=0.023647 cd=0.006329 en_pos=6.600999 en_neg=6.594669 pcd=True subgoal_reg=0.0027134738143291806 
2026-01-10 13:40:29,701 :    41/   45 dest_loss=0.030890 future_loss=0.022562 offset_loss=0.023999 kld=0.023406 cd=-0.219793 en_pos=6.385229 en_neg=6.605022 pcd=True subgoal_reg=0.002736667709212392 
2026-01-10 13:40:45,263 :    47/   45 dest_loss=0.092106 future_loss=0.052798 offset_loss=0.098267 kld=0.023344 cd=-0.074854 en_pos=6.605600 en_neg=6.680453 pcd=True subgoal_reg=0.0026159287574960984 
2026-01-10 13:41:00,880 :    53/   45 dest_loss=0.035555 future_loss=0.025400 offset_loss=0.027294 kld=0.024414 cd=0.013171 en_pos=6.384023 en_neg=6.370852 pcd=True subgoal_reg=0.0027702814401026916 
2026-01-10 13:41:16,555 :    59/   45 dest_loss=0.032996 future_loss=0.024582 offset_loss=0.022674 kld=0.023335 cd=-0.205210 en_pos=6.232945 en_neg=6.438156 pcd=True subgoal_reg=0.0025937661939926487 
2026-01-10 13:41:32,101 :    65/   45 dest_loss=0.029640 future_loss=0.022155 offset_loss=0.021189 kld=0.023317 cd=-0.082296 en_pos=6.399876 en_neg=6.482172 pcd=True subgoal_reg=0.002571587107434696 
2026-01-10 13:41:47,683 :    71/   45 dest_loss=0.034778 future_loss=0.025946 offset_loss=0.028704 kld=0.024292 cd=0.061484 en_pos=6.356795 en_neg=6.295311 pcd=True subgoal_reg=0.0027354379605441068 
2026-01-10 13:42:03,229 :    77/   45 dest_loss=0.031713 future_loss=0.021962 offset_loss=0.024680 kld=0.025147 cd=0.130631 en_pos=6.676724 en_neg=6.546094 pcd=True subgoal_reg=0.003100959583415463 
2026-01-10 13:42:18,809 :    83/   45 dest_loss=0.033816 future_loss=0.024385 offset_loss=0.027487 kld=0.023597 cd=0.063584 en_pos=6.379876 en_neg=6.316292 pcd=True subgoal_reg=0.002611278484272269 
2026-01-10 13:42:34,469 :    89/   45 dest_loss=0.028755 future_loss=0.020089 offset_loss=0.023454 kld=0.024434 cd=0.065659 en_pos=6.376043 en_neg=6.310384 pcd=True subgoal_reg=0.0024777343975630286 
2026-01-10 13:42:49,839 :    95/   45 dest_loss=0.035356 future_loss=0.025624 offset_loss=0.027462 kld=0.023903 cd=0.228816 en_pos=6.544000 en_neg=6.315184 pcd=True subgoal_reg=0.0027000149095067405 
2026-01-10 13:43:05,337 :   101/   45 dest_loss=0.034635 future_loss=0.025267 offset_loss=0.025834 kld=0.022963 cd=-0.285461 en_pos=6.362419 en_neg=6.647879 pcd=True subgoal_reg=0.002342378853402969 
2026-01-10 13:43:20,809 :   107/   45 dest_loss=0.031577 future_loss=0.021664 offset_loss=0.025409 kld=0.023484 cd=0.016714 en_pos=6.494531 en_neg=6.477817 pcd=True subgoal_reg=0.002655675071721878 
2026-01-10 13:43:36,399 :   113/   45 dest_loss=0.083444 future_loss=0.072405 offset_loss=0.076229 kld=0.024675 cd=-0.248000 en_pos=6.305982 en_neg=6.553982 pcd=True subgoal_reg=0.002828046281833682 
2026-01-10 13:43:51,943 :   119/   45 dest_loss=0.032461 future_loss=0.023534 offset_loss=0.025813 kld=0.024501 cd=-0.001893 en_pos=6.473759 en_neg=6.475652 pcd=True subgoal_reg=0.002686792629491035 
2026-01-10 13:44:07,442 :   125/   45 dest_loss=0.032052 future_loss=0.024418 offset_loss=0.022788 kld=0.023423 cd=-0.219640 en_pos=6.472707 en_neg=6.692347 pcd=True subgoal_reg=0.002521714945560435 
2026-01-10 13:44:22,983 :   131/   45 dest_loss=0.032877 future_loss=0.024153 offset_loss=0.026596 kld=0.025338 cd=-0.010337 en_pos=6.398375 en_neg=6.408712 pcd=True subgoal_reg=0.0028768806155624127 
2026-01-10 13:44:38,499 :   137/   45 dest_loss=0.096306 future_loss=0.069643 offset_loss=0.089119 kld=0.024655 cd=0.154677 en_pos=6.521039 en_neg=6.366362 pcd=True subgoal_reg=0.0028652645337105325 
2026-01-10 13:44:53,974 :   143/   45 dest_loss=0.030465 future_loss=0.022873 offset_loss=0.024157 kld=0.024268 cd=-0.033197 en_pos=6.219144 en_neg=6.252341 pcd=True subgoal_reg=0.0025908244304152627 
2026-01-10 13:45:09,540 :   149/   45 dest_loss=0.033874 future_loss=0.024252 offset_loss=0.025734 kld=0.024229 cd=0.312076 en_pos=6.590799 en_neg=6.278722 pcd=True subgoal_reg=0.0025865209308572586 
2026-01-10 13:45:25,029 :   155/   45 dest_loss=0.033576 future_loss=0.022784 offset_loss=0.029335 kld=0.023365 cd=-0.333055 en_pos=6.332287 en_neg=6.665342 pcd=True subgoal_reg=0.0025012794735296898 
2026-01-10 13:45:40,532 :   161/   45 dest_loss=0.030564 future_loss=0.022931 offset_loss=0.025002 kld=0.024307 cd=0.219758 en_pos=6.582471 en_neg=6.362712 pcd=True subgoal_reg=0.002877539509718483 
2026-01-10 13:45:56,064 :   167/   45 dest_loss=0.029763 future_loss=0.021208 offset_loss=0.023359 kld=0.022958 cd=-0.212276 en_pos=6.437122 en_neg=6.649398 pcd=True subgoal_reg=0.002864001260341043 
2026-01-10 13:46:11,384 :   173/   45 dest_loss=0.030162 future_loss=0.020723 offset_loss=0.024532 kld=0.024146 cd=0.017694 en_pos=6.477362 en_neg=6.459668 pcd=True subgoal_reg=0.0028037244177684627 
2026-01-10 13:46:26,914 :   179/   45 dest_loss=0.171253 future_loss=0.134474 offset_loss=0.130741 kld=0.025233 cd=-0.355282 en_pos=6.266336 en_neg=6.621618 pcd=True subgoal_reg=0.0026847053307542347 
2026-01-10 13:46:42,525 :   185/   45 dest_loss=0.032179 future_loss=0.023739 offset_loss=0.025853 kld=0.024566 cd=0.186740 en_pos=6.553066 en_neg=6.366326 pcd=True subgoal_reg=0.0029136634616529454 
2026-01-10 13:46:58,019 :   191/   45 dest_loss=0.030238 future_loss=0.020756 offset_loss=0.023243 kld=0.023042 cd=0.000265 en_pos=6.425008 en_neg=6.424744 pcd=True subgoal_reg=0.002834169773391659 
2026-01-10 13:47:13,479 :   197/   45 dest_loss=0.130361 future_loss=0.083848 offset_loss=0.125032 kld=0.023992 cd=0.002455 en_pos=6.415537 en_neg=6.413082 pcd=True subgoal_reg=0.0027576068458653085 
2026-01-10 13:47:29,059 :   203/   45 dest_loss=0.036870 future_loss=0.024656 offset_loss=0.031408 kld=0.023240 cd=0.134902 en_pos=6.405369 en_neg=6.270467 pcd=True subgoal_reg=0.0024297277670888265 
2026-01-10 13:47:44,601 :   209/   45 dest_loss=0.052065 future_loss=0.033848 offset_loss=0.040417 kld=0.024569 cd=-0.378369 en_pos=6.252048 en_neg=6.630417 pcd=True subgoal_reg=0.0025485454496986058 
2026-01-10 13:48:00,099 :   215/   45 dest_loss=0.031774 future_loss=0.022590 offset_loss=0.024904 kld=0.024093 cd=0.203111 en_pos=6.605702 en_neg=6.402591 pcd=True subgoal_reg=0.003059605377616145 
2026-01-10 13:48:15,588 :   221/   45 dest_loss=0.032293 future_loss=0.022399 offset_loss=0.025650 kld=0.024504 cd=-0.087103 en_pos=6.354444 en_neg=6.441546 pcd=True subgoal_reg=0.002841716019590113 
2026-01-10 13:48:31,054 :   227/   45 dest_loss=0.027577 future_loss=0.019828 offset_loss=0.022284 kld=0.022906 cd=0.047368 en_pos=6.643168 en_neg=6.595800 pcd=True subgoal_reg=0.0028195958728726017 
2026-01-10 13:48:46,552 :   233/   45 dest_loss=0.033346 future_loss=0.024310 offset_loss=0.026038 kld=0.023435 cd=-0.296177 en_pos=6.266988 en_neg=6.563165 pcd=True subgoal_reg=0.0028092270288327587 
2026-01-10 13:49:02,012 :   239/   45 dest_loss=0.026241 future_loss=0.018817 offset_loss=0.021657 kld=0.024486 cd=-0.039493 en_pos=6.240066 en_neg=6.279560 pcd=True subgoal_reg=0.002501091829513339 
2026-01-10 13:49:17,519 :   245/   45 dest_loss=0.030277 future_loss=0.020479 offset_loss=0.025048 kld=0.023506 cd=0.001932 en_pos=6.621076 en_neg=6.619144 pcd=True subgoal_reg=0.002884372253688686 
2026-01-10 13:49:32,838 :   251/   45 dest_loss=0.034867 future_loss=0.024629 offset_loss=0.027392 kld=0.022880 cd=-0.013536 en_pos=6.316869 en_neg=6.330405 pcd=True subgoal_reg=0.002550460291563759 
2026-01-10 13:49:48,414 :   257/   45 dest_loss=0.043931 future_loss=0.029811 offset_loss=0.048128 kld=0.023330 cd=-0.008489 en_pos=6.399426 en_neg=6.407915 pcd=True subgoal_reg=0.002485506498285241 
2026-01-10 13:50:04,041 :   263/   45 dest_loss=0.030269 future_loss=0.020596 offset_loss=0.025376 kld=0.023415 cd=0.062041 en_pos=6.626719 en_neg=6.564678 pcd=True subgoal_reg=0.002980545511531106 
2026-01-10 13:50:19,650 :   269/   45 dest_loss=0.034135 future_loss=0.024767 offset_loss=0.026231 kld=0.023189 cd=-0.471888 en_pos=6.223564 en_neg=6.695451 pcd=True subgoal_reg=0.0026799563233079592 
2026-01-10 13:50:35,163 :   275/   45 dest_loss=0.036122 future_loss=0.025250 offset_loss=0.028051 kld=0.023391 cd=-0.273080 en_pos=6.364691 en_neg=6.637771 pcd=True subgoal_reg=0.002590139607028791 
2026-01-10 13:50:50,799 :   281/   45 dest_loss=0.033107 future_loss=0.024425 offset_loss=0.027576 kld=0.023881 cd=-0.070036 en_pos=6.337879 en_neg=6.407915 pcd=True subgoal_reg=0.002605670140276323 
2026-01-10 13:51:06,348 :   287/   45 dest_loss=0.029182 future_loss=0.021180 offset_loss=0.023461 kld=0.023323 cd=-0.136433 en_pos=6.308783 en_neg=6.445216 pcd=True subgoal_reg=0.0027749954072056474 
2026-01-10 13:51:21,920 :   293/   45 dest_loss=0.031879 future_loss=0.022547 offset_loss=0.025016 kld=0.024202 cd=0.152696 en_pos=6.455960 en_neg=6.303264 pcd=True subgoal_reg=0.0029466078642068723 
2026-01-10 13:51:37,509 :   299/   45 dest_loss=0.030544 future_loss=0.021885 offset_loss=0.024644 kld=0.023360 cd=-0.159198 en_pos=6.382523 en_neg=6.541720 pcd=True subgoal_reg=0.0025890581576096887 
2026-01-10 13:51:53,095 :   305/   45 dest_loss=0.031256 future_loss=0.022559 offset_loss=0.025331 kld=0.023329 cd=0.141861 en_pos=6.424898 en_neg=6.283037 pcd=True subgoal_reg=0.0025274327400616778 
2026-01-10 13:52:08,615 :   311/   45 dest_loss=0.030580 future_loss=0.022628 offset_loss=0.024753 kld=0.024830 cd=-0.096746 en_pos=6.295090 en_neg=6.391837 pcd=True subgoal_reg=0.002612486574834102 
2026-01-10 13:52:24,369 :   317/   45 dest_loss=0.032899 future_loss=0.023305 offset_loss=0.024668 kld=0.023515 cd=0.103267 en_pos=6.524193 en_neg=6.420926 pcd=True subgoal_reg=0.0027473904830819474 
2026-01-10 13:52:39,889 :   323/   45 dest_loss=0.028308 future_loss=0.020861 offset_loss=0.023633 kld=0.023119 cd=0.030541 en_pos=6.279237 en_neg=6.248695 pcd=True subgoal_reg=0.002308147895508216 
2026-01-10 13:52:55,360 :   329/   45 dest_loss=0.032277 future_loss=0.023609 offset_loss=0.025447 kld=0.025029 cd=0.045959 en_pos=6.433749 en_neg=6.387791 pcd=True subgoal_reg=0.002792905112695576 
2026-01-10 13:53:10,917 :   335/   45 dest_loss=0.028576 future_loss=0.020126 offset_loss=0.022517 kld=0.023171 cd=0.026900 en_pos=6.430785 en_neg=6.403884 pcd=True subgoal_reg=0.0026664750253968254 
2026-01-10 13:53:26,510 :   341/   45 dest_loss=0.029882 future_loss=0.021470 offset_loss=0.023729 kld=0.024030 cd=0.218447 en_pos=6.536756 en_neg=6.318309 pcd=True subgoal_reg=0.002872395229817851 
2026-01-10 13:53:42,175 :   347/   45 dest_loss=0.032339 future_loss=0.024147 offset_loss=0.021483 kld=0.023337 cd=0.420984 en_pos=6.670652 en_neg=6.249667 pcd=True subgoal_reg=0.002871815614490835 
2026-01-10 13:53:57,750 :   353/   45 dest_loss=0.036076 future_loss=0.025269 offset_loss=0.026588 kld=0.024673 cd=-0.146970 en_pos=6.257812 en_neg=6.404782 pcd=True subgoal_reg=0.002598865135469576 
2026-01-10 13:54:13,283 :   359/   45 dest_loss=0.081892 future_loss=0.082939 offset_loss=0.046573 kld=0.025359 cd=-0.258729 en_pos=6.351869 en_neg=6.610598 pcd=True subgoal_reg=0.002419254338978746 
2026-01-10 13:54:28,742 :   365/   45 dest_loss=0.037047 future_loss=0.024345 offset_loss=0.030782 kld=0.023378 cd=0.053866 en_pos=6.337263 en_neg=6.283397 pcd=True subgoal_reg=0.0027400045601531312 
2026-01-10 13:54:44,232 :   371/   45 dest_loss=0.031640 future_loss=0.022924 offset_loss=0.025665 kld=0.024565 cd=-0.282684 en_pos=6.248450 en_neg=6.531135 pcd=True subgoal_reg=0.0026727347962882606 
2026-01-10 13:54:59,705 :   377/   45 dest_loss=0.029806 future_loss=0.021292 offset_loss=0.022757 kld=0.023531 cd=0.073009 en_pos=6.550110 en_neg=6.477102 pcd=True subgoal_reg=0.0027711635361975864 
2026-01-10 13:55:15,242 :   383/   45 dest_loss=0.027845 future_loss=0.018522 offset_loss=0.025118 kld=0.023431 cd=0.153934 en_pos=6.473061 en_neg=6.319128 pcd=True subgoal_reg=0.0027895339920514864 
2026-01-10 13:55:30,687 :   389/   45 dest_loss=0.030649 future_loss=0.021121 offset_loss=0.024374 kld=0.023475 cd=-0.115824 en_pos=6.479479 en_neg=6.595303 pcd=True subgoal_reg=0.0029142575416296664 
2026-01-10 13:55:46,169 :   395/   45 dest_loss=0.027690 future_loss=0.019968 offset_loss=0.022374 kld=0.024170 cd=0.158470 en_pos=6.344227 en_neg=6.185757 pcd=True subgoal_reg=0.002882941204579658 
2026-01-10 13:56:01,656 :   401/   45 dest_loss=0.029061 future_loss=0.020376 offset_loss=0.022919 kld=0.023105 cd=-0.113824 en_pos=6.509280 en_neg=6.623104 pcd=True subgoal_reg=0.0027663392448478543 
2026-01-10 13:56:16,933 :   407/   45 dest_loss=0.027332 future_loss=0.019637 offset_loss=0.023012 kld=0.022810 cd=-0.070624 en_pos=6.339842 en_neg=6.410466 pcd=True subgoal_reg=0.002784639377212203 
2026-01-10 13:56:32,483 :   413/   45 dest_loss=0.029604 future_loss=0.021592 offset_loss=0.024250 kld=0.024518 cd=0.069356 en_pos=6.432149 en_neg=6.362794 pcd=True subgoal_reg=0.002802187674700538 
2026-01-10 13:56:47,946 :   419/   45 dest_loss=0.029960 future_loss=0.022007 offset_loss=0.023376 kld=0.023700 cd=0.153711 en_pos=6.608878 en_neg=6.455167 pcd=True subgoal_reg=0.0031682859123256875 
2026-01-10 13:57:03,451 :   425/   45 dest_loss=0.036236 future_loss=0.025728 offset_loss=0.029020 kld=0.023398 cd=0.012111 en_pos=6.495454 en_neg=6.483344 pcd=True subgoal_reg=0.002549554427770403 
2026-01-10 13:57:19,023 :   431/   45 dest_loss=0.033615 future_loss=0.023877 offset_loss=0.025197 kld=0.023537 cd=-0.087236 en_pos=6.333560 en_neg=6.420796 pcd=True subgoal_reg=0.0028311258241535235 
2026-01-10 13:57:34,557 :   437/   45 dest_loss=0.038509 future_loss=0.027490 offset_loss=0.030067 kld=0.024860 cd=-0.046790 en_pos=6.436403 en_neg=6.483193 pcd=True subgoal_reg=0.0026615113597015017 
2026-01-10 13:57:50,084 :   443/   45 dest_loss=0.031672 future_loss=0.021991 offset_loss=0.025283 kld=0.023144 cd=-0.276644 en_pos=6.346396 en_neg=6.623040 pcd=True subgoal_reg=0.0027653037349032864 
2026-01-10 13:58:05,674 :   449/   45 dest_loss=0.028884 future_loss=0.020465 offset_loss=0.023377 kld=0.024405 cd=-0.129953 en_pos=6.353639 en_neg=6.483592 pcd=True subgoal_reg=0.002744353467452243 
2026-01-10 13:58:21,208 :   455/   45 dest_loss=0.033423 future_loss=0.024039 offset_loss=0.024760 kld=0.023900 cd=0.125036 en_pos=6.595956 en_neg=6.470920 pcd=True subgoal_reg=0.0029631181494355523 
2026-01-10 13:58:36,706 :   461/   45 dest_loss=0.032495 future_loss=0.023451 offset_loss=0.024231 kld=0.022584 cd=0.133766 en_pos=6.474488 en_neg=6.340721 pcd=True subgoal_reg=0.002652999416506462 
2026-01-10 13:58:52,231 :   467/   45 dest_loss=0.033371 future_loss=0.023339 offset_loss=0.026995 kld=0.024331 cd=0.101913 en_pos=6.624665 en_neg=6.522752 pcd=True subgoal_reg=0.0027264358491624714 
2026-01-10 13:59:07,724 :   473/   45 dest_loss=0.094902 future_loss=0.082910 offset_loss=0.057760 kld=0.024938 cd=0.082703 en_pos=6.334029 en_neg=6.251326 pcd=True subgoal_reg=0.002744699139251455 
2026-01-10 13:59:23,372 :   479/   45 dest_loss=0.028101 future_loss=0.020685 offset_loss=0.022033 kld=0.024422 cd=0.223691 en_pos=6.460602 en_neg=6.236911 pcd=True subgoal_reg=0.0027294716820465276 
2026-01-10 13:59:38,673 :   485/   45 dest_loss=0.033211 future_loss=0.023625 offset_loss=0.025786 kld=0.023096 cd=-0.035970 en_pos=6.466623 en_neg=6.502593 pcd=True subgoal_reg=0.002730345171503148 
2026-01-10 13:59:54,178 :   491/   45 dest_loss=0.028341 future_loss=0.020589 offset_loss=0.023115 kld=0.024061 cd=0.244144 en_pos=6.615344 en_neg=6.371199 pcd=True subgoal_reg=0.0025581938077227535 
2026-01-10 14:00:09,774 :   497/   45 dest_loss=0.148160 future_loss=0.125519 offset_loss=0.089004 kld=0.024673 cd=0.053062 en_pos=6.477788 en_neg=6.424727 pcd=True subgoal_reg=0.0028041910975969485 
2026-01-10 14:00:25,330 :   503/   45 dest_loss=0.026235 future_loss=0.019492 offset_loss=0.021724 kld=0.024120 cd=0.214407 en_pos=6.361253 en_neg=6.146846 pcd=True subgoal_reg=0.002590313285541054 
2026-01-10 14:00:40,816 :   509/   45 dest_loss=0.032945 future_loss=0.020912 offset_loss=0.030884 kld=0.023619 cd=-0.177521 en_pos=6.200832 en_neg=6.378354 pcd=True subgoal_reg=0.0028393538271888007 
2026-01-10 14:02:13,558 : Train Loss 83.20548249671108
2026-01-10 14:02:13,558 : Overall Loss 17.60005175092113
2026-01-10 14:02:13,558 : Dest Loss 23.616656013604505
2026-01-10 14:02:13,559 : Val ADE 0.11912354357614877
2026-01-10 14:02:13,559 : Val FDE 0.14164895970731603
2026-01-10 14:02:13,559 : Val Best ADE 0.11818155944526287
2026-01-10 14:02:13,559 : Val Best FDE 0.14221544238019562
2026-01-10 14:02:13,559 : ----->learning rate 2.44140625e-06
2026-01-10 14:02:29,023 :     5/   46 dest_loss=0.111829 future_loss=0.090808 offset_loss=0.097332 kld=0.023745 cd=0.000292 en_pos=6.341400 en_neg=6.341107 pcd=True subgoal_reg=0.002779136383254415 
2026-01-10 14:02:44,588 :    11/   46 dest_loss=0.034897 future_loss=0.024555 offset_loss=0.027436 kld=0.022727 cd=0.075922 en_pos=6.576431 en_neg=6.500509 pcd=True subgoal_reg=0.002678264116112223 
2026-01-10 14:03:00,000 :    17/   46 dest_loss=0.031467 future_loss=0.023071 offset_loss=0.022779 kld=0.022803 cd=0.103879 en_pos=6.574781 en_neg=6.470902 pcd=True subgoal_reg=0.002741768042646791 
2026-01-10 14:03:15,552 :    23/   46 dest_loss=0.031267 future_loss=0.021498 offset_loss=0.025058 kld=0.022989 cd=0.028860 en_pos=6.557335 en_neg=6.528475 pcd=True subgoal_reg=0.002721350658548457 
2026-01-10 14:03:31,105 :    29/   46 dest_loss=0.041851 future_loss=0.030446 offset_loss=0.031340 kld=0.023657 cd=-0.227163 en_pos=6.405784 en_neg=6.632947 pcd=True subgoal_reg=0.0028157920200773496 
2026-01-10 14:03:46,675 :    35/   46 dest_loss=0.032601 future_loss=0.023405 offset_loss=0.025105 kld=0.024470 cd=0.118392 en_pos=6.604192 en_neg=6.485800 pcd=True subgoal_reg=0.0028158366555712877 
2026-01-10 14:04:02,248 :    41/   46 dest_loss=0.034597 future_loss=0.024964 offset_loss=0.028104 kld=0.024203 cd=-0.247837 en_pos=6.440028 en_neg=6.687865 pcd=True subgoal_reg=0.002815879137881559 
2026-01-10 14:04:17,871 :    47/   46 dest_loss=0.032155 future_loss=0.023177 offset_loss=0.025270 kld=0.024446 cd=0.086315 en_pos=6.479791 en_neg=6.393476 pcd=True subgoal_reg=0.0026838900427424905 
2026-01-10 14:04:33,386 :    53/   46 dest_loss=0.038954 future_loss=0.028639 offset_loss=0.030452 kld=0.023677 cd=-0.007716 en_pos=6.294906 en_neg=6.302622 pcd=True subgoal_reg=0.0028920114525815307 
2026-01-10 14:04:48,933 :    59/   46 dest_loss=0.032820 future_loss=0.023480 offset_loss=0.026925 kld=0.024513 cd=-0.037330 en_pos=6.406628 en_neg=6.443958 pcd=True subgoal_reg=0.0028666348571552737 
2026-01-10 14:05:04,523 :    65/   46 dest_loss=0.148000 future_loss=0.112862 offset_loss=0.119587 kld=0.025564 cd=0.008012 en_pos=6.372259 en_neg=6.364247 pcd=True subgoal_reg=0.0030371833161055815 
2026-01-10 14:05:20,074 :    71/   46 dest_loss=0.031433 future_loss=0.022642 offset_loss=0.023809 kld=0.023904 cd=0.009125 en_pos=6.427141 en_neg=6.418015 pcd=True subgoal_reg=0.002715945682111324 
2026-01-10 14:05:35,654 :    77/   46 dest_loss=0.034619 future_loss=0.024737 offset_loss=0.026759 kld=0.024272 cd=0.018669 en_pos=6.379151 en_neg=6.360482 pcd=True subgoal_reg=0.0029330770369112493 
2026-01-10 14:05:51,284 :    83/   46 dest_loss=0.035563 future_loss=0.025322 offset_loss=0.026783 kld=0.024058 cd=-0.134187 en_pos=6.421745 en_neg=6.555932 pcd=True subgoal_reg=0.0026177838130567377 
2026-01-10 14:06:06,621 :    89/   46 dest_loss=0.032636 future_loss=0.023368 offset_loss=0.026194 kld=0.023883 cd=0.111387 en_pos=6.434499 en_neg=6.323112 pcd=True subgoal_reg=0.002797927778771944 
2026-01-10 14:06:22,219 :    95/   46 dest_loss=0.033976 future_loss=0.022294 offset_loss=0.030629 kld=0.023707 cd=0.080715 en_pos=6.510697 en_neg=6.429982 pcd=True subgoal_reg=0.002815159985565777 
2026-01-10 14:06:37,818 :   101/   46 dest_loss=0.026432 future_loss=0.019595 offset_loss=0.021445 kld=0.025053 cd=-0.104653 en_pos=6.441487 en_neg=6.546140 pcd=True subgoal_reg=0.002685928031690242 
2026-01-10 14:06:53,374 :   107/   46 dest_loss=0.034208 future_loss=0.024489 offset_loss=0.027692 kld=0.024845 cd=-0.265468 en_pos=6.161195 en_neg=6.426663 pcd=True subgoal_reg=0.0027259140532391755 
2026-01-10 14:07:09,014 :   113/   46 dest_loss=0.034955 future_loss=0.024639 offset_loss=0.028305 kld=0.024410 cd=0.022917 en_pos=6.405422 en_neg=6.382505 pcd=True subgoal_reg=0.0029383750958757835 
2026-01-10 14:07:24,712 :   119/   46 dest_loss=0.038208 future_loss=0.029344 offset_loss=0.026278 kld=0.023451 cd=0.205502 en_pos=6.594881 en_neg=6.389379 pcd=True subgoal_reg=0.0030042582170028568 
2026-01-10 14:07:40,298 :   125/   46 dest_loss=0.035204 future_loss=0.025042 offset_loss=0.025911 kld=0.025601 cd=-0.002935 en_pos=6.585430 en_neg=6.588364 pcd=True subgoal_reg=0.002905602047355844 
2026-01-10 14:07:55,911 :   131/   46 dest_loss=0.040006 future_loss=0.030223 offset_loss=0.026126 kld=0.023701 cd=-0.006630 en_pos=6.370490 en_neg=6.377121 pcd=True subgoal_reg=0.002693507737728661 
2026-01-10 14:08:11,413 :   137/   46 dest_loss=0.027641 future_loss=0.019171 offset_loss=0.021557 kld=0.022807 cd=0.094913 en_pos=6.535893 en_neg=6.440979 pcd=True subgoal_reg=0.0027485744095430325 
2026-01-10 14:08:27,041 :   143/   46 dest_loss=0.092539 future_loss=0.078794 offset_loss=0.068779 kld=0.024236 cd=-0.156152 en_pos=6.372603 en_neg=6.528755 pcd=True subgoal_reg=0.0026029695805351214 
2026-01-10 14:08:42,811 :   149/   46 dest_loss=0.033808 future_loss=0.024653 offset_loss=0.025810 kld=0.023708 cd=-0.016258 en_pos=6.232496 en_neg=6.248754 pcd=True subgoal_reg=0.002404286254453755 
2026-01-10 14:08:58,379 :   155/   46 dest_loss=0.141061 future_loss=0.116712 offset_loss=0.152922 kld=0.023342 cd=-0.131659 en_pos=6.476522 en_neg=6.608181 pcd=True subgoal_reg=0.0029302507238865155 
2026-01-10 14:09:14,041 :   161/   46 dest_loss=0.038779 future_loss=0.026387 offset_loss=0.028029 kld=0.024709 cd=0.144238 en_pos=6.660541 en_neg=6.516303 pcd=True subgoal_reg=0.0032350282760687517 
2026-01-10 14:09:29,443 :   167/   46 dest_loss=0.037016 future_loss=0.026896 offset_loss=0.029895 kld=0.024878 cd=0.137961 en_pos=6.526450 en_neg=6.388489 pcd=True subgoal_reg=0.0027184462283223135 
2026-01-10 14:09:45,029 :   173/   46 dest_loss=0.032766 future_loss=0.023136 offset_loss=0.025091 kld=0.024190 cd=-0.040385 en_pos=6.341290 en_neg=6.381675 pcd=True subgoal_reg=0.0026927732893052346 
2026-01-10 14:10:00,619 :   179/   46 dest_loss=0.030474 future_loss=0.021856 offset_loss=0.025214 kld=0.023140 cd=-0.006143 en_pos=6.359428 en_neg=6.365571 pcd=True subgoal_reg=0.0027349605229336845 
2026-01-10 14:10:16,124 :   185/   46 dest_loss=0.032574 future_loss=0.022928 offset_loss=0.026064 kld=0.024090 cd=0.086048 en_pos=6.386896 en_neg=6.300848 pcd=True subgoal_reg=0.0027261534173678697 
2026-01-10 14:10:31,628 :   191/   46 dest_loss=0.030617 future_loss=0.021792 offset_loss=0.024813 kld=0.024525 cd=0.185237 en_pos=6.573504 en_neg=6.388267 pcd=True subgoal_reg=0.002673598486690693 
2026-01-10 14:10:47,216 :   197/   46 dest_loss=0.030873 future_loss=0.022136 offset_loss=0.024135 kld=0.025086 cd=-0.142257 en_pos=6.315452 en_neg=6.457709 pcd=True subgoal_reg=0.003047990573268533 
2026-01-10 14:11:02,712 :   203/   46 dest_loss=0.034387 future_loss=0.023398 offset_loss=0.026512 kld=0.024761 cd=0.002035 en_pos=6.591264 en_neg=6.589230 pcd=True subgoal_reg=0.003038575103099241 
2026-01-10 14:11:18,257 :   209/   46 dest_loss=0.033524 future_loss=0.024293 offset_loss=0.026182 kld=0.024751 cd=-0.016304 en_pos=6.394030 en_neg=6.410334 pcd=True subgoal_reg=0.002686652403906685 
2026-01-10 14:11:33,780 :   215/   46 dest_loss=0.033579 future_loss=0.025408 offset_loss=0.023955 kld=0.023515 cd=-0.177926 en_pos=6.319504 en_neg=6.497430 pcd=True subgoal_reg=0.0025459833149930966 
2026-01-10 14:11:49,261 :   221/   46 dest_loss=0.037259 future_loss=0.025474 offset_loss=0.031011 kld=0.023123 cd=0.201121 en_pos=6.462980 en_neg=6.261859 pcd=True subgoal_reg=0.0027308534546120807 
2026-01-10 14:12:04,754 :   227/   46 dest_loss=0.030414 future_loss=0.022084 offset_loss=0.024786 kld=0.024612 cd=-0.189469 en_pos=6.335891 en_neg=6.525359 pcd=True subgoal_reg=0.002753964598663205 
2026-01-10 14:12:20,250 :   233/   46 dest_loss=0.028224 future_loss=0.021469 offset_loss=0.018978 kld=0.023293 cd=-0.048688 en_pos=6.515794 en_neg=6.564482 pcd=True subgoal_reg=0.0026361142112354178 
2026-01-10 14:12:35,739 :   239/   46 dest_loss=0.033500 future_loss=0.024283 offset_loss=0.025797 kld=0.023512 cd=-0.160454 en_pos=6.518999 en_neg=6.679454 pcd=True subgoal_reg=0.002958561036188415 
2026-01-10 14:12:51,118 :   245/   46 dest_loss=0.033356 future_loss=0.023628 offset_loss=0.025105 kld=0.022984 cd=-0.035788 en_pos=6.390423 en_neg=6.426212 pcd=True subgoal_reg=0.002812243593573055 
2026-01-10 14:13:06,625 :   251/   46 dest_loss=0.028832 future_loss=0.020941 offset_loss=0.023574 kld=0.023891 cd=0.300699 en_pos=6.476765 en_neg=6.176067 pcd=True subgoal_reg=0.002738609285178301 
2026-01-10 14:13:22,240 :   257/   46 dest_loss=0.036155 future_loss=0.024470 offset_loss=0.028130 kld=0.023653 cd=-0.086972 en_pos=6.417419 en_neg=6.504392 pcd=True subgoal_reg=0.002986113676488867 
2026-01-10 14:13:37,795 :   263/   46 dest_loss=0.031960 future_loss=0.023726 offset_loss=0.024772 kld=0.023330 cd=-0.072336 en_pos=6.414494 en_neg=6.486830 pcd=True subgoal_reg=0.0025062923802695054 
2026-01-10 14:13:53,422 :   269/   46 dest_loss=0.033536 future_loss=0.023857 offset_loss=0.026338 kld=0.023313 cd=-0.205734 en_pos=6.278310 en_neg=6.484044 pcd=True subgoal_reg=0.0027392001925125083 
2026-01-10 14:14:09,094 :   275/   46 dest_loss=0.032249 future_loss=0.023579 offset_loss=0.025189 kld=0.023822 cd=0.212368 en_pos=6.521142 en_neg=6.308773 pcd=True subgoal_reg=0.0025634623555234846 
2026-01-10 14:14:24,681 :   281/   46 dest_loss=0.035585 future_loss=0.025358 offset_loss=0.027748 kld=0.024825 cd=0.093072 en_pos=6.504040 en_neg=6.410968 pcd=True subgoal_reg=0.0027975286365139896 
2026-01-10 14:14:40,275 :   287/   46 dest_loss=0.029082 future_loss=0.021249 offset_loss=0.023564 kld=0.024582 cd=-0.029218 en_pos=6.466652 en_neg=6.495871 pcd=True subgoal_reg=0.00281782410747135 
2026-01-10 14:14:55,884 :   293/   46 dest_loss=0.031354 future_loss=0.021049 offset_loss=0.027689 kld=0.023258 cd=0.111575 en_pos=6.393193 en_neg=6.281618 pcd=True subgoal_reg=0.0027403377925694717 
2026-01-10 14:15:11,406 :   299/   46 dest_loss=0.032553 future_loss=0.021210 offset_loss=0.027489 kld=0.022855 cd=-0.023696 en_pos=6.496200 en_neg=6.519896 pcd=True subgoal_reg=0.002747262840534636 
2026-01-10 14:15:26,991 :   305/   46 dest_loss=0.078914 future_loss=0.051010 offset_loss=0.083203 kld=0.022345 cd=0.085893 en_pos=6.416231 en_neg=6.330338 pcd=True subgoal_reg=0.0029460326457661605 
2026-01-10 14:15:42,523 :   311/   46 dest_loss=0.169207 future_loss=0.129964 offset_loss=0.111796 kld=0.025722 cd=0.097724 en_pos=6.581000 en_neg=6.483277 pcd=True subgoal_reg=0.002912700451655169 
2026-01-10 14:15:58,038 :   317/   46 dest_loss=0.032929 future_loss=0.024912 offset_loss=0.021951 kld=0.023740 cd=-0.073138 en_pos=6.445795 en_neg=6.518933 pcd=True subgoal_reg=0.002635575091645312 
2026-01-10 14:16:13,438 :   323/   46 dest_loss=0.028338 future_loss=0.019860 offset_loss=0.021931 kld=0.023143 cd=-0.335720 en_pos=6.222611 en_neg=6.558331 pcd=True subgoal_reg=0.002739828398220174 
2026-01-10 14:16:29,017 :   329/   46 dest_loss=0.034533 future_loss=0.024606 offset_loss=0.027200 kld=0.024065 cd=0.117448 en_pos=6.549127 en_neg=6.431679 pcd=True subgoal_reg=0.0029636180959243643 
2026-01-10 14:16:44,631 :   335/   46 dest_loss=0.033825 future_loss=0.024283 offset_loss=0.026521 kld=0.024246 cd=-0.054491 en_pos=6.574285 en_neg=6.628776 pcd=True subgoal_reg=0.0027614799948094165 
2026-01-10 14:17:00,195 :   341/   46 dest_loss=0.030869 future_loss=0.022594 offset_loss=0.024220 kld=0.024539 cd=-0.213483 en_pos=6.271124 en_neg=6.484607 pcd=True subgoal_reg=0.0025902799564243477 
2026-01-10 14:17:15,797 :   347/   46 dest_loss=0.029024 future_loss=0.022907 offset_loss=0.017916 kld=0.023063 cd=0.157690 en_pos=6.540224 en_neg=6.382534 pcd=True subgoal_reg=0.0024960043701866717 
2026-01-10 14:17:31,412 :   353/   46 dest_loss=0.037232 future_loss=0.026870 offset_loss=0.029264 kld=0.023522 cd=-0.147077 en_pos=6.214895 en_neg=6.361972 pcd=True subgoal_reg=0.002535804979997796 
2026-01-10 14:17:46,931 :   359/   46 dest_loss=0.033365 future_loss=0.023122 offset_loss=0.026182 kld=0.023540 cd=-0.122382 en_pos=6.565845 en_neg=6.688228 pcd=True subgoal_reg=0.0028496583788149375 
2026-01-10 14:18:02,396 :   365/   46 dest_loss=0.033257 future_loss=0.023979 offset_loss=0.026234 kld=0.023895 cd=-0.032434 en_pos=6.377461 en_neg=6.409895 pcd=True subgoal_reg=0.0027076681937208214 
2026-01-10 14:18:17,885 :   371/   46 dest_loss=0.030199 future_loss=0.020331 offset_loss=0.022976 kld=0.023298 cd=0.172286 en_pos=6.631488 en_neg=6.459201 pcd=True subgoal_reg=0.0028524230754783083 
2026-01-10 14:18:33,398 :   377/   46 dest_loss=0.029105 future_loss=0.020483 offset_loss=0.023314 kld=0.023293 cd=0.219158 en_pos=6.478172 en_neg=6.259014 pcd=True subgoal_reg=0.002749625399307844 
2026-01-10 14:18:48,973 :   383/   46 dest_loss=0.027466 future_loss=0.020519 offset_loss=0.019733 kld=0.023165 cd=-0.024566 en_pos=6.508524 en_neg=6.533090 pcd=True subgoal_reg=0.002681360823344433 
2026-01-10 14:19:04,488 :   389/   46 dest_loss=0.039499 future_loss=0.028372 offset_loss=0.031520 kld=0.024405 cd=-0.052328 en_pos=6.445130 en_neg=6.497457 pcd=True subgoal_reg=0.0026449394890281073 
2026-01-10 14:19:19,941 :   395/   46 dest_loss=0.029190 future_loss=0.021390 offset_loss=0.023303 kld=0.024490 cd=0.024874 en_pos=6.359991 en_neg=6.335117 pcd=True subgoal_reg=0.0024848388095100493 
2026-01-10 14:19:35,284 :   401/   46 dest_loss=0.027998 future_loss=0.020888 offset_loss=0.022146 kld=0.023277 cd=-0.097970 en_pos=6.546266 en_neg=6.644236 pcd=True subgoal_reg=0.002701511685086465 
2026-01-10 14:19:50,806 :   407/   46 dest_loss=0.036649 future_loss=0.026240 offset_loss=0.028835 kld=0.024630 cd=0.015567 en_pos=6.395074 en_neg=6.379507 pcd=True subgoal_reg=0.00256970045287253 
2026-01-10 14:20:06,323 :   413/   46 dest_loss=0.093898 future_loss=0.071729 offset_loss=0.063604 kld=0.023327 cd=-0.091934 en_pos=6.422058 en_neg=6.513993 pcd=True subgoal_reg=0.002519099260624063 
2026-01-10 14:20:21,908 :   419/   46 dest_loss=0.034622 future_loss=0.024579 offset_loss=0.025647 kld=0.023484 cd=-0.074713 en_pos=6.380112 en_neg=6.454824 pcd=True subgoal_reg=0.0026497198769034488 
2026-01-10 14:20:37,486 :   425/   46 dest_loss=0.231362 future_loss=0.157686 offset_loss=0.190373 kld=0.026668 cd=0.176224 en_pos=6.516247 en_neg=6.340023 pcd=True subgoal_reg=0.0030407851913715495 
2026-01-10 14:20:53,079 :   431/   46 dest_loss=0.035140 future_loss=0.024640 offset_loss=0.026446 kld=0.023178 cd=-0.077845 en_pos=6.525910 en_neg=6.603755 pcd=True subgoal_reg=0.002782624733283816 
2026-01-10 14:21:08,719 :   437/   46 dest_loss=0.032759 future_loss=0.024108 offset_loss=0.025985 kld=0.023201 cd=-0.143466 en_pos=6.257342 en_neg=6.400808 pcd=True subgoal_reg=0.002625557839909335 
2026-01-10 14:21:24,312 :   443/   46 dest_loss=0.028131 future_loss=0.020821 offset_loss=0.019571 kld=0.022966 cd=-0.174764 en_pos=6.523054 en_neg=6.697818 pcd=True subgoal_reg=0.0026086215868697804 
2026-01-10 14:21:39,854 :   449/   46 dest_loss=0.027737 future_loss=0.019299 offset_loss=0.021904 kld=0.025409 cd=-0.132362 en_pos=6.383468 en_neg=6.515830 pcd=True subgoal_reg=0.0029289681753364425 
2026-01-10 14:21:55,440 :   455/   46 dest_loss=0.032949 future_loss=0.023734 offset_loss=0.026599 kld=0.025713 cd=0.116800 en_pos=6.605377 en_neg=6.488577 pcd=True subgoal_reg=0.002806013545918328 
2026-01-10 14:22:10,986 :   461/   46 dest_loss=0.028884 future_loss=0.019941 offset_loss=0.024454 kld=0.024153 cd=-0.118196 en_pos=6.522096 en_neg=6.640292 pcd=True subgoal_reg=0.002789293873769955 
2026-01-10 14:22:26,702 :   467/   46 dest_loss=0.028021 future_loss=0.020185 offset_loss=0.021864 kld=0.023780 cd=0.003344 en_pos=6.539989 en_neg=6.536646 pcd=True subgoal_reg=0.002566321050563882 
2026-01-10 14:22:42,322 :   473/   46 dest_loss=0.034462 future_loss=0.023409 offset_loss=0.025325 kld=0.023367 cd=0.006751 en_pos=6.534330 en_neg=6.527579 pcd=True subgoal_reg=0.00281301778337149 
2026-01-10 14:22:57,702 :   479/   46 dest_loss=0.111674 future_loss=0.099869 offset_loss=0.121416 kld=0.025180 cd=0.330787 en_pos=6.808702 en_neg=6.477915 pcd=True subgoal_reg=0.002791106318138458 
2026-01-10 14:23:13,262 :   485/   46 dest_loss=0.038512 future_loss=0.028107 offset_loss=0.028144 kld=0.024504 cd=0.104621 en_pos=6.564330 en_neg=6.459709 pcd=True subgoal_reg=0.0027056441693354217 
2026-01-10 14:23:28,898 :   491/   46 dest_loss=0.033381 future_loss=0.024027 offset_loss=0.026162 kld=0.024733 cd=0.026067 en_pos=6.513133 en_neg=6.487066 pcd=True subgoal_reg=0.0027298840731538355 
2026-01-10 14:23:44,525 :   497/   46 dest_loss=0.031237 future_loss=0.022142 offset_loss=0.025376 kld=0.024653 cd=0.164863 en_pos=6.538916 en_neg=6.374053 pcd=True subgoal_reg=0.00283671551382137 
2026-01-10 14:24:00,162 :   503/   46 dest_loss=0.127847 future_loss=0.113180 offset_loss=0.114239 kld=0.024524 cd=0.025511 en_pos=6.532005 en_neg=6.506494 pcd=True subgoal_reg=0.0030357429806503015 
2026-01-10 14:24:15,762 :   509/   46 dest_loss=0.036103 future_loss=0.025270 offset_loss=0.026949 kld=0.023176 cd=0.128633 en_pos=6.616308 en_neg=6.487674 pcd=True subgoal_reg=0.002830246206765116 
2026-01-10 14:25:49,164 : Train Loss 91.40191483478111
2026-01-10 14:25:49,164 : Overall Loss 17.28063301124055
2026-01-10 14:25:49,164 : Dest Loss 23.206233350759998
2026-01-10 14:25:49,164 : Val ADE 0.11879452998140505
2026-01-10 14:25:49,164 : Val FDE 0.14172991445585958
2026-01-10 14:25:49,165 : Val Best ADE 0.11818155944526287
2026-01-10 14:25:49,165 : Val Best FDE 0.14221544238019562
2026-01-10 14:25:49,165 : ----->learning rate 2.44140625e-06
2026-01-10 14:26:04,811 :     5/   47 dest_loss=0.030047 future_loss=0.020980 offset_loss=0.023997 kld=0.023464 cd=0.044983 en_pos=6.501622 en_neg=6.456639 pcd=True subgoal_reg=0.0026325727051014188 
2026-01-10 14:26:20,357 :    11/   47 dest_loss=0.029410 future_loss=0.021925 offset_loss=0.023112 kld=0.024498 cd=-0.235120 en_pos=6.490199 en_neg=6.725319 pcd=True subgoal_reg=0.002737194698871981 
2026-01-10 14:26:35,973 :    17/   47 dest_loss=0.038663 future_loss=0.028198 offset_loss=0.028373 kld=0.024216 cd=0.056748 en_pos=6.468072 en_neg=6.411324 pcd=True subgoal_reg=0.002716257192503258 
2026-01-10 14:26:51,363 :    23/   47 dest_loss=0.032711 future_loss=0.022479 offset_loss=0.025711 kld=0.023511 cd=0.221311 en_pos=6.579543 en_neg=6.358232 pcd=True subgoal_reg=0.002851519088210459 
2026-01-10 14:27:07,044 :    29/   47 dest_loss=0.032552 future_loss=0.023919 offset_loss=0.025822 kld=0.024642 cd=0.095406 en_pos=6.505012 en_neg=6.409606 pcd=True subgoal_reg=0.002759108900562718 
2026-01-10 14:27:22,758 :    35/   47 dest_loss=0.029152 future_loss=0.021065 offset_loss=0.023471 kld=0.024220 cd=0.314481 en_pos=6.457409 en_neg=6.142928 pcd=True subgoal_reg=0.0025974352708871295 
2026-01-10 14:27:38,323 :    41/   47 dest_loss=0.031255 future_loss=0.023086 offset_loss=0.022759 kld=0.022894 cd=0.237723 en_pos=6.634706 en_neg=6.396983 pcd=True subgoal_reg=0.0025237333767958296 
2026-01-10 14:27:53,985 :    47/   47 dest_loss=0.052893 future_loss=0.051343 offset_loss=0.040542 kld=0.024196 cd=0.169709 en_pos=6.571269 en_neg=6.401560 pcd=True subgoal_reg=0.0029250133507757463 
2026-01-10 14:28:09,626 :    53/   47 dest_loss=0.032232 future_loss=0.022777 offset_loss=0.024424 kld=0.024175 cd=-0.056060 en_pos=6.506374 en_neg=6.562434 pcd=True subgoal_reg=0.002856670038069414 
2026-01-10 14:28:25,259 :    59/   47 dest_loss=0.078240 future_loss=0.052538 offset_loss=0.075058 kld=0.024624 cd=0.012566 en_pos=6.559767 en_neg=6.547201 pcd=True subgoal_reg=0.002666542984641338 
2026-01-10 14:28:40,941 :    65/   47 dest_loss=0.061138 future_loss=0.051203 offset_loss=0.053832 kld=0.023418 cd=0.008175 en_pos=6.465541 en_neg=6.457365 pcd=True subgoal_reg=0.002683979083803638 
2026-01-10 14:28:56,522 :    71/   47 dest_loss=0.037103 future_loss=0.026725 offset_loss=0.028994 kld=0.025057 cd=-0.133049 en_pos=6.366318 en_neg=6.499368 pcd=True subgoal_reg=0.0028199167322205034 
2026-01-10 14:29:12,245 :    77/   47 dest_loss=0.034077 future_loss=0.022549 offset_loss=0.025731 kld=0.023245 cd=0.274521 en_pos=6.582761 en_neg=6.308240 pcd=True subgoal_reg=0.002900877996991307 
2026-01-10 14:29:27,985 :    83/   47 dest_loss=0.031444 future_loss=0.023182 offset_loss=0.025070 kld=0.024384 cd=0.130562 en_pos=6.514506 en_neg=6.383944 pcd=True subgoal_reg=0.0026843752152776604 
2026-01-10 14:29:43,730 :    89/   47 dest_loss=0.030546 future_loss=0.021347 offset_loss=0.023020 kld=0.024397 cd=-0.001388 en_pos=6.457126 en_neg=6.458514 pcd=True subgoal_reg=0.00276602039206801 
2026-01-10 14:29:59,266 :    95/   47 dest_loss=0.039351 future_loss=0.028166 offset_loss=0.030476 kld=0.025309 cd=-0.052593 en_pos=6.520775 en_neg=6.573369 pcd=True subgoal_reg=0.002718879140466076 
2026-01-10 14:30:14,822 :   101/   47 dest_loss=0.216037 future_loss=0.157073 offset_loss=0.157740 kld=0.026371 cd=-0.128190 en_pos=6.276258 en_neg=6.404448 pcd=True subgoal_reg=0.003101871989711251 
2026-01-10 14:30:30,431 :   107/   47 dest_loss=0.037761 future_loss=0.026833 offset_loss=0.028932 kld=0.024877 cd=0.208060 en_pos=6.505055 en_neg=6.296995 pcd=True subgoal_reg=0.0029443065188088425 
2026-01-10 14:30:46,102 :   113/   47 dest_loss=0.030265 future_loss=0.021575 offset_loss=0.023775 kld=0.022884 cd=-0.041257 en_pos=6.482587 en_neg=6.523843 pcd=True subgoal_reg=0.0026375174883514476 
2026-01-10 14:31:01,735 :   119/   47 dest_loss=0.032225 future_loss=0.024024 offset_loss=0.025443 kld=0.024320 cd=0.166095 en_pos=6.586560 en_neg=6.420465 pcd=True subgoal_reg=0.0028130089704883495 
2026-01-10 14:31:17,386 :   125/   47 dest_loss=0.032821 future_loss=0.023543 offset_loss=0.025767 kld=0.023490 cd=0.171681 en_pos=6.487301 en_neg=6.315620 pcd=True subgoal_reg=0.0025326109405246168 
2026-01-10 14:31:33,033 :   131/   47 dest_loss=0.037951 future_loss=0.026768 offset_loss=0.029588 kld=0.023989 cd=0.055011 en_pos=6.572374 en_neg=6.517363 pcd=True subgoal_reg=0.0029822912364521337 
2026-01-10 14:31:48,595 :   137/   47 dest_loss=0.036753 future_loss=0.027505 offset_loss=0.028484 kld=0.024229 cd=-0.041362 en_pos=6.368806 en_neg=6.410168 pcd=True subgoal_reg=0.0026759449296173098 
2026-01-10 14:32:04,294 :   143/   47 dest_loss=0.034360 future_loss=0.023649 offset_loss=0.029395 kld=0.023172 cd=0.027675 en_pos=6.314990 en_neg=6.287315 pcd=True subgoal_reg=0.002585696104376906 
2026-01-10 14:32:19,942 :   149/   47 dest_loss=0.115088 future_loss=0.080435 offset_loss=0.116721 kld=0.025089 cd=0.026970 en_pos=6.600081 en_neg=6.573111 pcd=True subgoal_reg=0.00271030840765156 
2026-01-10 14:32:35,532 :   155/   47 dest_loss=0.030252 future_loss=0.023161 offset_loss=0.024307 kld=0.025505 cd=0.080349 en_pos=6.532861 en_neg=6.452512 pcd=True subgoal_reg=0.0027012903897820763 
2026-01-10 14:32:51,244 :   161/   47 dest_loss=0.032070 future_loss=0.023238 offset_loss=0.024927 kld=0.024895 cd=-0.180870 en_pos=6.356612 en_neg=6.537482 pcd=True subgoal_reg=0.00270910587128533 
2026-01-10 14:33:06,885 :   167/   47 dest_loss=0.030442 future_loss=0.022034 offset_loss=0.023928 kld=0.023379 cd=-0.155983 en_pos=6.311963 en_neg=6.467947 pcd=True subgoal_reg=0.002499715826301553 
2026-01-10 14:33:22,288 :   173/   47 dest_loss=0.031991 future_loss=0.023936 offset_loss=0.023841 kld=0.024943 cd=0.135522 en_pos=6.652091 en_neg=6.516569 pcd=True subgoal_reg=0.002852851785791608 
2026-01-10 14:33:37,868 :   179/   47 dest_loss=0.034259 future_loss=0.022807 offset_loss=0.025432 kld=0.023223 cd=-0.039002 en_pos=6.507537 en_neg=6.546540 pcd=True subgoal_reg=0.0028762923572414976 
2026-01-10 14:33:53,465 :   185/   47 dest_loss=0.035505 future_loss=0.025271 offset_loss=0.026478 kld=0.023408 cd=-0.162810 en_pos=6.312212 en_neg=6.475022 pcd=True subgoal_reg=0.0025769185497112154 
2026-01-10 14:34:09,074 :   191/   47 dest_loss=0.029235 future_loss=0.019527 offset_loss=0.026589 kld=0.023302 cd=0.130498 en_pos=6.578165 en_neg=6.447667 pcd=True subgoal_reg=0.002931577807571319 
2026-01-10 14:34:24,526 :   197/   47 dest_loss=0.031581 future_loss=0.022529 offset_loss=0.025272 kld=0.023899 cd=-0.239626 en_pos=6.367414 en_neg=6.607039 pcd=True subgoal_reg=0.002594261730722354 
2026-01-10 14:34:39,961 :   203/   47 dest_loss=0.034815 future_loss=0.025317 offset_loss=0.027290 kld=0.024932 cd=0.008830 en_pos=6.566690 en_neg=6.557859 pcd=True subgoal_reg=0.0028610666895583204 
2026-01-10 14:34:55,491 :   209/   47 dest_loss=0.033378 future_loss=0.024131 offset_loss=0.025770 kld=0.023266 cd=-0.035334 en_pos=6.371425 en_neg=6.406760 pcd=True subgoal_reg=0.0024825804065564437 
2026-01-10 14:35:11,039 :   215/   47 dest_loss=0.028320 future_loss=0.020630 offset_loss=0.020793 kld=0.022692 cd=0.005874 en_pos=6.517773 en_neg=6.511899 pcd=True subgoal_reg=0.002536233392363499 
2026-01-10 14:35:26,529 :   221/   47 dest_loss=0.035277 future_loss=0.025600 offset_loss=0.028119 kld=0.024821 cd=-0.001404 en_pos=6.383841 en_neg=6.385244 pcd=True subgoal_reg=0.002584610331703384 
2026-01-10 14:35:42,103 :   227/   47 dest_loss=0.035001 future_loss=0.025763 offset_loss=0.026841 kld=0.025306 cd=0.202911 en_pos=6.535166 en_neg=6.332255 pcd=True subgoal_reg=0.002836619175596484 
2026-01-10 14:35:57,624 :   233/   47 dest_loss=0.035385 future_loss=0.025129 offset_loss=0.028534 kld=0.025250 cd=-0.180924 en_pos=6.304630 en_neg=6.485554 pcd=True subgoal_reg=0.002721256773924489 
2026-01-10 14:36:13,258 :   239/   47 dest_loss=0.032418 future_loss=0.024135 offset_loss=0.023306 kld=0.022789 cd=-0.079962 en_pos=6.419716 en_neg=6.499678 pcd=True subgoal_reg=0.0026588314842692046 
2026-01-10 14:36:28,811 :   245/   47 dest_loss=0.037828 future_loss=0.027150 offset_loss=0.028977 kld=0.023635 cd=0.031145 en_pos=6.343288 en_neg=6.312143 pcd=True subgoal_reg=0.002700810553945287 
2026-01-10 14:36:44,206 :   251/   47 dest_loss=0.029543 future_loss=0.020567 offset_loss=0.023774 kld=0.023112 cd=0.157371 en_pos=6.422006 en_neg=6.264635 pcd=True subgoal_reg=0.0025890317020499203 
2026-01-10 14:36:59,940 :   257/   47 dest_loss=0.075571 future_loss=0.053645 offset_loss=0.078609 kld=0.024425 cd=-0.231430 en_pos=6.265280 en_neg=6.496711 pcd=True subgoal_reg=0.002573367521834344 
2026-01-10 14:37:15,594 :   263/   47 dest_loss=0.037622 future_loss=0.028398 offset_loss=0.024133 kld=0.024734 cd=-0.022560 en_pos=6.612465 en_neg=6.635025 pcd=True subgoal_reg=0.002956520744740902 
2026-01-10 14:37:31,250 :   269/   47 dest_loss=0.029261 future_loss=0.020822 offset_loss=0.022842 kld=0.023797 cd=-0.001263 en_pos=6.452811 en_neg=6.454074 pcd=True subgoal_reg=0.002776365667034522 
2026-01-10 14:37:46,804 :   275/   47 dest_loss=0.031218 future_loss=0.021950 offset_loss=0.022999 kld=0.022705 cd=0.233125 en_pos=6.523558 en_neg=6.290433 pcd=True subgoal_reg=0.0025908936265255254 
2026-01-10 14:38:02,287 :   281/   47 dest_loss=0.093774 future_loss=0.076166 offset_loss=0.043150 kld=0.024996 cd=0.121172 en_pos=6.368024 en_neg=6.246852 pcd=True subgoal_reg=0.0028877349462516607 
2026-01-10 14:38:17,816 :   287/   47 dest_loss=0.032624 future_loss=0.023327 offset_loss=0.025718 kld=0.023215 cd=-0.242547 en_pos=6.338967 en_neg=6.581514 pcd=True subgoal_reg=0.0026093035373909927 
2026-01-10 14:38:33,271 :   293/   47 dest_loss=0.033128 future_loss=0.024106 offset_loss=0.025524 kld=0.024704 cd=-0.439024 en_pos=6.420854 en_neg=6.859878 pcd=True subgoal_reg=0.002648080466241642 
2026-01-10 14:38:48,797 :   299/   47 dest_loss=0.031421 future_loss=0.022260 offset_loss=0.024403 kld=0.024067 cd=-0.315241 en_pos=6.171609 en_neg=6.486850 pcd=True subgoal_reg=0.0027379777348244113 
2026-01-10 14:39:04,362 :   305/   47 dest_loss=0.032157 future_loss=0.025203 offset_loss=0.020674 kld=0.024020 cd=0.033839 en_pos=6.598693 en_neg=6.564854 pcd=True subgoal_reg=0.0028367221160284072 
2026-01-10 14:39:19,868 :   311/   47 dest_loss=0.032163 future_loss=0.023365 offset_loss=0.025402 kld=0.024117 cd=-0.112344 en_pos=6.363191 en_neg=6.475535 pcd=True subgoal_reg=0.00257276658394475 
2026-01-10 14:39:35,377 :   317/   47 dest_loss=0.032632 future_loss=0.022949 offset_loss=0.026892 kld=0.022452 cd=0.033886 en_pos=6.349057 en_neg=6.315171 pcd=True subgoal_reg=0.0026129392963090336 
2026-01-10 14:39:50,919 :   323/   47 dest_loss=0.031146 future_loss=0.022683 offset_loss=0.024532 kld=0.025043 cd=0.007171 en_pos=6.602043 en_neg=6.594872 pcd=True subgoal_reg=0.002691270505820878 
2026-01-10 14:40:06,239 :   329/   47 dest_loss=0.038784 future_loss=0.027814 offset_loss=0.029830 kld=0.025158 cd=-0.067378 en_pos=6.398414 en_neg=6.465791 pcd=True subgoal_reg=0.002671026438771378 
2026-01-10 14:40:21,715 :   335/   47 dest_loss=0.033350 future_loss=0.024090 offset_loss=0.025653 kld=0.023906 cd=-0.089268 en_pos=6.171473 en_neg=6.260741 pcd=True subgoal_reg=0.0025944502657769533 
2026-01-10 14:40:37,234 :   341/   47 dest_loss=0.118904 future_loss=0.080777 offset_loss=0.126530 kld=0.025815 cd=-0.009446 en_pos=6.648995 en_neg=6.658441 pcd=True subgoal_reg=0.0029276967384220262 
2026-01-10 14:40:52,797 :   347/   47 dest_loss=0.029244 future_loss=0.020776 offset_loss=0.022604 kld=0.024712 cd=-0.023010 en_pos=6.532145 en_neg=6.555156 pcd=True subgoal_reg=0.002533102511838238 
2026-01-10 14:41:08,292 :   353/   47 dest_loss=0.032423 future_loss=0.023705 offset_loss=0.025445 kld=0.023533 cd=0.093689 en_pos=6.447839 en_neg=6.354150 pcd=True subgoal_reg=0.0026738401917919133 
2026-01-10 14:41:23,775 :   359/   47 dest_loss=0.155975 future_loss=0.128628 offset_loss=0.076006 kld=0.025203 cd=-0.059866 en_pos=6.372684 en_neg=6.432549 pcd=True subgoal_reg=0.0028387885517999895 
2026-01-10 14:41:39,249 :   365/   47 dest_loss=0.031170 future_loss=0.022509 offset_loss=0.024516 kld=0.024217 cd=-0.079687 en_pos=6.341540 en_neg=6.421227 pcd=True subgoal_reg=0.0024996408198248365 
2026-01-10 14:41:54,732 :   371/   47 dest_loss=0.035841 future_loss=0.024987 offset_loss=0.028142 kld=0.023328 cd=0.049443 en_pos=6.356198 en_neg=6.306755 pcd=True subgoal_reg=0.002645553913986772 
2026-01-10 14:42:10,243 :   377/   47 dest_loss=0.028612 future_loss=0.020676 offset_loss=0.023765 kld=0.023287 cd=0.191802 en_pos=6.411226 en_neg=6.219424 pcd=True subgoal_reg=0.002633950570388531 
2026-01-10 14:42:25,806 :   383/   47 dest_loss=0.031882 future_loss=0.022704 offset_loss=0.024892 kld=0.025139 cd=-0.032016 en_pos=6.478831 en_neg=6.510847 pcd=True subgoal_reg=0.002863062072082325 
2026-01-10 14:42:41,481 :   389/   47 dest_loss=0.030279 future_loss=0.022313 offset_loss=0.022755 kld=0.023372 cd=-0.012935 en_pos=6.556557 en_neg=6.569492 pcd=True subgoal_reg=0.00254028205251311 
2026-01-10 14:42:57,020 :   395/   47 dest_loss=0.029664 future_loss=0.021153 offset_loss=0.023146 kld=0.023337 cd=-0.294250 en_pos=6.359978 en_neg=6.654228 pcd=True subgoal_reg=0.002686215004307587 
2026-01-10 14:43:12,598 :   401/   47 dest_loss=0.036315 future_loss=0.026039 offset_loss=0.026970 kld=0.024842 cd=0.032710 en_pos=6.400573 en_neg=6.367862 pcd=True subgoal_reg=0.0028989633123649595 
2026-01-10 14:43:28,001 :   407/   47 dest_loss=0.031194 future_loss=0.023188 offset_loss=0.024519 kld=0.024797 cd=-0.018317 en_pos=6.508264 en_neg=6.526582 pcd=True subgoal_reg=0.002615642325892336 
2026-01-10 14:43:43,622 :   413/   47 dest_loss=0.032914 future_loss=0.024229 offset_loss=0.025741 kld=0.024261 cd=-0.238902 en_pos=6.395782 en_neg=6.634684 pcd=True subgoal_reg=0.0026470822514362917 
2026-01-10 14:43:59,227 :   419/   47 dest_loss=0.027121 future_loss=0.019140 offset_loss=0.021879 kld=0.022754 cd=0.046519 en_pos=6.475056 en_neg=6.428537 pcd=True subgoal_reg=0.002691399232608205 
2026-01-10 14:44:14,820 :   425/   47 dest_loss=0.121603 future_loss=0.095626 offset_loss=0.149456 kld=0.026360 cd=0.138887 en_pos=6.655056 en_neg=6.516169 pcd=True subgoal_reg=0.0031655465384906687 
2026-01-10 14:44:30,442 :   431/   47 dest_loss=0.032496 future_loss=0.024047 offset_loss=0.026699 kld=0.025193 cd=0.034922 en_pos=6.390003 en_neg=6.355081 pcd=True subgoal_reg=0.002913426632172258 
2026-01-10 14:44:46,109 :   437/   47 dest_loss=0.025679 future_loss=0.018290 offset_loss=0.020443 kld=0.022970 cd=-0.041097 en_pos=6.494358 en_neg=6.535455 pcd=True subgoal_reg=0.0027279388791634305 
2026-01-10 14:45:01,677 :   443/   47 dest_loss=0.030186 future_loss=0.021463 offset_loss=0.024324 kld=0.023300 cd=0.037306 en_pos=6.536214 en_neg=6.498908 pcd=True subgoal_reg=0.0027638621151953352 
2026-01-10 14:45:17,330 :   449/   47 dest_loss=0.027349 future_loss=0.020084 offset_loss=0.022139 kld=0.023335 cd=-0.157632 en_pos=6.447073 en_neg=6.604704 pcd=True subgoal_reg=0.0025655223275133283 
2026-01-10 14:45:32,972 :   455/   47 dest_loss=0.124141 future_loss=0.085870 offset_loss=0.138609 kld=0.024770 cd=-0.030123 en_pos=6.605479 en_neg=6.635602 pcd=True subgoal_reg=0.0031079280446493374 
2026-01-10 14:45:48,487 :   461/   47 dest_loss=0.030210 future_loss=0.021111 offset_loss=0.023050 kld=0.023972 cd=0.067383 en_pos=6.502280 en_neg=6.434898 pcd=True subgoal_reg=0.002977099240678942 
2026-01-10 14:46:04,042 :   467/   47 dest_loss=0.033614 future_loss=0.024338 offset_loss=0.025519 kld=0.023985 cd=0.079117 en_pos=6.523791 en_neg=6.444674 pcd=True subgoal_reg=0.002656677186459964 
2026-01-10 14:46:19,510 :   473/   47 dest_loss=0.027913 future_loss=0.020297 offset_loss=0.021153 kld=0.024568 cd=-0.068831 en_pos=6.142978 en_neg=6.211809 pcd=True subgoal_reg=0.002688731303981926 
2026-01-10 14:46:35,059 :   479/   47 dest_loss=0.093878 future_loss=0.087072 offset_loss=0.051589 kld=0.025636 cd=-0.273753 en_pos=6.390102 en_neg=6.663855 pcd=True subgoal_reg=0.0028660790308876545 
2026-01-10 14:46:50,540 :   485/   47 dest_loss=0.056756 future_loss=0.050895 offset_loss=0.039137 kld=0.023322 cd=0.205027 en_pos=6.568868 en_neg=6.363841 pcd=True subgoal_reg=0.0028231663397436033 
2026-01-10 14:47:06,084 :   491/   47 dest_loss=0.128965 future_loss=0.114224 offset_loss=0.091679 kld=0.024140 cd=-0.084031 en_pos=6.405262 en_neg=6.489292 pcd=True subgoal_reg=0.0027926798101938683 
2026-01-10 14:47:21,662 :   497/   47 dest_loss=0.035603 future_loss=0.025730 offset_loss=0.027450 kld=0.024891 cd=0.136266 en_pos=6.398664 en_neg=6.262397 pcd=True subgoal_reg=0.0027872997882993876 
2026-01-10 14:47:37,225 :   503/   47 dest_loss=0.034991 future_loss=0.023606 offset_loss=0.027289 kld=0.023407 cd=0.054063 en_pos=6.490136 en_neg=6.436073 pcd=True subgoal_reg=0.0029022228103921036 
2026-01-10 14:47:52,786 :   509/   47 dest_loss=0.028237 future_loss=0.020513 offset_loss=0.023022 kld=0.024695 cd=-0.210910 en_pos=6.353446 en_neg=6.564356 pcd=True subgoal_reg=0.0026045207284997995 
2026-01-10 14:49:25,820 : Train Loss 88.59115527851897
2026-01-10 14:49:25,820 : Overall Loss 16.785501481446516
2026-01-10 14:49:25,820 : Dest Loss 22.646315023487173
2026-01-10 14:49:25,820 : Val ADE 0.11898364094459456
2026-01-10 14:49:25,821 : Val FDE 0.14164006597745923
2026-01-10 14:49:25,821 : Val Best ADE 0.11818155944526287
2026-01-10 14:49:25,821 : Val Best FDE 0.14221544238019562
2026-01-10 14:49:25,821 : ----->learning rate 2.44140625e-06
2026-01-10 14:49:41,434 :     5/   48 dest_loss=0.033413 future_loss=0.023839 offset_loss=0.027105 kld=0.023971 cd=-0.212040 en_pos=6.364755 en_neg=6.576795 pcd=True subgoal_reg=0.0023898744892580726 
2026-01-10 14:49:56,947 :    11/   48 dest_loss=0.029936 future_loss=0.022317 offset_loss=0.024262 kld=0.024353 cd=0.065832 en_pos=6.450558 en_neg=6.384726 pcd=True subgoal_reg=0.00283015095438657 
2026-01-10 14:50:12,301 :    17/   48 dest_loss=0.031286 future_loss=0.022113 offset_loss=0.023955 kld=0.023323 cd=-0.233577 en_pos=6.246358 en_neg=6.479935 pcd=True subgoal_reg=0.0025842856102922286 
2026-01-10 14:50:27,919 :    23/   48 dest_loss=0.068852 future_loss=0.045749 offset_loss=0.070546 kld=0.024892 cd=-0.093502 en_pos=6.495304 en_neg=6.588806 pcd=True subgoal_reg=0.0029342634199158594 
2026-01-10 14:50:43,523 :    29/   48 dest_loss=0.033256 future_loss=0.023679 offset_loss=0.026738 kld=0.022872 cd=0.040071 en_pos=6.376527 en_neg=6.336456 pcd=True subgoal_reg=0.0027985576223560943 
2026-01-10 14:50:59,139 :    35/   48 dest_loss=0.033657 future_loss=0.023894 offset_loss=0.026281 kld=0.023894 cd=-0.014874 en_pos=6.396757 en_neg=6.411631 pcd=True subgoal_reg=0.00289973875530857 
2026-01-10 14:51:14,758 :    41/   48 dest_loss=0.034482 future_loss=0.024704 offset_loss=0.027270 kld=0.024175 cd=-0.031112 en_pos=6.300577 en_neg=6.331688 pcd=True subgoal_reg=0.002927885489443765 
2026-01-10 14:51:30,354 :    47/   48 dest_loss=0.184821 future_loss=0.162579 offset_loss=0.100150 kld=0.025235 cd=-0.046945 en_pos=6.451730 en_neg=6.498675 pcd=True subgoal_reg=0.002524384414271205 
2026-01-10 14:51:45,957 :    53/   48 dest_loss=0.031080 future_loss=0.022399 offset_loss=0.024478 kld=0.023807 cd=0.162004 en_pos=6.534397 en_neg=6.372393 pcd=True subgoal_reg=0.0028288735669978722 
2026-01-10 14:52:01,432 :    59/   48 dest_loss=0.038650 future_loss=0.028501 offset_loss=0.030164 kld=0.024317 cd=-0.015804 en_pos=6.439525 en_neg=6.455330 pcd=True subgoal_reg=0.0029757794928778284 
2026-01-10 14:52:17,080 :    65/   48 dest_loss=0.035559 future_loss=0.025189 offset_loss=0.026955 kld=0.024431 cd=0.149585 en_pos=6.504535 en_neg=6.354950 pcd=True subgoal_reg=0.0027421277541834735 
2026-01-10 14:52:32,771 :    71/   48 dest_loss=0.032437 future_loss=0.023153 offset_loss=0.024866 kld=0.023574 cd=-0.053692 en_pos=6.413978 en_neg=6.467669 pcd=True subgoal_reg=0.002747858059927891 
2026-01-10 14:52:48,414 :    77/   48 dest_loss=0.124761 future_loss=0.083297 offset_loss=0.120273 kld=0.025193 cd=-0.007476 en_pos=6.457786 en_neg=6.465262 pcd=True subgoal_reg=0.0030766280036967656 
2026-01-10 14:53:03,999 :    83/   48 dest_loss=0.037751 future_loss=0.026995 offset_loss=0.028877 kld=0.024885 cd=-0.076993 en_pos=6.390849 en_neg=6.467842 pcd=True subgoal_reg=0.0029432604593767524 
2026-01-10 14:53:19,501 :    89/   48 dest_loss=0.032066 future_loss=0.023351 offset_loss=0.025255 kld=0.025069 cd=-0.117745 en_pos=6.426691 en_neg=6.544436 pcd=True subgoal_reg=0.002890220332062913 
2026-01-10 14:53:34,871 :    95/   48 dest_loss=0.037489 future_loss=0.026383 offset_loss=0.028279 kld=0.023348 cd=-0.283926 en_pos=6.439940 en_neg=6.723866 pcd=True subgoal_reg=0.002892204899858523 
2026-01-10 14:53:50,351 :   101/   48 dest_loss=0.032968 future_loss=0.023578 offset_loss=0.026459 kld=0.025395 cd=-0.022328 en_pos=6.491796 en_neg=6.514124 pcd=True subgoal_reg=0.0029508620713610727 
2026-01-10 14:54:05,831 :   107/   48 dest_loss=0.031524 future_loss=0.023204 offset_loss=0.022816 kld=0.023263 cd=0.197752 en_pos=6.545853 en_neg=6.348101 pcd=True subgoal_reg=0.002794487777834298 
2026-01-10 14:54:21,369 :   113/   48 dest_loss=0.035245 future_loss=0.026692 offset_loss=0.023151 kld=0.024349 cd=0.128987 en_pos=6.621845 en_neg=6.492858 pcd=True subgoal_reg=0.0029298296157069543 
2026-01-10 14:54:36,884 :   119/   48 dest_loss=0.142719 future_loss=0.118525 offset_loss=0.068569 kld=0.025979 cd=0.019611 en_pos=6.401204 en_neg=6.381593 pcd=True subgoal_reg=0.002525244641974046 
2026-01-10 14:54:52,403 :   125/   48 dest_loss=0.112536 future_loss=0.103170 offset_loss=0.074319 kld=0.024065 cd=0.038782 en_pos=6.449177 en_neg=6.410395 pcd=True subgoal_reg=0.0028257669475243766 
2026-01-10 14:55:07,954 :   131/   48 dest_loss=0.069188 future_loss=0.046663 offset_loss=0.060826 kld=0.023124 cd=-0.070170 en_pos=6.471488 en_neg=6.541658 pcd=True subgoal_reg=0.002761562555621264 
2026-01-10 14:55:23,503 :   137/   48 dest_loss=0.037182 future_loss=0.026435 offset_loss=0.027397 kld=0.023121 cd=0.141115 en_pos=6.611832 en_neg=6.470716 pcd=True subgoal_reg=0.0026949580753270388 
2026-01-10 14:55:38,968 :   143/   48 dest_loss=0.031199 future_loss=0.021869 offset_loss=0.024773 kld=0.023558 cd=-0.268351 en_pos=6.207306 en_neg=6.475657 pcd=True subgoal_reg=0.0028022417155014823 
2026-01-10 14:55:54,587 :   149/   48 dest_loss=0.029746 future_loss=0.021139 offset_loss=0.023825 kld=0.023649 cd=0.185292 en_pos=6.531625 en_neg=6.346333 pcd=True subgoal_reg=0.002847486692117461 
2026-01-10 14:56:10,136 :   155/   48 dest_loss=0.165723 future_loss=0.109087 offset_loss=0.168371 kld=0.027075 cd=0.129224 en_pos=6.701605 en_neg=6.572380 pcd=True subgoal_reg=0.002927478037949816 
2026-01-10 14:56:25,728 :   161/   48 dest_loss=0.034838 future_loss=0.025598 offset_loss=0.023607 kld=0.023696 cd=-0.144380 en_pos=6.549972 en_neg=6.694351 pcd=True subgoal_reg=0.00271156089273873 
2026-01-10 14:56:41,358 :   167/   48 dest_loss=0.091451 future_loss=0.070373 offset_loss=0.047701 kld=0.024543 cd=0.122206 en_pos=6.568990 en_neg=6.446785 pcd=True subgoal_reg=0.0029384823010822243 
2026-01-10 14:56:56,713 :   173/   48 dest_loss=0.031099 future_loss=0.023587 offset_loss=0.022513 kld=0.022620 cd=-0.138061 en_pos=6.235925 en_neg=6.373986 pcd=True subgoal_reg=0.0026118941081283106 
2026-01-10 14:57:12,283 :   179/   48 dest_loss=0.030422 future_loss=0.021426 offset_loss=0.022555 kld=0.023951 cd=-0.059823 en_pos=6.561586 en_neg=6.621409 pcd=True subgoal_reg=0.002922651559738732 
2026-01-10 14:57:27,760 :   185/   48 dest_loss=0.033589 future_loss=0.024305 offset_loss=0.026771 kld=0.024209 cd=0.022649 en_pos=6.445715 en_neg=6.423066 pcd=True subgoal_reg=0.0026696622180221855 
2026-01-10 14:57:43,338 :   191/   48 dest_loss=0.032045 future_loss=0.023405 offset_loss=0.025441 kld=0.024639 cd=-0.006112 en_pos=6.424616 en_neg=6.430728 pcd=True subgoal_reg=0.0028876507478150753 
2026-01-10 14:57:58,856 :   197/   48 dest_loss=0.027460 future_loss=0.019244 offset_loss=0.021083 kld=0.023239 cd=-0.143921 en_pos=6.557707 en_neg=6.701628 pcd=True subgoal_reg=0.0030834556985860897 
2026-01-10 14:58:14,408 :   203/   48 dest_loss=0.031965 future_loss=0.021724 offset_loss=0.025934 kld=0.023743 cd=0.062245 en_pos=6.419648 en_neg=6.357403 pcd=True subgoal_reg=0.002973842493937652 
2026-01-10 14:58:29,957 :   209/   48 dest_loss=0.030134 future_loss=0.021948 offset_loss=0.023179 kld=0.024084 cd=0.236201 en_pos=6.586162 en_neg=6.349961 pcd=True subgoal_reg=0.002914224338062982 
2026-01-10 14:58:45,566 :   215/   48 dest_loss=0.032711 future_loss=0.023544 offset_loss=0.026606 kld=0.024365 cd=-0.110083 en_pos=6.310024 en_neg=6.420106 pcd=True subgoal_reg=0.0024550973442585833 
2026-01-10 14:59:01,069 :   221/   48 dest_loss=0.036411 future_loss=0.025630 offset_loss=0.025312 kld=0.023636 cd=0.173712 en_pos=6.577197 en_neg=6.403485 pcd=True subgoal_reg=0.003035692761921648 
2026-01-10 14:59:16,640 :   227/   48 dest_loss=0.036020 future_loss=0.025597 offset_loss=0.027920 kld=0.024943 cd=0.006014 en_pos=6.535781 en_neg=6.529768 pcd=True subgoal_reg=0.002731945956430594 
2026-01-10 14:59:32,263 :   233/   48 dest_loss=0.028130 future_loss=0.020612 offset_loss=0.023898 kld=0.025303 cd=0.032695 en_pos=6.574395 en_neg=6.541700 pcd=True subgoal_reg=0.0027779923190892936 
2026-01-10 14:59:47,832 :   239/   48 dest_loss=0.111834 future_loss=0.082864 offset_loss=0.089333 kld=0.024854 cd=0.326887 en_pos=6.471141 en_neg=6.144255 pcd=True subgoal_reg=0.002839768170008735 
2026-01-10 15:00:03,423 :   245/   48 dest_loss=0.034482 future_loss=0.023861 offset_loss=0.026406 kld=0.023487 cd=-0.188948 en_pos=6.419332 en_neg=6.608280 pcd=True subgoal_reg=0.002996894199341067 
2026-01-10 15:00:18,779 :   251/   48 dest_loss=0.029602 future_loss=0.023068 offset_loss=0.019798 kld=0.023239 cd=0.062073 en_pos=6.484266 en_neg=6.422193 pcd=True subgoal_reg=0.0024853556746744204 
2026-01-10 15:00:34,354 :   257/   48 dest_loss=0.028778 future_loss=0.021094 offset_loss=0.024036 kld=0.024405 cd=-0.012454 en_pos=6.543356 en_neg=6.555809 pcd=True subgoal_reg=0.002694903578709665 
2026-01-10 15:00:50,085 :   263/   48 dest_loss=0.031198 future_loss=0.022562 offset_loss=0.024447 kld=0.023761 cd=0.280053 en_pos=6.439565 en_neg=6.159512 pcd=True subgoal_reg=0.0027301556979150605 
2026-01-10 15:01:05,673 :   269/   48 dest_loss=0.195295 future_loss=0.136766 offset_loss=0.131170 kld=0.024282 cd=0.185360 en_pos=6.523833 en_neg=6.338473 pcd=True subgoal_reg=0.0027671922770753834 
2026-01-10 15:01:21,266 :   275/   48 dest_loss=0.030229 future_loss=0.022269 offset_loss=0.023676 kld=0.023212 cd=-0.090507 en_pos=6.293228 en_neg=6.383735 pcd=True subgoal_reg=0.0026076824524740713 
2026-01-10 15:01:36,843 :   281/   48 dest_loss=0.032294 future_loss=0.021395 offset_loss=0.027885 kld=0.023189 cd=0.001892 en_pos=6.416094 en_neg=6.414202 pcd=True subgoal_reg=0.0028698975432467867 
2026-01-10 15:01:52,440 :   287/   48 dest_loss=0.057510 future_loss=0.039757 offset_loss=0.057549 kld=0.025467 cd=-0.093686 en_pos=6.367102 en_neg=6.460788 pcd=True subgoal_reg=0.00272502479913611 
2026-01-10 15:02:08,040 :   293/   48 dest_loss=0.052793 future_loss=0.034725 offset_loss=0.053447 kld=0.024086 cd=0.015160 en_pos=6.491957 en_neg=6.476797 pcd=True subgoal_reg=0.0028659121857384645 
2026-01-10 15:02:23,568 :   299/   48 dest_loss=0.032553 future_loss=0.024088 offset_loss=0.025977 kld=0.025469 cd=0.184063 en_pos=6.642657 en_neg=6.458594 pcd=True subgoal_reg=0.0030274828297521023 
2026-01-10 15:02:39,122 :   305/   48 dest_loss=0.108124 future_loss=0.087400 offset_loss=0.087295 kld=0.024858 cd=0.100964 en_pos=6.477990 en_neg=6.377026 pcd=True subgoal_reg=0.0027563621268072566 
2026-01-10 15:02:54,763 :   311/   48 dest_loss=0.032224 future_loss=0.023216 offset_loss=0.025586 kld=0.023181 cd=0.259960 en_pos=6.344447 en_neg=6.084487 pcd=True subgoal_reg=0.0024988971315572286 
2026-01-10 15:03:10,267 :   317/   48 dest_loss=0.034086 future_loss=0.023931 offset_loss=0.027055 kld=0.023547 cd=0.085144 en_pos=6.444351 en_neg=6.359207 pcd=True subgoal_reg=0.0025515872691665707 
2026-01-10 15:03:25,900 :   323/   48 dest_loss=0.032937 future_loss=0.022359 offset_loss=0.024519 kld=0.023153 cd=-0.014375 en_pos=6.381121 en_neg=6.395496 pcd=True subgoal_reg=0.0027584306748651907 
2026-01-10 15:03:41,274 :   329/   48 dest_loss=0.028569 future_loss=0.021137 offset_loss=0.022880 kld=0.023354 cd=-0.016301 en_pos=6.308488 en_neg=6.324789 pcd=True subgoal_reg=0.0027217024289649524 
2026-01-10 15:03:56,848 :   335/   48 dest_loss=0.032053 future_loss=0.022137 offset_loss=0.024439 kld=0.024542 cd=-0.127199 en_pos=6.519751 en_neg=6.646950 pcd=True subgoal_reg=0.0029781218224311924 
2026-01-10 15:04:12,410 :   341/   48 dest_loss=0.031751 future_loss=0.022961 offset_loss=0.024739 kld=0.024769 cd=0.080256 en_pos=6.531924 en_neg=6.451668 pcd=True subgoal_reg=0.0030246401140875076 
2026-01-10 15:04:27,998 :   347/   48 dest_loss=0.153427 future_loss=0.122803 offset_loss=0.122758 kld=0.026745 cd=-0.069442 en_pos=6.462710 en_neg=6.532152 pcd=True subgoal_reg=0.0027442767077074546 
2026-01-10 15:04:43,551 :   353/   48 dest_loss=0.032963 future_loss=0.023767 offset_loss=0.026382 kld=0.024236 cd=0.008299 en_pos=6.412699 en_neg=6.404400 pcd=True subgoal_reg=0.0027445113498289417 
2026-01-10 15:04:59,117 :   359/   48 dest_loss=0.032254 future_loss=0.023617 offset_loss=0.025758 kld=0.023884 cd=0.311451 en_pos=6.542474 en_neg=6.231023 pcd=True subgoal_reg=0.0026228635289996744 
2026-01-10 15:05:14,655 :   365/   48 dest_loss=0.028200 future_loss=0.020312 offset_loss=0.022244 kld=0.024497 cd=-0.035653 en_pos=6.471088 en_neg=6.506741 pcd=True subgoal_reg=0.002866919097723831 
2026-01-10 15:05:30,277 :   371/   48 dest_loss=0.034777 future_loss=0.023462 offset_loss=0.026039 kld=0.023006 cd=-0.012200 en_pos=6.391877 en_neg=6.404077 pcd=True subgoal_reg=0.0027215838705835988 
2026-01-10 15:05:45,864 :   377/   48 dest_loss=0.030495 future_loss=0.023099 offset_loss=0.021740 kld=0.022861 cd=0.010624 en_pos=6.605148 en_neg=6.594525 pcd=True subgoal_reg=0.002547228215207846 
2026-01-10 15:06:01,376 :   383/   48 dest_loss=0.032296 future_loss=0.022718 offset_loss=0.026181 kld=0.023372 cd=-0.121670 en_pos=6.359979 en_neg=6.481649 pcd=True subgoal_reg=0.0026540942840838962 
2026-01-10 15:06:16,917 :   389/   48 dest_loss=0.029714 future_loss=0.021383 offset_loss=0.023681 kld=0.022588 cd=0.112113 en_pos=6.403781 en_neg=6.291667 pcd=True subgoal_reg=0.002734904306888708 
2026-01-10 15:06:32,573 :   395/   48 dest_loss=0.032901 future_loss=0.023442 offset_loss=0.026369 kld=0.025915 cd=-0.038007 en_pos=6.522232 en_neg=6.560239 pcd=True subgoal_reg=0.0029616512760985234 
2026-01-10 15:06:48,112 :   401/   48 dest_loss=0.031098 future_loss=0.021885 offset_loss=0.024747 kld=0.023459 cd=0.260193 en_pos=6.564714 en_neg=6.304521 pcd=True subgoal_reg=0.002933585589482953 
2026-01-10 15:07:03,514 :   407/   48 dest_loss=0.035148 future_loss=0.024665 offset_loss=0.026628 kld=0.023040 cd=-0.196375 en_pos=6.243804 en_neg=6.440179 pcd=True subgoal_reg=0.002798242717902897 
2026-01-10 15:07:19,139 :   413/   48 dest_loss=0.033352 future_loss=0.024105 offset_loss=0.026312 kld=0.024768 cd=0.168755 en_pos=6.530431 en_neg=6.361676 pcd=True subgoal_reg=0.0027847076971672926 
2026-01-10 15:07:34,800 :   419/   48 dest_loss=0.031381 future_loss=0.021101 offset_loss=0.026510 kld=0.023278 cd=-0.152591 en_pos=6.527348 en_neg=6.679939 pcd=True subgoal_reg=0.00266316519447321 
2026-01-10 15:07:50,431 :   425/   48 dest_loss=0.060228 future_loss=0.054841 offset_loss=0.035711 kld=0.024319 cd=0.316841 en_pos=6.678923 en_neg=6.362083 pcd=True subgoal_reg=0.0029336741988068107 
2026-01-10 15:08:06,027 :   431/   48 dest_loss=0.033045 future_loss=0.023637 offset_loss=0.025054 kld=0.023040 cd=-0.181238 en_pos=6.297508 en_neg=6.478747 pcd=True subgoal_reg=0.0028389052996663387 
2026-01-10 15:08:21,771 :   437/   48 dest_loss=0.034782 future_loss=0.025270 offset_loss=0.027242 kld=0.023447 cd=0.077440 en_pos=6.387199 en_neg=6.309759 pcd=True subgoal_reg=0.0028159775369999917 
2026-01-10 15:08:37,336 :   443/   48 dest_loss=0.034118 future_loss=0.025283 offset_loss=0.027045 kld=0.023987 cd=-0.099320 en_pos=6.188114 en_neg=6.287434 pcd=True subgoal_reg=0.002414606801524653 
2026-01-10 15:08:52,942 :   449/   48 dest_loss=0.033370 future_loss=0.024016 offset_loss=0.027236 kld=0.023808 cd=-0.057163 en_pos=6.325571 en_neg=6.382734 pcd=True subgoal_reg=0.002581761051899552 
2026-01-10 15:09:08,795 :   455/   48 dest_loss=0.033359 future_loss=0.023398 offset_loss=0.024892 kld=0.023627 cd=-0.058715 en_pos=6.526085 en_neg=6.584800 pcd=True subgoal_reg=0.003069992523391531 
2026-01-10 15:09:24,583 :   461/   48 dest_loss=0.029756 future_loss=0.021524 offset_loss=0.023546 kld=0.023132 cd=-0.022011 en_pos=6.391307 en_neg=6.413318 pcd=True subgoal_reg=0.002660888071241544 
2026-01-10 15:09:40,121 :   467/   48 dest_loss=0.033448 future_loss=0.025292 offset_loss=0.022383 kld=0.024571 cd=0.123452 en_pos=6.702331 en_neg=6.578880 pcd=True subgoal_reg=0.002877819105820278 
2026-01-10 15:09:55,702 :   473/   48 dest_loss=0.031622 future_loss=0.023162 offset_loss=0.023903 kld=0.023194 cd=0.154794 en_pos=6.516806 en_neg=6.362011 pcd=True subgoal_reg=0.0026773008273717337 
2026-01-10 15:10:11,329 :   479/   48 dest_loss=0.036928 future_loss=0.028070 offset_loss=0.023587 kld=0.024030 cd=-0.072092 en_pos=6.562707 en_neg=6.634799 pcd=True subgoal_reg=0.0028640690613351075 
2026-01-10 15:10:26,716 :   485/   48 dest_loss=0.026178 future_loss=0.018183 offset_loss=0.020756 kld=0.022869 cd=-0.118450 en_pos=6.385180 en_neg=6.503630 pcd=True subgoal_reg=0.002644674727557051 
2026-01-10 15:10:42,330 :   491/   48 dest_loss=0.118295 future_loss=0.088055 offset_loss=0.106169 kld=0.024285 cd=-0.106638 en_pos=6.444183 en_neg=6.550821 pcd=True subgoal_reg=0.0029180776809754607 
2026-01-10 15:10:57,889 :   497/   48 dest_loss=0.033882 future_loss=0.024354 offset_loss=0.023847 kld=0.023749 cd=0.202224 en_pos=6.666403 en_neg=6.464180 pcd=True subgoal_reg=0.0032183847021877614 
2026-01-10 15:11:13,431 :   503/   48 dest_loss=0.031063 future_loss=0.022289 offset_loss=0.023729 kld=0.023449 cd=-0.129078 en_pos=6.241572 en_neg=6.370650 pcd=True subgoal_reg=0.0025040701662859084 
2026-01-10 15:11:28,939 :   509/   48 dest_loss=0.030000 future_loss=0.021830 offset_loss=0.023069 kld=0.022965 cd=0.231666 en_pos=6.553726 en_neg=6.322061 pcd=True subgoal_reg=0.002605439266133967 
2026-01-10 15:13:01,742 : Train Loss 83.20730759573186
2026-01-10 15:13:01,742 : Overall Loss 17.190128972683397
2026-01-10 15:13:01,742 : Dest Loss 23.181133120795593
2026-01-10 15:13:01,742 : Val ADE 0.11881519775107242
2026-01-10 15:13:01,743 : Val FDE 0.14181756603866033
2026-01-10 15:13:01,743 : Val Best ADE 0.11818155944526287
2026-01-10 15:13:01,743 : Val Best FDE 0.14221544238019562
2026-01-10 15:13:01,743 : ----->learning rate 1.220703125e-06
2026-01-10 15:13:17,271 :     5/   49 dest_loss=0.032560 future_loss=0.023850 offset_loss=0.021417 kld=0.023612 cd=-0.142298 en_pos=6.484732 en_neg=6.627030 pcd=True subgoal_reg=0.0026572102127323718 
2026-01-10 15:13:32,713 :    11/   49 dest_loss=0.049435 future_loss=0.034099 offset_loss=0.038619 kld=0.023957 cd=0.207802 en_pos=6.569308 en_neg=6.361506 pcd=True subgoal_reg=0.002586171419746552 
2026-01-10 15:13:47,924 :    17/   49 dest_loss=0.031860 future_loss=0.022504 offset_loss=0.024213 kld=0.023736 cd=0.176998 en_pos=6.718426 en_neg=6.541428 pcd=True subgoal_reg=0.002870608296809835 
2026-01-10 15:14:03,409 :    23/   49 dest_loss=0.029259 future_loss=0.021326 offset_loss=0.023757 kld=0.023492 cd=0.137524 en_pos=6.629134 en_neg=6.491611 pcd=True subgoal_reg=0.002805501671495567 
2026-01-10 15:14:18,860 :    29/   49 dest_loss=0.031213 future_loss=0.022339 offset_loss=0.024894 kld=0.024544 cd=-0.024010 en_pos=6.316852 en_neg=6.340862 pcd=True subgoal_reg=0.0027414485250443384 
2026-01-10 15:14:34,307 :    35/   49 dest_loss=0.038869 future_loss=0.027869 offset_loss=0.030341 kld=0.025424 cd=0.259596 en_pos=6.669148 en_neg=6.409552 pcd=True subgoal_reg=0.00287980253489057 
2026-01-10 15:14:49,833 :    41/   49 dest_loss=0.091692 future_loss=0.080220 offset_loss=0.106457 kld=0.023425 cd=-0.009898 en_pos=6.660341 en_neg=6.670240 pcd=True subgoal_reg=0.002913531250625191 
2026-01-10 15:15:05,366 :    47/   49 dest_loss=0.034615 future_loss=0.024365 offset_loss=0.027616 kld=0.025238 cd=0.245665 en_pos=6.556151 en_neg=6.310485 pcd=True subgoal_reg=0.0027375315191867705 
2026-01-10 15:15:20,993 :    53/   49 dest_loss=0.080955 future_loss=0.054253 offset_loss=0.077969 kld=0.025223 cd=0.268229 en_pos=6.514596 en_neg=6.246367 pcd=True subgoal_reg=0.002987104472560568 
2026-01-10 15:15:36,591 :    59/   49 dest_loss=0.032776 future_loss=0.023076 offset_loss=0.024633 kld=0.023713 cd=-0.145761 en_pos=6.451545 en_neg=6.597306 pcd=True subgoal_reg=0.003024091248555123 
2026-01-10 15:15:52,129 :    65/   49 dest_loss=0.033802 future_loss=0.023984 offset_loss=0.026938 kld=0.024783 cd=0.018551 en_pos=6.584812 en_neg=6.566262 pcd=True subgoal_reg=0.002931012706694618 
2026-01-10 15:16:07,676 :    71/   49 dest_loss=0.035750 future_loss=0.025325 offset_loss=0.027313 kld=0.023008 cd=0.000125 en_pos=6.376782 en_neg=6.376657 pcd=True subgoal_reg=0.002621615205696048 
2026-01-10 15:16:23,259 :    77/   49 dest_loss=0.028703 future_loss=0.020280 offset_loss=0.023424 kld=0.023946 cd=-0.118866 en_pos=6.407825 en_neg=6.526691 pcd=True subgoal_reg=0.002835752297671899 
2026-01-10 15:16:38,837 :    83/   49 dest_loss=0.031323 future_loss=0.022819 offset_loss=0.024941 kld=0.024696 cd=0.007239 en_pos=6.509173 en_neg=6.501934 pcd=True subgoal_reg=0.002710943307931666 
2026-01-10 15:16:54,170 :    89/   49 dest_loss=0.086186 future_loss=0.070971 offset_loss=0.120163 kld=0.024009 cd=-0.066434 en_pos=6.474129 en_neg=6.540563 pcd=True subgoal_reg=0.002743065204619438 
2026-01-10 15:17:09,725 :    95/   49 dest_loss=0.033242 future_loss=0.023210 offset_loss=0.027888 kld=0.023206 cd=-0.029873 en_pos=6.360005 en_neg=6.389878 pcd=True subgoal_reg=0.002858918779250287 
2026-01-10 15:17:25,298 :   101/   49 dest_loss=0.125553 future_loss=0.084591 offset_loss=0.146959 kld=0.023791 cd=0.108508 en_pos=6.388383 en_neg=6.279875 pcd=True subgoal_reg=0.0027165444957868295 
2026-01-10 15:17:40,817 :   107/   49 dest_loss=0.026613 future_loss=0.018394 offset_loss=0.020217 kld=0.023963 cd=-0.077833 en_pos=6.440574 en_neg=6.518407 pcd=True subgoal_reg=0.002848142421087208 
2026-01-10 15:17:56,314 :   113/   49 dest_loss=0.044738 future_loss=0.037377 offset_loss=0.039522 kld=0.023666 cd=-0.319570 en_pos=6.425721 en_neg=6.745291 pcd=True subgoal_reg=0.002867619500806001 
2026-01-10 15:18:11,831 :   119/   49 dest_loss=0.140761 future_loss=0.120313 offset_loss=0.134124 kld=0.025650 cd=-0.124846 en_pos=6.298800 en_neg=6.423645 pcd=True subgoal_reg=0.002868652403587322 
2026-01-10 15:18:27,347 :   125/   49 dest_loss=0.029474 future_loss=0.021159 offset_loss=0.022679 kld=0.024289 cd=-0.142009 en_pos=6.386716 en_neg=6.528725 pcd=True subgoal_reg=0.002864869251701359 
2026-01-10 15:18:42,908 :   131/   49 dest_loss=0.032863 future_loss=0.023054 offset_loss=0.025651 kld=0.023297 cd=0.179228 en_pos=6.483495 en_neg=6.304268 pcd=True subgoal_reg=0.002806425712959631 
2026-01-10 15:18:58,490 :   137/   49 dest_loss=0.029711 future_loss=0.022066 offset_loss=0.023825 kld=0.024586 cd=0.117162 en_pos=6.353285 en_neg=6.236123 pcd=True subgoal_reg=0.002639960032573667 
2026-01-10 15:19:14,010 :   143/   49 dest_loss=0.039293 future_loss=0.029306 offset_loss=0.030553 kld=0.023507 cd=-0.098253 en_pos=6.377597 en_neg=6.475850 pcd=True subgoal_reg=0.002632575933974121 
2026-01-10 15:19:29,504 :   149/   49 dest_loss=0.029803 future_loss=0.021306 offset_loss=0.023456 kld=0.022905 cd=0.030584 en_pos=6.382278 en_neg=6.351694 pcd=True subgoal_reg=0.00262109266237444 
2026-01-10 15:19:45,018 :   155/   49 dest_loss=0.032120 future_loss=0.023266 offset_loss=0.026830 kld=0.023711 cd=0.002255 en_pos=6.272301 en_neg=6.270045 pcd=True subgoal_reg=0.0025311061200211744 
2026-01-10 15:20:00,495 :   161/   49 dest_loss=0.142047 future_loss=0.093845 offset_loss=0.095563 kld=0.026454 cd=0.026029 en_pos=6.420733 en_neg=6.394703 pcd=True subgoal_reg=0.0029376334862879815 
2026-01-10 15:20:15,809 :   167/   49 dest_loss=0.033620 future_loss=0.024752 offset_loss=0.025849 kld=0.023600 cd=0.018951 en_pos=6.459335 en_neg=6.440384 pcd=True subgoal_reg=0.0026271524909146447 
2026-01-10 15:20:31,336 :   173/   49 dest_loss=0.031501 future_loss=0.022968 offset_loss=0.022229 kld=0.023467 cd=-0.025101 en_pos=6.555723 en_neg=6.580824 pcd=True subgoal_reg=0.0028996144381060584 
2026-01-10 15:20:46,950 :   179/   49 dest_loss=0.033732 future_loss=0.024147 offset_loss=0.026375 kld=0.024182 cd=-0.125750 en_pos=6.480357 en_neg=6.606107 pcd=True subgoal_reg=0.0027787236808980366 
2026-01-10 15:21:02,547 :   185/   49 dest_loss=0.057597 future_loss=0.047230 offset_loss=0.035852 kld=0.023718 cd=-0.128891 en_pos=6.471092 en_neg=6.599983 pcd=True subgoal_reg=0.002796729666522432 
2026-01-10 15:21:18,057 :   191/   49 dest_loss=0.027560 future_loss=0.019845 offset_loss=0.022823 kld=0.025001 cd=-0.223976 en_pos=6.291169 en_neg=6.515144 pcd=True subgoal_reg=0.0026690918240073473 
2026-01-10 15:21:33,542 :   197/   49 dest_loss=0.183479 future_loss=0.124528 offset_loss=0.201104 kld=0.025638 cd=0.087883 en_pos=6.552913 en_neg=6.465029 pcd=True subgoal_reg=0.00288230051277023 
2026-01-10 15:21:49,059 :   203/   49 dest_loss=0.032412 future_loss=0.023188 offset_loss=0.025542 kld=0.024847 cd=-0.013999 en_pos=6.539730 en_neg=6.553728 pcd=True subgoal_reg=0.002699837726102472 
2026-01-10 15:22:04,508 :   209/   49 dest_loss=0.050829 future_loss=0.048090 offset_loss=0.046251 kld=0.022850 cd=-0.009902 en_pos=6.186893 en_neg=6.196795 pcd=True subgoal_reg=0.0025292888917541993 
2026-01-10 15:22:20,015 :   215/   49 dest_loss=0.034033 future_loss=0.025897 offset_loss=0.023327 kld=0.023308 cd=-0.119611 en_pos=6.405027 en_neg=6.524638 pcd=True subgoal_reg=0.0027899744959821323 
2026-01-10 15:22:35,717 :   221/   49 dest_loss=0.132138 future_loss=0.106599 offset_loss=0.087589 kld=0.025146 cd=-0.268976 en_pos=6.340691 en_neg=6.609667 pcd=True subgoal_reg=0.0028039058839093326 
2026-01-10 15:22:51,369 :   227/   49 dest_loss=0.030436 future_loss=0.021470 offset_loss=0.023776 kld=0.023070 cd=-0.002209 en_pos=6.232129 en_neg=6.234338 pcd=True subgoal_reg=0.0023879347506775596 
2026-01-10 15:23:06,973 :   233/   49 dest_loss=0.036708 future_loss=0.026235 offset_loss=0.027195 kld=0.023277 cd=-0.160622 en_pos=6.216716 en_neg=6.377338 pcd=True subgoal_reg=0.0025378014974765392 
2026-01-10 15:23:22,647 :   239/   49 dest_loss=0.034254 future_loss=0.025171 offset_loss=0.024057 kld=0.022769 cd=0.211422 en_pos=6.488414 en_neg=6.276992 pcd=True subgoal_reg=0.002738784024337915 
2026-01-10 15:23:37,988 :   245/   49 dest_loss=0.027173 future_loss=0.019983 offset_loss=0.021462 kld=0.022415 cd=0.095105 en_pos=6.433317 en_neg=6.338212 pcd=True subgoal_reg=0.0024331198245845353 
2026-01-10 15:23:53,561 :   251/   49 dest_loss=0.034646 future_loss=0.025546 offset_loss=0.026767 kld=0.023700 cd=0.162185 en_pos=6.658579 en_neg=6.496394 pcd=True subgoal_reg=0.002743225384406155 
2026-01-10 15:24:09,142 :   257/   49 dest_loss=0.034210 future_loss=0.024520 offset_loss=0.025929 kld=0.024419 cd=0.111406 en_pos=6.570236 en_neg=6.458830 pcd=True subgoal_reg=0.0027283846722162344 
2026-01-10 15:24:24,777 :   263/   49 dest_loss=0.035834 future_loss=0.026230 offset_loss=0.027181 kld=0.024995 cd=-0.014178 en_pos=6.333355 en_neg=6.347533 pcd=True subgoal_reg=0.00279905176113634 
2026-01-10 15:24:40,290 :   269/   49 dest_loss=0.034573 future_loss=0.023641 offset_loss=0.027312 kld=0.024236 cd=0.018958 en_pos=6.529820 en_neg=6.510862 pcd=True subgoal_reg=0.0029660527147358316 
2026-01-10 15:24:55,952 :   275/   49 dest_loss=0.031837 future_loss=0.023546 offset_loss=0.025007 kld=0.024893 cd=-0.125272 en_pos=6.256154 en_neg=6.381426 pcd=True subgoal_reg=0.0024723051421998068 
2026-01-10 15:25:11,484 :   281/   49 dest_loss=0.029862 future_loss=0.020806 offset_loss=0.023650 kld=0.023123 cd=-0.171417 en_pos=6.445528 en_neg=6.616945 pcd=True subgoal_reg=0.0027258255745546914 
2026-01-10 15:25:27,088 :   287/   49 dest_loss=0.034160 future_loss=0.024029 offset_loss=0.025986 kld=0.022897 cd=0.104281 en_pos=6.393251 en_neg=6.288971 pcd=True subgoal_reg=0.002903882687558111 
2026-01-10 15:25:42,653 :   293/   49 dest_loss=0.035246 future_loss=0.024669 offset_loss=0.027063 kld=0.023108 cd=0.088672 en_pos=6.379953 en_neg=6.291280 pcd=True subgoal_reg=0.002639974327918815 
2026-01-10 15:25:58,179 :   299/   49 dest_loss=0.030208 future_loss=0.021382 offset_loss=0.024066 kld=0.023784 cd=-0.012009 en_pos=6.517383 en_neg=6.529392 pcd=True subgoal_reg=0.00290606142003971 
2026-01-10 15:26:13,721 :   305/   49 dest_loss=0.033889 future_loss=0.023714 offset_loss=0.026586 kld=0.024337 cd=-0.309569 en_pos=6.175476 en_neg=6.485044 pcd=True subgoal_reg=0.0026621735288517067 
2026-01-10 15:26:29,297 :   311/   49 dest_loss=0.036950 future_loss=0.025832 offset_loss=0.028820 kld=0.025796 cd=0.141040 en_pos=6.639123 en_neg=6.498083 pcd=True subgoal_reg=0.0030725573469388297 
2026-01-10 15:26:44,966 :   317/   49 dest_loss=0.036684 future_loss=0.026287 offset_loss=0.028814 kld=0.024059 cd=-0.052806 en_pos=6.348235 en_neg=6.401041 pcd=True subgoal_reg=0.0026702186323342048 
2026-01-10 15:27:00,285 :   323/   49 dest_loss=0.031452 future_loss=0.022539 offset_loss=0.025534 kld=0.023643 cd=-0.075469 en_pos=6.469725 en_neg=6.545194 pcd=True subgoal_reg=0.0027404510559428065 
2026-01-10 15:27:15,843 :   329/   49 dest_loss=0.030589 future_loss=0.021062 offset_loss=0.025417 kld=0.022610 cd=0.172828 en_pos=6.491930 en_neg=6.319102 pcd=True subgoal_reg=0.0027996001622124823 
2026-01-10 15:27:31,516 :   335/   49 dest_loss=0.040619 future_loss=0.028399 offset_loss=0.029802 kld=0.022773 cd=0.428861 en_pos=6.610147 en_neg=6.181286 pcd=True subgoal_reg=0.0027065367707602168 
2026-01-10 15:27:47,047 :   341/   49 dest_loss=0.036047 future_loss=0.025331 offset_loss=0.027897 kld=0.023675 cd=0.038045 en_pos=6.421520 en_neg=6.383475 pcd=True subgoal_reg=0.0026632186277147692 
2026-01-10 15:28:02,622 :   347/   49 dest_loss=0.040071 future_loss=0.026540 offset_loss=0.034155 kld=0.023801 cd=-0.095982 en_pos=6.307334 en_neg=6.403316 pcd=True subgoal_reg=0.0028217240249561746 
2026-01-10 15:28:18,154 :   353/   49 dest_loss=0.032937 future_loss=0.024261 offset_loss=0.026470 kld=0.024308 cd=-0.112084 en_pos=6.465279 en_neg=6.577363 pcd=True subgoal_reg=0.0027794746551056252 
2026-01-10 15:28:33,616 :   359/   49 dest_loss=0.029479 future_loss=0.021480 offset_loss=0.023114 kld=0.024702 cd=-0.435562 en_pos=6.295665 en_neg=6.731227 pcd=True subgoal_reg=0.0028895271777073144 
2026-01-10 15:28:49,125 :   365/   49 dest_loss=0.034072 future_loss=0.025660 offset_loss=0.020978 kld=0.023783 cd=-0.212143 en_pos=6.238750 en_neg=6.450893 pcd=True subgoal_reg=0.0026834850468758645 
2026-01-10 15:29:04,584 :   371/   49 dest_loss=0.032633 future_loss=0.021268 offset_loss=0.029348 kld=0.023421 cd=0.193301 en_pos=6.410909 en_neg=6.217608 pcd=True subgoal_reg=0.003029504549474462 
2026-01-10 15:29:20,120 :   377/   49 dest_loss=0.029749 future_loss=0.019755 offset_loss=0.027553 kld=0.022760 cd=-0.123978 en_pos=6.291253 en_neg=6.415230 pcd=True subgoal_reg=0.002741104203747754 
2026-01-10 15:29:35,615 :   383/   49 dest_loss=0.034539 future_loss=0.025119 offset_loss=0.023777 kld=0.023219 cd=0.046414 en_pos=6.630689 en_neg=6.584275 pcd=True subgoal_reg=0.0029914520814375263 
2026-01-10 15:29:51,185 :   389/   49 dest_loss=0.053839 future_loss=0.044294 offset_loss=0.054955 kld=0.023383 cd=0.133499 en_pos=6.438950 en_neg=6.305451 pcd=True subgoal_reg=0.002487032908761489 
2026-01-10 15:30:06,684 :   395/   49 dest_loss=0.039908 future_loss=0.027037 offset_loss=0.033869 kld=0.023802 cd=0.014315 en_pos=6.556437 en_neg=6.542122 pcd=True subgoal_reg=0.0029109808134734094 
2026-01-10 15:30:22,117 :   401/   49 dest_loss=0.035206 future_loss=0.024806 offset_loss=0.026642 kld=0.023334 cd=-0.043112 en_pos=6.384196 en_neg=6.427309 pcd=True subgoal_reg=0.002806332365656695 
2026-01-10 15:30:37,618 :   407/   49 dest_loss=0.040321 future_loss=0.030769 offset_loss=0.034338 kld=0.024934 cd=0.169393 en_pos=6.622077 en_neg=6.452684 pcd=True subgoal_reg=0.0027189814493768583 
2026-01-10 15:30:53,238 :   413/   49 dest_loss=0.032448 future_loss=0.022781 offset_loss=0.025457 kld=0.023174 cd=0.202108 en_pos=6.595947 en_neg=6.393839 pcd=True subgoal_reg=0.0028337919947280165 
2026-01-10 15:31:08,794 :   419/   49 dest_loss=0.030905 future_loss=0.022894 offset_loss=0.024211 kld=0.022438 cd=-0.119354 en_pos=6.310914 en_neg=6.430268 pcd=True subgoal_reg=0.0024204876429060915 
2026-01-10 15:31:24,407 :   425/   49 dest_loss=0.035984 future_loss=0.025418 offset_loss=0.027088 kld=0.022754 cd=-0.031160 en_pos=6.465391 en_neg=6.496552 pcd=True subgoal_reg=0.0026707173332913997 
2026-01-10 15:31:40,024 :   431/   49 dest_loss=0.030548 future_loss=0.021761 offset_loss=0.023606 kld=0.024157 cd=0.310146 en_pos=6.560288 en_neg=6.250141 pcd=True subgoal_reg=0.0028015028427234483 
2026-01-10 15:31:55,559 :   437/   49 dest_loss=0.053869 future_loss=0.054939 offset_loss=0.040488 kld=0.024304 cd=-0.082202 en_pos=6.372230 en_neg=6.454432 pcd=True subgoal_reg=0.002863617448790047 
2026-01-10 15:32:11,026 :   443/   49 dest_loss=0.030560 future_loss=0.019948 offset_loss=0.027040 kld=0.023584 cd=0.115110 en_pos=6.456134 en_neg=6.341024 pcd=True subgoal_reg=0.0028464638741970017 
2026-01-10 15:32:26,527 :   449/   49 dest_loss=0.032489 future_loss=0.023651 offset_loss=0.024729 kld=0.024898 cd=0.047490 en_pos=6.550917 en_neg=6.503428 pcd=True subgoal_reg=0.0028109274827325895 
2026-01-10 15:32:42,077 :   455/   49 dest_loss=0.032536 future_loss=0.023142 offset_loss=0.026086 kld=0.025424 cd=-0.035198 en_pos=6.597941 en_neg=6.633139 pcd=True subgoal_reg=0.0027806009868867484 
2026-01-10 15:32:57,632 :   461/   49 dest_loss=0.036388 future_loss=0.026162 offset_loss=0.028183 kld=0.024203 cd=-0.210166 en_pos=6.318247 en_neg=6.528413 pcd=True subgoal_reg=0.002616846146051716 
2026-01-10 15:33:13,150 :   467/   49 dest_loss=0.031491 future_loss=0.022127 offset_loss=0.024576 kld=0.023321 cd=0.164044 en_pos=6.640945 en_neg=6.476901 pcd=True subgoal_reg=0.0028793597335477665 
2026-01-10 15:33:28,606 :   473/   49 dest_loss=0.032858 future_loss=0.023965 offset_loss=0.025264 kld=0.023079 cd=0.221580 en_pos=6.717349 en_neg=6.495769 pcd=True subgoal_reg=0.002751178895699581 
2026-01-10 15:33:44,034 :   479/   49 dest_loss=0.025037 future_loss=0.017420 offset_loss=0.020221 kld=0.024871 cd=0.057999 en_pos=6.643428 en_neg=6.585430 pcd=True subgoal_reg=0.0028752078897198536 
2026-01-10 15:33:59,558 :   485/   49 dest_loss=0.031230 future_loss=0.021715 offset_loss=0.025514 kld=0.023237 cd=0.311155 en_pos=6.633192 en_neg=6.322037 pcd=True subgoal_reg=0.002842047165742245 
2026-01-10 15:34:15,157 :   491/   49 dest_loss=0.039923 future_loss=0.027925 offset_loss=0.030199 kld=0.024215 cd=-0.245924 en_pos=6.254833 en_neg=6.500757 pcd=True subgoal_reg=0.0030192856318436976 
2026-01-10 15:34:30,704 :   497/   49 dest_loss=0.029974 future_loss=0.021818 offset_loss=0.024379 kld=0.024150 cd=-0.211312 en_pos=6.437754 en_neg=6.649066 pcd=True subgoal_reg=0.002776121132252299 
2026-01-10 15:34:46,178 :   503/   49 dest_loss=0.032395 future_loss=0.022706 offset_loss=0.025766 kld=0.023777 cd=0.024202 en_pos=6.362446 en_neg=6.338244 pcd=True subgoal_reg=0.0026531702291276564 
2026-01-10 15:35:01,655 :   509/   49 dest_loss=0.136903 future_loss=0.083737 offset_loss=0.113618 kld=0.027065 cd=0.011815 en_pos=6.356180 en_neg=6.344365 pcd=True subgoal_reg=0.0028752895760040947 
2026-01-10 15:36:34,644 : Train Loss 89.84697499895852
2026-01-10 15:36:34,645 : Overall Loss 18.479920546350154
2026-01-10 15:36:34,645 : Dest Loss 24.626438690831478
2026-01-10 15:36:34,645 : Val ADE 0.11899859324620446
2026-01-10 15:36:34,645 : Val FDE 0.1416826773675112
2026-01-10 15:36:34,645 : Val Best ADE 0.11818155944526287
2026-01-10 15:36:34,645 : Val Best FDE 0.14221544238019562
2026-01-10 15:36:34,645 : ----->learning rate 1.220703125e-06
