2026-01-20 16:57:45,034 : Namespace(seed=3, gpu_deterministic=False, data_scale=1.0, dec_size=[1024, 512, 1024], enc_dest_size=[256, 128], enc_latent_size=[256, 512], enc_past_size=[512, 256], predictor_hidden_size=[1024, 512, 256], non_local_theta_size=[256, 128, 64], non_local_phi_size=[256, 128, 64], non_local_g_size=[256, 128, 64], non_local_dim=128, fdim=16, future_length=10, device=0, kld_coeff=0.5, future_loss_coeff=1, dest_loss_coeff=2, learning_rate=5e-05, lr_decay_step_size=4, lr_decay_gamma=0.5, mu=0, n_values=20, nonlocal_pools=3, num_epochs=50, num_workers=0, past_length=20, sigma=1.3, zdim=16, print_log=6, sub_goal_indexes=[2, 5, 7, 9], e_prior_sig=2, e_init_sig=2, e_activation='lrelu', e_activation_leak=0.2, e_energy_form='identity', e_l_steps=5, e_l_steps_pcd=20, e_l_step_size=0.4, e_l_with_noise=True, e_sn=False, e_lr=3e-05, e_is_grad_clamp=False, e_max_norm=25, e_decay=0.0001, e_gamma=0.998, e_beta1=0.9, e_beta2=0.999, memory_size=200000, dataset_name='swarm', dataset_folder='dataset', obs=20, preds=10, delim='\t', verbose=False, val_size=0, batch_size=512, ny=1, model_path='D:\\Trajectory prediction\\drone_trajectories\\3DMoTraj\\saved_models\\lbebm3D_scene1_accfix.pt', save_dir='D:\\Trajectory prediction\\drone_trajectories\\3DMoTraj\\saved_models\\checkpoints_accfix', save_every=5, resume='', test_mode=False, vis=False, lstm_layers=1, state_layers=3, way_points=[0, 1, 3, 4, 6, 8])
2026-01-20 16:58:06,197 :     5/    0 dest_loss=3.905980 future_loss=2.873575 offset_loss=167.889683 kld=3.736739 cd=-0.050917 en_pos=-0.041186 en_neg=0.009730 pcd=False subgoal_reg=0.006929625921999262 
2026-01-20 16:58:21,392 :    11/    0 dest_loss=4.748678 future_loss=3.500260 offset_loss=166.020679 kld=1.966530 cd=-0.079467 en_pos=-0.026534 en_neg=0.052933 pcd=False subgoal_reg=0.006234117239954827 
2026-01-20 16:58:36,436 :    17/    0 dest_loss=5.504802 future_loss=4.077510 offset_loss=164.399216 kld=0.990047 cd=-0.111687 en_pos=-0.011515 en_neg=0.100173 pcd=False subgoal_reg=0.00694249469627526 
2026-01-20 16:58:51,478 :    23/    0 dest_loss=7.303740 future_loss=5.399070 offset_loss=162.689454 kld=0.598010 cd=-0.144087 en_pos=0.007108 en_neg=0.151195 pcd=False subgoal_reg=0.01096588067314504 
2026-01-20 16:59:06,502 :    29/    0 dest_loss=4.048317 future_loss=3.043769 offset_loss=157.235753 kld=0.300727 cd=-0.176599 en_pos=0.022508 en_neg=0.199107 pcd=False subgoal_reg=0.01530379933943379 
2026-01-20 16:59:21,674 :    35/    0 dest_loss=5.274693 future_loss=4.019769 offset_loss=154.505967 kld=0.293410 cd=-0.221300 en_pos=0.041323 en_neg=0.262622 pcd=False subgoal_reg=0.04124688903360331 
2026-01-20 16:59:36,751 :    41/    0 dest_loss=4.627168 future_loss=3.815588 offset_loss=149.510084 kld=0.285348 cd=-0.252056 en_pos=0.063251 en_neg=0.315307 pcd=False subgoal_reg=0.1079833245725027 
2026-01-20 16:59:51,892 :    47/    0 dest_loss=2.986100 future_loss=3.223843 offset_loss=139.767155 kld=0.399335 cd=-0.300916 en_pos=0.089259 en_neg=0.390174 pcd=False subgoal_reg=0.33601959026128003 
2026-01-20 17:00:07,147 :    53/    0 dest_loss=3.893759 future_loss=4.507406 offset_loss=135.534866 kld=0.306554 cd=-0.320421 en_pos=0.108403 en_neg=0.428824 pcd=False subgoal_reg=0.5900680351270495 
2026-01-20 17:00:22,250 :    59/    0 dest_loss=3.179899 future_loss=5.129684 offset_loss=125.058411 kld=0.304690 cd=-0.346094 en_pos=0.155526 en_neg=0.501620 pcd=False subgoal_reg=1.006234432844913 
2026-01-20 17:00:37,890 :    65/    0 dest_loss=1.563450 future_loss=7.912469 offset_loss=112.699849 kld=0.413960 cd=-0.385643 en_pos=0.213178 en_neg=0.598821 pcd=False subgoal_reg=2.751940033225121 
2026-01-20 17:00:53,855 :    71/    0 dest_loss=2.306694 future_loss=10.515013 offset_loss=107.506776 kld=0.365940 cd=-0.436319 en_pos=0.224739 en_neg=0.661058 pcd=False subgoal_reg=3.272126309988066 
2026-01-20 17:01:09,274 :    77/    0 dest_loss=1.625774 future_loss=9.759762 offset_loss=97.749517 kld=0.355839 cd=-0.496937 en_pos=0.227517 en_neg=0.724455 pcd=False subgoal_reg=3.341403149490512 
2026-01-20 17:01:24,564 :    83/    0 dest_loss=1.256644 future_loss=8.700842 offset_loss=88.013802 kld=0.304041 cd=-0.491741 en_pos=0.250612 en_neg=0.742353 pcd=False subgoal_reg=3.375808245638352 
2026-01-20 17:01:40,166 :    89/    0 dest_loss=2.161157 future_loss=12.569585 offset_loss=75.277065 kld=0.406756 cd=-0.559921 en_pos=0.288181 en_neg=0.848102 pcd=False subgoal_reg=3.8665697610833174 
2026-01-20 17:01:55,209 :    95/    0 dest_loss=2.669270 future_loss=10.843863 offset_loss=64.670617 kld=0.259110 cd=-0.599144 en_pos=0.262816 en_neg=0.861961 pcd=False subgoal_reg=2.4020131900870725 
2026-01-20 17:02:10,346 :   101/    0 dest_loss=3.933180 future_loss=14.516967 offset_loss=46.973654 kld=0.322111 cd=-0.643230 en_pos=0.301022 en_neg=0.944252 pcd=False subgoal_reg=2.6520762623033933 
2026-01-20 17:02:25,414 :   107/    0 dest_loss=2.094518 future_loss=14.050118 offset_loss=36.098372 kld=0.246396 cd=-0.692474 en_pos=0.301585 en_neg=0.994058 pcd=False subgoal_reg=3.428902046029079 
2026-01-20 17:02:40,627 :   113/    0 dest_loss=1.839527 future_loss=15.661484 offset_loss=27.964760 kld=0.356983 cd=-0.706691 en_pos=0.378687 en_neg=1.085378 pcd=False subgoal_reg=4.061961731917391 
2026-01-20 17:02:55,694 :   119/    0 dest_loss=1.634461 future_loss=12.388874 offset_loss=25.459656 kld=0.258069 cd=-0.799813 en_pos=0.353052 en_neg=1.152865 pcd=False subgoal_reg=3.081536199481403 
2026-01-20 17:03:10,744 :   125/    0 dest_loss=1.162490 future_loss=11.177361 offset_loss=19.565794 kld=0.246943 cd=-0.847591 en_pos=0.365066 en_neg=1.212656 pcd=False subgoal_reg=2.5114320809952293 
2026-01-20 17:03:25,820 :   131/    0 dest_loss=0.997413 future_loss=9.945068 offset_loss=14.882264 kld=0.245984 cd=-0.910753 en_pos=0.411890 en_neg=1.322643 pcd=False subgoal_reg=2.186729520055766 
2026-01-20 17:03:40,942 :   137/    0 dest_loss=0.803120 future_loss=7.566428 offset_loss=11.337740 kld=0.185643 cd=-0.968820 en_pos=0.419468 en_neg=1.388288 pcd=False subgoal_reg=1.6201876871535377 
2026-01-20 17:03:56,154 :   143/    0 dest_loss=0.326784 future_loss=6.245828 offset_loss=7.669577 kld=0.262658 cd=-0.982074 en_pos=0.511244 en_neg=1.493318 pcd=False subgoal_reg=1.7212320487733717 
2026-01-20 17:04:11,191 :   149/    0 dest_loss=0.260643 future_loss=4.657210 offset_loss=5.485655 kld=0.223127 cd=-1.083892 en_pos=0.536711 en_neg=1.620603 pcd=False subgoal_reg=1.3466210728361925 
2026-01-20 17:04:26,721 :   155/    0 dest_loss=0.322610 future_loss=3.927947 offset_loss=4.106000 kld=0.282986 cd=-1.131669 en_pos=0.590724 en_neg=1.722392 pcd=False subgoal_reg=1.4640974194669623 
2026-01-20 17:04:41,983 :   161/    0 dest_loss=0.331237 future_loss=3.043754 offset_loss=3.693956 kld=0.177571 cd=-1.185661 en_pos=0.619267 en_neg=1.804928 pcd=False subgoal_reg=0.8133892520620021 
2026-01-20 17:04:57,086 :   167/    0 dest_loss=0.484786 future_loss=2.579717 offset_loss=3.223952 kld=0.203814 cd=-1.259800 en_pos=0.655202 en_neg=1.915002 pcd=False subgoal_reg=0.5997781784019934 
2026-01-20 17:05:12,270 :   173/    0 dest_loss=0.457351 future_loss=2.002535 offset_loss=2.518005 kld=0.171946 cd=-1.337609 en_pos=0.705495 en_neg=2.043104 pcd=False subgoal_reg=0.4003718566256203 
2026-01-20 17:05:27,428 :   179/    0 dest_loss=0.346752 future_loss=1.847729 offset_loss=2.064024 kld=0.226547 cd=-1.435300 en_pos=0.811184 en_neg=2.246484 pcd=False subgoal_reg=0.3899045246583587 
2026-01-20 17:05:42,690 :   185/    0 dest_loss=0.204779 future_loss=1.329008 offset_loss=1.786376 kld=0.184171 cd=-1.498640 en_pos=0.850986 en_neg=2.349626 pcd=False subgoal_reg=0.3507825993341871 
2026-01-20 17:05:57,910 :   191/    0 dest_loss=0.219645 future_loss=1.091426 offset_loss=1.643049 kld=0.162421 cd=-1.525430 en_pos=0.916595 en_neg=2.442024 pcd=False subgoal_reg=0.20164203176276407 
2026-01-20 17:06:13,159 :   197/    0 dest_loss=0.377556 future_loss=1.049627 offset_loss=1.383385 kld=0.174145 cd=-1.636798 en_pos=0.981183 en_neg=2.617981 pcd=False subgoal_reg=0.18492489600634657 
2026-01-20 17:06:28,247 :   203/    0 dest_loss=0.259656 future_loss=0.824973 offset_loss=1.250315 kld=0.129223 cd=-1.729900 en_pos=0.978607 en_neg=2.708507 pcd=False subgoal_reg=0.1484213786484133 
2026-01-20 17:06:43,304 :   209/    0 dest_loss=0.255768 future_loss=0.787941 offset_loss=1.091134 kld=0.116167 cd=-1.875420 en_pos=0.946169 en_neg=2.821589 pcd=False subgoal_reg=0.10726137677435456 
2026-01-20 17:06:58,574 :   215/    0 dest_loss=0.308035 future_loss=0.775773 offset_loss=0.926678 kld=0.162828 cd=-1.900557 en_pos=1.170536 en_neg=3.071094 pcd=False subgoal_reg=0.12270542124741096 
2026-01-20 17:07:13,746 :   221/    0 dest_loss=0.377208 future_loss=0.708392 offset_loss=0.900532 kld=0.151997 cd=-2.078248 en_pos=1.133415 en_neg=3.211663 pcd=False subgoal_reg=0.10154096611791347 
2026-01-20 17:07:28,801 :   227/    0 dest_loss=0.260719 future_loss=0.622671 offset_loss=0.876211 kld=0.122465 cd=-2.179909 en_pos=1.233851 en_neg=3.413759 pcd=False subgoal_reg=0.06954625914324078 
2026-01-20 17:07:43,872 :   233/    0 dest_loss=0.156642 future_loss=0.527705 offset_loss=0.774031 kld=0.105054 cd=-2.198178 en_pos=1.241016 en_neg=3.439194 pcd=False subgoal_reg=0.09936989459335226 
2026-01-20 17:07:59,041 :   239/    0 dest_loss=0.158979 future_loss=0.492173 offset_loss=0.712874 kld=0.090674 cd=-2.350182 en_pos=1.297636 en_neg=3.647818 pcd=False subgoal_reg=0.0668926554375615 
2026-01-20 17:08:14,128 :   245/    0 dest_loss=0.256849 future_loss=0.445796 offset_loss=0.862650 kld=0.093415 cd=-2.510757 en_pos=1.414562 en_neg=3.925320 pcd=False subgoal_reg=0.062368642886791295 
2026-01-20 17:08:29,188 :   251/    0 dest_loss=0.225850 future_loss=0.499871 offset_loss=0.688718 kld=0.116843 cd=-2.629668 en_pos=1.471392 en_neg=4.101060 pcd=False subgoal_reg=0.07115941827870889 
2026-01-20 17:08:44,670 :   257/    0 dest_loss=0.192397 future_loss=0.483416 offset_loss=0.619699 kld=0.078345 cd=-2.615917 en_pos=1.498850 en_neg=4.114768 pcd=False subgoal_reg=0.05452312972655734 
2026-01-20 17:09:00,196 :   263/    0 dest_loss=0.166271 future_loss=0.438271 offset_loss=0.576459 kld=0.073191 cd=-2.928351 en_pos=1.500593 en_neg=4.428944 pcd=False subgoal_reg=0.04826909916119962 
2026-01-20 17:09:15,356 :   269/    0 dest_loss=0.434558 future_loss=0.517571 offset_loss=0.715067 kld=0.110304 cd=-2.736420 en_pos=1.796852 en_neg=4.533271 pcd=False subgoal_reg=0.08862434037746673 
2026-01-20 17:09:30,491 :   275/    0 dest_loss=0.409166 future_loss=0.535420 offset_loss=0.697909 kld=0.098246 cd=-3.049371 en_pos=1.856074 en_neg=4.905445 pcd=False subgoal_reg=0.03396123032717974 
2026-01-20 17:09:45,629 :   281/    0 dest_loss=0.189390 future_loss=0.354173 offset_loss=0.521402 kld=0.076532 cd=-3.195275 en_pos=1.841380 en_neg=5.036655 pcd=False subgoal_reg=0.06858767957379637 
2026-01-20 17:10:00,804 :   287/    0 dest_loss=0.142567 future_loss=0.357745 offset_loss=0.562074 kld=0.084692 cd=-3.118427 en_pos=1.944033 en_neg=5.062460 pcd=False subgoal_reg=0.051502901821155286 
2026-01-20 17:10:15,945 :   293/    0 dest_loss=0.227881 future_loss=0.377651 offset_loss=0.537577 kld=0.058599 cd=-3.283354 en_pos=1.959025 en_neg=5.242379 pcd=False subgoal_reg=0.044171657592039795 
2026-01-20 17:10:31,143 :   299/    0 dest_loss=0.227494 future_loss=0.406583 offset_loss=0.552873 kld=0.074355 cd=-3.517017 en_pos=2.107078 en_neg=5.624095 pcd=False subgoal_reg=0.04093094363623613 
2026-01-20 17:10:46,321 :   305/    0 dest_loss=0.177106 future_loss=0.382110 offset_loss=0.469921 kld=0.074257 cd=-3.568977 en_pos=2.259474 en_neg=5.828450 pcd=False subgoal_reg=0.04614225233228936 
2026-01-20 17:11:01,508 :   311/    0 dest_loss=0.489399 future_loss=0.496996 offset_loss=0.593638 kld=0.100428 cd=-3.635915 en_pos=2.411253 en_neg=6.047168 pcd=False subgoal_reg=0.05838513306130611 
2026-01-20 17:11:16,772 :   317/    0 dest_loss=0.158803 future_loss=0.211673 offset_loss=0.609940 kld=0.069819 cd=-3.973315 en_pos=2.292211 en_neg=6.265526 pcd=False subgoal_reg=0.029519861268801573 
2026-01-20 17:11:31,752 :   323/    0 dest_loss=0.185925 future_loss=0.359340 offset_loss=0.511330 kld=0.078322 cd=-3.910747 en_pos=2.604892 en_neg=6.515639 pcd=False subgoal_reg=0.05355007035109242 
2026-01-20 17:11:46,911 :   329/    0 dest_loss=0.414836 future_loss=0.404052 offset_loss=0.529932 kld=0.080100 cd=-4.103433 en_pos=2.587248 en_neg=6.690681 pcd=False subgoal_reg=0.04534326325416345 
2026-01-20 17:12:02,205 :   335/    0 dest_loss=0.322881 future_loss=0.454122 offset_loss=0.446039 kld=0.074962 cd=-4.115098 en_pos=2.895906 en_neg=7.011004 pcd=False subgoal_reg=0.03471485300969609 
2026-01-20 17:12:17,191 :   341/    0 dest_loss=0.517634 future_loss=0.442188 offset_loss=0.518151 kld=0.088576 cd=-4.151113 en_pos=2.929693 en_neg=7.080806 pcd=False subgoal_reg=0.09121628334846055 
2026-01-20 17:12:32,323 :   347/    0 dest_loss=0.213767 future_loss=0.465452 offset_loss=0.193535 kld=0.066089 cd=-4.701086 en_pos=2.829758 en_neg=7.530844 pcd=False subgoal_reg=0.03176306290714472 
2026-01-20 17:12:47,515 :   353/    0 dest_loss=0.142098 future_loss=0.284219 offset_loss=0.365188 kld=0.059968 cd=-4.687794 en_pos=3.002095 en_neg=7.689889 pcd=False subgoal_reg=0.026952373299825284 
2026-01-20 17:13:02,748 :   359/    0 dest_loss=0.166089 future_loss=0.229591 offset_loss=0.400438 kld=0.077632 cd=-4.653778 en_pos=3.195930 en_neg=7.849708 pcd=False subgoal_reg=0.057057083914103725 
2026-01-20 17:13:17,890 :   365/    0 dest_loss=0.125940 future_loss=0.227274 offset_loss=0.321792 kld=0.047499 cd=-4.857835 en_pos=2.969821 en_neg=7.827657 pcd=False subgoal_reg=0.02947746590548705 
2026-01-20 17:13:33,043 :   371/    0 dest_loss=0.361988 future_loss=0.367262 offset_loss=0.537556 kld=0.075009 cd=-5.091448 en_pos=3.518392 en_neg=8.609840 pcd=False subgoal_reg=0.04720659325038228 
2026-01-20 17:13:48,280 :   377/    0 dest_loss=0.265531 future_loss=0.293427 offset_loss=0.460474 kld=0.079413 cd=-5.053624 en_pos=3.647010 en_neg=8.700633 pcd=False subgoal_reg=0.02683901752157686 
2026-01-20 17:14:03,470 :   383/    0 dest_loss=0.256211 future_loss=0.302504 offset_loss=0.387749 kld=0.050981 cd=-5.142517 en_pos=3.495248 en_neg=8.637765 pcd=False subgoal_reg=0.022528296925941094 
2026-01-20 17:14:18,836 :   389/    0 dest_loss=0.127226 future_loss=0.255422 offset_loss=0.331336 kld=0.052652 cd=-5.637063 en_pos=3.605751 en_neg=9.242814 pcd=False subgoal_reg=0.05306529684438533 
2026-01-20 17:14:34,583 :   395/    0 dest_loss=0.102700 future_loss=0.222881 offset_loss=0.289924 kld=0.046929 cd=-2.864119 en_pos=3.593291 en_neg=6.457411 pcd=True subgoal_reg=0.027511182549786233 
2026-01-20 17:14:50,212 :   401/    0 dest_loss=0.417035 future_loss=0.414975 offset_loss=0.537879 kld=0.071320 cd=-2.829190 en_pos=3.970680 en_neg=6.799870 pcd=True subgoal_reg=0.027916005218256025 
2026-01-20 17:15:05,803 :   407/    0 dest_loss=0.250723 future_loss=0.351171 offset_loss=0.464926 kld=0.069553 cd=-2.930610 en_pos=4.014402 en_neg=6.945013 pcd=True subgoal_reg=0.04227344015612179 
2026-01-20 17:15:21,275 :   413/    0 dest_loss=0.199818 future_loss=0.239374 offset_loss=0.357274 kld=0.061039 cd=-3.100175 en_pos=4.044660 en_neg=7.144835 pcd=True subgoal_reg=0.027690147260041605 
2026-01-20 17:15:36,765 :   419/    0 dest_loss=0.145242 future_loss=0.238399 offset_loss=0.283361 kld=0.057538 cd=-2.842445 en_pos=4.114064 en_neg=6.956509 pcd=True subgoal_reg=0.023149293282746904 
2026-01-20 17:15:52,265 :   425/    0 dest_loss=0.564139 future_loss=0.468198 offset_loss=0.507112 kld=0.083325 cd=-2.820226 en_pos=4.366366 en_neg=7.186592 pcd=True subgoal_reg=0.04256902972877254 
2026-01-20 17:16:07,631 :   431/    0 dest_loss=0.198369 future_loss=0.195964 offset_loss=0.403791 kld=0.066271 cd=-2.807542 en_pos=4.331606 en_neg=7.139148 pcd=True subgoal_reg=0.026412743728202324 
2026-01-20 17:16:23,269 :   437/    0 dest_loss=0.292804 future_loss=0.341827 offset_loss=0.255499 kld=0.053231 cd=-2.894789 en_pos=4.060638 en_neg=6.955427 pcd=True subgoal_reg=0.0281329487111256 
2026-01-20 17:16:38,897 :   443/    0 dest_loss=0.139057 future_loss=0.204095 offset_loss=0.338692 kld=0.064510 cd=-3.026226 en_pos=4.380309 en_neg=7.406534 pcd=True subgoal_reg=0.03656993339476361 
2026-01-20 17:16:54,410 :   449/    0 dest_loss=0.195780 future_loss=0.229424 offset_loss=0.324643 kld=0.063165 cd=-2.852685 en_pos=4.408969 en_neg=7.261653 pcd=True subgoal_reg=0.020302174923965757 
2026-01-20 17:17:09,919 :   455/    0 dest_loss=0.282226 future_loss=0.300339 offset_loss=0.412915 kld=0.054895 cd=-2.732318 en_pos=4.562592 en_neg=7.294909 pcd=True subgoal_reg=0.029130223425429917 
2026-01-20 17:17:25,396 :   461/    0 dest_loss=0.187527 future_loss=0.242201 offset_loss=0.301434 kld=0.046390 cd=-3.117166 en_pos=4.447413 en_neg=7.564578 pcd=True subgoal_reg=0.02123577125993816 
2026-01-20 17:17:40,909 :   467/    0 dest_loss=0.216903 future_loss=0.300833 offset_loss=0.301244 kld=0.063756 cd=-2.812567 en_pos=4.851887 en_neg=7.664454 pcd=True subgoal_reg=0.02528015575023923 
2026-01-20 17:17:56,435 :   473/    0 dest_loss=0.105717 future_loss=0.179799 offset_loss=0.248725 kld=0.046012 cd=-2.638764 en_pos=4.653790 en_neg=7.292554 pcd=True subgoal_reg=0.023163111735601677 
2026-01-20 17:18:11,884 :   479/    0 dest_loss=0.228302 future_loss=0.256774 offset_loss=0.371752 kld=0.050412 cd=-2.901718 en_pos=4.758837 en_neg=7.660555 pcd=True subgoal_reg=0.01971601199331724 
2026-01-20 17:18:27,414 :   485/    0 dest_loss=0.215766 future_loss=0.225522 offset_loss=0.261921 kld=0.055001 cd=-2.857895 en_pos=5.042173 en_neg=7.900068 pcd=True subgoal_reg=0.02621015225576629 
2026-01-20 17:18:42,920 :   491/    0 dest_loss=0.145233 future_loss=0.204767 offset_loss=0.245603 kld=0.046005 cd=-2.467297 en_pos=4.972562 en_neg=7.439859 pcd=True subgoal_reg=0.03313386198801351 
2026-01-20 17:18:58,446 :   497/    0 dest_loss=0.226426 future_loss=0.229407 offset_loss=0.334218 kld=0.059348 cd=-2.560863 en_pos=5.160176 en_neg=7.721039 pcd=True subgoal_reg=0.02205187166834687 
2026-01-20 17:19:13,966 :   503/    0 dest_loss=0.168483 future_loss=0.192500 offset_loss=0.295601 kld=0.045236 cd=-2.673732 en_pos=4.886721 en_neg=7.560453 pcd=True subgoal_reg=0.025871088781812195 
2026-01-20 17:19:29,305 :   509/    0 dest_loss=0.189869 future_loss=0.275710 offset_loss=0.243588 kld=0.047929 cd=-2.415390 en_pos=5.132301 en_neg=7.547692 pcd=True subgoal_reg=0.021191544933386652 
2026-01-20 17:21:06,179 : Train Loss 15878.8058720717
2026-01-20 17:21:06,179 : Overall Loss 1373.0057315008416
2026-01-20 17:21:06,179 : Dest Loss 503.33890913931725
2026-01-20 17:21:06,179 : Val ADE 0.486370040501313
2026-01-20 17:21:06,179 : Val FDE 0.326758294280759
2026-01-20 17:21:06,179 : Val Best ADE 0.486370040501313
2026-01-20 17:21:06,179 : Val Best FDE 0.326758294280759
2026-01-20 17:21:06,179 : ----->learning rate 0.005
2026-01-20 17:21:22,465 :     5/    1 dest_loss=0.218312 future_loss=0.211852 offset_loss=0.366059 kld=0.048872 cd=-2.702359 en_pos=5.302827 en_neg=8.005187 pcd=True subgoal_reg=0.016244947286787353 
2026-01-20 17:21:38,519 :    11/    1 dest_loss=0.162293 future_loss=0.154261 offset_loss=0.374268 kld=0.050553 cd=-2.525149 en_pos=5.300274 en_neg=7.825422 pcd=True subgoal_reg=0.03646241868796195 
2026-01-20 17:21:54,431 :    17/    1 dest_loss=0.099741 future_loss=0.167948 offset_loss=0.204278 kld=0.049271 cd=-2.299979 en_pos=5.460839 en_neg=7.760817 pcd=True subgoal_reg=0.02525887659184732 
2026-01-20 17:22:10,373 :    23/    1 dest_loss=0.472367 future_loss=0.381144 offset_loss=0.470030 kld=0.059556 cd=-2.226307 en_pos=5.741019 en_neg=7.967327 pcd=True subgoal_reg=0.02507446489130731 
2026-01-20 17:22:26,356 :    29/    1 dest_loss=0.124602 future_loss=0.150490 offset_loss=0.236986 kld=0.045368 cd=-2.333426 en_pos=5.573468 en_neg=7.906894 pcd=True subgoal_reg=0.031499231452626245 
2026-01-20 17:22:42,303 :    35/    1 dest_loss=0.205659 future_loss=0.196868 offset_loss=0.269366 kld=0.049416 cd=-2.128133 en_pos=5.586053 en_neg=7.714186 pcd=True subgoal_reg=0.02297336287181587 
2026-01-20 17:22:58,310 :    41/    1 dest_loss=0.214580 future_loss=0.182219 offset_loss=0.375523 kld=0.046145 cd=-2.340166 en_pos=5.613236 en_neg=7.953402 pcd=True subgoal_reg=0.01764736694214695 
2026-01-20 17:23:14,200 :    47/    1 dest_loss=0.188669 future_loss=0.229658 offset_loss=0.291789 kld=0.047674 cd=-1.933520 en_pos=5.834719 en_neg=7.768239 pcd=True subgoal_reg=0.03474388022579843 
2026-01-20 17:23:29,994 :    53/    1 dest_loss=0.269816 future_loss=0.221600 offset_loss=0.308964 kld=0.051355 cd=-2.191003 en_pos=5.966997 en_neg=8.158000 pcd=True subgoal_reg=0.018096703407138332 
2026-01-20 17:23:45,929 :    59/    1 dest_loss=0.350764 future_loss=0.300012 offset_loss=0.367083 kld=0.056072 cd=-2.124684 en_pos=5.987315 en_neg=8.111999 pcd=True subgoal_reg=0.02445178923056098 
2026-01-20 17:24:01,814 :    65/    1 dest_loss=0.153331 future_loss=0.171671 offset_loss=0.231662 kld=0.045287 cd=-2.173865 en_pos=5.813293 en_neg=7.987158 pcd=True subgoal_reg=0.0212539842100377 
2026-01-20 17:24:17,923 :    71/    1 dest_loss=0.237984 future_loss=0.199517 offset_loss=0.295454 kld=0.048680 cd=-2.228667 en_pos=6.084893 en_neg=8.313561 pcd=True subgoal_reg=0.025011091681134263 
2026-01-20 17:24:34,126 :    77/    1 dest_loss=0.174722 future_loss=0.200269 offset_loss=0.280551 kld=0.044870 cd=-2.049701 en_pos=5.811365 en_neg=7.861067 pcd=True subgoal_reg=0.016793544918784428 
2026-01-20 17:24:50,292 :    83/    1 dest_loss=0.216811 future_loss=0.228811 offset_loss=0.263399 kld=0.051050 cd=-1.963352 en_pos=6.353186 en_neg=8.316538 pcd=True subgoal_reg=0.02803009906519763 
2026-01-20 17:25:06,353 :    89/    1 dest_loss=0.250464 future_loss=0.228283 offset_loss=0.390223 kld=0.045126 cd=-1.905480 en_pos=6.160322 en_neg=8.065802 pcd=True subgoal_reg=0.01183530649891653 
2026-01-20 17:25:22,318 :    95/    1 dest_loss=0.229290 future_loss=0.253685 offset_loss=0.254323 kld=0.043858 cd=-2.044338 en_pos=6.030893 en_neg=8.075230 pcd=True subgoal_reg=0.02102602868783882 
2026-01-20 17:25:38,291 :   101/    1 dest_loss=0.316826 future_loss=0.340075 offset_loss=0.285271 kld=0.053106 cd=-1.966632 en_pos=6.147542 en_neg=8.114174 pcd=True subgoal_reg=0.01969875458258265 
2026-01-20 17:25:54,258 :   107/    1 dest_loss=0.114166 future_loss=0.145058 offset_loss=0.227970 kld=0.044676 cd=-1.672479 en_pos=6.454279 en_neg=8.126758 pcd=True subgoal_reg=0.014821677895422969 
2026-01-20 17:26:10,236 :   113/    1 dest_loss=0.244371 future_loss=0.252735 offset_loss=0.286051 kld=0.041373 cd=-1.678935 en_pos=6.323578 en_neg=8.002513 pcd=True subgoal_reg=0.025020781940987988 
2026-01-20 17:26:26,130 :   119/    1 dest_loss=0.162087 future_loss=0.189140 offset_loss=0.251540 kld=0.043572 cd=-1.627510 en_pos=6.414999 en_neg=8.042509 pcd=True subgoal_reg=0.016051813116419275 
2026-01-20 17:26:42,126 :   125/    1 dest_loss=0.111660 future_loss=0.153667 offset_loss=0.225565 kld=0.041214 cd=-1.649873 en_pos=6.287943 en_neg=7.937815 pcd=True subgoal_reg=0.02321068794849023 
2026-01-20 17:26:57,937 :   131/    1 dest_loss=0.571261 future_loss=0.409698 offset_loss=0.475827 kld=0.059757 cd=-1.875197 en_pos=6.675524 en_neg=8.550721 pcd=True subgoal_reg=0.01895200987934306 
2026-01-20 17:27:13,915 :   137/    1 dest_loss=0.085377 future_loss=0.117699 offset_loss=0.212702 kld=0.049335 cd=-1.743328 en_pos=6.835941 en_neg=8.579270 pcd=True subgoal_reg=0.020922176065716475 
2026-01-20 17:27:29,816 :   143/    1 dest_loss=0.254095 future_loss=0.290293 offset_loss=0.366760 kld=0.058977 cd=-1.533395 en_pos=6.870158 en_neg=8.403553 pcd=True subgoal_reg=0.020431010580307114 
2026-01-20 17:27:45,744 :   149/    1 dest_loss=0.229618 future_loss=0.239851 offset_loss=0.225303 kld=0.050753 cd=-1.488009 en_pos=6.585076 en_neg=8.073085 pcd=True subgoal_reg=0.027187971065789483 
2026-01-20 17:28:01,642 :   155/    1 dest_loss=0.226038 future_loss=0.207486 offset_loss=0.289351 kld=0.048898 cd=-1.594367 en_pos=6.448868 en_neg=8.043236 pcd=True subgoal_reg=0.021389336259041426 
2026-01-20 17:28:17,540 :   161/    1 dest_loss=0.219304 future_loss=0.212377 offset_loss=0.264820 kld=0.040854 cd=-1.336882 en_pos=6.497214 en_neg=7.834096 pcd=True subgoal_reg=0.015256723492219793 
2026-01-20 17:28:33,498 :   167/    1 dest_loss=0.136831 future_loss=0.157853 offset_loss=0.221086 kld=0.039857 cd=-1.588951 en_pos=6.591803 en_neg=8.180754 pcd=True subgoal_reg=0.0286885708223914 
2026-01-20 17:28:49,452 :   173/    1 dest_loss=0.358929 future_loss=0.291643 offset_loss=0.382978 kld=0.055711 cd=-1.356460 en_pos=6.894206 en_neg=8.250666 pcd=True subgoal_reg=0.021087541228752293 
2026-01-20 17:29:05,469 :   179/    1 dest_loss=0.233879 future_loss=0.228474 offset_loss=0.322286 kld=0.048004 cd=-1.474044 en_pos=6.767611 en_neg=8.241655 pcd=True subgoal_reg=0.017096270898649818 
2026-01-20 17:29:21,431 :   185/    1 dest_loss=0.125500 future_loss=0.164402 offset_loss=0.269888 kld=0.048315 cd=-1.295727 en_pos=7.047001 en_neg=8.342729 pcd=True subgoal_reg=0.019112640126680007 
2026-01-20 17:29:37,346 :   191/    1 dest_loss=0.128877 future_loss=0.172037 offset_loss=0.208445 kld=0.048082 cd=-1.287632 en_pos=6.863189 en_neg=8.150821 pcd=True subgoal_reg=0.015378930512348014 
2026-01-20 17:29:53,271 :   197/    1 dest_loss=0.248280 future_loss=0.250648 offset_loss=0.273530 kld=0.046466 cd=-1.153908 en_pos=6.932738 en_neg=8.086646 pcd=True subgoal_reg=0.019561421719273477 
2026-01-20 17:30:09,280 :   203/    1 dest_loss=0.173760 future_loss=0.200288 offset_loss=0.282312 kld=0.041313 cd=-1.357770 en_pos=6.939402 en_neg=8.297172 pcd=True subgoal_reg=0.0219925277473738 
2026-01-20 17:30:25,101 :   209/    1 dest_loss=0.155602 future_loss=0.205548 offset_loss=0.194749 kld=0.045766 cd=-1.101620 en_pos=7.081369 en_neg=8.182989 pcd=True subgoal_reg=0.015061217815964091 
2026-01-20 17:30:41,050 :   215/    1 dest_loss=0.105647 future_loss=0.139397 offset_loss=0.200126 kld=0.047353 cd=-0.986682 en_pos=7.201049 en_neg=8.187730 pcd=True subgoal_reg=0.016216117252660825 
2026-01-20 17:30:57,007 :   221/    1 dest_loss=0.350285 future_loss=0.309659 offset_loss=0.361022 kld=0.050814 cd=-1.033513 en_pos=7.033725 en_neg=8.067238 pcd=True subgoal_reg=0.010303001332467952 
2026-01-20 17:31:12,937 :   227/    1 dest_loss=0.105428 future_loss=0.122426 offset_loss=0.196980 kld=0.043243 cd=-0.930583 en_pos=7.054472 en_neg=7.985055 pcd=True subgoal_reg=0.023650163671892363 
2026-01-20 17:31:28,854 :   233/    1 dest_loss=0.192906 future_loss=0.168590 offset_loss=0.256333 kld=0.040152 cd=-0.969717 en_pos=6.902458 en_neg=7.872175 pcd=True subgoal_reg=0.01385335957690021 
2026-01-20 17:31:44,730 :   239/    1 dest_loss=0.235642 future_loss=0.229461 offset_loss=0.261471 kld=0.043368 cd=-0.831352 en_pos=7.375453 en_neg=8.206805 pcd=True subgoal_reg=0.02201217490790682 
2026-01-20 17:32:00,610 :   245/    1 dest_loss=0.161330 future_loss=0.163645 offset_loss=0.212790 kld=0.039662 cd=-0.952777 en_pos=6.819164 en_neg=7.771941 pcd=True subgoal_reg=0.025161231105303505 
2026-01-20 17:32:16,551 :   251/    1 dest_loss=0.185449 future_loss=0.156619 offset_loss=0.269888 kld=0.050471 cd=-0.864495 en_pos=7.350800 en_neg=8.215295 pcd=True subgoal_reg=0.012128656687581753 
2026-01-20 17:32:32,493 :   257/    1 dest_loss=0.329859 future_loss=0.203974 offset_loss=0.469123 kld=0.061241 cd=-1.098337 en_pos=7.756531 en_neg=8.854868 pcd=True subgoal_reg=0.022138920531812323 
2026-01-20 17:32:48,427 :   263/    1 dest_loss=0.222062 future_loss=0.245522 offset_loss=0.235339 kld=0.049237 cd=-0.951201 en_pos=7.371070 en_neg=8.322270 pcd=True subgoal_reg=0.0341237102914593 
2026-01-20 17:33:04,346 :   269/    1 dest_loss=0.132971 future_loss=0.146063 offset_loss=0.242349 kld=0.041340 cd=-0.800207 en_pos=7.155626 en_neg=7.955833 pcd=True subgoal_reg=0.011812946961332492 
2026-01-20 17:33:20,238 :   275/    1 dest_loss=0.179639 future_loss=0.178760 offset_loss=0.226270 kld=0.043421 cd=-0.782461 en_pos=7.316172 en_neg=8.098632 pcd=True subgoal_reg=0.01415129828390526 
2026-01-20 17:33:36,230 :   281/    1 dest_loss=0.203576 future_loss=0.201950 offset_loss=0.228615 kld=0.045258 cd=-0.939712 en_pos=7.162671 en_neg=8.102383 pcd=True subgoal_reg=0.02254825362755642 
2026-01-20 17:33:52,006 :   287/    1 dest_loss=0.158523 future_loss=0.157884 offset_loss=0.230813 kld=0.043555 cd=-0.641987 en_pos=7.249386 en_neg=7.891373 pcd=True subgoal_reg=0.016662287775061825 
2026-01-20 17:34:07,933 :   293/    1 dest_loss=0.130314 future_loss=0.142904 offset_loss=0.226224 kld=0.040122 cd=-0.644882 en_pos=7.062088 en_neg=7.706970 pcd=True subgoal_reg=0.013949454237068212 
2026-01-20 17:34:24,299 :   299/    1 dest_loss=0.112068 future_loss=0.141189 offset_loss=0.185550 kld=0.040391 cd=-0.487974 en_pos=7.370465 en_neg=7.858439 pcd=True subgoal_reg=0.015608898247080793 
2026-01-20 17:34:40,372 :   305/    1 dest_loss=0.164850 future_loss=0.176373 offset_loss=0.230980 kld=0.043863 cd=-0.622017 en_pos=7.354213 en_neg=7.976229 pcd=True subgoal_reg=0.015384994688941354 
2026-01-20 17:34:56,381 :   311/    1 dest_loss=0.266531 future_loss=0.200569 offset_loss=0.319449 kld=0.044970 cd=-0.560767 en_pos=7.330579 en_neg=7.891346 pcd=True subgoal_reg=0.01192664813847824 
2026-01-20 17:35:12,460 :   317/    1 dest_loss=0.191547 future_loss=0.201459 offset_loss=0.210489 kld=0.045383 cd=-0.613514 en_pos=7.259580 en_neg=7.873094 pcd=True subgoal_reg=0.020623964510963017 
2026-01-20 17:35:28,394 :   323/    1 dest_loss=0.156349 future_loss=0.184721 offset_loss=0.193704 kld=0.050380 cd=-0.583928 en_pos=7.633832 en_neg=8.217761 pcd=True subgoal_reg=0.01796970960863646 
2026-01-20 17:35:44,401 :   329/    1 dest_loss=0.083427 future_loss=0.104423 offset_loss=0.185998 kld=0.042093 cd=-0.549947 en_pos=7.457413 en_neg=8.007360 pcd=True subgoal_reg=0.010744125118089313 
2026-01-20 17:36:00,310 :   335/    1 dest_loss=0.101132 future_loss=0.126257 offset_loss=0.161255 kld=0.039099 cd=-0.954245 en_pos=7.123882 en_neg=8.078127 pcd=True subgoal_reg=0.024217424964961393 
2026-01-20 17:36:16,280 :   341/    1 dest_loss=0.225418 future_loss=0.204644 offset_loss=0.290427 kld=0.043768 cd=-0.769602 en_pos=7.348103 en_neg=8.117706 pcd=True subgoal_reg=0.020883142616205344 
2026-01-20 17:36:32,379 :   347/    1 dest_loss=0.188840 future_loss=0.179245 offset_loss=0.267366 kld=0.044578 cd=-0.326540 en_pos=7.450567 en_neg=7.777107 pcd=True subgoal_reg=0.007952751512101895 
2026-01-20 17:36:48,337 :   353/    1 dest_loss=0.111426 future_loss=0.138928 offset_loss=0.171406 kld=0.038540 cd=-0.470651 en_pos=7.481272 en_neg=7.951923 pcd=True subgoal_reg=0.025927686253972522 
2026-01-20 17:37:04,393 :   359/    1 dest_loss=0.120810 future_loss=0.137425 offset_loss=0.183843 kld=0.039700 cd=-0.646636 en_pos=7.351822 en_neg=7.998459 pcd=True subgoal_reg=0.016978748845772367 
2026-01-20 17:37:20,174 :   365/    1 dest_loss=0.091993 future_loss=0.115859 offset_loss=0.173664 kld=0.050563 cd=-0.435106 en_pos=7.824689 en_neg=8.259795 pcd=True subgoal_reg=0.030231325480498207 
2026-01-20 17:37:36,110 :   371/    1 dest_loss=0.123281 future_loss=0.172042 offset_loss=0.130453 kld=0.045628 cd=-0.612571 en_pos=7.534771 en_neg=8.147342 pcd=True subgoal_reg=0.03135960386306903 
2026-01-20 17:37:52,165 :   377/    1 dest_loss=0.076366 future_loss=0.093913 offset_loss=0.185624 kld=0.044216 cd=-0.544085 en_pos=7.532170 en_neg=8.076255 pcd=True subgoal_reg=0.01104533147407645 
2026-01-20 17:38:08,137 :   383/    1 dest_loss=0.101508 future_loss=0.118221 offset_loss=0.161986 kld=0.040010 cd=-0.295683 en_pos=7.571521 en_neg=7.867204 pcd=True subgoal_reg=0.03211049325773995 
2026-01-20 17:38:24,145 :   389/    1 dest_loss=0.119387 future_loss=0.139620 offset_loss=0.209645 kld=0.044536 cd=-0.406000 en_pos=7.385570 en_neg=7.791569 pcd=True subgoal_reg=0.0121087253693524 
2026-01-20 17:38:40,039 :   395/    1 dest_loss=0.161779 future_loss=0.177654 offset_loss=0.184679 kld=0.043745 cd=-0.382204 en_pos=7.688806 en_neg=8.071010 pcd=True subgoal_reg=0.018442275727641653 
2026-01-20 17:38:56,038 :   401/    1 dest_loss=0.158074 future_loss=0.152929 offset_loss=0.243323 kld=0.044596 cd=-0.151501 en_pos=7.572836 en_neg=7.724338 pcd=True subgoal_reg=0.0218679767558062 
2026-01-20 17:39:12,021 :   407/    1 dest_loss=0.271243 future_loss=0.261187 offset_loss=0.256017 kld=0.043441 cd=-0.324617 en_pos=7.500293 en_neg=7.824909 pcd=True subgoal_reg=0.012939115099920974 
2026-01-20 17:39:27,951 :   413/    1 dest_loss=0.175478 future_loss=0.176578 offset_loss=0.210050 kld=0.052140 cd=-0.289027 en_pos=8.031482 en_neg=8.320509 pcd=True subgoal_reg=0.0173966525236925 
2026-01-20 17:39:43,832 :   419/    1 dest_loss=0.183573 future_loss=0.177593 offset_loss=0.221757 kld=0.041974 cd=-0.593535 en_pos=7.642619 en_neg=8.236154 pcd=True subgoal_reg=0.010890523401415554 
2026-01-20 17:39:59,795 :   425/    1 dest_loss=0.107050 future_loss=0.135542 offset_loss=0.161292 kld=0.043736 cd=-0.341377 en_pos=7.464636 en_neg=7.806014 pcd=True subgoal_reg=0.021947220512216474 
2026-01-20 17:40:15,854 :   431/    1 dest_loss=0.069955 future_loss=0.092251 offset_loss=0.160440 kld=0.040821 cd=-0.268963 en_pos=7.681415 en_neg=7.950378 pcd=True subgoal_reg=0.011156685450514464 
2026-01-20 17:40:31,825 :   437/    1 dest_loss=0.125631 future_loss=0.121241 offset_loss=0.273994 kld=0.036559 cd=-0.308206 en_pos=7.404894 en_neg=7.713100 pcd=True subgoal_reg=0.014171236636367233 
2026-01-20 17:40:47,612 :   443/    1 dest_loss=0.219053 future_loss=0.223171 offset_loss=0.221401 kld=0.045304 cd=-0.275344 en_pos=7.588818 en_neg=7.864162 pcd=True subgoal_reg=0.010618901767325193 
2026-01-20 17:41:03,591 :   449/    1 dest_loss=0.241079 future_loss=0.218316 offset_loss=0.262268 kld=0.049857 cd=-0.476279 en_pos=7.745241 en_neg=8.221520 pcd=True subgoal_reg=0.029191872461467004 
2026-01-20 17:41:19,544 :   455/    1 dest_loss=0.214285 future_loss=0.179829 offset_loss=0.240441 kld=0.050885 cd=-0.400772 en_pos=7.786327 en_neg=8.187099 pcd=True subgoal_reg=0.018120012317739465 
2026-01-20 17:41:35,438 :   461/    1 dest_loss=0.092368 future_loss=0.111277 offset_loss=0.171992 kld=0.036471 cd=-0.260468 en_pos=7.473803 en_neg=7.734271 pcd=True subgoal_reg=0.01726406199717328 
2026-01-20 17:41:51,363 :   467/    1 dest_loss=0.084338 future_loss=0.107542 offset_loss=0.160208 kld=0.037951 cd=-0.194237 en_pos=7.365529 en_neg=7.559765 pcd=True subgoal_reg=0.015988081069390543 
2026-01-20 17:42:07,288 :   473/    1 dest_loss=0.075647 future_loss=0.095903 offset_loss=0.159818 kld=0.040472 cd=-0.439846 en_pos=7.635247 en_neg=8.075093 pcd=True subgoal_reg=0.011280307548798597 
2026-01-20 17:42:23,171 :   479/    1 dest_loss=0.082224 future_loss=0.104270 offset_loss=0.156066 kld=0.040763 cd=-0.279483 en_pos=7.388939 en_neg=7.668422 pcd=True subgoal_reg=0.014893962349253935 
2026-01-20 17:42:39,096 :   485/    1 dest_loss=0.110801 future_loss=0.118211 offset_loss=0.145304 kld=0.035815 cd=-0.227060 en_pos=7.553904 en_neg=7.780964 pcd=True subgoal_reg=0.01509202969801912 
2026-01-20 17:42:55,024 :   491/    1 dest_loss=0.108262 future_loss=0.122612 offset_loss=0.169739 kld=0.036678 cd=-0.233369 en_pos=7.648997 en_neg=7.882366 pcd=True subgoal_reg=0.02164139433377644 
2026-01-20 17:43:11,029 :   497/    1 dest_loss=0.104471 future_loss=0.127131 offset_loss=0.166793 kld=0.044281 cd=-0.423792 en_pos=7.548666 en_neg=7.972458 pcd=True subgoal_reg=0.01420557278405965 
2026-01-20 17:43:27,015 :   503/    1 dest_loss=0.384419 future_loss=0.286140 offset_loss=0.334168 kld=0.050758 cd=-0.110411 en_pos=8.000836 en_neg=8.111246 pcd=True subgoal_reg=0.018654948299454247 
2026-01-20 17:43:43,034 :   509/    1 dest_loss=0.127911 future_loss=0.134613 offset_loss=0.136468 kld=0.042057 cd=-0.310899 en_pos=7.633539 en_neg=7.944438 pcd=True subgoal_reg=0.011059941493800657 
2026-01-20 17:45:18,414 : Train Loss -122.04852600122057
2026-01-20 17:45:18,414 : Overall Loss 93.7238592617798
2026-01-20 17:45:18,415 : Dest Loss 90.10685269208275
2026-01-20 17:45:18,415 : Val ADE 0.36583642638503705
2026-01-20 17:45:18,415 : Val FDE 0.25591245530116263
2026-01-20 17:45:18,415 : Val Best ADE 0.36583642638503705
2026-01-20 17:45:18,416 : Val Best FDE 0.25591245530116263
2026-01-20 17:45:18,416 : ----->learning rate 0.005
2026-01-20 17:45:34,546 :     5/    2 dest_loss=0.143248 future_loss=0.134684 offset_loss=0.184602 kld=0.039983 cd=-0.317264 en_pos=7.673653 en_neg=7.990918 pcd=True subgoal_reg=0.013573719254541932 
2026-01-20 17:45:50,392 :    11/    2 dest_loss=0.119546 future_loss=0.126872 offset_loss=0.175587 kld=0.045749 cd=-0.357698 en_pos=7.648426 en_neg=8.006124 pcd=True subgoal_reg=0.01161639235251404 
2026-01-20 17:46:06,206 :    17/    2 dest_loss=0.170660 future_loss=0.178747 offset_loss=0.197047 kld=0.042220 cd=0.033130 en_pos=8.005183 en_neg=7.972053 pcd=True subgoal_reg=0.014670686330873095 
2026-01-20 17:46:22,208 :    23/    2 dest_loss=0.271711 future_loss=0.208017 offset_loss=0.269638 kld=0.042812 cd=-0.297749 en_pos=7.670622 en_neg=7.968371 pcd=True subgoal_reg=0.019429611671141184 
2026-01-20 17:46:38,370 :    29/    2 dest_loss=0.074439 future_loss=0.097026 offset_loss=0.152725 kld=0.043501 cd=0.046124 en_pos=8.012942 en_neg=7.966819 pcd=True subgoal_reg=0.026143182526485797 
2026-01-20 17:46:54,607 :    35/    2 dest_loss=0.158131 future_loss=0.160081 offset_loss=0.237642 kld=0.044595 cd=-0.190997 en_pos=7.554634 en_neg=7.745631 pcd=True subgoal_reg=0.016140614049405515 
2026-01-20 17:47:11,810 :    41/    2 dest_loss=0.108524 future_loss=0.121309 offset_loss=0.177849 kld=0.037960 cd=0.186567 en_pos=7.679331 en_neg=7.492764 pcd=True subgoal_reg=0.025482095386472055 
2026-01-20 17:47:28,147 :    47/    2 dest_loss=0.065900 future_loss=0.088857 offset_loss=0.139877 kld=0.038653 cd=-0.093727 en_pos=7.504276 en_neg=7.598003 pcd=True subgoal_reg=0.00934114868480778 
2026-01-20 17:47:44,039 :    53/    2 dest_loss=0.143429 future_loss=0.203284 offset_loss=0.156644 kld=0.048564 cd=-0.218268 en_pos=8.115979 en_neg=8.334247 pcd=True subgoal_reg=0.01228031644211491 
2026-01-20 17:47:59,798 :    59/    2 dest_loss=0.174067 future_loss=0.149468 offset_loss=0.199294 kld=0.040644 cd=0.022275 en_pos=7.825978 en_neg=7.803703 pcd=True subgoal_reg=0.018481580658207757 
2026-01-20 17:48:15,798 :    65/    2 dest_loss=0.146601 future_loss=0.145339 offset_loss=0.218909 kld=0.041778 cd=0.074207 en_pos=7.716321 en_neg=7.642114 pcd=True subgoal_reg=0.014208041609159382 
2026-01-20 17:48:31,704 :    71/    2 dest_loss=0.175942 future_loss=0.190522 offset_loss=0.181437 kld=0.045642 cd=-0.218164 en_pos=7.455568 en_neg=7.673731 pcd=True subgoal_reg=0.015947145245893364 
2026-01-20 17:48:47,659 :    77/    2 dest_loss=0.106967 future_loss=0.118661 offset_loss=0.133400 kld=0.042399 cd=-0.378265 en_pos=7.382147 en_neg=7.760412 pcd=True subgoal_reg=0.0076039972303091775 
2026-01-20 17:49:03,580 :    83/    2 dest_loss=0.284204 future_loss=0.218379 offset_loss=0.268593 kld=0.046202 cd=-0.186914 en_pos=7.805883 en_neg=7.992797 pcd=True subgoal_reg=0.031193106638890515 
2026-01-20 17:49:19,509 :    89/    2 dest_loss=0.194040 future_loss=0.169923 offset_loss=0.219117 kld=0.041245 cd=0.136543 en_pos=7.658058 en_neg=7.521515 pcd=True subgoal_reg=0.007559114487167125 
2026-01-20 17:49:35,429 :    95/    2 dest_loss=0.153301 future_loss=0.171966 offset_loss=0.190077 kld=0.038105 cd=-0.194418 en_pos=7.535442 en_neg=7.729860 pcd=True subgoal_reg=0.026225263505767756 
2026-01-20 17:49:51,388 :   101/    2 dest_loss=0.254988 future_loss=0.347850 offset_loss=0.080664 kld=0.053565 cd=-0.173265 en_pos=7.429712 en_neg=7.602978 pcd=True subgoal_reg=0.01120150267953501 
2026-01-20 17:50:07,436 :   107/    2 dest_loss=0.182288 future_loss=0.143095 offset_loss=0.239531 kld=0.040595 cd=0.158995 en_pos=7.704122 en_neg=7.545127 pcd=True subgoal_reg=0.011780968730442435 
2026-01-20 17:50:23,395 :   113/    2 dest_loss=0.119270 future_loss=0.104705 offset_loss=0.207418 kld=0.039410 cd=-0.042728 en_pos=7.510586 en_neg=7.553314 pcd=True subgoal_reg=0.02326251436073569 
2026-01-20 17:50:39,309 :   119/    2 dest_loss=0.104979 future_loss=0.102090 offset_loss=0.147944 kld=0.037783 cd=-0.125704 en_pos=7.477507 en_neg=7.603211 pcd=True subgoal_reg=0.006546216111272883 
2026-01-20 17:50:59,328 :   125/    2 dest_loss=0.157550 future_loss=0.144222 offset_loss=0.169770 kld=0.039200 cd=-0.097717 en_pos=7.653581 en_neg=7.751298 pcd=True subgoal_reg=0.04260304301445322 
2026-01-20 17:51:19,795 :   131/    2 dest_loss=0.179662 future_loss=0.151195 offset_loss=0.208111 kld=0.042337 cd=-0.076560 en_pos=7.616679 en_neg=7.693239 pcd=True subgoal_reg=0.007428767956110868 
2026-01-20 17:51:35,664 :   137/    2 dest_loss=0.120482 future_loss=0.171300 offset_loss=0.140111 kld=0.035100 cd=-0.318216 en_pos=7.296772 en_neg=7.614988 pcd=True subgoal_reg=0.02159392116504764 
2026-01-20 17:51:51,639 :   143/    2 dest_loss=0.110417 future_loss=0.108778 offset_loss=0.149805 kld=0.040542 cd=-0.015876 en_pos=7.642552 en_neg=7.658428 pcd=True subgoal_reg=0.0098601913700956 
2026-01-20 17:52:07,933 :   149/    2 dest_loss=0.067031 future_loss=0.079199 offset_loss=0.131614 kld=0.036261 cd=-0.167605 en_pos=7.424905 en_neg=7.592510 pcd=True subgoal_reg=0.02672395566890281 
2026-01-20 17:52:24,005 :   155/    2 dest_loss=0.141698 future_loss=0.130240 offset_loss=0.217326 kld=0.039605 cd=-0.098426 en_pos=7.623226 en_neg=7.721652 pcd=True subgoal_reg=0.01252349802658776 
2026-01-20 17:52:39,874 :   161/    2 dest_loss=0.083559 future_loss=0.119995 offset_loss=0.119625 kld=0.038251 cd=0.001481 en_pos=7.708623 en_neg=7.707143 pcd=True subgoal_reg=0.018990805744761217 
2026-01-20 17:52:55,848 :   167/    2 dest_loss=0.270723 future_loss=0.216877 offset_loss=0.234992 kld=0.043060 cd=0.262472 en_pos=7.828486 en_neg=7.566013 pcd=True subgoal_reg=0.022132208731332034 
2026-01-20 17:53:11,730 :   173/    2 dest_loss=0.112292 future_loss=0.107881 offset_loss=0.221403 kld=0.041762 cd=0.068686 en_pos=7.742469 en_neg=7.673782 pcd=True subgoal_reg=0.012971819513293615 
2026-01-20 17:53:27,719 :   179/    2 dest_loss=0.059882 future_loss=0.090125 offset_loss=0.104360 kld=0.034829 cd=0.058897 en_pos=7.767017 en_neg=7.708120 pcd=True subgoal_reg=0.018917505213367686 
2026-01-20 17:53:43,621 :   185/    2 dest_loss=0.058351 future_loss=0.073201 offset_loss=0.135528 kld=0.033653 cd=-0.177336 en_pos=7.348412 en_neg=7.525748 pcd=True subgoal_reg=0.017409391606518422 
2026-01-20 17:53:59,471 :   191/    2 dest_loss=0.072332 future_loss=0.076334 offset_loss=0.154024 kld=0.039780 cd=0.118119 en_pos=7.805311 en_neg=7.687192 pcd=True subgoal_reg=0.012142620824712257 
2026-01-20 17:54:15,819 :   197/    2 dest_loss=0.085475 future_loss=0.099673 offset_loss=0.132656 kld=0.038605 cd=-0.223461 en_pos=7.510714 en_neg=7.734175 pcd=True subgoal_reg=0.01884135622312212 
2026-01-20 17:54:32,308 :   203/    2 dest_loss=0.100490 future_loss=0.108302 offset_loss=0.162305 kld=0.034730 cd=-0.102380 en_pos=7.650942 en_neg=7.753322 pcd=True subgoal_reg=0.01402323564819549 
2026-01-20 17:54:48,270 :   209/    2 dest_loss=0.115763 future_loss=0.120389 offset_loss=0.148241 kld=0.040984 cd=0.034543 en_pos=7.638417 en_neg=7.603874 pcd=True subgoal_reg=0.009258201713109485 
2026-01-20 17:55:04,253 :   215/    2 dest_loss=0.105369 future_loss=0.121570 offset_loss=0.125909 kld=0.038340 cd=0.060125 en_pos=7.634586 en_neg=7.574461 pcd=True subgoal_reg=0.014326618292611872 
2026-01-20 17:55:20,144 :   221/    2 dest_loss=0.075007 future_loss=0.087831 offset_loss=0.137111 kld=0.034275 cd=0.022560 en_pos=7.456797 en_neg=7.434237 pcd=True subgoal_reg=0.01867049084839298 
2026-01-20 17:55:36,021 :   227/    2 dest_loss=0.175822 future_loss=0.230492 offset_loss=0.063447 kld=0.051235 cd=0.025307 en_pos=7.561135 en_neg=7.535828 pcd=True subgoal_reg=0.012662342403284652 
2026-01-20 17:55:52,210 :   233/    2 dest_loss=0.124124 future_loss=0.097552 offset_loss=0.179573 kld=0.032598 cd=-0.216930 en_pos=7.391998 en_neg=7.608928 pcd=True subgoal_reg=0.018444579397451984 
2026-01-20 17:56:08,333 :   239/    2 dest_loss=0.116090 future_loss=0.112010 offset_loss=0.150417 kld=0.033693 cd=-0.031775 en_pos=7.226567 en_neg=7.258342 pcd=True subgoal_reg=0.015936796793029902 
2026-01-20 17:56:24,300 :   245/    2 dest_loss=0.186353 future_loss=0.137483 offset_loss=0.210792 kld=0.039966 cd=-0.172802 en_pos=7.472844 en_neg=7.645645 pcd=True subgoal_reg=0.020228576615733983 
2026-01-20 17:56:40,305 :   251/    2 dest_loss=0.087072 future_loss=0.093869 offset_loss=0.152200 kld=0.034646 cd=-0.023586 en_pos=7.376888 en_neg=7.400474 pcd=True subgoal_reg=0.019996913725505848 
2026-01-20 17:56:56,312 :   257/    2 dest_loss=0.161961 future_loss=0.152508 offset_loss=0.186232 kld=0.042672 cd=0.054566 en_pos=7.633389 en_neg=7.578823 pcd=True subgoal_reg=0.02098071005792056 
2026-01-20 17:57:12,409 :   263/    2 dest_loss=0.130110 future_loss=0.121077 offset_loss=0.166897 kld=0.037644 cd=-0.255199 en_pos=7.534742 en_neg=7.789941 pcd=True subgoal_reg=0.013673358295375873 
2026-01-20 17:57:28,414 :   269/    2 dest_loss=0.069913 future_loss=0.086588 offset_loss=0.122641 kld=0.036792 cd=-0.309051 en_pos=7.265781 en_neg=7.574832 pcd=True subgoal_reg=0.014251261707308083 
2026-01-20 17:57:44,400 :   275/    2 dest_loss=0.054989 future_loss=0.063465 offset_loss=0.146171 kld=0.032979 cd=-0.122187 en_pos=7.252826 en_neg=7.375013 pcd=True subgoal_reg=0.014781902330413581 
2026-01-20 17:58:00,384 :   281/    2 dest_loss=0.058214 future_loss=0.068292 offset_loss=0.125395 kld=0.033476 cd=0.017902 en_pos=7.460356 en_neg=7.442454 pcd=True subgoal_reg=0.013812382571533409 
2026-01-20 17:58:16,368 :   287/    2 dest_loss=0.070279 future_loss=0.073888 offset_loss=0.124545 kld=0.036367 cd=-0.052135 en_pos=7.716227 en_neg=7.768362 pcd=True subgoal_reg=0.026489689279778236 
2026-01-20 17:58:32,225 :   293/    2 dest_loss=0.082699 future_loss=0.080198 offset_loss=0.144847 kld=0.039456 cd=0.018822 en_pos=7.682309 en_neg=7.663487 pcd=True subgoal_reg=0.013273486406662153 
2026-01-20 17:58:48,240 :   299/    2 dest_loss=0.106379 future_loss=0.115906 offset_loss=0.145617 kld=0.045585 cd=0.081894 en_pos=7.680552 en_neg=7.598658 pcd=True subgoal_reg=0.02140357929953876 
2026-01-20 17:59:04,266 :   305/    2 dest_loss=0.117877 future_loss=0.114015 offset_loss=0.142474 kld=0.038684 cd=-0.164025 en_pos=7.378914 en_neg=7.542939 pcd=True subgoal_reg=0.012733219952235527 
2026-01-20 17:59:20,233 :   311/    2 dest_loss=0.132660 future_loss=0.109516 offset_loss=0.166100 kld=0.040612 cd=0.055116 en_pos=7.641293 en_neg=7.586176 pcd=True subgoal_reg=0.02584678906190641 
2026-01-20 17:59:36,247 :   317/    2 dest_loss=0.103332 future_loss=0.095739 offset_loss=0.134840 kld=0.038312 cd=-0.157075 en_pos=7.456358 en_neg=7.613433 pcd=True subgoal_reg=0.016250559230317676 
2026-01-20 17:59:52,357 :   323/    2 dest_loss=0.092996 future_loss=0.096998 offset_loss=0.116708 kld=0.037719 cd=-0.027973 en_pos=7.593394 en_neg=7.621367 pcd=True subgoal_reg=0.02093032826774281 
2026-01-20 18:00:08,274 :   329/    2 dest_loss=0.064703 future_loss=0.075461 offset_loss=0.128355 kld=0.036367 cd=0.085864 en_pos=7.419438 en_neg=7.333575 pcd=True subgoal_reg=0.023858465755227886 
2026-01-20 18:00:24,366 :   335/    2 dest_loss=0.071265 future_loss=0.081051 offset_loss=0.126320 kld=0.037856 cd=-0.119539 en_pos=7.623084 en_neg=7.742622 pcd=True subgoal_reg=0.010219930070667304 
2026-01-20 18:00:40,334 :   341/    2 dest_loss=0.127301 future_loss=0.113186 offset_loss=0.146438 kld=0.033727 cd=-0.044668 en_pos=7.371442 en_neg=7.416109 pcd=True subgoal_reg=0.023090603777180023 
2026-01-20 18:00:56,349 :   347/    2 dest_loss=0.192258 future_loss=0.155842 offset_loss=0.184513 kld=0.041151 cd=-0.245384 en_pos=7.469394 en_neg=7.714778 pcd=True subgoal_reg=0.009993038009977983 
2026-01-20 18:01:12,422 :   353/    2 dest_loss=0.079745 future_loss=0.091091 offset_loss=0.139217 kld=0.041549 cd=-0.099076 en_pos=7.594707 en_neg=7.693784 pcd=True subgoal_reg=0.02076791488531158 
2026-01-20 18:01:28,381 :   359/    2 dest_loss=0.073441 future_loss=0.086468 offset_loss=0.111577 kld=0.043178 cd=-0.085259 en_pos=7.331461 en_neg=7.416720 pcd=True subgoal_reg=0.008695999023168975 
2026-01-20 18:01:44,333 :   365/    2 dest_loss=0.066642 future_loss=0.088037 offset_loss=0.109944 kld=0.042073 cd=0.204980 en_pos=7.791779 en_neg=7.586799 pcd=True subgoal_reg=0.016913483377216078 
2026-01-20 18:02:00,137 :   371/    2 dest_loss=0.119103 future_loss=0.103440 offset_loss=0.163852 kld=0.038734 cd=-0.041398 en_pos=7.619964 en_neg=7.661362 pcd=True subgoal_reg=0.00869046967102323 
2026-01-20 18:02:16,113 :   377/    2 dest_loss=0.053581 future_loss=0.071977 offset_loss=0.112946 kld=0.033201 cd=-0.094584 en_pos=7.109606 en_neg=7.204191 pcd=True subgoal_reg=0.014124259750409169 
2026-01-20 18:02:32,120 :   383/    2 dest_loss=0.215286 future_loss=0.171080 offset_loss=0.205939 kld=0.041491 cd=-0.230834 en_pos=7.413156 en_neg=7.643991 pcd=True subgoal_reg=0.008049765606027257 
2026-01-20 18:02:48,067 :   389/    2 dest_loss=0.092490 future_loss=0.088908 offset_loss=0.138589 kld=0.037466 cd=-0.117786 en_pos=7.647485 en_neg=7.765272 pcd=True subgoal_reg=0.02053932549128882 
2026-01-20 18:03:04,065 :   395/    2 dest_loss=0.094706 future_loss=0.094974 offset_loss=0.119382 kld=0.032730 cd=-0.003356 en_pos=7.361948 en_neg=7.365304 pcd=True subgoal_reg=0.010983387542797634 
2026-01-20 18:03:20,026 :   401/    2 dest_loss=0.138767 future_loss=0.086378 offset_loss=0.240905 kld=0.037639 cd=-0.146050 en_pos=7.241090 en_neg=7.387140 pcd=True subgoal_reg=0.01296002035105476 
2026-01-20 18:03:35,896 :   407/    2 dest_loss=0.168946 future_loss=0.157064 offset_loss=0.166197 kld=0.039139 cd=-0.142516 en_pos=7.181574 en_neg=7.324090 pcd=True subgoal_reg=0.020238999327238327 
2026-01-20 18:03:51,833 :   413/    2 dest_loss=0.051800 future_loss=0.061620 offset_loss=0.126333 kld=0.038052 cd=-0.117262 en_pos=7.632160 en_neg=7.749422 pcd=True subgoal_reg=0.012046525386837672 
2026-01-20 18:04:07,808 :   419/    2 dest_loss=0.177993 future_loss=0.154094 offset_loss=0.187240 kld=0.044533 cd=-0.234545 en_pos=7.388036 en_neg=7.622581 pcd=True subgoal_reg=0.012324003886683867 
2026-01-20 18:04:23,742 :   425/    2 dest_loss=0.155179 future_loss=0.119533 offset_loss=0.166456 kld=0.037045 cd=0.049395 en_pos=7.598635 en_neg=7.549240 pcd=True subgoal_reg=0.010921204284492114 
2026-01-20 18:04:39,703 :   431/    2 dest_loss=0.084840 future_loss=0.089004 offset_loss=0.117570 kld=0.037947 cd=-0.010562 en_pos=7.418386 en_neg=7.428948 pcd=True subgoal_reg=0.014978426771653616 
2026-01-20 18:04:56,029 :   437/    2 dest_loss=0.173050 future_loss=0.173379 offset_loss=0.156078 kld=0.037894 cd=0.088515 en_pos=7.301279 en_neg=7.212764 pcd=True subgoal_reg=0.01405826660434562 
2026-01-20 18:05:12,385 :   443/    2 dest_loss=0.067236 future_loss=0.076930 offset_loss=0.123807 kld=0.038955 cd=-0.120990 en_pos=7.571128 en_neg=7.692117 pcd=True subgoal_reg=0.015768781108177556 
2026-01-20 18:05:28,432 :   449/    2 dest_loss=0.192843 future_loss=0.152924 offset_loss=0.199926 kld=0.040013 cd=-0.018887 en_pos=7.590503 en_neg=7.609390 pcd=True subgoal_reg=0.008526150028996007 
2026-01-20 18:05:44,429 :   455/    2 dest_loss=0.061471 future_loss=0.072753 offset_loss=0.108217 kld=0.036298 cd=0.187390 en_pos=7.574141 en_neg=7.386751 pcd=True subgoal_reg=0.0143364573629984 
2026-01-20 18:06:00,461 :   461/    2 dest_loss=0.170397 future_loss=0.168800 offset_loss=0.092616 kld=0.040318 cd=-0.137980 en_pos=7.228397 en_neg=7.366377 pcd=True subgoal_reg=0.014404978980217099 
2026-01-20 18:06:16,497 :   467/    2 dest_loss=0.090829 future_loss=0.079387 offset_loss=0.146137 kld=0.033489 cd=-0.113666 en_pos=7.373906 en_neg=7.487572 pcd=True subgoal_reg=0.008691999104582418 
2026-01-20 18:06:32,418 :   473/    2 dest_loss=0.060220 future_loss=0.082777 offset_loss=0.095211 kld=0.039444 cd=0.018063 en_pos=7.660773 en_neg=7.642709 pcd=True subgoal_reg=0.024530041739315285 
2026-01-20 18:06:48,302 :   479/    2 dest_loss=0.063147 future_loss=0.065952 offset_loss=0.118885 kld=0.038250 cd=-0.077389 en_pos=7.596651 en_neg=7.674040 pcd=True subgoal_reg=0.011394388474005267 
2026-01-20 18:07:04,258 :   485/    2 dest_loss=0.050869 future_loss=0.081377 offset_loss=0.080983 kld=0.038806 cd=0.024749 en_pos=7.633474 en_neg=7.608725 pcd=True subgoal_reg=0.0304168516876068 
2026-01-20 18:07:20,253 :   491/    2 dest_loss=0.079281 future_loss=0.073421 offset_loss=0.148519 kld=0.035763 cd=-0.268187 en_pos=7.565027 en_neg=7.833214 pcd=True subgoal_reg=0.015504139584198488 
2026-01-20 18:07:36,129 :   497/    2 dest_loss=0.111113 future_loss=0.115323 offset_loss=0.170264 kld=0.035270 cd=0.015013 en_pos=7.461195 en_neg=7.446181 pcd=True subgoal_reg=0.013849842495235274 
2026-01-20 18:07:52,086 :   503/    2 dest_loss=0.147853 future_loss=0.149501 offset_loss=0.133861 kld=0.037708 cd=-0.058230 en_pos=7.368629 en_neg=7.426859 pcd=True subgoal_reg=0.009943003143111745 
2026-01-20 18:08:08,030 :   509/    2 dest_loss=0.113189 future_loss=0.125714 offset_loss=0.110449 kld=0.035489 cd=0.000934 en_pos=7.348077 en_neg=7.347143 pcd=True subgoal_reg=0.02643715216563008 
2026-01-20 18:09:44,335 : Train Loss 249.2012525693896
2026-01-20 18:09:44,335 : Overall Loss 62.11190383377813
2026-01-20 18:09:44,335 : Dest Loss 63.63314061116482
2026-01-20 18:09:44,336 : Val ADE 0.32944604415114226
2026-01-20 18:09:44,336 : Val FDE 0.23360175574643935
2026-01-20 18:09:44,336 : Val Best ADE 0.32944604415114226
2026-01-20 18:09:44,336 : Val Best FDE 0.23360175574643935
2026-01-20 18:09:44,336 : ----->learning rate 0.005
2026-01-20 18:10:00,366 :     5/    3 dest_loss=0.139384 future_loss=0.114831 offset_loss=0.173126 kld=0.037772 cd=-0.071348 en_pos=7.413065 en_neg=7.484412 pcd=True subgoal_reg=0.01354044344186774 
2026-01-20 18:10:16,152 :    11/    3 dest_loss=0.064807 future_loss=0.063197 offset_loss=0.118207 kld=0.035824 cd=0.155794 en_pos=7.551035 en_neg=7.395241 pcd=True subgoal_reg=0.008800078148178687 
2026-01-20 18:10:31,999 :    17/    3 dest_loss=0.088554 future_loss=0.101705 offset_loss=0.080228 kld=0.037298 cd=0.190743 en_pos=7.467871 en_neg=7.277128 pcd=True subgoal_reg=0.009726971686435585 
2026-01-20 18:10:47,812 :    23/    3 dest_loss=0.149574 future_loss=0.114986 offset_loss=0.175741 kld=0.042287 cd=0.106962 en_pos=7.551515 en_neg=7.444552 pcd=True subgoal_reg=0.01938839437099675 
2026-01-20 18:11:03,655 :    29/    3 dest_loss=0.097224 future_loss=0.090149 offset_loss=0.142180 kld=0.032039 cd=-0.230045 en_pos=7.079258 en_neg=7.309303 pcd=True subgoal_reg=0.008849223986055199 
2026-01-20 18:11:19,478 :    35/    3 dest_loss=0.090321 future_loss=0.076916 offset_loss=0.139177 kld=0.033925 cd=0.326912 en_pos=7.399851 en_neg=7.072939 pcd=True subgoal_reg=0.021394688474331257 
2026-01-20 18:11:35,321 :    41/    3 dest_loss=0.064722 future_loss=0.069032 offset_loss=0.107686 kld=0.035350 cd=-0.095452 en_pos=7.182328 en_neg=7.277781 pcd=True subgoal_reg=0.006467442406135747 
2026-01-20 18:11:51,134 :    47/    3 dest_loss=0.053692 future_loss=0.072365 offset_loss=0.098245 kld=0.037495 cd=0.103964 en_pos=7.339577 en_neg=7.235613 pcd=True subgoal_reg=0.016584331684509637 
2026-01-20 18:12:06,917 :    53/    3 dest_loss=0.070128 future_loss=0.070888 offset_loss=0.121126 kld=0.034423 cd=-0.124697 en_pos=7.354404 en_neg=7.479101 pcd=True subgoal_reg=0.012286783919159352 
2026-01-20 18:12:22,765 :    59/    3 dest_loss=0.049796 future_loss=0.058174 offset_loss=0.106460 kld=0.034626 cd=0.082766 en_pos=7.395730 en_neg=7.312964 pcd=True subgoal_reg=0.007944393255501045 
2026-01-20 18:12:38,656 :    65/    3 dest_loss=0.063780 future_loss=0.070519 offset_loss=0.104991 kld=0.031463 cd=-0.072429 en_pos=7.161588 en_neg=7.234017 pcd=True subgoal_reg=0.014308277161657019 
2026-01-20 18:12:54,361 :    71/    3 dest_loss=0.059620 future_loss=0.068497 offset_loss=0.105324 kld=0.036571 cd=-0.223617 en_pos=7.039441 en_neg=7.263058 pcd=True subgoal_reg=0.00850872036229507 
2026-01-20 18:13:10,245 :    77/    3 dest_loss=0.076554 future_loss=0.086071 offset_loss=0.091119 kld=0.035166 cd=-0.178746 en_pos=7.145334 en_neg=7.324080 pcd=True subgoal_reg=0.006754641980112939 
2026-01-20 18:13:26,034 :    83/    3 dest_loss=0.100826 future_loss=0.137976 offset_loss=0.103489 kld=0.036230 cd=-0.153786 en_pos=7.203912 en_neg=7.357697 pcd=True subgoal_reg=0.02046012691565756 
2026-01-20 18:13:41,909 :    89/    3 dest_loss=0.046101 future_loss=0.056180 offset_loss=0.099104 kld=0.033655 cd=-0.174412 en_pos=7.203134 en_neg=7.377545 pcd=True subgoal_reg=0.013322303461754097 
2026-01-20 18:13:57,751 :    95/    3 dest_loss=0.046209 future_loss=0.053322 offset_loss=0.106252 kld=0.031492 cd=0.253692 en_pos=7.590231 en_neg=7.336539 pcd=True subgoal_reg=0.012681611954618465 
2026-01-20 18:14:13,594 :   101/    3 dest_loss=0.043101 future_loss=0.050442 offset_loss=0.108713 kld=0.035401 cd=-0.218045 en_pos=7.466318 en_neg=7.684363 pcd=True subgoal_reg=0.01498662987300518 
2026-01-20 18:14:29,374 :   107/    3 dest_loss=0.059149 future_loss=0.068161 offset_loss=0.092180 kld=0.034847 cd=-0.242503 en_pos=7.163331 en_neg=7.405834 pcd=True subgoal_reg=0.010210366411901504 
2026-01-20 18:14:45,246 :   113/    3 dest_loss=0.062941 future_loss=0.080203 offset_loss=0.090503 kld=0.034333 cd=-0.008563 en_pos=7.477003 en_neg=7.485566 pcd=True subgoal_reg=0.01492608140194001 
2026-01-20 18:15:01,684 :   119/    3 dest_loss=0.122509 future_loss=0.091017 offset_loss=0.146752 kld=0.036613 cd=0.070577 en_pos=7.255382 en_neg=7.184805 pcd=True subgoal_reg=0.015347373349989741 
2026-01-20 18:15:17,747 :   125/    3 dest_loss=0.080285 future_loss=0.075044 offset_loss=0.112452 kld=0.032184 cd=-0.076612 en_pos=6.904787 en_neg=6.981398 pcd=True subgoal_reg=0.014739273339347485 
2026-01-20 18:15:33,692 :   131/    3 dest_loss=0.089763 future_loss=0.082328 offset_loss=0.128152 kld=0.037689 cd=-0.329981 en_pos=7.085061 en_neg=7.415042 pcd=True subgoal_reg=0.010189236763775828 
2026-01-20 18:15:49,565 :   137/    3 dest_loss=0.076089 future_loss=0.081247 offset_loss=0.104736 kld=0.041577 cd=-0.414543 en_pos=7.185426 en_neg=7.599968 pcd=True subgoal_reg=0.012930081821951458 
2026-01-20 18:16:05,424 :   143/    3 dest_loss=0.081113 future_loss=0.085756 offset_loss=0.086089 kld=0.031976 cd=-0.071474 en_pos=7.081449 en_neg=7.152923 pcd=True subgoal_reg=0.005714418488588861 
2026-01-20 18:16:21,119 :   149/    3 dest_loss=0.099832 future_loss=0.083790 offset_loss=0.179620 kld=0.035096 cd=-0.066088 en_pos=7.300123 en_neg=7.366210 pcd=True subgoal_reg=0.02378664323793859 
2026-01-20 18:16:36,950 :   155/    3 dest_loss=0.063538 future_loss=0.072031 offset_loss=0.081484 kld=0.036952 cd=0.170346 en_pos=7.413503 en_neg=7.243157 pcd=True subgoal_reg=0.008529555119406193 
2026-01-20 18:16:52,867 :   161/    3 dest_loss=0.105965 future_loss=0.155667 offset_loss=0.105057 kld=0.037173 cd=-0.387386 en_pos=6.934080 en_neg=7.321466 pcd=True subgoal_reg=0.02940720521091705 
2026-01-20 18:17:08,708 :   167/    3 dest_loss=0.075346 future_loss=0.081565 offset_loss=0.093434 kld=0.043729 cd=-0.156725 en_pos=7.257837 en_neg=7.414562 pcd=True subgoal_reg=0.01227848038607399 
2026-01-20 18:17:24,592 :   173/    3 dest_loss=0.080301 future_loss=0.083244 offset_loss=0.107852 kld=0.032850 cd=0.115424 en_pos=7.256763 en_neg=7.141339 pcd=True subgoal_reg=0.02450549923487675 
2026-01-20 18:17:40,426 :   179/    3 dest_loss=0.101342 future_loss=0.082781 offset_loss=0.138706 kld=0.040634 cd=0.113235 en_pos=7.541668 en_neg=7.428433 pcd=True subgoal_reg=0.010314658339214782 
2026-01-20 18:17:56,341 :   185/    3 dest_loss=0.065245 future_loss=0.063953 offset_loss=0.108026 kld=0.034763 cd=-0.144949 en_pos=6.944969 en_neg=7.089918 pcd=True subgoal_reg=0.00954961556381597 
2026-01-20 18:18:12,226 :   191/    3 dest_loss=0.063084 future_loss=0.065961 offset_loss=0.102884 kld=0.038461 cd=0.388780 en_pos=7.431370 en_neg=7.042589 pcd=True subgoal_reg=0.010953217660092596 
2026-01-20 18:18:28,244 :   197/    3 dest_loss=0.119570 future_loss=0.104530 offset_loss=0.100859 kld=0.035333 cd=-0.119439 en_pos=7.300629 en_neg=7.420068 pcd=True subgoal_reg=0.01011383941790494 
2026-01-20 18:18:44,111 :   203/    3 dest_loss=0.072836 future_loss=0.060752 offset_loss=0.099007 kld=0.037580 cd=0.028837 en_pos=7.304981 en_neg=7.276143 pcd=True subgoal_reg=0.036178677072200495 
2026-01-20 18:19:00,016 :   209/    3 dest_loss=0.090137 future_loss=0.069368 offset_loss=0.076581 kld=0.034824 cd=-0.020497 en_pos=7.247029 en_neg=7.267526 pcd=True subgoal_reg=0.026093751443620687 
2026-01-20 18:19:15,893 :   215/    3 dest_loss=0.050256 future_loss=0.064415 offset_loss=0.080948 kld=0.043522 cd=-0.343911 en_pos=7.156458 en_neg=7.500369 pcd=True subgoal_reg=0.04508368695153586 
2026-01-20 18:19:31,707 :   221/    3 dest_loss=0.161233 future_loss=0.111030 offset_loss=0.132919 kld=0.036024 cd=-0.251537 en_pos=6.899724 en_neg=7.151261 pcd=True subgoal_reg=0.020423849903274293 
2026-01-20 18:19:47,385 :   227/    3 dest_loss=0.075873 future_loss=0.069914 offset_loss=0.100659 kld=0.039852 cd=0.049211 en_pos=7.371070 en_neg=7.321858 pcd=True subgoal_reg=0.02836269767224338 
2026-01-20 18:20:03,371 :   233/    3 dest_loss=0.079105 future_loss=0.066964 offset_loss=0.117224 kld=0.033626 cd=0.145945 en_pos=7.039372 en_neg=6.893427 pcd=True subgoal_reg=0.015163353078957102 
2026-01-20 18:20:19,210 :   239/    3 dest_loss=0.076428 future_loss=0.082186 offset_loss=0.083914 kld=0.036598 cd=-0.108628 en_pos=7.370748 en_neg=7.479375 pcd=True subgoal_reg=0.020777345718569713 
2026-01-20 18:20:35,122 :   245/    3 dest_loss=0.075982 future_loss=0.078438 offset_loss=0.094402 kld=0.034267 cd=-0.095629 en_pos=7.489458 en_neg=7.585087 pcd=True subgoal_reg=0.013000885486009183 
2026-01-20 18:20:50,989 :   251/    3 dest_loss=0.047242 future_loss=0.050803 offset_loss=0.104694 kld=0.035435 cd=0.017502 en_pos=7.396375 en_neg=7.378873 pcd=True subgoal_reg=0.010531241303519814 
2026-01-20 18:21:06,892 :   257/    3 dest_loss=0.110712 future_loss=0.091292 offset_loss=0.113508 kld=0.035550 cd=-0.133849 en_pos=7.122549 en_neg=7.256398 pcd=True subgoal_reg=0.022869250887770302 
2026-01-20 18:21:22,812 :   263/    3 dest_loss=0.104921 future_loss=0.092216 offset_loss=0.099251 kld=0.034250 cd=0.074389 en_pos=7.465596 en_neg=7.391207 pcd=True subgoal_reg=0.01800527957309701 
2026-01-20 18:21:38,677 :   269/    3 dest_loss=0.062708 future_loss=0.068526 offset_loss=0.098330 kld=0.037807 cd=0.164858 en_pos=7.319251 en_neg=7.154393 pcd=True subgoal_reg=0.018250689784360338 
2026-01-20 18:21:54,632 :   275/    3 dest_loss=0.083763 future_loss=0.071038 offset_loss=0.098397 kld=0.034941 cd=0.065202 en_pos=7.167157 en_neg=7.101955 pcd=True subgoal_reg=0.007069943476747128 
2026-01-20 18:22:10,452 :   281/    3 dest_loss=0.051203 future_loss=0.056122 offset_loss=0.090721 kld=0.040148 cd=-0.069031 en_pos=7.424121 en_neg=7.493152 pcd=True subgoal_reg=0.026416899180614076 
2026-01-20 18:22:26,399 :   287/    3 dest_loss=0.051391 future_loss=0.054118 offset_loss=0.086169 kld=0.038770 cd=0.273825 en_pos=7.413977 en_neg=7.140153 pcd=True subgoal_reg=0.012787207779609594 
2026-01-20 18:22:42,280 :   293/    3 dest_loss=0.052821 future_loss=0.067208 offset_loss=0.078627 kld=0.032383 cd=0.218413 en_pos=7.065043 en_neg=6.846630 pcd=True subgoal_reg=0.017761465043081633 
2026-01-20 18:22:58,135 :   299/    3 dest_loss=0.082178 future_loss=0.061979 offset_loss=0.121955 kld=0.032520 cd=-0.013192 en_pos=7.072207 en_neg=7.085399 pcd=True subgoal_reg=0.014729792296085354 
2026-01-20 18:23:13,794 :   305/    3 dest_loss=0.047401 future_loss=0.053888 offset_loss=0.086298 kld=0.033314 cd=-0.046886 en_pos=7.195271 en_neg=7.242157 pcd=True subgoal_reg=0.014216604385807427 
2026-01-20 18:23:29,628 :   311/    3 dest_loss=0.089937 future_loss=0.079898 offset_loss=0.113037 kld=0.037085 cd=0.090241 en_pos=7.356173 en_neg=7.265931 pcd=True subgoal_reg=0.007769982674792564 
2026-01-20 18:23:45,515 :   317/    3 dest_loss=0.086084 future_loss=0.103530 offset_loss=0.092254 kld=0.037271 cd=-0.016262 en_pos=7.316990 en_neg=7.333253 pcd=True subgoal_reg=0.025604338696605583 
2026-01-20 18:24:01,329 :   323/    3 dest_loss=0.062148 future_loss=0.079522 offset_loss=0.072374 kld=0.036879 cd=0.069666 en_pos=7.206705 en_neg=7.137039 pcd=True subgoal_reg=0.013634661482474116 
2026-01-20 18:24:17,168 :   329/    3 dest_loss=0.142083 future_loss=0.156050 offset_loss=0.198414 kld=0.036574 cd=-0.120495 en_pos=7.044598 en_neg=7.165094 pcd=True subgoal_reg=0.02125175664160443 
2026-01-20 18:24:33,057 :   335/    3 dest_loss=0.063304 future_loss=0.076169 offset_loss=0.104774 kld=0.035457 cd=-0.379295 en_pos=6.992749 en_neg=7.372044 pcd=True subgoal_reg=0.014231551061238398 
2026-01-20 18:24:48,892 :   341/    3 dest_loss=0.069950 future_loss=0.047927 offset_loss=0.098106 kld=0.038376 cd=-0.065264 en_pos=7.326572 en_neg=7.391836 pcd=True subgoal_reg=0.03912722127521581 
2026-01-20 18:25:05,500 :   347/    3 dest_loss=0.083537 future_loss=0.076457 offset_loss=0.133940 kld=0.035129 cd=-0.066677 en_pos=7.060337 en_neg=7.127014 pcd=True subgoal_reg=0.02804018919197869 
2026-01-20 18:25:21,483 :   353/    3 dest_loss=0.053056 future_loss=0.067320 offset_loss=0.067674 kld=0.031352 cd=-0.002522 en_pos=7.066540 en_neg=7.069062 pcd=True subgoal_reg=0.024611599311204813 
2026-01-20 18:25:37,318 :   359/    3 dest_loss=0.058233 future_loss=0.053783 offset_loss=0.096535 kld=0.033796 cd=-0.106414 en_pos=7.128517 en_neg=7.234931 pcd=True subgoal_reg=0.01784408287717248 
2026-01-20 18:25:53,158 :   365/    3 dest_loss=0.123463 future_loss=0.106603 offset_loss=0.156677 kld=0.036359 cd=-0.074273 en_pos=7.090347 en_neg=7.164619 pcd=True subgoal_reg=0.014898963015863284 
2026-01-20 18:26:08,974 :   371/    3 dest_loss=0.054688 future_loss=0.066850 offset_loss=0.079423 kld=0.030115 cd=0.293169 en_pos=7.415683 en_neg=7.122514 pcd=True subgoal_reg=0.013194145599891667 
2026-01-20 18:26:24,823 :   377/    3 dest_loss=0.079941 future_loss=0.072532 offset_loss=0.096495 kld=0.039247 cd=-0.132900 en_pos=7.207468 en_neg=7.340369 pcd=True subgoal_reg=0.0112221912715182 
2026-01-20 18:26:40,525 :   383/    3 dest_loss=0.086113 future_loss=0.065451 offset_loss=0.146113 kld=0.033443 cd=0.269347 en_pos=7.347479 en_neg=7.078132 pcd=True subgoal_reg=0.020094374415625848 
2026-01-20 18:26:56,511 :   389/    3 dest_loss=0.084714 future_loss=0.075310 offset_loss=0.117107 kld=0.037939 cd=0.227347 en_pos=7.365955 en_neg=7.138608 pcd=True subgoal_reg=0.013229128461247385 
2026-01-20 18:27:12,353 :   395/    3 dest_loss=0.110119 future_loss=0.085802 offset_loss=0.176364 kld=0.033933 cd=-0.058227 en_pos=7.198310 en_neg=7.256537 pcd=True subgoal_reg=0.027324619366765848 
2026-01-20 18:27:28,242 :   401/    3 dest_loss=0.078480 future_loss=0.073056 offset_loss=0.084063 kld=0.032814 cd=0.127078 en_pos=7.248022 en_neg=7.120944 pcd=True subgoal_reg=0.008464976497111355 
2026-01-20 18:27:44,005 :   407/    3 dest_loss=0.069158 future_loss=0.069606 offset_loss=0.084328 kld=0.033242 cd=-0.091219 en_pos=7.098369 en_neg=7.189589 pcd=True subgoal_reg=0.0350506896541861 
2026-01-20 18:27:59,902 :   413/    3 dest_loss=0.069911 future_loss=0.059506 offset_loss=0.078700 kld=0.031633 cd=0.157061 en_pos=7.120600 en_neg=6.963539 pcd=True subgoal_reg=0.008794688832756296 
2026-01-20 18:28:15,785 :   419/    3 dest_loss=0.044020 future_loss=0.058386 offset_loss=0.062646 kld=0.032326 cd=-0.090171 en_pos=7.018813 en_neg=7.108984 pcd=True subgoal_reg=0.03227754712013559 
2026-01-20 18:28:31,617 :   425/    3 dest_loss=0.069276 future_loss=0.051734 offset_loss=0.082861 kld=0.030361 cd=0.048381 en_pos=7.141829 en_neg=7.093448 pcd=True subgoal_reg=0.01306754688072147 
2026-01-20 18:28:47,534 :   431/    3 dest_loss=0.108975 future_loss=0.084660 offset_loss=0.110842 kld=0.035475 cd=0.133848 en_pos=7.287140 en_neg=7.153292 pcd=True subgoal_reg=0.028871056308259146 
2026-01-20 18:29:03,408 :   437/    3 dest_loss=0.167811 future_loss=0.154395 offset_loss=0.047490 kld=0.035697 cd=-0.065048 en_pos=6.937259 en_neg=7.002307 pcd=True subgoal_reg=0.0060172008083864146 
2026-01-20 18:29:19,201 :   443/    3 dest_loss=0.038016 future_loss=0.043792 offset_loss=0.081993 kld=0.029731 cd=-0.201563 en_pos=7.232637 en_neg=7.434201 pcd=True subgoal_reg=0.01269505759065985 
2026-01-20 18:29:35,008 :   449/    3 dest_loss=0.040760 future_loss=0.043698 offset_loss=0.086751 kld=0.031081 cd=0.096052 en_pos=7.240641 en_neg=7.144589 pcd=True subgoal_reg=0.008637742151717254 
2026-01-20 18:29:50,843 :   455/    3 dest_loss=0.067408 future_loss=0.056619 offset_loss=0.101596 kld=0.037288 cd=0.025374 en_pos=7.275509 en_neg=7.250135 pcd=True subgoal_reg=0.012570546224118701 
2026-01-20 18:30:06,485 :   461/    3 dest_loss=0.044596 future_loss=0.043739 offset_loss=0.092743 kld=0.037472 cd=0.218172 en_pos=6.934866 en_neg=6.716694 pcd=True subgoal_reg=0.02128020822313281 
2026-01-20 18:30:22,376 :   467/    3 dest_loss=0.060842 future_loss=0.054571 offset_loss=0.085712 kld=0.034612 cd=-0.160700 en_pos=7.167728 en_neg=7.328428 pcd=True subgoal_reg=0.00848539516136076 
2026-01-20 18:30:38,299 :   473/    3 dest_loss=0.061094 future_loss=0.055820 offset_loss=0.095269 kld=0.032789 cd=-0.043037 en_pos=7.049198 en_neg=7.092235 pcd=True subgoal_reg=0.013981521149640613 
2026-01-20 18:30:54,142 :   479/    3 dest_loss=0.059145 future_loss=0.061487 offset_loss=0.072145 kld=0.031469 cd=-0.100573 en_pos=7.070516 en_neg=7.171089 pcd=True subgoal_reg=0.00710556910814383 
2026-01-20 18:31:10,022 :   485/    3 dest_loss=0.050861 future_loss=0.055975 offset_loss=0.078419 kld=0.034661 cd=-0.133353 en_pos=7.327525 en_neg=7.460878 pcd=True subgoal_reg=0.014673570954706732 
2026-01-20 18:31:25,903 :   491/    3 dest_loss=0.042753 future_loss=0.051244 offset_loss=0.074579 kld=0.035130 cd=0.105927 en_pos=7.045553 en_neg=6.939626 pcd=True subgoal_reg=0.006874383632309332 
2026-01-20 18:31:41,738 :   497/    3 dest_loss=0.090847 future_loss=0.054458 offset_loss=0.162060 kld=0.030481 cd=0.074039 en_pos=7.125277 en_neg=7.051238 pcd=True subgoal_reg=0.014279644423713933 
2026-01-20 18:31:57,625 :   503/    3 dest_loss=0.047702 future_loss=0.054935 offset_loss=0.074965 kld=0.031515 cd=0.088900 en_pos=7.118534 en_neg=7.029634 pcd=True subgoal_reg=0.008279426564865819 
2026-01-20 18:32:14,112 :   509/    3 dest_loss=0.136691 future_loss=0.101333 offset_loss=0.104519 kld=0.033290 cd=0.020021 en_pos=7.015957 en_neg=6.995936 pcd=True subgoal_reg=0.011989865492774752 
2026-01-20 18:33:51,089 : Train Loss 191.86151488062376
2026-01-20 18:33:51,089 : Overall Loss 41.23617240124374
2026-01-20 18:33:51,089 : Dest Loss 43.44765134879301
2026-01-20 18:33:51,089 : Val ADE 0.24995736304653643
2026-01-20 18:33:51,089 : Val FDE 0.22235852680572737
2026-01-20 18:33:51,089 : Val Best ADE 0.24995736304653643
2026-01-20 18:33:51,089 : Val Best FDE 0.22235852680572737
2026-01-20 18:33:51,089 : ----->learning rate 0.005
2026-01-20 18:34:07,068 :     5/    4 dest_loss=0.074715 future_loss=0.077176 offset_loss=0.080918 kld=0.031838 cd=0.250287 en_pos=7.191702 en_neg=6.941415 pcd=True subgoal_reg=0.00936004669193713 
2026-01-20 18:34:22,935 :    11/    4 dest_loss=0.065588 future_loss=0.061713 offset_loss=0.071703 kld=0.033012 cd=0.200196 en_pos=7.086897 en_neg=6.886701 pcd=True subgoal_reg=0.013158130325736504 
2026-01-20 18:34:38,734 :    17/    4 dest_loss=0.037704 future_loss=0.034080 offset_loss=0.083181 kld=0.029549 cd=0.042237 en_pos=7.104272 en_neg=7.062035 pcd=True subgoal_reg=0.02348726008454402 
2026-01-20 18:34:54,906 :    23/    4 dest_loss=0.090375 future_loss=0.071124 offset_loss=0.100525 kld=0.035633 cd=-0.318446 en_pos=7.207669 en_neg=7.526115 pcd=True subgoal_reg=0.01002092843214185 
2026-01-20 18:35:11,217 :    29/    4 dest_loss=0.046967 future_loss=0.044574 offset_loss=0.086592 kld=0.029684 cd=-0.093304 en_pos=7.102683 en_neg=7.195987 pcd=True subgoal_reg=0.017540784928963035 
2026-01-20 18:35:27,087 :    35/    4 dest_loss=0.053771 future_loss=0.049268 offset_loss=0.094064 kld=0.028361 cd=-0.161776 en_pos=7.096572 en_neg=7.258348 pcd=True subgoal_reg=0.01030270234180243 
2026-01-20 18:35:42,909 :    41/    4 dest_loss=0.048159 future_loss=0.048206 offset_loss=0.080401 kld=0.032046 cd=-0.044593 en_pos=7.261133 en_neg=7.305726 pcd=True subgoal_reg=0.005906262748458045 
2026-01-20 18:35:58,792 :    47/    4 dest_loss=0.043931 future_loss=0.052321 offset_loss=0.072348 kld=0.029983 cd=0.065226 en_pos=7.179888 en_neg=7.114662 pcd=True subgoal_reg=0.010532103408837024 
2026-01-20 18:36:14,611 :    53/    4 dest_loss=0.044849 future_loss=0.052492 offset_loss=0.072677 kld=0.030260 cd=-0.079951 en_pos=7.093582 en_neg=7.173534 pcd=True subgoal_reg=0.007108136375006741 
2026-01-20 18:36:30,470 :    59/    4 dest_loss=0.047782 future_loss=0.056740 offset_loss=0.064562 kld=0.032064 cd=-0.213695 en_pos=6.857932 en_neg=7.071627 pcd=True subgoal_reg=0.006779851254415396 
2026-01-20 18:36:46,306 :    65/    4 dest_loss=0.053390 future_loss=0.058919 offset_loss=0.072640 kld=0.032554 cd=-0.003045 en_pos=7.220746 en_neg=7.223791 pcd=True subgoal_reg=0.016337404908373928 
2026-01-20 18:37:02,052 :    71/    4 dest_loss=0.093253 future_loss=0.077996 offset_loss=0.071573 kld=0.033624 cd=0.031435 en_pos=6.964403 en_neg=6.932968 pcd=True subgoal_reg=0.00890669214711649 
2026-01-20 18:37:18,075 :    77/    4 dest_loss=0.054341 future_loss=0.051312 offset_loss=0.082330 kld=0.029999 cd=0.029482 en_pos=7.184238 en_neg=7.154757 pcd=True subgoal_reg=0.02229097556806694 
2026-01-20 18:37:33,987 :    83/    4 dest_loss=0.043369 future_loss=0.044121 offset_loss=0.091021 kld=0.030063 cd=0.226119 en_pos=7.133743 en_neg=6.907624 pcd=True subgoal_reg=0.008398190343323876 
2026-01-20 18:37:49,863 :    89/    4 dest_loss=0.050054 future_loss=0.047712 offset_loss=0.085358 kld=0.032352 cd=-0.061970 en_pos=7.327856 en_neg=7.389826 pcd=True subgoal_reg=0.007736875536851227 
2026-01-20 18:38:05,787 :    95/    4 dest_loss=0.048001 future_loss=0.037075 offset_loss=0.095289 kld=0.029746 cd=-0.149927 en_pos=7.069111 en_neg=7.219039 pcd=True subgoal_reg=0.015605348550092027 
2026-01-20 18:38:21,635 :   101/    4 dest_loss=0.045307 future_loss=0.047964 offset_loss=0.082122 kld=0.031593 cd=0.099792 en_pos=7.102749 en_neg=7.002957 pcd=True subgoal_reg=0.006368032855961507 
2026-01-20 18:38:37,553 :   107/    4 dest_loss=0.054094 future_loss=0.062400 offset_loss=0.066164 kld=0.028553 cd=-0.021259 en_pos=6.943146 en_neg=6.964405 pcd=True subgoal_reg=0.010996920758508201 
2026-01-20 18:38:53,427 :   113/    4 dest_loss=0.058406 future_loss=0.062036 offset_loss=0.079030 kld=0.028033 cd=0.201809 en_pos=6.946944 en_neg=6.745135 pcd=True subgoal_reg=0.011510402689757223 
2026-01-20 18:39:09,336 :   119/    4 dest_loss=0.058936 future_loss=0.060346 offset_loss=0.074048 kld=0.030169 cd=-0.047216 en_pos=6.914286 en_neg=6.961502 pcd=True subgoal_reg=0.006625343917637557 
2026-01-20 18:39:25,242 :   125/    4 dest_loss=0.060407 future_loss=0.054502 offset_loss=0.090706 kld=0.033966 cd=-0.155288 en_pos=7.062457 en_neg=7.217744 pcd=True subgoal_reg=0.009935088559503258 
2026-01-20 18:39:41,170 :   131/    4 dest_loss=0.062078 future_loss=0.054272 offset_loss=0.082918 kld=0.030333 cd=0.280602 en_pos=7.039247 en_neg=6.758645 pcd=True subgoal_reg=0.008725972637431295 
2026-01-20 18:39:57,091 :   137/    4 dest_loss=0.048374 future_loss=0.045981 offset_loss=0.066926 kld=0.030113 cd=0.181918 en_pos=7.281040 en_neg=7.099122 pcd=True subgoal_reg=0.011852776675609817 
2026-01-20 18:40:12,936 :   143/    4 dest_loss=0.074170 future_loss=0.043967 offset_loss=0.185712 kld=0.028458 cd=-0.181173 en_pos=6.830697 en_neg=7.011870 pcd=True subgoal_reg=0.011429302857853749 
2026-01-20 18:40:28,695 :   149/    4 dest_loss=0.051411 future_loss=0.059901 offset_loss=0.058425 kld=0.028462 cd=0.212610 en_pos=7.039125 en_neg=6.826515 pcd=True subgoal_reg=0.00795207499415409 
2026-01-20 18:40:44,563 :   155/    4 dest_loss=0.099370 future_loss=0.098014 offset_loss=0.127512 kld=0.033524 cd=-0.116006 en_pos=6.981936 en_neg=7.097942 pcd=True subgoal_reg=0.0167958547481944 
2026-01-20 18:41:00,508 :   161/    4 dest_loss=0.075394 future_loss=0.063511 offset_loss=0.083193 kld=0.035224 cd=0.057811 en_pos=7.105030 en_neg=7.047219 pcd=True subgoal_reg=0.009843887189553993 
2026-01-20 18:41:16,452 :   167/    4 dest_loss=0.049585 future_loss=0.055105 offset_loss=0.070202 kld=0.035738 cd=0.021413 en_pos=7.138316 en_neg=7.116903 pcd=True subgoal_reg=0.010842293917272788 
2026-01-20 18:41:32,356 :   173/    4 dest_loss=0.057768 future_loss=0.056578 offset_loss=0.077831 kld=0.030399 cd=-0.030392 en_pos=7.081655 en_neg=7.112048 pcd=True subgoal_reg=0.013387736616976398 
2026-01-20 18:41:48,298 :   179/    4 dest_loss=0.039210 future_loss=0.045749 offset_loss=0.067103 kld=0.027822 cd=0.294793 en_pos=7.004569 en_neg=6.709776 pcd=True subgoal_reg=0.00579672348498779 
2026-01-20 18:42:04,269 :   185/    4 dest_loss=0.081925 future_loss=0.075576 offset_loss=0.089538 kld=0.032583 cd=-0.104955 en_pos=6.967346 en_neg=7.072301 pcd=True subgoal_reg=0.008468499808039692 
2026-01-20 18:42:20,191 :   191/    4 dest_loss=0.050803 future_loss=0.046966 offset_loss=0.079793 kld=0.030047 cd=0.148491 en_pos=7.140642 en_neg=6.992151 pcd=True subgoal_reg=0.015706231918576726 
2026-01-20 18:42:36,042 :   197/    4 dest_loss=0.289483 future_loss=0.308838 offset_loss=0.076888 kld=0.045034 cd=-0.141370 en_pos=6.806216 en_neg=6.947585 pcd=True subgoal_reg=0.006516704678704365 
2026-01-20 18:42:51,932 :   203/    4 dest_loss=0.047049 future_loss=0.038369 offset_loss=0.099213 kld=0.030431 cd=0.231253 en_pos=6.956809 en_neg=6.725555 pcd=True subgoal_reg=0.011471387535351894 
2026-01-20 18:43:07,893 :   209/    4 dest_loss=0.219887 future_loss=0.228544 offset_loss=0.077897 kld=0.037169 cd=0.018095 en_pos=7.127763 en_neg=7.109668 pcd=True subgoal_reg=0.00854318598883428 
2026-01-20 18:43:23,751 :   215/    4 dest_loss=0.050227 future_loss=0.032999 offset_loss=0.108528 kld=0.027885 cd=0.061876 en_pos=7.050159 en_neg=6.988283 pcd=True subgoal_reg=0.012458329847630695 
2026-01-20 18:43:39,685 :   221/    4 dest_loss=0.052224 future_loss=0.050386 offset_loss=0.074978 kld=0.030109 cd=-0.091312 en_pos=6.915898 en_neg=7.007210 pcd=True subgoal_reg=0.0057851128445019105 
2026-01-20 18:43:55,402 :   227/    4 dest_loss=0.042987 future_loss=0.054604 offset_loss=0.059983 kld=0.030274 cd=0.041350 en_pos=6.961889 en_neg=6.920539 pcd=True subgoal_reg=0.00911536309612732 
2026-01-20 18:44:11,302 :   233/    4 dest_loss=0.039126 future_loss=0.047125 offset_loss=0.065955 kld=0.030682 cd=-0.035629 en_pos=7.212626 en_neg=7.248256 pcd=True subgoal_reg=0.013377544879214463 
2026-01-20 18:44:27,165 :   239/    4 dest_loss=0.139891 future_loss=0.146303 offset_loss=0.131969 kld=0.033345 cd=0.004492 en_pos=7.097012 en_neg=7.092520 pcd=True subgoal_reg=0.005639204449872692 
2026-01-20 18:44:43,044 :   245/    4 dest_loss=0.193992 future_loss=0.173436 offset_loss=0.169518 kld=0.034928 cd=-0.001184 en_pos=7.010175 en_neg=7.011359 pcd=True subgoal_reg=0.011283675991658262 
2026-01-20 18:44:59,459 :   251/    4 dest_loss=0.058563 future_loss=0.055470 offset_loss=0.073783 kld=0.034926 cd=0.157816 en_pos=7.180475 en_neg=7.022659 pcd=True subgoal_reg=0.01172179489546734 
2026-01-20 18:45:15,620 :   257/    4 dest_loss=0.103821 future_loss=0.049080 offset_loss=0.232293 kld=0.031503 cd=-0.099596 en_pos=7.220640 en_neg=7.320236 pcd=True subgoal_reg=0.008807544734179853 
2026-01-20 18:45:31,626 :   263/    4 dest_loss=0.168451 future_loss=0.157817 offset_loss=0.129713 kld=0.031269 cd=-0.217062 en_pos=6.950974 en_neg=7.168036 pcd=True subgoal_reg=0.011460449525885583 
2026-01-20 18:45:47,443 :   269/    4 dest_loss=0.140659 future_loss=0.065560 offset_loss=0.196356 kld=0.034366 cd=0.019082 en_pos=7.399812 en_neg=7.380730 pcd=True subgoal_reg=0.017670587077519714 
2026-01-20 18:46:03,367 :   275/    4 dest_loss=0.095504 future_loss=0.089248 offset_loss=0.112046 kld=0.031731 cd=-0.044814 en_pos=7.046142 en_neg=7.090956 pcd=True subgoal_reg=0.0051154803425858125 
2026-01-20 18:46:19,218 :   281/    4 dest_loss=0.072855 future_loss=0.055352 offset_loss=0.100346 kld=0.034553 cd=-0.164279 en_pos=7.116650 en_neg=7.280930 pcd=True subgoal_reg=0.012988308570716478 
2026-01-20 18:46:35,100 :   287/    4 dest_loss=0.052317 future_loss=0.045167 offset_loss=0.082033 kld=0.029477 cd=-0.251658 en_pos=6.715405 en_neg=6.967063 pcd=True subgoal_reg=0.009681154405897377 
2026-01-20 18:46:51,049 :   293/    4 dest_loss=0.052547 future_loss=0.051025 offset_loss=0.082181 kld=0.033577 cd=0.136952 en_pos=7.265277 en_neg=7.128325 pcd=True subgoal_reg=0.007838457739532213 
2026-01-20 18:47:06,901 :   299/    4 dest_loss=0.093937 future_loss=0.073077 offset_loss=0.134510 kld=0.030070 cd=-0.284020 en_pos=7.019089 en_neg=7.303109 pcd=True subgoal_reg=0.011057868887281611 
2026-01-20 18:47:22,631 :   305/    4 dest_loss=0.046189 future_loss=0.049562 offset_loss=0.070975 kld=0.029335 cd=-0.001877 en_pos=7.126329 en_neg=7.128206 pcd=True subgoal_reg=0.006670187400436548 
2026-01-20 18:47:38,472 :   311/    4 dest_loss=0.036071 future_loss=0.042331 offset_loss=0.066620 kld=0.028028 cd=0.079084 en_pos=7.000690 en_neg=6.921606 pcd=True subgoal_reg=0.008611401890245795 
2026-01-20 18:47:54,366 :   317/    4 dest_loss=0.043858 future_loss=0.051968 offset_loss=0.068028 kld=0.028914 cd=-0.016347 en_pos=6.951900 en_neg=6.968247 pcd=True subgoal_reg=0.008200625524543408 
2026-01-20 18:48:10,248 :   323/    4 dest_loss=0.045547 future_loss=0.047207 offset_loss=0.071527 kld=0.036834 cd=-0.157549 en_pos=7.161215 en_neg=7.318765 pcd=True subgoal_reg=0.008146142489760332 
2026-01-20 18:48:26,235 :   329/    4 dest_loss=0.142532 future_loss=0.099978 offset_loss=0.195127 kld=0.027513 cd=-0.098383 en_pos=6.879489 en_neg=6.977872 pcd=True subgoal_reg=0.008358152752922572 
2026-01-20 18:48:42,221 :   335/    4 dest_loss=0.098249 future_loss=0.145810 offset_loss=0.068682 kld=0.032818 cd=-0.228824 en_pos=6.843670 en_neg=7.072494 pcd=True subgoal_reg=0.011971400181988875 
2026-01-20 18:48:58,138 :   341/    4 dest_loss=0.043298 future_loss=0.039081 offset_loss=0.092400 kld=0.029028 cd=-0.080176 en_pos=6.875364 en_neg=6.955539 pcd=True subgoal_reg=0.009610781943864121 
2026-01-20 18:49:14,087 :   347/    4 dest_loss=0.069165 future_loss=0.058762 offset_loss=0.090498 kld=0.031896 cd=-0.037418 en_pos=6.847317 en_neg=6.884735 pcd=True subgoal_reg=0.006054199839545365 
2026-01-20 18:49:29,957 :   353/    4 dest_loss=0.057755 future_loss=0.048267 offset_loss=0.091648 kld=0.033073 cd=-0.174558 en_pos=6.945905 en_neg=7.120463 pcd=True subgoal_reg=0.010573804851286613 
2026-01-20 18:49:45,818 :   359/    4 dest_loss=0.046582 future_loss=0.046903 offset_loss=0.068955 kld=0.032243 cd=0.073126 en_pos=7.076552 en_neg=7.003426 pcd=True subgoal_reg=0.0069455413334094055 
2026-01-20 18:50:01,692 :   365/    4 dest_loss=0.105511 future_loss=0.119822 offset_loss=0.111650 kld=0.030937 cd=0.229608 en_pos=6.949655 en_neg=6.720047 pcd=True subgoal_reg=0.010070787050072425 
2026-01-20 18:50:17,515 :   371/    4 dest_loss=0.050731 future_loss=0.055690 offset_loss=0.065351 kld=0.030387 cd=-0.075302 en_pos=7.054949 en_neg=7.130251 pcd=True subgoal_reg=0.009098165478825077 
2026-01-20 18:50:33,434 :   377/    4 dest_loss=0.046649 future_loss=0.045832 offset_loss=0.068458 kld=0.028074 cd=0.084355 en_pos=6.884841 en_neg=6.800486 pcd=True subgoal_reg=0.01269673298471023 
2026-01-20 18:50:49,064 :   383/    4 dest_loss=0.079786 future_loss=0.061909 offset_loss=0.080623 kld=0.034921 cd=-0.303863 en_pos=7.014486 en_neg=7.318349 pcd=True subgoal_reg=0.011618943231208767 
2026-01-20 18:51:04,969 :   389/    4 dest_loss=0.049176 future_loss=0.051691 offset_loss=0.072874 kld=0.033153 cd=0.052948 en_pos=6.996882 en_neg=6.943934 pcd=True subgoal_reg=0.012078655980115462 
2026-01-20 18:51:20,834 :   395/    4 dest_loss=0.060646 future_loss=0.058270 offset_loss=0.072360 kld=0.029921 cd=-0.114901 en_pos=7.109881 en_neg=7.224782 pcd=True subgoal_reg=0.008891451204181876 
2026-01-20 18:51:36,721 :   401/    4 dest_loss=0.046896 future_loss=0.048442 offset_loss=0.068836 kld=0.030144 cd=-0.302028 en_pos=6.799159 en_neg=7.101188 pcd=True subgoal_reg=0.007724143046404476 
2026-01-20 18:51:52,590 :   407/    4 dest_loss=0.117140 future_loss=0.116567 offset_loss=0.116600 kld=0.029825 cd=0.286122 en_pos=7.226188 en_neg=6.940066 pcd=True subgoal_reg=0.009163684335808187 
2026-01-20 18:52:08,393 :   413/    4 dest_loss=0.130959 future_loss=0.160912 offset_loss=0.064770 kld=0.032945 cd=0.097923 en_pos=7.070982 en_neg=6.973058 pcd=True subgoal_reg=0.00709097237444776 
2026-01-20 18:52:24,226 :   419/    4 dest_loss=0.206417 future_loss=0.146555 offset_loss=0.213824 kld=0.035762 cd=0.211185 en_pos=7.078233 en_neg=6.867048 pcd=True subgoal_reg=0.009075686030304817 
2026-01-20 18:52:40,085 :   425/    4 dest_loss=0.068003 future_loss=0.063667 offset_loss=0.071792 kld=0.029935 cd=-0.052389 en_pos=7.079502 en_neg=7.131891 pcd=True subgoal_reg=0.00623071620489204 
2026-01-20 18:52:55,981 :   431/    4 dest_loss=0.058834 future_loss=0.066013 offset_loss=0.059226 kld=0.030063 cd=-0.032240 en_pos=7.125205 en_neg=7.157445 pcd=True subgoal_reg=0.01454270159389756 
2026-01-20 18:53:11,797 :   437/    4 dest_loss=0.052498 future_loss=0.050913 offset_loss=0.077399 kld=0.029316 cd=0.046939 en_pos=7.056374 en_neg=7.009436 pcd=True subgoal_reg=0.009694242883840777 
2026-01-20 18:53:27,668 :   443/    4 dest_loss=0.036187 future_loss=0.042566 offset_loss=0.065013 kld=0.030320 cd=0.006596 en_pos=7.107613 en_neg=7.101016 pcd=True subgoal_reg=0.006630931243336435 
2026-01-20 18:53:43,562 :   449/    4 dest_loss=0.046795 future_loss=0.048712 offset_loss=0.069445 kld=0.034038 cd=0.250791 en_pos=7.142586 en_neg=6.891795 pcd=True subgoal_reg=0.009749524033696687 
2026-01-20 18:53:59,495 :   455/    4 dest_loss=0.043626 future_loss=0.048488 offset_loss=0.068783 kld=0.032894 cd=-0.107849 en_pos=6.985344 en_neg=7.093192 pcd=True subgoal_reg=0.008565240678647579 
2026-01-20 18:54:15,154 :   461/    4 dest_loss=0.039041 future_loss=0.043728 offset_loss=0.067242 kld=0.032205 cd=-0.032939 en_pos=6.865020 en_neg=6.897959 pcd=True subgoal_reg=0.006784693106481748 
2026-01-20 18:54:31,010 :   467/    4 dest_loss=0.044394 future_loss=0.046534 offset_loss=0.069319 kld=0.029557 cd=0.089133 en_pos=7.015127 en_neg=6.925994 pcd=True subgoal_reg=0.008401723241179854 
2026-01-20 18:54:46,906 :   473/    4 dest_loss=0.039686 future_loss=0.042691 offset_loss=0.065328 kld=0.029910 cd=-0.112250 en_pos=6.982914 en_neg=7.095165 pcd=True subgoal_reg=0.0069018983292171345 
2026-01-20 18:55:03,332 :   479/    4 dest_loss=0.054427 future_loss=0.052809 offset_loss=0.069754 kld=0.029267 cd=-0.047012 en_pos=6.902437 en_neg=6.949449 pcd=True subgoal_reg=0.010230529464727418 
2026-01-20 18:55:19,526 :   485/    4 dest_loss=0.071583 future_loss=0.043331 offset_loss=0.155929 kld=0.025738 cd=-0.163612 en_pos=6.837757 en_neg=7.001368 pcd=True subgoal_reg=0.008713527068406248 
2026-01-20 18:55:35,512 :   491/    4 dest_loss=0.053429 future_loss=0.053523 offset_loss=0.066264 kld=0.033345 cd=-0.093474 en_pos=6.833080 en_neg=6.926554 pcd=True subgoal_reg=0.008964850683290561 
2026-01-20 18:55:51,472 :   497/    4 dest_loss=0.040240 future_loss=0.046063 offset_loss=0.065027 kld=0.028178 cd=0.030754 en_pos=6.919442 en_neg=6.888688 pcd=True subgoal_reg=0.010567449523387012 
2026-01-20 18:56:07,573 :   503/    4 dest_loss=0.051518 future_loss=0.051617 offset_loss=0.070181 kld=0.030853 cd=0.089622 en_pos=7.105663 en_neg=7.016041 pcd=True subgoal_reg=0.007911872990125347 
2026-01-20 18:56:23,513 :   509/    4 dest_loss=0.044343 future_loss=0.048105 offset_loss=0.053937 kld=0.029666 cd=-0.161654 en_pos=7.052678 en_neg=7.214332 pcd=True subgoal_reg=0.00943905908508618 
2026-01-20 18:58:01,238 : Train Loss 152.21733676638715
2026-01-20 18:58:01,238 : Overall Loss 32.982944883285455
2026-01-20 18:58:01,239 : Dest Loss 34.3378706487512
2026-01-20 18:58:01,239 : Val ADE 0.22805432440088746
2026-01-20 18:58:01,239 : Val FDE 0.16456529870890999
2026-01-20 18:58:01,239 : Val Best ADE 0.22805432440088746
2026-01-20 18:58:01,239 : Val Best FDE 0.16456529870890999
2026-01-20 18:58:01,239 : ----->learning rate 0.0025
2026-01-20 18:58:17,456 :     5/    5 dest_loss=0.049594 future_loss=0.052965 offset_loss=0.062900 kld=0.034829 cd=0.026668 en_pos=7.105100 en_neg=7.078431 pcd=True subgoal_reg=0.00747073637031283 
2026-01-20 18:58:33,112 :    11/    5 dest_loss=0.037378 future_loss=0.044105 offset_loss=0.063999 kld=0.031859 cd=-0.158969 en_pos=6.857039 en_neg=7.016008 pcd=True subgoal_reg=0.009082513288807126 
2026-01-20 18:58:49,027 :    17/    5 dest_loss=0.052806 future_loss=0.048488 offset_loss=0.075057 kld=0.033897 cd=-0.034141 en_pos=7.057735 en_neg=7.091875 pcd=True subgoal_reg=0.00772269570452771 
2026-01-20 18:59:04,974 :    23/    5 dest_loss=0.056972 future_loss=0.055692 offset_loss=0.061043 kld=0.031406 cd=-0.002327 en_pos=7.012924 en_neg=7.015251 pcd=True subgoal_reg=0.008029079629907955 
2026-01-20 18:59:20,893 :    29/    5 dest_loss=0.041218 future_loss=0.046143 offset_loss=0.064278 kld=0.028525 cd=0.399271 en_pos=7.158934 en_neg=6.759663 pcd=True subgoal_reg=0.014710748052621833 
2026-01-20 18:59:36,823 :    35/    5 dest_loss=0.040697 future_loss=0.044695 offset_loss=0.064638 kld=0.027990 cd=-0.157619 en_pos=6.904207 en_neg=7.061826 pcd=True subgoal_reg=0.006281983284489699 
2026-01-20 18:59:52,827 :    41/    5 dest_loss=0.040517 future_loss=0.038846 offset_loss=0.077708 kld=0.029538 cd=0.000491 en_pos=7.091694 en_neg=7.091203 pcd=True subgoal_reg=0.007937915762255717 
2026-01-20 19:00:08,719 :    47/    5 dest_loss=0.132428 future_loss=0.114296 offset_loss=0.103299 kld=0.030962 cd=0.007521 en_pos=7.004357 en_neg=6.996835 pcd=True subgoal_reg=0.009424033676739895 
2026-01-20 19:00:24,607 :    53/    5 dest_loss=0.198963 future_loss=0.099026 offset_loss=0.304219 kld=0.035943 cd=-0.027358 en_pos=7.080694 en_neg=7.108053 pcd=True subgoal_reg=0.012803304972226544 
2026-01-20 19:00:40,521 :    59/    5 dest_loss=0.041397 future_loss=0.053313 offset_loss=0.047785 kld=0.027281 cd=0.154688 en_pos=7.000826 en_neg=6.846138 pcd=True subgoal_reg=0.008626263029144491 
2026-01-20 19:00:56,464 :    65/    5 dest_loss=0.040991 future_loss=0.048848 offset_loss=0.062020 kld=0.032699 cd=-0.160461 en_pos=6.987041 en_neg=7.147502 pcd=True subgoal_reg=0.0121225522720025 
2026-01-20 19:01:12,336 :    71/    5 dest_loss=0.050463 future_loss=0.049987 offset_loss=0.073121 kld=0.029752 cd=-0.056114 en_pos=7.076458 en_neg=7.132572 pcd=True subgoal_reg=0.007048636166862999 
2026-01-20 19:01:28,220 :    77/    5 dest_loss=0.049008 future_loss=0.044807 offset_loss=0.074704 kld=0.030058 cd=-0.196269 en_pos=6.874360 en_neg=7.070629 pcd=True subgoal_reg=0.009458580654612136 
2026-01-20 19:01:44,100 :    83/    5 dest_loss=0.033803 future_loss=0.036890 offset_loss=0.067274 kld=0.031092 cd=0.130928 en_pos=7.037795 en_neg=6.906867 pcd=True subgoal_reg=0.007848527299132777 
2026-01-20 19:01:59,799 :    89/    5 dest_loss=0.043703 future_loss=0.047381 offset_loss=0.068456 kld=0.031348 cd=0.027469 en_pos=7.037336 en_neg=7.009868 pcd=True subgoal_reg=0.006489332328665805 
2026-01-20 19:02:15,694 :    95/    5 dest_loss=0.048643 future_loss=0.048438 offset_loss=0.065991 kld=0.029940 cd=-0.308849 en_pos=6.954140 en_neg=7.262989 pcd=True subgoal_reg=0.009477116489404698 
2026-01-20 19:02:31,654 :   101/    5 dest_loss=0.143047 future_loss=0.121434 offset_loss=0.104081 kld=0.030460 cd=-0.032326 en_pos=6.967595 en_neg=6.999920 pcd=True subgoal_reg=0.010561335878366386 
2026-01-20 19:02:47,567 :   107/    5 dest_loss=0.230068 future_loss=0.233137 offset_loss=0.078155 kld=0.036464 cd=0.054834 en_pos=6.887711 en_neg=6.832877 pcd=True subgoal_reg=0.006845177967770916 
2026-01-20 19:03:03,421 :   113/    5 dest_loss=0.050830 future_loss=0.043973 offset_loss=0.081966 kld=0.030870 cd=-0.064880 en_pos=6.810255 en_neg=6.875135 pcd=True subgoal_reg=0.012529212964967139 
2026-01-20 19:03:19,365 :   119/    5 dest_loss=0.034183 future_loss=0.038887 offset_loss=0.059219 kld=0.027918 cd=-0.084245 en_pos=6.863923 en_neg=6.948168 pcd=True subgoal_reg=0.006250338047509298 
2026-01-20 19:03:35,248 :   125/    5 dest_loss=0.039190 future_loss=0.035581 offset_loss=0.073939 kld=0.027193 cd=-0.319043 en_pos=6.783647 en_neg=7.102690 pcd=True subgoal_reg=0.010898645426327565 
2026-01-20 19:03:51,098 :   131/    5 dest_loss=0.043771 future_loss=0.041797 offset_loss=0.075894 kld=0.029069 cd=0.258327 en_pos=7.038670 en_neg=6.780343 pcd=True subgoal_reg=0.0067660255314126614 
2026-01-20 19:04:07,001 :   137/    5 dest_loss=0.049509 future_loss=0.051341 offset_loss=0.064653 kld=0.029731 cd=-0.189782 en_pos=6.891298 en_neg=7.081080 pcd=True subgoal_reg=0.0063825507281049815 
2026-01-20 19:04:22,857 :   143/    5 dest_loss=0.157949 future_loss=0.133429 offset_loss=0.167562 kld=0.036691 cd=-0.025089 en_pos=7.048144 en_neg=7.073233 pcd=True subgoal_reg=0.010426571661682342 
2026-01-20 19:04:38,748 :   149/    5 dest_loss=0.106391 future_loss=0.116156 offset_loss=0.057436 kld=0.029299 cd=-0.037153 en_pos=6.973789 en_neg=7.010942 pcd=True subgoal_reg=0.007176996744584309 
2026-01-20 19:04:55,029 :   155/    5 dest_loss=0.040715 future_loss=0.034221 offset_loss=0.080168 kld=0.028716 cd=0.022614 en_pos=6.902061 en_neg=6.879447 pcd=True subgoal_reg=0.008609744829507014 
2026-01-20 19:05:11,369 :   161/    5 dest_loss=0.052485 future_loss=0.044538 offset_loss=0.081392 kld=0.029638 cd=0.176475 en_pos=7.078122 en_neg=6.901646 pcd=True subgoal_reg=0.00916062198421802 
2026-01-20 19:05:27,054 :   167/    5 dest_loss=0.094055 future_loss=0.099455 offset_loss=0.163213 kld=0.030014 cd=-0.074232 en_pos=6.923877 en_neg=6.998109 pcd=True subgoal_reg=0.009588906641201041 
2026-01-20 19:05:42,921 :   173/    5 dest_loss=0.046919 future_loss=0.047855 offset_loss=0.062613 kld=0.033631 cd=-0.064993 en_pos=6.914270 en_neg=6.979263 pcd=True subgoal_reg=0.012541151708712499 
2026-01-20 19:05:58,854 :   179/    5 dest_loss=0.043100 future_loss=0.049894 offset_loss=0.061449 kld=0.028462 cd=0.019124 en_pos=6.789933 en_neg=6.770808 pcd=True subgoal_reg=0.009366471904849717 
2026-01-20 19:06:14,813 :   185/    5 dest_loss=0.047712 future_loss=0.047917 offset_loss=0.061130 kld=0.030155 cd=0.055700 en_pos=6.986964 en_neg=6.931263 pcd=True subgoal_reg=0.005725241463865806 
2026-01-20 19:06:30,744 :   191/    5 dest_loss=0.046064 future_loss=0.046548 offset_loss=0.065225 kld=0.028000 cd=-0.023448 en_pos=6.939308 en_neg=6.962756 pcd=True subgoal_reg=0.010442053164425712 
2026-01-20 19:06:46,578 :   197/    5 dest_loss=0.030386 future_loss=0.036250 offset_loss=0.054788 kld=0.028142 cd=-0.066288 en_pos=6.952161 en_neg=7.018449 pcd=True subgoal_reg=0.00774999588639165 
2026-01-20 19:07:02,458 :   203/    5 dest_loss=0.135674 future_loss=0.082930 offset_loss=0.193771 kld=0.032065 cd=0.092308 en_pos=7.065038 en_neg=6.972729 pcd=True subgoal_reg=0.007319782974283042 
2026-01-20 19:07:18,335 :   209/    5 dest_loss=0.067730 future_loss=0.068773 offset_loss=0.064102 kld=0.028036 cd=0.092548 en_pos=6.915432 en_neg=6.822883 pcd=True subgoal_reg=0.010155820499285042 
2026-01-20 19:07:34,256 :   215/    5 dest_loss=0.078120 future_loss=0.062627 offset_loss=0.103203 kld=0.031294 cd=0.118597 en_pos=7.113756 en_neg=6.995159 pcd=True subgoal_reg=0.00850121742730631 
2026-01-20 19:07:50,156 :   221/    5 dest_loss=0.056229 future_loss=0.053734 offset_loss=0.067886 kld=0.032911 cd=0.000598 en_pos=7.123769 en_neg=7.123172 pcd=True subgoal_reg=0.007136460607726675 
2026-01-20 19:08:06,075 :   227/    5 dest_loss=0.043791 future_loss=0.045951 offset_loss=0.059689 kld=0.031525 cd=-0.213131 en_pos=6.828499 en_neg=7.041630 pcd=True subgoal_reg=0.007357546905987446 
2026-01-20 19:08:22,015 :   233/    5 dest_loss=0.036305 future_loss=0.041568 offset_loss=0.057886 kld=0.032075 cd=-0.034221 en_pos=6.942096 en_neg=6.976317 pcd=True subgoal_reg=0.0071842443136530005 
2026-01-20 19:08:37,920 :   239/    5 dest_loss=0.049918 future_loss=0.046584 offset_loss=0.059504 kld=0.028747 cd=0.058534 en_pos=7.071557 en_neg=7.013023 pcd=True subgoal_reg=0.009189950830411067 
2026-01-20 19:08:53,644 :   245/    5 dest_loss=0.052454 future_loss=0.060504 offset_loss=0.049018 kld=0.030595 cd=-0.163355 en_pos=6.968906 en_neg=7.132261 pcd=True subgoal_reg=0.01047094628913087 
2026-01-20 19:09:09,585 :   251/    5 dest_loss=0.039129 future_loss=0.040458 offset_loss=0.064315 kld=0.029066 cd=-0.161008 en_pos=6.771754 en_neg=6.932762 pcd=True subgoal_reg=0.014836181324091586 
2026-01-20 19:09:25,588 :   257/    5 dest_loss=0.045814 future_loss=0.047751 offset_loss=0.057270 kld=0.030819 cd=-0.283903 en_pos=6.734370 en_neg=7.018273 pcd=True subgoal_reg=0.005819226532233018 
2026-01-20 19:09:41,573 :   263/    5 dest_loss=0.064254 future_loss=0.071896 offset_loss=0.052746 kld=0.028559 cd=-0.101317 en_pos=6.867600 en_neg=6.968918 pcd=True subgoal_reg=0.011527627949175525 
2026-01-20 19:09:57,586 :   269/    5 dest_loss=0.035602 future_loss=0.039035 offset_loss=0.062907 kld=0.032072 cd=-0.182446 en_pos=6.971603 en_neg=7.154049 pcd=True subgoal_reg=0.008761168831965607 
2026-01-20 19:10:13,597 :   275/    5 dest_loss=0.054277 future_loss=0.044889 offset_loss=0.072564 kld=0.027745 cd=0.039726 en_pos=6.912471 en_neg=6.872746 pcd=True subgoal_reg=0.009479399326493027 
2026-01-20 19:10:29,855 :   281/    5 dest_loss=0.056616 future_loss=0.051351 offset_loss=0.064999 kld=0.031359 cd=-0.288873 en_pos=6.731895 en_neg=7.020768 pcd=True subgoal_reg=0.008289298962813685 
2026-01-20 19:10:47,317 :   287/    5 dest_loss=0.049212 future_loss=0.047363 offset_loss=0.064931 kld=0.027617 cd=0.222727 en_pos=6.990111 en_neg=6.767383 pcd=True subgoal_reg=0.009555061522410705 
2026-01-20 19:11:04,266 :   293/    5 dest_loss=0.048163 future_loss=0.051230 offset_loss=0.053001 kld=0.033001 cd=-0.218131 en_pos=6.963604 en_neg=7.181735 pcd=True subgoal_reg=0.005611295151365587 
2026-01-20 19:11:20,777 :   299/    5 dest_loss=0.053867 future_loss=0.054945 offset_loss=0.058028 kld=0.028888 cd=-0.103699 en_pos=6.922195 en_neg=7.025895 pcd=True subgoal_reg=0.012989320915489808 
2026-01-20 19:11:36,863 :   305/    5 dest_loss=0.049499 future_loss=0.047068 offset_loss=0.067407 kld=0.029112 cd=-0.049777 en_pos=6.913104 en_neg=6.962881 pcd=True subgoal_reg=0.012807681400710922 
2026-01-20 19:11:52,895 :   311/    5 dest_loss=0.039596 future_loss=0.039610 offset_loss=0.059507 kld=0.028432 cd=0.192160 en_pos=7.181357 en_neg=6.989197 pcd=True subgoal_reg=0.008652134455212481 
2026-01-20 19:12:08,758 :   317/    5 dest_loss=0.039143 future_loss=0.040534 offset_loss=0.058886 kld=0.028632 cd=0.237328 en_pos=6.996815 en_neg=6.759487 pcd=True subgoal_reg=0.009936354134447593 
2026-01-20 19:12:24,511 :   323/    5 dest_loss=0.044553 future_loss=0.045567 offset_loss=0.063504 kld=0.027207 cd=0.104578 en_pos=6.804339 en_neg=6.699762 pcd=True subgoal_reg=0.0074991578170770885 
2026-01-20 19:12:40,378 :   329/    5 dest_loss=0.043236 future_loss=0.042450 offset_loss=0.063993 kld=0.028481 cd=0.044318 en_pos=7.026233 en_neg=6.981916 pcd=True subgoal_reg=0.009319199855370847 
2026-01-20 19:12:56,273 :   335/    5 dest_loss=0.047514 future_loss=0.047831 offset_loss=0.062740 kld=0.027757 cd=0.020568 en_pos=7.154421 en_neg=7.133854 pcd=True subgoal_reg=0.007650464880768529 
2026-01-20 19:13:12,188 :   341/    5 dest_loss=0.046182 future_loss=0.046789 offset_loss=0.060510 kld=0.028731 cd=-0.044260 en_pos=6.855387 en_neg=6.899648 pcd=True subgoal_reg=0.006962055111727332 
2026-01-20 19:13:28,094 :   347/    5 dest_loss=0.042045 future_loss=0.041361 offset_loss=0.065108 kld=0.028447 cd=-0.089755 en_pos=6.921498 en_neg=7.011253 pcd=True subgoal_reg=0.011989655027202898 
2026-01-20 19:13:44,033 :   353/    5 dest_loss=0.044501 future_loss=0.040805 offset_loss=0.073701 kld=0.029255 cd=-0.185480 en_pos=6.851263 en_neg=7.036743 pcd=True subgoal_reg=0.008711317338458143 
2026-01-20 19:13:59,976 :   359/    5 dest_loss=0.077065 future_loss=0.057564 offset_loss=0.067416 kld=0.030516 cd=0.087118 en_pos=7.046233 en_neg=6.959115 pcd=True subgoal_reg=0.01018678770072935 
2026-01-20 19:14:16,059 :   365/    5 dest_loss=0.047453 future_loss=0.044293 offset_loss=0.058497 kld=0.030759 cd=0.121056 en_pos=7.151374 en_neg=7.030318 pcd=True subgoal_reg=0.020245028298168093 
2026-01-20 19:14:32,534 :   371/    5 dest_loss=0.061129 future_loss=0.055050 offset_loss=0.079249 kld=0.030077 cd=0.086704 en_pos=6.962608 en_neg=6.875904 pcd=True subgoal_reg=0.007307015273173292 
2026-01-20 19:14:48,517 :   377/    5 dest_loss=0.062620 future_loss=0.053847 offset_loss=0.072144 kld=0.030162 cd=-0.186266 en_pos=6.811861 en_neg=6.998126 pcd=True subgoal_reg=0.009638403041847422 
2026-01-20 19:15:04,451 :   383/    5 dest_loss=0.049873 future_loss=0.047043 offset_loss=0.062347 kld=0.030345 cd=-0.180071 en_pos=7.009444 en_neg=7.189515 pcd=True subgoal_reg=0.01438270047570666 
2026-01-20 19:15:20,384 :   389/    5 dest_loss=0.046234 future_loss=0.045319 offset_loss=0.070748 kld=0.027433 cd=0.109864 en_pos=7.047678 en_neg=6.937813 pcd=True subgoal_reg=0.008224239846067244 
2026-01-20 19:15:36,403 :   395/    5 dest_loss=0.038336 future_loss=0.041341 offset_loss=0.057634 kld=0.030289 cd=-0.036482 en_pos=6.961712 en_neg=6.998194 pcd=True subgoal_reg=0.006762130989120241 
2026-01-20 19:15:52,290 :   401/    5 dest_loss=0.043788 future_loss=0.045452 offset_loss=0.059692 kld=0.027949 cd=0.135755 en_pos=6.958709 en_neg=6.822954 pcd=True subgoal_reg=0.008333517202694204 
2026-01-20 19:16:08,280 :   407/    5 dest_loss=0.059264 future_loss=0.039389 offset_loss=0.085836 kld=0.031361 cd=0.082915 en_pos=6.944453 en_neg=6.861537 pcd=True subgoal_reg=0.011850051774074548 
2026-01-20 19:16:24,232 :   413/    5 dest_loss=0.050385 future_loss=0.044644 offset_loss=0.062620 kld=0.030457 cd=-0.130000 en_pos=6.725084 en_neg=6.855084 pcd=True subgoal_reg=0.008157974066241256 
2026-01-20 19:16:40,273 :   419/    5 dest_loss=0.037938 future_loss=0.034869 offset_loss=0.068191 kld=0.029253 cd=-0.016386 en_pos=6.861405 en_neg=6.877791 pcd=True subgoal_reg=0.01032701880900082 
2026-01-20 19:16:56,213 :   425/    5 dest_loss=0.041500 future_loss=0.035723 offset_loss=0.072275 kld=0.029388 cd=0.049755 en_pos=6.977731 en_neg=6.927977 pcd=True subgoal_reg=0.00781945368247748 
2026-01-20 19:17:12,182 :   431/    5 dest_loss=0.059571 future_loss=0.052810 offset_loss=0.060929 kld=0.029268 cd=-0.113337 en_pos=6.842196 en_neg=6.955533 pcd=True subgoal_reg=0.005311512715970645 
2026-01-20 19:17:28,082 :   437/    5 dest_loss=0.135023 future_loss=0.137950 offset_loss=0.105760 kld=0.029775 cd=0.090466 en_pos=7.089790 en_neg=6.999324 pcd=True subgoal_reg=0.01169792444327926 
2026-01-20 19:17:44,021 :   443/    5 dest_loss=0.045349 future_loss=0.040082 offset_loss=0.071519 kld=0.028837 cd=0.172326 en_pos=7.072539 en_neg=6.900213 pcd=True subgoal_reg=0.008222806856934071 
2026-01-20 19:18:00,178 :   449/    5 dest_loss=0.047575 future_loss=0.050801 offset_loss=0.052425 kld=0.028865 cd=-0.147738 en_pos=6.895382 en_neg=7.043119 pcd=True subgoal_reg=0.006629370679141622 
2026-01-20 19:18:16,117 :   455/    5 dest_loss=0.042714 future_loss=0.043115 offset_loss=0.057029 kld=0.027735 cd=0.232902 en_pos=7.058074 en_neg=6.825172 pcd=True subgoal_reg=0.011115868852021961 
2026-01-20 19:18:32,199 :   461/    5 dest_loss=0.037564 future_loss=0.040758 offset_loss=0.054821 kld=0.027394 cd=-0.392081 en_pos=6.621131 en_neg=7.013211 pcd=True subgoal_reg=0.0064952064667831745 
2026-01-20 19:18:48,060 :   467/    5 dest_loss=0.047448 future_loss=0.045574 offset_loss=0.064573 kld=0.029901 cd=-0.231390 en_pos=6.750117 en_neg=6.981506 pcd=True subgoal_reg=0.0067748408964608065 
2026-01-20 19:19:04,008 :   473/    5 dest_loss=0.042569 future_loss=0.039617 offset_loss=0.063289 kld=0.028521 cd=0.071128 en_pos=6.788013 en_neg=6.716886 pcd=True subgoal_reg=0.010901831058133776 
2026-01-20 19:19:19,779 :   479/    5 dest_loss=0.040666 future_loss=0.038085 offset_loss=0.061747 kld=0.029213 cd=-0.174814 en_pos=6.642957 en_neg=6.817771 pcd=True subgoal_reg=0.006409196273467321 
2026-01-20 19:19:35,733 :   485/    5 dest_loss=0.036194 future_loss=0.038132 offset_loss=0.061452 kld=0.029002 cd=-0.059030 en_pos=6.760243 en_neg=6.819273 pcd=True subgoal_reg=0.007292232499582549 
2026-01-20 19:19:51,693 :   491/    5 dest_loss=0.047651 future_loss=0.047128 offset_loss=0.058922 kld=0.030169 cd=0.040413 en_pos=6.802803 en_neg=6.762390 pcd=True subgoal_reg=0.005774619463988858 
2026-01-20 19:20:07,552 :   497/    5 dest_loss=0.166799 future_loss=0.166815 offset_loss=0.162344 kld=0.034222 cd=-0.245482 en_pos=7.045465 en_neg=7.290947 pcd=True subgoal_reg=0.007229859657575161 
2026-01-20 19:20:23,514 :   503/    5 dest_loss=0.050433 future_loss=0.048522 offset_loss=0.065079 kld=0.030552 cd=-0.131096 en_pos=6.835738 en_neg=6.966834 pcd=True subgoal_reg=0.007804962758098003 
2026-01-20 19:20:39,542 :   509/    5 dest_loss=0.058831 future_loss=0.051495 offset_loss=0.059717 kld=0.030094 cd=-0.152974 en_pos=6.896966 en_neg=7.049940 pcd=True subgoal_reg=0.010951355524488553 
2026-01-20 19:22:14,807 : Train Loss 132.9416094846336
2026-01-20 19:22:14,808 : Overall Loss 28.959149572703033
2026-01-20 19:22:14,808 : Dest Loss 30.637017937650793
2026-01-20 19:22:14,808 : Val ADE 0.20981808311981384
2026-01-20 19:22:14,808 : Val FDE 0.17109196896918544
2026-01-20 19:22:14,808 : Val Best ADE 0.20981808311981384
2026-01-20 19:22:14,808 : Val Best FDE 0.17109196896918544
2026-01-20 19:22:14,808 : ----->learning rate 0.0025
2026-01-20 19:22:31,037 :     5/    6 dest_loss=0.049754 future_loss=0.046637 offset_loss=0.087586 kld=0.027609 cd=-0.019713 en_pos=6.787139 en_neg=6.806852 pcd=True subgoal_reg=0.007686944712202267 
2026-01-20 19:22:46,912 :    11/    6 dest_loss=0.038555 future_loss=0.037934 offset_loss=0.061696 kld=0.027580 cd=-0.165547 en_pos=6.873953 en_neg=7.039500 pcd=True subgoal_reg=0.006510040533150851 
2026-01-20 19:23:02,840 :    17/    6 dest_loss=0.046700 future_loss=0.047924 offset_loss=0.048637 kld=0.029733 cd=0.172879 en_pos=6.945548 en_neg=6.772669 pcd=True subgoal_reg=0.004578816974221694 
2026-01-20 19:23:18,530 :    23/    6 dest_loss=0.205221 future_loss=0.225125 offset_loss=0.111392 kld=0.035002 cd=0.013537 en_pos=6.932061 en_neg=6.918524 pcd=True subgoal_reg=0.009439208008538874 
2026-01-20 19:23:34,465 :    29/    6 dest_loss=0.050496 future_loss=0.042913 offset_loss=0.080426 kld=0.028810 cd=-0.358932 en_pos=6.651229 en_neg=7.010160 pcd=True subgoal_reg=0.008099613919183467 
2026-01-20 19:23:50,492 :    35/    6 dest_loss=0.064845 future_loss=0.048989 offset_loss=0.068243 kld=0.028603 cd=0.209999 en_pos=7.023399 en_neg=6.813400 pcd=True subgoal_reg=0.008121435571902666 
2026-01-20 19:24:06,536 :    41/    6 dest_loss=0.058570 future_loss=0.038735 offset_loss=0.080641 kld=0.030839 cd=0.002374 en_pos=6.882269 en_neg=6.879896 pcd=True subgoal_reg=0.0228186802019072 
2026-01-20 19:24:22,985 :    47/    6 dest_loss=0.080379 future_loss=0.077997 offset_loss=0.056410 kld=0.030404 cd=0.237070 en_pos=7.010570 en_neg=6.773500 pcd=True subgoal_reg=0.006990197508803709 
2026-01-20 19:24:39,247 :    53/    6 dest_loss=0.042629 future_loss=0.040028 offset_loss=0.062952 kld=0.029260 cd=0.142999 en_pos=6.929648 en_neg=6.786649 pcd=True subgoal_reg=0.011086481007251202 
2026-01-20 19:24:55,222 :    59/    6 dest_loss=0.058686 future_loss=0.042673 offset_loss=0.071999 kld=0.029392 cd=-0.092371 en_pos=6.802582 en_neg=6.894953 pcd=True subgoal_reg=0.010339769914554216 
2026-01-20 19:25:11,217 :    65/    6 dest_loss=0.041028 future_loss=0.042797 offset_loss=0.058033 kld=0.030001 cd=-0.072780 en_pos=6.920689 en_neg=6.993469 pcd=True subgoal_reg=0.007134843762365815 
2026-01-20 19:25:27,129 :    71/    6 dest_loss=0.043476 future_loss=0.040954 offset_loss=0.056765 kld=0.027938 cd=-0.153908 en_pos=6.824845 en_neg=6.978753 pcd=True subgoal_reg=0.01014747678807738 
2026-01-20 19:25:43,077 :    77/    6 dest_loss=0.132770 future_loss=0.096032 offset_loss=0.115968 kld=0.029462 cd=-0.011789 en_pos=7.056593 en_neg=7.068382 pcd=True subgoal_reg=0.009335140759915867 
2026-01-20 19:25:59,032 :    83/    6 dest_loss=0.044117 future_loss=0.045292 offset_loss=0.056270 kld=0.032170 cd=0.086996 en_pos=7.012187 en_neg=6.925191 pcd=True subgoal_reg=0.008696297620431635 
2026-01-20 19:26:14,940 :    89/    6 dest_loss=0.045104 future_loss=0.047041 offset_loss=0.053806 kld=0.027280 cd=-0.014869 en_pos=6.833332 en_neg=6.848202 pcd=True subgoal_reg=0.006957780486147587 
2026-01-20 19:26:31,041 :    95/    6 dest_loss=0.047363 future_loss=0.048133 offset_loss=0.048655 kld=0.030771 cd=0.189757 en_pos=6.833778 en_neg=6.644021 pcd=True subgoal_reg=0.006540536062515016 
2026-01-20 19:26:46,784 :   101/    6 dest_loss=0.090290 future_loss=0.090424 offset_loss=0.099846 kld=0.031082 cd=-0.105122 en_pos=6.872798 en_neg=6.977920 pcd=True subgoal_reg=0.008683610231781849 
2026-01-20 19:27:02,789 :   107/    6 dest_loss=0.046950 future_loss=0.047188 offset_loss=0.057314 kld=0.027477 cd=-0.030437 en_pos=7.028258 en_neg=7.058695 pcd=True subgoal_reg=0.0064490639114554976 
2026-01-20 19:27:18,724 :   113/    6 dest_loss=0.042327 future_loss=0.032502 offset_loss=0.070651 kld=0.028276 cd=0.031624 en_pos=6.944653 en_neg=6.913029 pcd=True subgoal_reg=0.00948125329103866 
2026-01-20 19:27:34,711 :   119/    6 dest_loss=0.050491 future_loss=0.042611 offset_loss=0.067069 kld=0.028980 cd=0.033522 en_pos=6.778805 en_neg=6.745283 pcd=True subgoal_reg=0.005792515732648856 
2026-01-20 19:27:50,577 :   125/    6 dest_loss=0.059026 future_loss=0.048664 offset_loss=0.064095 kld=0.030129 cd=0.011460 en_pos=6.905588 en_neg=6.894128 pcd=True subgoal_reg=0.007951222929167346 
2026-01-20 19:28:06,416 :   131/    6 dest_loss=0.147448 future_loss=0.140431 offset_loss=0.187110 kld=0.028594 cd=-0.254441 en_pos=6.696180 en_neg=6.950621 pcd=True subgoal_reg=0.010143021983492543 
2026-01-20 19:28:22,295 :   137/    6 dest_loss=0.090968 future_loss=0.065504 offset_loss=0.116160 kld=0.026438 cd=-0.212415 en_pos=6.567086 en_neg=6.779501 pcd=True subgoal_reg=0.009640113606950336 
2026-01-20 19:28:38,108 :   143/    6 dest_loss=0.051543 future_loss=0.044793 offset_loss=0.056856 kld=0.028465 cd=-0.199341 en_pos=6.647663 en_neg=6.847004 pcd=True subgoal_reg=0.008707552860471054 
2026-01-20 19:28:53,999 :   149/    6 dest_loss=0.041900 future_loss=0.035813 offset_loss=0.062138 kld=0.029074 cd=-0.056219 en_pos=6.477848 en_neg=6.534068 pcd=True subgoal_reg=0.013003135861197114 
2026-01-20 19:29:09,887 :   155/    6 dest_loss=0.048435 future_loss=0.045578 offset_loss=0.060045 kld=0.030346 cd=0.126785 en_pos=6.790443 en_neg=6.663657 pcd=True subgoal_reg=0.008240263380936407 
2026-01-20 19:29:25,844 :   161/    6 dest_loss=0.040879 future_loss=0.039421 offset_loss=0.063687 kld=0.029124 cd=0.068685 en_pos=6.816127 en_neg=6.747442 pcd=True subgoal_reg=0.008250730410479171 
2026-01-20 19:29:41,768 :   167/    6 dest_loss=0.045895 future_loss=0.038594 offset_loss=0.062681 kld=0.026483 cd=-0.072708 en_pos=6.901065 en_neg=6.973773 pcd=True subgoal_reg=0.00893034961355732 
2026-01-20 19:29:57,606 :   173/    6 dest_loss=0.053602 future_loss=0.040827 offset_loss=0.067413 kld=0.027661 cd=-0.222744 en_pos=6.811608 en_neg=7.034352 pcd=True subgoal_reg=0.010725164475711702 
2026-01-20 19:30:13,275 :   179/    6 dest_loss=0.034443 future_loss=0.035773 offset_loss=0.050888 kld=0.030064 cd=0.353137 en_pos=6.993004 en_neg=6.639867 pcd=True subgoal_reg=0.009780194359659527 
2026-01-20 19:30:29,100 :   185/    6 dest_loss=0.034190 future_loss=0.036431 offset_loss=0.052921 kld=0.028646 cd=-0.055830 en_pos=6.822325 en_neg=6.878155 pcd=True subgoal_reg=0.006233796941864736 
2026-01-20 19:30:44,993 :   191/    6 dest_loss=0.042423 future_loss=0.044175 offset_loss=0.051023 kld=0.031003 cd=0.095575 en_pos=6.889679 en_neg=6.794104 pcd=True subgoal_reg=0.006873306902009758 
2026-01-20 19:31:00,904 :   197/    6 dest_loss=0.042698 future_loss=0.039172 offset_loss=0.058914 kld=0.026618 cd=0.115337 en_pos=6.776333 en_neg=6.660996 pcd=True subgoal_reg=0.009542206271701058 
2026-01-20 19:31:16,780 :   203/    6 dest_loss=0.042709 future_loss=0.041691 offset_loss=0.059955 kld=0.027917 cd=-0.070458 en_pos=6.912783 en_neg=6.983241 pcd=True subgoal_reg=0.006432494465048556 
2026-01-20 19:31:32,719 :   209/    6 dest_loss=0.045936 future_loss=0.043762 offset_loss=0.056257 kld=0.030108 cd=0.292768 en_pos=6.973425 en_neg=6.680657 pcd=True subgoal_reg=0.007166607060416171 
2026-01-20 19:31:48,740 :   215/    6 dest_loss=0.040315 future_loss=0.041751 offset_loss=0.053007 kld=0.031379 cd=0.019683 en_pos=6.815605 en_neg=6.795922 pcd=True subgoal_reg=0.00693049004746538 
2026-01-20 19:32:04,854 :   221/    6 dest_loss=0.086040 future_loss=0.069165 offset_loss=0.068517 kld=0.031722 cd=0.008468 en_pos=6.813222 en_neg=6.804753 pcd=True subgoal_reg=0.008430637009461103 
2026-01-20 19:32:20,759 :   227/    6 dest_loss=0.055811 future_loss=0.045119 offset_loss=0.053886 kld=0.025911 cd=0.021025 en_pos=6.707568 en_neg=6.686543 pcd=True subgoal_reg=0.017119238438879036 
2026-01-20 19:32:36,642 :   233/    6 dest_loss=0.079297 future_loss=0.044617 offset_loss=0.115704 kld=0.028398 cd=0.093651 en_pos=6.827755 en_neg=6.734104 pcd=True subgoal_reg=0.009788464051341608 
2026-01-20 19:32:52,571 :   239/    6 dest_loss=0.038473 future_loss=0.046654 offset_loss=0.043653 kld=0.030069 cd=-0.420585 en_pos=6.638928 en_neg=7.059512 pcd=True subgoal_reg=0.008285322953908292 
2026-01-20 19:33:08,461 :   245/    6 dest_loss=0.045178 future_loss=0.044506 offset_loss=0.060697 kld=0.027303 cd=-0.147639 en_pos=6.715272 en_neg=6.862911 pcd=True subgoal_reg=0.009739946670709768 
2026-01-20 19:33:24,454 :   251/    6 dest_loss=0.055102 future_loss=0.041296 offset_loss=0.061555 kld=0.028758 cd=-0.178820 en_pos=6.792008 en_neg=6.970827 pcd=True subgoal_reg=0.008773949149912622 
2026-01-20 19:33:40,187 :   257/    6 dest_loss=0.222414 future_loss=0.211175 offset_loss=0.081961 kld=0.038724 cd=-0.100365 en_pos=6.757743 en_neg=6.858108 pcd=True subgoal_reg=0.012339384964032935 
2026-01-20 19:33:56,234 :   263/    6 dest_loss=0.124762 future_loss=0.125600 offset_loss=0.100535 kld=0.029615 cd=0.109723 en_pos=6.852607 en_neg=6.742885 pcd=True subgoal_reg=0.009212582926304511 
2026-01-20 19:34:12,090 :   269/    6 dest_loss=0.048382 future_loss=0.038065 offset_loss=0.076135 kld=0.030176 cd=-0.118001 en_pos=6.714922 en_neg=6.832923 pcd=True subgoal_reg=0.0067624886303475525 
2026-01-20 19:34:28,689 :   275/    6 dest_loss=0.060061 future_loss=0.053953 offset_loss=0.057532 kld=0.029334 cd=0.090845 en_pos=6.924014 en_neg=6.833170 pcd=True subgoal_reg=0.0077286172836821135 
2026-01-20 19:34:44,878 :   281/    6 dest_loss=0.231369 future_loss=0.179979 offset_loss=0.165429 kld=0.032626 cd=0.144976 en_pos=6.795879 en_neg=6.650903 pcd=True subgoal_reg=0.010949057619306576 
2026-01-20 19:35:00,753 :   287/    6 dest_loss=0.069997 future_loss=0.043943 offset_loss=0.129435 kld=0.026830 cd=0.134849 en_pos=7.021884 en_neg=6.887035 pcd=True subgoal_reg=0.009571655801406894 
2026-01-20 19:35:16,668 :   293/    6 dest_loss=0.050138 future_loss=0.053779 offset_loss=0.045833 kld=0.028610 cd=0.034487 en_pos=6.922839 en_neg=6.888352 pcd=True subgoal_reg=0.009737132152783774 
2026-01-20 19:35:32,520 :   299/    6 dest_loss=0.054922 future_loss=0.056118 offset_loss=0.052494 kld=0.027247 cd=-0.083566 en_pos=6.634842 en_neg=6.718407 pcd=True subgoal_reg=0.008307494211918664 
2026-01-20 19:35:48,449 :   305/    6 dest_loss=0.122484 future_loss=0.076438 offset_loss=0.171983 kld=0.028531 cd=-0.056384 en_pos=6.883744 en_neg=6.940128 pcd=True subgoal_reg=0.010239698284571282 
2026-01-20 19:36:04,399 :   311/    6 dest_loss=0.224243 future_loss=0.154038 offset_loss=0.186232 kld=0.032325 cd=0.001229 en_pos=6.853773 en_neg=6.852544 pcd=True subgoal_reg=0.007612572377740352 
2026-01-20 19:36:20,323 :   317/    6 dest_loss=0.043324 future_loss=0.045093 offset_loss=0.048761 kld=0.025735 cd=-0.271306 en_pos=6.842685 en_neg=7.113992 pcd=True subgoal_reg=0.009502812150183906 
2026-01-20 19:36:36,249 :   323/    6 dest_loss=0.044350 future_loss=0.045931 offset_loss=0.050108 kld=0.028447 cd=-0.135984 en_pos=6.701691 en_neg=6.837675 pcd=True subgoal_reg=0.0073086501287058635 
2026-01-20 19:36:52,235 :   329/    6 dest_loss=0.105869 future_loss=0.077067 offset_loss=0.094394 kld=0.028787 cd=0.152451 en_pos=6.865511 en_neg=6.713060 pcd=True subgoal_reg=0.005969510805614432 
2026-01-20 19:37:08,008 :   335/    6 dest_loss=0.048524 future_loss=0.044346 offset_loss=0.056116 kld=0.028538 cd=-0.104661 en_pos=6.543418 en_neg=6.648080 pcd=True subgoal_reg=0.010627000205681865 
2026-01-20 19:37:23,958 :   341/    6 dest_loss=0.154099 future_loss=0.109510 offset_loss=0.148241 kld=0.029957 cd=0.005506 en_pos=6.982749 en_neg=6.977244 pcd=True subgoal_reg=0.005309484948773915 
2026-01-20 19:37:39,992 :   347/    6 dest_loss=0.194150 future_loss=0.214844 offset_loss=0.057615 kld=0.033968 cd=-0.073754 en_pos=6.704593 en_neg=6.778347 pcd=True subgoal_reg=0.006119869756403698 
2026-01-20 19:37:55,910 :   353/    6 dest_loss=0.046307 future_loss=0.040025 offset_loss=0.061488 kld=0.026236 cd=-0.280992 en_pos=6.629038 en_neg=6.910029 pcd=True subgoal_reg=0.008930587163921916 
2026-01-20 19:38:11,829 :   359/    6 dest_loss=0.049838 future_loss=0.042519 offset_loss=0.057867 kld=0.028534 cd=0.152686 en_pos=6.891904 en_neg=6.739218 pcd=True subgoal_reg=0.0060332872756449695 
2026-01-20 19:38:27,763 :   365/    6 dest_loss=0.040433 future_loss=0.045245 offset_loss=0.043425 kld=0.027048 cd=0.148232 en_pos=6.956292 en_neg=6.808060 pcd=True subgoal_reg=0.011614261478337757 
2026-01-20 19:38:43,697 :   371/    6 dest_loss=0.043568 future_loss=0.037328 offset_loss=0.059390 kld=0.027457 cd=0.063964 en_pos=6.867369 en_neg=6.803406 pcd=True subgoal_reg=0.005088524910001332 
2026-01-20 19:38:59,690 :   377/    6 dest_loss=0.040470 future_loss=0.046300 offset_loss=0.039130 kld=0.028974 cd=0.009479 en_pos=6.915117 en_neg=6.905637 pcd=True subgoal_reg=0.005661524012296638 
2026-01-20 19:39:15,639 :   383/    6 dest_loss=0.043302 future_loss=0.037593 offset_loss=0.062206 kld=0.028930 cd=0.097317 en_pos=6.778585 en_neg=6.681268 pcd=True subgoal_reg=0.009661890451095511 
2026-01-20 19:39:31,586 :   389/    6 dest_loss=0.047203 future_loss=0.039254 offset_loss=0.057214 kld=0.026970 cd=-0.145926 en_pos=6.676662 en_neg=6.822587 pcd=True subgoal_reg=0.00524190702034464 
2026-01-20 19:39:47,529 :   395/    6 dest_loss=0.051507 future_loss=0.042383 offset_loss=0.061152 kld=0.031031 cd=0.232504 en_pos=7.015262 en_neg=6.782758 pcd=True subgoal_reg=0.008582967542335377 
2026-01-20 19:40:03,448 :   401/    6 dest_loss=0.037551 future_loss=0.032366 offset_loss=0.061406 kld=0.024879 cd=-0.071874 en_pos=6.614938 en_neg=6.686812 pcd=True subgoal_reg=0.006526059806397979 
2026-01-20 19:40:19,358 :   407/    6 dest_loss=0.044689 future_loss=0.032207 offset_loss=0.075318 kld=0.027387 cd=-0.164665 en_pos=6.773076 en_neg=6.937741 pcd=True subgoal_reg=0.006814525965630728 
2026-01-20 19:40:35,132 :   413/    6 dest_loss=0.034289 future_loss=0.036472 offset_loss=0.047193 kld=0.028081 cd=0.105393 en_pos=6.907953 en_neg=6.802560 pcd=True subgoal_reg=0.005781935881281239 
2026-01-20 19:40:51,123 :   419/    6 dest_loss=0.049957 future_loss=0.050118 offset_loss=0.049231 kld=0.028378 cd=0.027423 en_pos=6.810779 en_neg=6.783356 pcd=True subgoal_reg=0.004625943268240354 
2026-01-20 19:41:06,981 :   425/    6 dest_loss=0.040194 future_loss=0.041321 offset_loss=0.049257 kld=0.027686 cd=-0.131043 en_pos=6.624843 en_neg=6.755886 pcd=True subgoal_reg=0.0069528226675887456 
2026-01-20 19:41:22,901 :   431/    6 dest_loss=0.036833 future_loss=0.035932 offset_loss=0.049911 kld=0.028927 cd=-0.215474 en_pos=6.626469 en_neg=6.841943 pcd=True subgoal_reg=0.007159359524038353 
2026-01-20 19:41:38,779 :   437/    6 dest_loss=0.038808 future_loss=0.039927 offset_loss=0.050435 kld=0.026441 cd=-0.090003 en_pos=6.853937 en_neg=6.943940 pcd=True subgoal_reg=0.007015504610942013 
2026-01-20 19:41:54,680 :   443/    6 dest_loss=0.038867 future_loss=0.034819 offset_loss=0.056689 kld=0.029284 cd=-0.038431 en_pos=6.894422 en_neg=6.932854 pcd=True subgoal_reg=0.00716872585628932 
2026-01-20 19:42:10,589 :   449/    6 dest_loss=0.039665 future_loss=0.035349 offset_loss=0.057161 kld=0.029667 cd=-0.035576 en_pos=6.970376 en_neg=7.005953 pcd=True subgoal_reg=0.0055659328424508625 
2026-01-20 19:42:26,435 :   455/    6 dest_loss=0.038303 future_loss=0.036123 offset_loss=0.054699 kld=0.026330 cd=0.099875 en_pos=6.797592 en_neg=6.697717 pcd=True subgoal_reg=0.007403688850647006 
2026-01-20 19:42:42,387 :   461/    6 dest_loss=0.045171 future_loss=0.041257 offset_loss=0.052600 kld=0.028362 cd=-0.068217 en_pos=6.726727 en_neg=6.794944 pcd=True subgoal_reg=0.004915261895764102 
2026-01-20 19:42:58,409 :   467/    6 dest_loss=0.049647 future_loss=0.042600 offset_loss=0.060358 kld=0.029691 cd=-0.029886 en_pos=6.888012 en_neg=6.917898 pcd=True subgoal_reg=0.007143392262310777 
2026-01-20 19:43:14,311 :   473/    6 dest_loss=0.038610 future_loss=0.043034 offset_loss=0.038909 kld=0.026175 cd=-0.167664 en_pos=6.956682 en_neg=7.124346 pcd=True subgoal_reg=0.006019877805778003 
2026-01-20 19:43:30,348 :   479/    6 dest_loss=0.036541 future_loss=0.036529 offset_loss=0.052216 kld=0.026435 cd=-0.049728 en_pos=6.783552 en_neg=6.833280 pcd=True subgoal_reg=0.005380165981176111 
2026-01-20 19:43:46,189 :   485/    6 dest_loss=0.035027 future_loss=0.033132 offset_loss=0.054285 kld=0.028475 cd=0.058538 en_pos=6.806258 en_neg=6.747720 pcd=True subgoal_reg=0.006187056912700933 
2026-01-20 19:44:01,982 :   491/    6 dest_loss=0.044133 future_loss=0.041951 offset_loss=0.054321 kld=0.027563 cd=0.140592 en_pos=6.892620 en_neg=6.752028 pcd=True subgoal_reg=0.005040051424669397 
2026-01-20 19:44:18,309 :   497/    6 dest_loss=0.030293 future_loss=0.033562 offset_loss=0.046665 kld=0.026461 cd=0.020605 en_pos=6.770231 en_neg=6.749625 pcd=True subgoal_reg=0.0059219750546132014 
2026-01-20 19:44:34,792 :   503/    6 dest_loss=0.037212 future_loss=0.035877 offset_loss=0.050834 kld=0.026353 cd=-0.202284 en_pos=6.585168 en_neg=6.787452 pcd=True subgoal_reg=0.0057403592730074365 
2026-01-20 19:44:50,895 :   509/    6 dest_loss=0.044580 future_loss=0.039638 offset_loss=0.060212 kld=0.026865 cd=0.269876 en_pos=6.926148 en_neg=6.656272 pcd=True subgoal_reg=0.005374535104857348 
2026-01-20 19:46:26,159 : Train Loss 133.541055738055
2026-01-20 19:46:26,159 : Overall Loss 27.732012487759587
2026-01-20 19:46:26,159 : Dest Loss 30.973600247177327
2026-01-20 19:46:26,159 : Val ADE 0.19518378871087003
2026-01-20 19:46:26,159 : Val FDE 0.1431600996189674
2026-01-20 19:46:26,159 : Val Best ADE 0.19518378871087003
2026-01-20 19:46:26,160 : Val Best FDE 0.1431600996189674
2026-01-20 19:46:26,160 : ----->learning rate 0.0025
2026-01-20 19:46:42,362 :     5/    7 dest_loss=0.045673 future_loss=0.041939 offset_loss=0.056471 kld=0.030337 cd=0.136227 en_pos=6.806675 en_neg=6.670448 pcd=True subgoal_reg=0.006256463584984188 
2026-01-20 19:46:58,262 :    11/    7 dest_loss=0.033539 future_loss=0.030944 offset_loss=0.055895 kld=0.026294 cd=-0.191537 en_pos=6.918737 en_neg=7.110274 pcd=True subgoal_reg=0.007342509912632322 
2026-01-20 19:47:14,107 :    17/    7 dest_loss=0.059900 future_loss=0.043018 offset_loss=0.067982 kld=0.030647 cd=-0.070372 en_pos=6.799923 en_neg=6.870295 pcd=True subgoal_reg=0.008339836700343911 
2026-01-20 19:47:29,830 :    23/    7 dest_loss=0.092270 future_loss=0.063251 offset_loss=0.160819 kld=0.024675 cd=-0.097565 en_pos=6.738356 en_neg=6.835920 pcd=True subgoal_reg=0.007046261861913511 
2026-01-20 19:47:45,714 :    29/    7 dest_loss=0.161765 future_loss=0.155224 offset_loss=0.122966 kld=0.032428 cd=-0.183993 en_pos=6.725093 en_neg=6.909085 pcd=True subgoal_reg=0.005928685044842121 
2026-01-20 19:48:01,811 :    35/    7 dest_loss=0.057785 future_loss=0.042608 offset_loss=0.069041 kld=0.027513 cd=-0.102308 en_pos=6.624654 en_neg=6.726962 pcd=True subgoal_reg=0.008216756131601891 
2026-01-20 19:48:17,779 :    41/    7 dest_loss=0.053773 future_loss=0.039074 offset_loss=0.060840 kld=0.027169 cd=-0.253157 en_pos=6.751167 en_neg=7.004324 pcd=True subgoal_reg=0.009839386821651612 
2026-01-20 19:48:33,641 :    47/    7 dest_loss=0.037710 future_loss=0.033892 offset_loss=0.049545 kld=0.029669 cd=-0.136366 en_pos=6.839085 en_neg=6.975451 pcd=True subgoal_reg=0.011321435453237891 
2026-01-20 19:48:49,515 :    53/    7 dest_loss=0.042510 future_loss=0.037467 offset_loss=0.058534 kld=0.026715 cd=-0.213802 en_pos=6.680797 en_neg=6.894599 pcd=True subgoal_reg=0.00786079318919632 
2026-01-20 19:49:05,397 :    59/    7 dest_loss=0.153056 future_loss=0.148005 offset_loss=0.090019 kld=0.030153 cd=-0.030606 en_pos=6.795375 en_neg=6.825982 pcd=True subgoal_reg=0.007171446017044725 
2026-01-20 19:49:21,391 :    65/    7 dest_loss=0.119690 future_loss=0.072208 offset_loss=0.194085 kld=0.026996 cd=-0.026000 en_pos=6.747676 en_neg=6.773676 pcd=True subgoal_reg=0.007911648456412354 
2026-01-20 19:49:37,293 :    71/    7 dest_loss=0.043653 future_loss=0.034790 offset_loss=0.062853 kld=0.027006 cd=0.287106 en_pos=6.869264 en_neg=6.582158 pcd=True subgoal_reg=0.00744200769804919 
2026-01-20 19:49:53,249 :    77/    7 dest_loss=0.035523 future_loss=0.031928 offset_loss=0.051438 kld=0.028046 cd=-0.166503 en_pos=6.627514 en_neg=6.794018 pcd=True subgoal_reg=0.007246055476588431 
2026-01-20 19:50:09,153 :    83/    7 dest_loss=0.041655 future_loss=0.036083 offset_loss=0.058550 kld=0.028665 cd=0.118583 en_pos=6.863930 en_neg=6.745348 pcd=True subgoal_reg=0.006996323015393508 
2026-01-20 19:50:25,034 :    89/    7 dest_loss=0.034836 future_loss=0.032160 offset_loss=0.049840 kld=0.027685 cd=-0.030807 en_pos=6.670133 en_neg=6.700940 pcd=True subgoal_reg=0.005623301750260839 
2026-01-20 19:50:40,856 :    95/    7 dest_loss=0.100011 future_loss=0.054612 offset_loss=0.173064 kld=0.028688 cd=-0.068645 en_pos=6.893570 en_neg=6.962215 pcd=True subgoal_reg=0.00871265041360078 
2026-01-20 19:50:56,805 :   101/    7 dest_loss=0.037791 future_loss=0.039705 offset_loss=0.040708 kld=0.027730 cd=-0.044878 en_pos=6.790777 en_neg=6.835655 pcd=True subgoal_reg=0.005889983436339296 
2026-01-20 19:51:12,983 :   107/    7 dest_loss=0.044561 future_loss=0.047208 offset_loss=0.041900 kld=0.026303 cd=0.155115 en_pos=6.994588 en_neg=6.839473 pcd=True subgoal_reg=0.007039705900160833 
2026-01-20 19:51:28,912 :   113/    7 dest_loss=0.152136 future_loss=0.132192 offset_loss=0.117661 kld=0.031424 cd=-0.166730 en_pos=6.693697 en_neg=6.860427 pcd=True subgoal_reg=0.006451965377151788 
2026-01-20 19:51:44,811 :   119/    7 dest_loss=0.038191 future_loss=0.037235 offset_loss=0.050967 kld=0.025867 cd=-0.162461 en_pos=6.661861 en_neg=6.824322 pcd=True subgoal_reg=0.006245268658599574 
2026-01-20 19:52:00,815 :   125/    7 dest_loss=0.036101 future_loss=0.035806 offset_loss=0.049704 kld=0.029162 cd=0.106942 en_pos=6.779317 en_neg=6.672375 pcd=True subgoal_reg=0.006818536086729962 
2026-01-20 19:52:16,724 :   131/    7 dest_loss=0.057881 future_loss=0.047461 offset_loss=0.065341 kld=0.026490 cd=0.404230 en_pos=6.920827 en_neg=6.516597 pcd=True subgoal_reg=0.0051010820530671425 
2026-01-20 19:52:32,663 :   137/    7 dest_loss=0.054194 future_loss=0.045511 offset_loss=0.056170 kld=0.029357 cd=-0.216756 en_pos=6.739756 en_neg=6.956513 pcd=True subgoal_reg=0.006885471422618923 
2026-01-20 19:52:48,561 :   143/    7 dest_loss=0.036327 future_loss=0.036748 offset_loss=0.051131 kld=0.025995 cd=0.330286 en_pos=7.108728 en_neg=6.778442 pcd=True subgoal_reg=0.00701989713752334 
2026-01-20 19:53:04,529 :   149/    7 dest_loss=0.044481 future_loss=0.042293 offset_loss=0.048167 kld=0.027927 cd=-0.051872 en_pos=6.656215 en_neg=6.708086 pcd=True subgoal_reg=0.004567529106671422 
2026-01-20 19:53:20,489 :   155/    7 dest_loss=0.043525 future_loss=0.037239 offset_loss=0.053620 kld=0.025491 cd=-0.058328 en_pos=6.689744 en_neg=6.748071 pcd=True subgoal_reg=0.010389672204422908 
2026-01-20 19:53:36,451 :   161/    7 dest_loss=0.034422 future_loss=0.032947 offset_loss=0.045377 kld=0.028094 cd=0.316678 en_pos=6.774649 en_neg=6.457971 pcd=True subgoal_reg=0.006409456559819919 
2026-01-20 19:53:52,563 :   167/    7 dest_loss=0.043019 future_loss=0.040798 offset_loss=0.047053 kld=0.027309 cd=0.032853 en_pos=6.938608 en_neg=6.905755 pcd=True subgoal_reg=0.007004385970442901 
2026-01-20 19:54:08,376 :   173/    7 dest_loss=0.032341 future_loss=0.032741 offset_loss=0.045684 kld=0.027357 cd=0.074084 en_pos=6.798463 en_neg=6.724378 pcd=True subgoal_reg=0.0067719172852849984 
2026-01-20 19:54:24,918 :   179/    7 dest_loss=0.042442 future_loss=0.038336 offset_loss=0.053491 kld=0.026255 cd=0.060754 en_pos=6.880531 en_neg=6.819778 pcd=True subgoal_reg=0.005134914509788309 
2026-01-20 19:54:41,159 :   185/    7 dest_loss=0.038838 future_loss=0.033199 offset_loss=0.051912 kld=0.027573 cd=0.146616 en_pos=6.687194 en_neg=6.540577 pcd=True subgoal_reg=0.007755760879332948 
2026-01-20 19:54:57,124 :   191/    7 dest_loss=0.056935 future_loss=0.047618 offset_loss=0.043096 kld=0.027873 cd=-0.198173 en_pos=6.727538 en_neg=6.925711 pcd=True subgoal_reg=0.005594244799760154 
2026-01-20 19:55:13,088 :   197/    7 dest_loss=0.047810 future_loss=0.048717 offset_loss=0.044750 kld=0.025463 cd=0.055890 en_pos=6.756629 en_neg=6.700739 pcd=True subgoal_reg=0.008090840728105647 
2026-01-20 19:55:28,996 :   203/    7 dest_loss=0.041160 future_loss=0.041571 offset_loss=0.042503 kld=0.029416 cd=0.089850 en_pos=6.784694 en_neg=6.694844 pcd=True subgoal_reg=0.007646433017819872 
2026-01-20 19:55:44,873 :   209/    7 dest_loss=0.054258 future_loss=0.045401 offset_loss=0.055976 kld=0.025535 cd=-0.035368 en_pos=6.469431 en_neg=6.504799 pcd=True subgoal_reg=0.00732514485354804 
2026-01-20 19:56:00,735 :   215/    7 dest_loss=0.046224 future_loss=0.042517 offset_loss=0.058554 kld=0.027252 cd=0.063698 en_pos=6.821602 en_neg=6.757904 pcd=True subgoal_reg=0.008974998975683553 
2026-01-20 19:56:16,624 :   221/    7 dest_loss=0.047473 future_loss=0.040244 offset_loss=0.058444 kld=0.027016 cd=-0.021488 en_pos=6.653116 en_neg=6.674604 pcd=True subgoal_reg=0.005559151414289692 
2026-01-20 19:56:32,513 :   227/    7 dest_loss=0.037986 future_loss=0.031663 offset_loss=0.056755 kld=0.027581 cd=-0.271276 en_pos=6.651975 en_neg=6.923252 pcd=True subgoal_reg=0.009330005536052847 
2026-01-20 19:56:48,439 :   233/    7 dest_loss=0.037237 future_loss=0.034520 offset_loss=0.053300 kld=0.029865 cd=-0.031092 en_pos=6.696633 en_neg=6.727725 pcd=True subgoal_reg=0.0047547910349282005 
2026-01-20 19:57:04,568 :   239/    7 dest_loss=0.043106 future_loss=0.040863 offset_loss=0.046779 kld=0.028136 cd=0.191785 en_pos=6.927316 en_neg=6.735531 pcd=True subgoal_reg=0.005933517584013104 
2026-01-20 19:57:20,454 :   245/    7 dest_loss=0.090660 future_loss=0.091044 offset_loss=0.080837 kld=0.029054 cd=0.114235 en_pos=6.727173 en_neg=6.612938 pcd=True subgoal_reg=0.006832065013228232 
2026-01-20 19:57:36,110 :   251/    7 dest_loss=0.035186 future_loss=0.031174 offset_loss=0.054456 kld=0.027427 cd=-0.015888 en_pos=6.771543 en_neg=6.787432 pcd=True subgoal_reg=0.006053649958308102 
2026-01-20 19:57:51,994 :   257/    7 dest_loss=0.216935 future_loss=0.174850 offset_loss=0.127422 kld=0.031647 cd=0.076760 en_pos=6.902030 en_neg=6.825270 pcd=True subgoal_reg=0.006212426122821298 
2026-01-20 19:58:07,826 :   263/    7 dest_loss=0.052676 future_loss=0.035521 offset_loss=0.070203 kld=0.027087 cd=-0.080461 en_pos=6.669502 en_neg=6.749963 pcd=True subgoal_reg=0.006817907215588614 
2026-01-20 19:58:23,632 :   269/    7 dest_loss=0.045220 future_loss=0.037346 offset_loss=0.060726 kld=0.028606 cd=-0.093303 en_pos=6.828372 en_neg=6.921675 pcd=True subgoal_reg=0.007571541102129359 
2026-01-20 19:58:39,502 :   275/    7 dest_loss=0.039228 future_loss=0.033442 offset_loss=0.048996 kld=0.025115 cd=-0.047403 en_pos=6.769385 en_neg=6.816788 pcd=True subgoal_reg=0.005921529009884725 
2026-01-20 19:58:55,384 :   281/    7 dest_loss=0.048342 future_loss=0.042435 offset_loss=0.057395 kld=0.029478 cd=0.089459 en_pos=6.700229 en_neg=6.610770 pcd=True subgoal_reg=0.005021353360774394 
2026-01-20 19:59:11,327 :   287/    7 dest_loss=0.041065 future_loss=0.039810 offset_loss=0.048314 kld=0.025781 cd=-0.231256 en_pos=6.735221 en_neg=6.966477 pcd=True subgoal_reg=0.006833099181660891 
2026-01-20 19:59:27,317 :   293/    7 dest_loss=0.039529 future_loss=0.036074 offset_loss=0.046385 kld=0.028724 cd=0.336322 en_pos=6.696389 en_neg=6.360067 pcd=True subgoal_reg=0.00554324242762586 
2026-01-20 19:59:43,205 :   299/    7 dest_loss=0.037455 future_loss=0.035969 offset_loss=0.046696 kld=0.026228 cd=-0.097280 en_pos=6.752428 en_neg=6.849707 pcd=True subgoal_reg=0.006390019096331734 
2026-01-20 19:59:59,147 :   305/    7 dest_loss=0.039235 future_loss=0.036411 offset_loss=0.046203 kld=0.028483 cd=0.122660 en_pos=6.822486 en_neg=6.699827 pcd=True subgoal_reg=0.005792117514011087 
2026-01-20 20:00:15,074 :   311/    7 dest_loss=0.040534 future_loss=0.036554 offset_loss=0.048844 kld=0.027301 cd=0.114828 en_pos=6.911231 en_neg=6.796404 pcd=True subgoal_reg=0.00634842402151305 
2026-01-20 20:00:30,950 :   317/    7 dest_loss=0.035861 future_loss=0.034231 offset_loss=0.048045 kld=0.027036 cd=0.099304 en_pos=6.940186 en_neg=6.840882 pcd=True subgoal_reg=0.006206290610957893 
2026-01-20 20:00:46,827 :   323/    7 dest_loss=0.053526 future_loss=0.041177 offset_loss=0.056389 kld=0.025460 cd=0.303003 en_pos=6.945518 en_neg=6.642516 pcd=True subgoal_reg=0.006966332476768792 
2026-01-20 20:01:02,523 :   329/    7 dest_loss=0.062906 future_loss=0.042430 offset_loss=0.057355 kld=0.031102 cd=0.000160 en_pos=6.816987 en_neg=6.816827 pcd=True subgoal_reg=0.010889113456333045 
2026-01-20 20:01:18,415 :   335/    7 dest_loss=0.039568 future_loss=0.032968 offset_loss=0.050264 kld=0.025509 cd=0.031709 en_pos=6.740236 en_neg=6.708527 pcd=True subgoal_reg=0.009608004403583476 
2026-01-20 20:01:34,260 :   341/    7 dest_loss=0.040985 future_loss=0.037761 offset_loss=0.041729 kld=0.027181 cd=-0.001939 en_pos=6.779933 en_neg=6.781872 pcd=True subgoal_reg=0.005813699087867469 
2026-01-20 20:01:50,293 :   347/    7 dest_loss=0.173807 future_loss=0.084929 offset_loss=0.240613 kld=0.029580 cd=0.134156 en_pos=6.867209 en_neg=6.733054 pcd=True subgoal_reg=0.013208493697787213 
2026-01-20 20:02:06,243 :   353/    7 dest_loss=0.054974 future_loss=0.049633 offset_loss=0.045575 kld=0.025585 cd=0.006908 en_pos=6.632669 en_neg=6.625762 pcd=True subgoal_reg=0.008545669354423531 
2026-01-20 20:02:22,198 :   359/    7 dest_loss=0.095183 future_loss=0.088454 offset_loss=0.069576 kld=0.028221 cd=-0.309545 en_pos=6.637115 en_neg=6.946660 pcd=True subgoal_reg=0.010673973633694473 
2026-01-20 20:02:38,157 :   365/    7 dest_loss=0.167534 future_loss=0.135282 offset_loss=0.110914 kld=0.030942 cd=-0.190750 en_pos=6.745929 en_neg=6.936679 pcd=True subgoal_reg=0.005352439870312833 
2026-01-20 20:02:54,168 :   371/    7 dest_loss=0.042085 future_loss=0.041697 offset_loss=0.048738 kld=0.026072 cd=-0.176736 en_pos=6.619544 en_neg=6.796280 pcd=True subgoal_reg=0.0059999523876559475 
2026-01-20 20:03:10,235 :   377/    7 dest_loss=0.044433 future_loss=0.037597 offset_loss=0.057172 kld=0.026456 cd=-0.121494 en_pos=6.784689 en_neg=6.906183 pcd=True subgoal_reg=0.007371706859067427 
2026-01-20 20:03:26,209 :   383/    7 dest_loss=0.051122 future_loss=0.045811 offset_loss=0.046891 kld=0.029025 cd=0.106840 en_pos=6.960176 en_neg=6.853336 pcd=True subgoal_reg=0.004550045182267152 
2026-01-20 20:03:42,201 :   389/    7 dest_loss=0.037586 future_loss=0.035936 offset_loss=0.045417 kld=0.026317 cd=0.080394 en_pos=6.691536 en_neg=6.611142 pcd=True subgoal_reg=0.008874469266057176 
2026-01-20 20:03:58,139 :   395/    7 dest_loss=0.084935 future_loss=0.042468 offset_loss=0.135989 kld=0.029188 cd=-0.165349 en_pos=6.764546 en_neg=6.929896 pcd=True subgoal_reg=0.005211488160042571 
2026-01-20 20:04:14,346 :   401/    7 dest_loss=0.042078 future_loss=0.041503 offset_loss=0.043182 kld=0.026802 cd=0.049149 en_pos=6.692606 en_neg=6.643458 pcd=True subgoal_reg=0.004844323739309811 
2026-01-20 20:04:30,791 :   407/    7 dest_loss=0.097835 future_loss=0.059633 offset_loss=0.123630 kld=0.024708 cd=0.120796 en_pos=6.771732 en_neg=6.650936 pcd=True subgoal_reg=0.007686959605790385 
2026-01-20 20:04:46,814 :   413/    7 dest_loss=0.033516 future_loss=0.032376 offset_loss=0.044118 kld=0.026810 cd=-0.105590 en_pos=6.742905 en_neg=6.848495 pcd=True subgoal_reg=0.00557954944262308 
2026-01-20 20:05:02,820 :   419/    7 dest_loss=0.046711 future_loss=0.041434 offset_loss=0.051475 kld=0.027988 cd=0.013150 en_pos=6.771629 en_neg=6.758479 pcd=True subgoal_reg=0.005973727514882202 
2026-01-20 20:05:18,729 :   425/    7 dest_loss=0.038305 future_loss=0.037772 offset_loss=0.039685 kld=0.026012 cd=0.020231 en_pos=6.655557 en_neg=6.635327 pcd=True subgoal_reg=0.0043659217719782765 
2026-01-20 20:05:34,675 :   431/    7 dest_loss=0.052015 future_loss=0.036447 offset_loss=0.058260 kld=0.027602 cd=-0.021924 en_pos=6.798342 en_neg=6.820266 pcd=True subgoal_reg=0.011103231155082027 
2026-01-20 20:05:50,604 :   437/    7 dest_loss=0.031517 future_loss=0.026800 offset_loss=0.057110 kld=0.027039 cd=0.197534 en_pos=6.800678 en_neg=6.603144 pcd=True subgoal_reg=0.004749734534415516 
2026-01-20 20:06:06,628 :   443/    7 dest_loss=0.045010 future_loss=0.034946 offset_loss=0.052960 kld=0.027495 cd=0.089639 en_pos=6.782779 en_neg=6.693140 pcd=True subgoal_reg=0.010347794007660345 
2026-01-20 20:06:22,553 :   449/    7 dest_loss=0.087579 future_loss=0.054080 offset_loss=0.116611 kld=0.025681 cd=-0.148562 en_pos=6.709495 en_neg=6.858057 pcd=True subgoal_reg=0.005613548150495017 
2026-01-20 20:06:38,589 :   455/    7 dest_loss=0.053288 future_loss=0.048629 offset_loss=0.037139 kld=0.025394 cd=0.003349 en_pos=6.825518 en_neg=6.822168 pcd=True subgoal_reg=0.0038836321185223253 
2026-01-20 20:06:54,539 :   461/    7 dest_loss=0.049111 future_loss=0.034555 offset_loss=0.057331 kld=0.029499 cd=-0.101519 en_pos=6.733565 en_neg=6.835084 pcd=True subgoal_reg=0.012940256071644759 
2026-01-20 20:07:10,507 :   467/    7 dest_loss=0.056044 future_loss=0.042131 offset_loss=0.063671 kld=0.030566 cd=-0.043795 en_pos=6.998198 en_neg=7.041993 pcd=True subgoal_reg=0.006763290251786992 
2026-01-20 20:07:26,382 :   473/    7 dest_loss=0.045687 future_loss=0.036306 offset_loss=0.056545 kld=0.028352 cd=-0.372948 en_pos=6.593785 en_neg=6.966733 pcd=True subgoal_reg=0.0075901193670736816 
2026-01-20 20:07:42,339 :   479/    7 dest_loss=0.038933 future_loss=0.030993 offset_loss=0.055905 kld=0.028101 cd=0.037081 en_pos=6.932459 en_neg=6.895378 pcd=True subgoal_reg=0.006031298893012118 
2026-01-20 20:07:58,153 :   485/    7 dest_loss=0.103589 future_loss=0.062612 offset_loss=0.123051 kld=0.027658 cd=0.025656 en_pos=6.740841 en_neg=6.715184 pcd=True subgoal_reg=0.006242307618021951 
2026-01-20 20:08:14,032 :   491/    7 dest_loss=0.036557 future_loss=0.035218 offset_loss=0.039883 kld=0.028318 cd=0.000261 en_pos=6.683730 en_neg=6.683469 pcd=True subgoal_reg=0.007817720297740704 
2026-01-20 20:08:29,964 :   497/    7 dest_loss=0.038415 future_loss=0.036298 offset_loss=0.045140 kld=0.029086 cd=-0.014133 en_pos=6.605101 en_neg=6.619235 pcd=True subgoal_reg=0.005946319806480587 
2026-01-20 20:08:45,898 :   503/    7 dest_loss=0.078213 future_loss=0.063714 offset_loss=0.107202 kld=0.028672 cd=0.083293 en_pos=6.871247 en_neg=6.787953 pcd=True subgoal_reg=0.004977228055546308 
2026-01-20 20:09:01,805 :   509/    7 dest_loss=0.079066 future_loss=0.070608 offset_loss=0.062427 kld=0.026341 cd=-0.052326 en_pos=6.648180 en_neg=6.700507 pcd=True subgoal_reg=0.007180141515331209 
2026-01-20 20:10:37,060 : Train Loss 119.53297861569551
2026-01-20 20:10:37,060 : Overall Loss 25.32105046068844
2026-01-20 20:10:37,060 : Dest Loss 29.006566906868667
2026-01-20 20:10:37,061 : Val ADE 0.2042693958772763
2026-01-20 20:10:37,061 : Val FDE 0.18154371472573258
2026-01-20 20:10:37,061 : Val Best ADE 0.19518378871087003
2026-01-20 20:10:37,061 : Val Best FDE 0.1431600996189674
2026-01-20 20:10:37,061 : ----->learning rate 0.0025
2026-01-20 20:10:53,300 :     5/    8 dest_loss=0.043218 future_loss=0.036451 offset_loss=0.050213 kld=0.030152 cd=0.093699 en_pos=6.706008 en_neg=6.612310 pcd=True subgoal_reg=0.004743808492952247 
2026-01-20 20:11:09,206 :    11/    8 dest_loss=0.034996 future_loss=0.033713 offset_loss=0.038261 kld=0.024307 cd=-0.022355 en_pos=6.622121 en_neg=6.644477 pcd=True subgoal_reg=0.005229507766850362 
2026-01-20 20:11:25,091 :    17/    8 dest_loss=0.040178 future_loss=0.037842 offset_loss=0.043765 kld=0.025625 cd=-0.116316 en_pos=6.691081 en_neg=6.807398 pcd=True subgoal_reg=0.006519081444766199 
2026-01-20 20:11:41,008 :    23/    8 dest_loss=0.036524 future_loss=0.036098 offset_loss=0.036903 kld=0.027597 cd=0.233695 en_pos=6.847374 en_neg=6.613680 pcd=True subgoal_reg=0.004560064128729683 
2026-01-20 20:11:56,920 :    29/    8 dest_loss=0.138085 future_loss=0.124752 offset_loss=0.066622 kld=0.029647 cd=-0.026711 en_pos=6.811774 en_neg=6.838484 pcd=True subgoal_reg=0.005288406649671307 
2026-01-20 20:12:12,722 :    35/    8 dest_loss=0.038043 future_loss=0.036498 offset_loss=0.041077 kld=0.024118 cd=0.129230 en_pos=6.822472 en_neg=6.693242 pcd=True subgoal_reg=0.006862629589852134 
2026-01-20 20:12:28,648 :    41/    8 dest_loss=0.035870 future_loss=0.034551 offset_loss=0.042986 kld=0.026815 cd=-0.063435 en_pos=6.674040 en_neg=6.737475 pcd=True subgoal_reg=0.005298155554720203 
2026-01-20 20:12:44,576 :    47/    8 dest_loss=0.036527 future_loss=0.034975 offset_loss=0.037801 kld=0.025767 cd=-0.230994 en_pos=6.443438 en_neg=6.674432 pcd=True subgoal_reg=0.004781871107913132 
2026-01-20 20:13:00,618 :    53/    8 dest_loss=0.162424 future_loss=0.160814 offset_loss=0.097027 kld=0.030065 cd=-0.022981 en_pos=6.598357 en_neg=6.621338 pcd=True subgoal_reg=0.005983239693169719 
2026-01-20 20:13:16,503 :    59/    8 dest_loss=0.078660 future_loss=0.050397 offset_loss=0.126640 kld=0.025927 cd=-0.030516 en_pos=6.868900 en_neg=6.899416 pcd=True subgoal_reg=0.008434761069907471 
2026-01-20 20:13:32,420 :    65/    8 dest_loss=0.040369 future_loss=0.036373 offset_loss=0.047854 kld=0.030093 cd=-0.272606 en_pos=6.853534 en_neg=7.126139 pcd=True subgoal_reg=0.006048508127942075 
2026-01-20 20:13:48,339 :    71/    8 dest_loss=0.148600 future_loss=0.114918 offset_loss=0.129508 kld=0.028427 cd=0.019356 en_pos=6.929579 en_neg=6.910223 pcd=True subgoal_reg=0.006358736444058842 
2026-01-20 20:14:04,269 :    77/    8 dest_loss=0.036425 future_loss=0.032388 offset_loss=0.048577 kld=0.025771 cd=-0.103372 en_pos=6.812957 en_neg=6.916329 pcd=True subgoal_reg=0.005623796193386917 
2026-01-20 20:14:20,635 :    83/    8 dest_loss=0.036054 future_loss=0.029431 offset_loss=0.054206 kld=0.025736 cd=-0.003218 en_pos=6.723400 en_neg=6.726618 pcd=True subgoal_reg=0.005556115232612472 
2026-01-20 20:14:36,997 :    89/    8 dest_loss=0.033893 future_loss=0.030559 offset_loss=0.046563 kld=0.027207 cd=0.128089 en_pos=6.785422 en_neg=6.657334 pcd=True subgoal_reg=0.004403796846329174 
2026-01-20 20:14:52,890 :    95/    8 dest_loss=0.039425 future_loss=0.034534 offset_loss=0.048509 kld=0.028614 cd=0.118582 en_pos=6.823868 en_neg=6.705286 pcd=True subgoal_reg=0.005214708696581133 
2026-01-20 20:15:08,774 :   101/    8 dest_loss=0.038369 future_loss=0.035688 offset_loss=0.043675 kld=0.025667 cd=-0.013017 en_pos=6.683207 en_neg=6.696224 pcd=True subgoal_reg=0.0050582522555661005 
2026-01-20 20:15:24,823 :   107/    8 dest_loss=0.038734 future_loss=0.035320 offset_loss=0.041955 kld=0.024764 cd=0.415931 en_pos=7.003756 en_neg=6.587825 pcd=True subgoal_reg=0.005459858366319718 
2026-01-20 20:15:40,527 :   113/    8 dest_loss=0.028818 future_loss=0.029579 offset_loss=0.037445 kld=0.025470 cd=-0.042868 en_pos=6.771241 en_neg=6.814109 pcd=True subgoal_reg=0.005323347372599584 
2026-01-20 20:15:56,527 :   119/    8 dest_loss=0.087017 future_loss=0.072826 offset_loss=0.085654 kld=0.025921 cd=-0.061740 en_pos=6.696434 en_neg=6.758174 pcd=True subgoal_reg=0.006773704549890798 
2026-01-20 20:16:12,449 :   125/    8 dest_loss=0.038560 future_loss=0.034014 offset_loss=0.047202 kld=0.025424 cd=-0.079821 en_pos=6.625846 en_neg=6.705667 pcd=True subgoal_reg=0.00473989274425163 
2026-01-20 20:16:28,341 :   131/    8 dest_loss=0.035788 future_loss=0.034474 offset_loss=0.040157 kld=0.028402 cd=-0.143382 en_pos=6.618427 en_neg=6.761809 pcd=True subgoal_reg=0.004791855028431026 
2026-01-20 20:16:44,367 :   137/    8 dest_loss=0.036360 future_loss=0.034220 offset_loss=0.045469 kld=0.028007 cd=0.121805 en_pos=6.776506 en_neg=6.654700 pcd=True subgoal_reg=0.006483547108503899 
2026-01-20 20:17:00,306 :   143/    8 dest_loss=0.042385 future_loss=0.038294 offset_loss=0.036407 kld=0.028213 cd=0.153707 en_pos=6.895008 en_neg=6.741301 pcd=True subgoal_reg=0.00426951937984268 
2026-01-20 20:17:16,255 :   149/    8 dest_loss=0.168265 future_loss=0.113654 offset_loss=0.188268 kld=0.028458 cd=-0.071177 en_pos=6.643636 en_neg=6.714813 pcd=True subgoal_reg=0.005762306251516473 
2026-01-20 20:17:32,134 :   155/    8 dest_loss=0.254086 future_loss=0.200356 offset_loss=0.225062 kld=0.025656 cd=-0.093045 en_pos=6.691810 en_neg=6.784855 pcd=True subgoal_reg=0.007619457774422356 
2026-01-20 20:17:48,084 :   161/    8 dest_loss=0.052638 future_loss=0.041242 offset_loss=0.053966 kld=0.027219 cd=0.206385 en_pos=6.867804 en_neg=6.661419 pcd=True subgoal_reg=0.008125082651229704 
2026-01-20 20:18:04,038 :   167/    8 dest_loss=0.032799 future_loss=0.032558 offset_loss=0.041570 kld=0.026828 cd=0.015327 en_pos=6.800177 en_neg=6.784850 pcd=True subgoal_reg=0.0065858240682107536 
2026-01-20 20:18:19,968 :   173/    8 dest_loss=0.037891 future_loss=0.036221 offset_loss=0.039421 kld=0.026617 cd=0.136960 en_pos=6.683652 en_neg=6.546692 pcd=True subgoal_reg=0.005071869945604535 
2026-01-20 20:18:35,971 :   179/    8 dest_loss=0.030965 future_loss=0.032024 offset_loss=0.040902 kld=0.027810 cd=0.039948 en_pos=6.688587 en_neg=6.648639 pcd=True subgoal_reg=0.005806234472697959 
2026-01-20 20:18:51,881 :   185/    8 dest_loss=0.038462 future_loss=0.026956 offset_loss=0.059570 kld=0.026306 cd=-0.312678 en_pos=6.498561 en_neg=6.811239 pcd=True subgoal_reg=0.006339781614093731 
2026-01-20 20:19:07,689 :   191/    8 dest_loss=0.043785 future_loss=0.039081 offset_loss=0.046008 kld=0.027083 cd=-0.050554 en_pos=6.520175 en_neg=6.570729 pcd=True subgoal_reg=0.004298601539734996 
2026-01-20 20:19:23,576 :   197/    8 dest_loss=0.041525 future_loss=0.036507 offset_loss=0.045068 kld=0.025815 cd=-0.125627 en_pos=6.664101 en_neg=6.789728 pcd=True subgoal_reg=0.0049713495169893445 
2026-01-20 20:19:39,568 :   203/    8 dest_loss=0.173896 future_loss=0.179373 offset_loss=0.117617 kld=0.028169 cd=-0.006035 en_pos=6.652771 en_neg=6.658806 pcd=True subgoal_reg=0.007468247313448034 
2026-01-20 20:19:55,482 :   209/    8 dest_loss=0.029177 future_loss=0.025943 offset_loss=0.045513 kld=0.025840 cd=-0.042766 en_pos=6.632476 en_neg=6.675243 pcd=True subgoal_reg=0.004951308723581592 
2026-01-20 20:20:11,363 :   215/    8 dest_loss=0.038757 future_loss=0.035267 offset_loss=0.041141 kld=0.025549 cd=0.048737 en_pos=6.670744 en_neg=6.622007 pcd=True subgoal_reg=0.003698537225349295 
2026-01-20 20:20:27,252 :   221/    8 dest_loss=0.035796 future_loss=0.032253 offset_loss=0.043570 kld=0.027513 cd=0.177963 en_pos=6.822980 en_neg=6.645018 pcd=True subgoal_reg=0.005643097076016005 
2026-01-20 20:20:43,158 :   227/    8 dest_loss=0.041881 future_loss=0.038423 offset_loss=0.043714 kld=0.025771 cd=0.184988 en_pos=6.898704 en_neg=6.713716 pcd=True subgoal_reg=0.006178637538794103 
2026-01-20 20:20:59,238 :   233/    8 dest_loss=0.040133 future_loss=0.035019 offset_loss=0.044477 kld=0.027096 cd=0.063589 en_pos=6.721851 en_neg=6.658262 pcd=True subgoal_reg=0.004978844577762695 
2026-01-20 20:21:15,168 :   239/    8 dest_loss=0.043748 future_loss=0.038106 offset_loss=0.046030 kld=0.027330 cd=-0.073911 en_pos=6.622044 en_neg=6.695955 pcd=True subgoal_reg=0.004579881368756247 
2026-01-20 20:21:31,115 :   245/    8 dest_loss=0.041880 future_loss=0.038982 offset_loss=0.045142 kld=0.028454 cd=-0.190795 en_pos=6.648081 en_neg=6.838876 pcd=True subgoal_reg=0.005423311565268628 
2026-01-20 20:21:47,048 :   251/    8 dest_loss=0.034638 future_loss=0.032986 offset_loss=0.043002 kld=0.026369 cd=-0.084009 en_pos=6.746878 en_neg=6.830887 pcd=True subgoal_reg=0.00671948309331748 
2026-01-20 20:22:02,950 :   257/    8 dest_loss=0.038907 future_loss=0.036626 offset_loss=0.046364 kld=0.026034 cd=0.176464 en_pos=6.616537 en_neg=6.440074 pcd=True subgoal_reg=0.005229373931363896 
2026-01-20 20:22:18,955 :   263/    8 dest_loss=0.161509 future_loss=0.110761 offset_loss=0.170945 kld=0.027903 cd=0.041057 en_pos=6.838318 en_neg=6.797262 pcd=True subgoal_reg=0.005822497350312572 
2026-01-20 20:22:34,676 :   269/    8 dest_loss=0.042676 future_loss=0.039162 offset_loss=0.046167 kld=0.027768 cd=0.033034 en_pos=6.791316 en_neg=6.758282 pcd=True subgoal_reg=0.004963117225468051 
2026-01-20 20:22:50,663 :   275/    8 dest_loss=0.046479 future_loss=0.039043 offset_loss=0.054384 kld=0.027030 cd=-0.200950 en_pos=6.669319 en_neg=6.870269 pcd=True subgoal_reg=0.005410456273737372 
2026-01-20 20:23:06,616 :   281/    8 dest_loss=0.039527 future_loss=0.035101 offset_loss=0.040521 kld=0.027423 cd=-0.279662 en_pos=6.728612 en_neg=7.008274 pcd=True subgoal_reg=0.00432614130287181 
2026-01-20 20:23:22,622 :   287/    8 dest_loss=0.043542 future_loss=0.038783 offset_loss=0.044511 kld=0.027785 cd=0.019573 en_pos=6.573586 en_neg=6.554013 pcd=True subgoal_reg=0.0045578034433975834 
2026-01-20 20:23:38,511 :   293/    8 dest_loss=0.034551 future_loss=0.033499 offset_loss=0.037798 kld=0.026678 cd=0.100842 en_pos=6.540302 en_neg=6.439460 pcd=True subgoal_reg=0.0050940930367641525 
2026-01-20 20:23:54,520 :   299/    8 dest_loss=0.035006 future_loss=0.034106 offset_loss=0.039196 kld=0.025890 cd=0.068631 en_pos=6.719498 en_neg=6.650866 pcd=True subgoal_reg=0.004684624805912866 
2026-01-20 20:24:10,459 :   305/    8 dest_loss=0.039436 future_loss=0.036319 offset_loss=0.043532 kld=0.026675 cd=-0.198268 en_pos=6.432768 en_neg=6.631036 pcd=True subgoal_reg=0.005836870735807292 
2026-01-20 20:24:26,978 :   311/    8 dest_loss=0.034736 future_loss=0.033732 offset_loss=0.039608 kld=0.028588 cd=0.040255 en_pos=6.740013 en_neg=6.699758 pcd=True subgoal_reg=0.006377531057079222 
2026-01-20 20:24:43,122 :   317/    8 dest_loss=0.043339 future_loss=0.040529 offset_loss=0.043390 kld=0.025687 cd=0.059361 en_pos=6.749843 en_neg=6.690481 pcd=True subgoal_reg=0.004966132301641888 
2026-01-20 20:24:59,042 :   323/    8 dest_loss=0.030257 future_loss=0.030064 offset_loss=0.038266 kld=0.025436 cd=-0.236498 en_pos=6.625396 en_neg=6.861894 pcd=True subgoal_reg=0.004344070509655358 
2026-01-20 20:25:14,955 :   329/    8 dest_loss=0.041878 future_loss=0.037469 offset_loss=0.042081 kld=0.027805 cd=0.225201 en_pos=6.761278 en_neg=6.536077 pcd=True subgoal_reg=0.004821126422127876 
2026-01-20 20:25:30,900 :   335/    8 dest_loss=0.036465 future_loss=0.030542 offset_loss=0.044466 kld=0.026618 cd=-0.003816 en_pos=6.708873 en_neg=6.712689 pcd=True subgoal_reg=0.006101498855701875 
2026-01-20 20:25:46,854 :   341/    8 dest_loss=0.031593 future_loss=0.027677 offset_loss=0.042694 kld=0.025331 cd=-0.214621 en_pos=6.511885 en_neg=6.726506 pcd=True subgoal_reg=0.006398757889543809 
2026-01-20 20:26:02,577 :   347/    8 dest_loss=0.034933 future_loss=0.031864 offset_loss=0.040008 kld=0.025637 cd=0.019775 en_pos=6.664077 en_neg=6.644302 pcd=True subgoal_reg=0.004499398574681998 
2026-01-20 20:26:18,599 :   353/    8 dest_loss=0.032812 future_loss=0.029076 offset_loss=0.047294 kld=0.025973 cd=-0.073348 en_pos=6.846510 en_neg=6.919858 pcd=True subgoal_reg=0.0063312872469180725 
2026-01-20 20:26:34,584 :   359/    8 dest_loss=0.040035 future_loss=0.033923 offset_loss=0.041404 kld=0.026091 cd=0.055488 en_pos=6.566051 en_neg=6.510562 pcd=True subgoal_reg=0.004872131510663172 
2026-01-20 20:26:50,672 :   365/    8 dest_loss=0.050329 future_loss=0.042129 offset_loss=0.045968 kld=0.028529 cd=0.221932 en_pos=6.735986 en_neg=6.514054 pcd=True subgoal_reg=0.005252668575182909 
2026-01-20 20:27:06,668 :   371/    8 dest_loss=0.040011 future_loss=0.033803 offset_loss=0.044925 kld=0.024579 cd=0.208122 en_pos=6.872950 en_neg=6.664828 pcd=True subgoal_reg=0.006303761851133583 
2026-01-20 20:27:22,616 :   377/    8 dest_loss=0.052105 future_loss=0.042834 offset_loss=0.056115 kld=0.027876 cd=-0.113605 en_pos=6.793030 en_neg=6.906635 pcd=True subgoal_reg=0.005539744367053825 
2026-01-20 20:27:38,557 :   383/    8 dest_loss=0.041509 future_loss=0.038200 offset_loss=0.045488 kld=0.027012 cd=-0.156451 en_pos=6.375366 en_neg=6.531817 pcd=True subgoal_reg=0.004808497746418479 
2026-01-20 20:27:54,504 :   389/    8 dest_loss=0.042708 future_loss=0.037566 offset_loss=0.046142 kld=0.026470 cd=-0.168318 en_pos=6.597535 en_neg=6.765854 pcd=True subgoal_reg=0.006100786022898672 
2026-01-20 20:28:10,457 :   395/    8 dest_loss=0.039304 future_loss=0.033141 offset_loss=0.049138 kld=0.025910 cd=0.056995 en_pos=6.784455 en_neg=6.727459 pcd=True subgoal_reg=0.006073467912348643 
2026-01-20 20:28:26,391 :   401/    8 dest_loss=0.042400 future_loss=0.033692 offset_loss=0.044475 kld=0.028189 cd=-0.130868 en_pos=6.536088 en_neg=6.666956 pcd=True subgoal_reg=0.004676535035356145 
2026-01-20 20:28:42,304 :   407/    8 dest_loss=0.040158 future_loss=0.037353 offset_loss=0.041131 kld=0.025865 cd=0.014810 en_pos=6.802391 en_neg=6.787581 pcd=True subgoal_reg=0.004019273427364816 
2026-01-20 20:28:58,261 :   413/    8 dest_loss=0.035182 future_loss=0.033684 offset_loss=0.039018 kld=0.025254 cd=-0.098154 en_pos=6.666980 en_neg=6.765134 pcd=True subgoal_reg=0.005953140130101732 
2026-01-20 20:29:14,179 :   419/    8 dest_loss=0.041762 future_loss=0.034189 offset_loss=0.045288 kld=0.025823 cd=0.002699 en_pos=6.776590 en_neg=6.773891 pcd=True subgoal_reg=0.005552649781436222 
2026-01-20 20:29:29,959 :   425/    8 dest_loss=0.047238 future_loss=0.041887 offset_loss=0.046567 kld=0.028236 cd=-0.077982 en_pos=6.675329 en_neg=6.753311 pcd=True subgoal_reg=0.004779317035929093 
2026-01-20 20:29:45,984 :   431/    8 dest_loss=0.035628 future_loss=0.032714 offset_loss=0.040784 kld=0.026506 cd=0.059386 en_pos=6.843231 en_neg=6.783845 pcd=True subgoal_reg=0.0063579667281324324 
2026-01-20 20:30:01,999 :   437/    8 dest_loss=0.036351 future_loss=0.034225 offset_loss=0.038892 kld=0.025850 cd=-0.311565 en_pos=6.742325 en_neg=7.053890 pcd=True subgoal_reg=0.006190394878506228 
2026-01-20 20:30:17,860 :   443/    8 dest_loss=0.038643 future_loss=0.034076 offset_loss=0.048474 kld=0.028358 cd=-0.109933 en_pos=6.767171 en_neg=6.877104 pcd=True subgoal_reg=0.005623618551536011 
2026-01-20 20:30:33,737 :   449/    8 dest_loss=0.035632 future_loss=0.030681 offset_loss=0.043841 kld=0.026070 cd=0.094591 en_pos=6.679121 en_neg=6.584530 pcd=True subgoal_reg=0.004718664406820515 
2026-01-20 20:30:49,661 :   455/    8 dest_loss=0.027660 future_loss=0.027978 offset_loss=0.037366 kld=0.027316 cd=-0.033203 en_pos=6.682884 en_neg=6.716087 pcd=True subgoal_reg=0.0050893544535357185 
2026-01-20 20:31:05,621 :   461/    8 dest_loss=0.036288 future_loss=0.033113 offset_loss=0.043846 kld=0.025689 cd=0.018708 en_pos=6.629295 en_neg=6.610587 pcd=True subgoal_reg=0.005030217351920416 
2026-01-20 20:31:21,504 :   467/    8 dest_loss=0.036725 future_loss=0.032700 offset_loss=0.042366 kld=0.026758 cd=-0.031402 en_pos=6.650257 en_neg=6.681659 pcd=True subgoal_reg=0.005079874872358788 
2026-01-20 20:31:37,413 :   473/    8 dest_loss=0.035560 future_loss=0.032699 offset_loss=0.042212 kld=0.025513 cd=-0.038640 en_pos=6.529128 en_neg=6.567768 pcd=True subgoal_reg=0.004457201252271311 
2026-01-20 20:31:53,639 :   479/    8 dest_loss=0.042732 future_loss=0.031172 offset_loss=0.058271 kld=0.025558 cd=0.000851 en_pos=6.756263 en_neg=6.755412 pcd=True subgoal_reg=0.005592203902118516 
2026-01-20 20:32:09,579 :   485/    8 dest_loss=0.042680 future_loss=0.034181 offset_loss=0.054935 kld=0.025544 cd=0.033303 en_pos=6.674408 en_neg=6.641105 pcd=True subgoal_reg=0.00630457471569912 
2026-01-20 20:32:25,525 :   491/    8 dest_loss=0.033099 future_loss=0.029881 offset_loss=0.042180 kld=0.026746 cd=-0.071951 en_pos=6.684299 en_neg=6.756251 pcd=True subgoal_reg=0.004379877239322975 
2026-01-20 20:32:41,509 :   497/    8 dest_loss=0.038722 future_loss=0.034762 offset_loss=0.046174 kld=0.026455 cd=0.135270 en_pos=6.512196 en_neg=6.376926 pcd=True subgoal_reg=0.004353108720893456 
2026-01-20 20:32:57,300 :   503/    8 dest_loss=0.122551 future_loss=0.147401 offset_loss=0.044573 kld=0.028204 cd=-0.200589 en_pos=6.583958 en_neg=6.784547 pcd=True subgoal_reg=0.005338693160730427 
2026-01-20 20:33:13,251 :   509/    8 dest_loss=0.042478 future_loss=0.027035 offset_loss=0.064818 kld=0.026022 cd=0.047177 en_pos=6.670556 en_neg=6.623379 pcd=True subgoal_reg=0.005986064356195557 
2026-01-20 20:34:49,246 : Train Loss 113.52898842440885
2026-01-20 20:34:49,246 : Overall Loss 24.28544872992935
2026-01-20 20:34:49,246 : Dest Loss 28.15115797786437
2026-01-20 20:34:49,246 : Val ADE 0.1873827538789951
2026-01-20 20:34:49,246 : Val FDE 0.15475354233832603
2026-01-20 20:34:49,246 : Val Best ADE 0.1873827538789951
2026-01-20 20:34:49,246 : Val Best FDE 0.15475354233832603
2026-01-20 20:34:49,246 : ----->learning rate 0.00125
2026-01-20 20:35:05,465 :     5/    9 dest_loss=0.059755 future_loss=0.065074 offset_loss=0.066615 kld=0.029097 cd=0.168791 en_pos=6.732154 en_neg=6.563363 pcd=True subgoal_reg=0.004851266981245607 
2026-01-20 20:35:21,302 :    11/    9 dest_loss=0.037923 future_loss=0.033978 offset_loss=0.044785 kld=0.027071 cd=0.204845 en_pos=6.805045 en_neg=6.600200 pcd=True subgoal_reg=0.006265332922458842 
2026-01-20 20:35:37,166 :    17/    9 dest_loss=0.038567 future_loss=0.031471 offset_loss=0.044554 kld=0.027015 cd=0.031495 en_pos=6.780799 en_neg=6.749304 pcd=True subgoal_reg=0.005563418201192123 
2026-01-20 20:35:53,179 :    23/    9 dest_loss=0.034312 future_loss=0.033585 offset_loss=0.038025 kld=0.027874 cd=-0.032912 en_pos=6.826248 en_neg=6.859161 pcd=True subgoal_reg=0.004445629252127452 
2026-01-20 20:36:09,121 :    29/    9 dest_loss=0.043520 future_loss=0.043087 offset_loss=0.036697 kld=0.025275 cd=-0.009166 en_pos=6.843788 en_neg=6.852954 pcd=True subgoal_reg=0.005056338352029283 
2026-01-20 20:36:25,054 :    35/    9 dest_loss=0.030152 future_loss=0.027304 offset_loss=0.040970 kld=0.026440 cd=0.099569 en_pos=6.968339 en_neg=6.868770 pcd=True subgoal_reg=0.006140011715532709 
2026-01-20 20:36:40,999 :    41/    9 dest_loss=0.037834 future_loss=0.030832 offset_loss=0.048079 kld=0.026489 cd=-0.042637 en_pos=6.598664 en_neg=6.641301 pcd=True subgoal_reg=0.005215839991726529 
2026-01-20 20:36:56,717 :    47/    9 dest_loss=0.037455 future_loss=0.032417 offset_loss=0.043855 kld=0.027313 cd=-0.154468 en_pos=6.603174 en_neg=6.757643 pcd=True subgoal_reg=0.004326848773320292 
2026-01-20 20:37:12,682 :    53/    9 dest_loss=0.037950 future_loss=0.032283 offset_loss=0.046412 kld=0.027388 cd=-0.174591 en_pos=6.861900 en_neg=7.036491 pcd=True subgoal_reg=0.005362893248867605 
2026-01-20 20:37:28,600 :    59/    9 dest_loss=0.031731 future_loss=0.028205 offset_loss=0.040966 kld=0.025228 cd=-0.078717 en_pos=6.734962 en_neg=6.813678 pcd=True subgoal_reg=0.005245101501839031 
2026-01-20 20:37:44,543 :    65/    9 dest_loss=0.076063 future_loss=0.056200 offset_loss=0.136181 kld=0.026230 cd=-0.300541 en_pos=6.704573 en_neg=7.005114 pcd=True subgoal_reg=0.005772650511465334 
2026-01-20 20:38:00,464 :    71/    9 dest_loss=0.037757 future_loss=0.032145 offset_loss=0.047291 kld=0.025233 cd=0.013245 en_pos=6.592116 en_neg=6.578871 pcd=True subgoal_reg=0.004834964611321638 
2026-01-20 20:38:16,324 :    77/    9 dest_loss=0.091947 future_loss=0.086140 offset_loss=0.073678 kld=0.024826 cd=-0.148249 en_pos=6.743287 en_neg=6.891536 pcd=True subgoal_reg=0.0041361180413674176 
2026-01-20 20:38:32,197 :    83/    9 dest_loss=0.042831 future_loss=0.037013 offset_loss=0.044971 kld=0.027184 cd=0.056901 en_pos=6.861804 en_neg=6.804903 pcd=True subgoal_reg=0.0048967994014155565 
2026-01-20 20:38:48,226 :    89/    9 dest_loss=0.143508 future_loss=0.097469 offset_loss=0.146010 kld=0.028897 cd=0.252100 en_pos=6.970552 en_neg=6.718452 pcd=True subgoal_reg=0.006328879557666224 
2026-01-20 20:39:04,162 :    95/    9 dest_loss=0.039171 future_loss=0.028451 offset_loss=0.053114 kld=0.025136 cd=0.111161 en_pos=6.780500 en_neg=6.669340 pcd=True subgoal_reg=0.008685669527646978 
2026-01-20 20:39:20,115 :   101/    9 dest_loss=0.037305 future_loss=0.027608 offset_loss=0.055089 kld=0.027024 cd=-0.121358 en_pos=6.742041 en_neg=6.863399 pcd=True subgoal_reg=0.006189220003950727 
2026-01-20 20:39:36,012 :   107/    9 dest_loss=0.036752 future_loss=0.029272 offset_loss=0.048755 kld=0.026820 cd=-0.259444 en_pos=6.424242 en_neg=6.683686 pcd=True subgoal_reg=0.004201267961426484 
2026-01-20 20:39:51,905 :   113/    9 dest_loss=0.037720 future_loss=0.031759 offset_loss=0.046894 kld=0.025210 cd=-0.171693 en_pos=6.511298 en_neg=6.682991 pcd=True subgoal_reg=0.004422873782981179 
2026-01-20 20:40:07,835 :   119/    9 dest_loss=0.031427 future_loss=0.025717 offset_loss=0.046936 kld=0.027309 cd=-0.042124 en_pos=6.803519 en_neg=6.845643 pcd=True subgoal_reg=0.005977801887756725 
2026-01-20 20:40:23,598 :   125/    9 dest_loss=0.035192 future_loss=0.030061 offset_loss=0.045446 kld=0.027687 cd=-0.095869 en_pos=6.748832 en_neg=6.844701 pcd=True subgoal_reg=0.0042471957775838415 
2026-01-20 20:40:39,535 :   131/    9 dest_loss=0.156983 future_loss=0.137949 offset_loss=0.083950 kld=0.028113 cd=-0.049437 en_pos=6.652663 en_neg=6.702101 pcd=True subgoal_reg=0.0037170742354801175 
2026-01-20 20:40:55,416 :   137/    9 dest_loss=0.150010 future_loss=0.159164 offset_loss=0.110294 kld=0.027074 cd=0.106041 en_pos=6.711960 en_neg=6.605919 pcd=True subgoal_reg=0.005773679292275407 
2026-01-20 20:41:11,348 :   143/    9 dest_loss=0.045806 future_loss=0.035089 offset_loss=0.054508 kld=0.027233 cd=0.037525 en_pos=6.706446 en_neg=6.668921 pcd=True subgoal_reg=0.005275546155312569 
2026-01-20 20:41:27,275 :   149/    9 dest_loss=0.042335 future_loss=0.034032 offset_loss=0.044922 kld=0.028180 cd=-0.078490 en_pos=6.655309 en_neg=6.733799 pcd=True subgoal_reg=0.004571913955107694 
2026-01-20 20:41:43,239 :   155/    9 dest_loss=0.036338 future_loss=0.034110 offset_loss=0.039323 kld=0.025757 cd=0.121230 en_pos=6.567396 en_neg=6.446166 pcd=True subgoal_reg=0.004181273416576627 
2026-01-20 20:41:59,391 :   161/    9 dest_loss=0.043575 future_loss=0.038971 offset_loss=0.043180 kld=0.027759 cd=0.051390 en_pos=6.721017 en_neg=6.669627 pcd=True subgoal_reg=0.004869793600490446 
2026-01-20 20:42:15,349 :   167/    9 dest_loss=0.111057 future_loss=0.059978 offset_loss=0.173778 kld=0.026716 cd=0.209835 en_pos=7.065332 en_neg=6.855497 pcd=True subgoal_reg=0.0059316892281006 
2026-01-20 20:42:31,344 :   173/    9 dest_loss=0.038594 future_loss=0.036757 offset_loss=0.035007 kld=0.026373 cd=0.142047 en_pos=6.787260 en_neg=6.645213 pcd=True subgoal_reg=0.004569156565553171 
2026-01-20 20:42:47,389 :   179/    9 dest_loss=0.041258 future_loss=0.036025 offset_loss=0.044007 kld=0.028748 cd=-0.251409 en_pos=6.747067 en_neg=6.998476 pcd=True subgoal_reg=0.006007876972589636 
2026-01-20 20:43:03,388 :   185/    9 dest_loss=0.058331 future_loss=0.076133 offset_loss=0.027161 kld=0.026542 cd=0.075515 en_pos=6.702406 en_neg=6.626891 pcd=True subgoal_reg=0.005245619836233593 
2026-01-20 20:43:19,286 :   191/    9 dest_loss=0.036260 future_loss=0.031074 offset_loss=0.045194 kld=0.027072 cd=-0.142625 en_pos=6.498640 en_neg=6.641265 pcd=True subgoal_reg=0.005790950787601589 
2026-01-20 20:43:35,241 :   197/    9 dest_loss=0.058485 future_loss=0.059001 offset_loss=0.058415 kld=0.024490 cd=0.161321 en_pos=6.724938 en_neg=6.563617 pcd=True subgoal_reg=0.004258700516100943 
2026-01-20 20:43:51,009 :   203/    9 dest_loss=0.032144 future_loss=0.028769 offset_loss=0.040571 kld=0.026098 cd=-0.183274 en_pos=6.486265 en_neg=6.669538 pcd=True subgoal_reg=0.004139948380891536 
2026-01-20 20:44:06,919 :   209/    9 dest_loss=0.036026 future_loss=0.034632 offset_loss=0.032180 kld=0.025249 cd=0.027304 en_pos=6.753153 en_neg=6.725849 pcd=True subgoal_reg=0.0048972669290532345 
2026-01-20 20:44:23,388 :   215/    9 dest_loss=0.030840 future_loss=0.027857 offset_loss=0.039913 kld=0.026703 cd=0.274841 en_pos=6.799672 en_neg=6.524831 pcd=True subgoal_reg=0.005116416192486089 
2026-01-20 20:44:39,655 :   221/    9 dest_loss=0.033668 future_loss=0.029889 offset_loss=0.040606 kld=0.025299 cd=-0.005463 en_pos=6.748381 en_neg=6.753843 pcd=True subgoal_reg=0.004683752296838956 
2026-01-20 20:44:55,733 :   227/    9 dest_loss=0.032965 future_loss=0.030338 offset_loss=0.037082 kld=0.024466 cd=0.124990 en_pos=6.803923 en_neg=6.678933 pcd=True subgoal_reg=0.004199068068912936 
2026-01-20 20:45:11,692 :   233/    9 dest_loss=0.160880 future_loss=0.143283 offset_loss=0.093342 kld=0.028311 cd=0.109464 en_pos=6.570180 en_neg=6.460716 pcd=True subgoal_reg=0.005125990939139865 
2026-01-20 20:45:28,206 :   239/    9 dest_loss=0.063136 future_loss=0.044197 offset_loss=0.088920 kld=0.026197 cd=-0.033784 en_pos=6.649662 en_neg=6.683446 pcd=True subgoal_reg=0.005434629850216713 
2026-01-20 20:45:44,592 :   245/    9 dest_loss=0.038554 future_loss=0.033464 offset_loss=0.040325 kld=0.025076 cd=0.035291 en_pos=6.676243 en_neg=6.640952 pcd=True subgoal_reg=0.00382333524106172 
2026-01-20 20:46:00,607 :   251/    9 dest_loss=0.040776 future_loss=0.033429 offset_loss=0.043454 kld=0.025985 cd=0.079424 en_pos=6.881889 en_neg=6.802466 pcd=True subgoal_reg=0.0062909669189646885 
2026-01-20 20:46:16,549 :   257/    9 dest_loss=0.055538 future_loss=0.054178 offset_loss=0.079810 kld=0.028089 cd=0.008817 en_pos=6.808673 en_neg=6.799856 pcd=True subgoal_reg=0.004568395573646115 
2026-01-20 20:46:32,507 :   263/    9 dest_loss=0.049269 future_loss=0.040274 offset_loss=0.040641 kld=0.026876 cd=-0.038494 en_pos=6.579775 en_neg=6.618268 pcd=True subgoal_reg=0.004700525150434471 
2026-01-20 20:46:48,456 :   269/    9 dest_loss=0.033818 future_loss=0.032106 offset_loss=0.039345 kld=0.026063 cd=-0.130886 en_pos=6.606174 en_neg=6.737060 pcd=True subgoal_reg=0.004791153822111149 
2026-01-20 20:47:04,424 :   275/    9 dest_loss=0.035847 future_loss=0.026801 offset_loss=0.050871 kld=0.025386 cd=0.055924 en_pos=6.714702 en_neg=6.658779 pcd=True subgoal_reg=0.005638057243951575 
2026-01-20 20:47:20,204 :   281/    9 dest_loss=0.032737 future_loss=0.030881 offset_loss=0.037116 kld=0.028999 cd=0.122954 en_pos=6.779559 en_neg=6.656605 pcd=True subgoal_reg=0.003994413674273209 
2026-01-20 20:47:36,164 :   287/    9 dest_loss=0.039682 future_loss=0.035509 offset_loss=0.035685 kld=0.026312 cd=0.016470 en_pos=6.517791 en_neg=6.501321 pcd=True subgoal_reg=0.004640331843470202 
2026-01-20 20:47:52,300 :   293/    9 dest_loss=0.041064 future_loss=0.037148 offset_loss=0.044568 kld=0.026924 cd=0.130719 en_pos=6.683419 en_neg=6.552700 pcd=True subgoal_reg=0.006067083032811231 
2026-01-20 20:48:08,458 :   299/    9 dest_loss=0.035893 future_loss=0.031450 offset_loss=0.042747 kld=0.024381 cd=0.074581 en_pos=6.642703 en_neg=6.568121 pcd=True subgoal_reg=0.005478259154983255 
2026-01-20 20:48:24,441 :   305/    9 dest_loss=0.036672 future_loss=0.033422 offset_loss=0.039066 kld=0.026852 cd=-0.194660 en_pos=6.569902 en_neg=6.764563 pcd=True subgoal_reg=0.004329665584572032 
2026-01-20 20:48:40,396 :   311/    9 dest_loss=0.036813 future_loss=0.034777 offset_loss=0.036701 kld=0.024528 cd=-0.212723 en_pos=6.499936 en_neg=6.712659 pcd=True subgoal_reg=0.004416970033039491 
2026-01-20 20:48:56,434 :   317/    9 dest_loss=0.077807 future_loss=0.080954 offset_loss=0.048688 kld=0.028510 cd=-0.171505 en_pos=6.711521 en_neg=6.883026 pcd=True subgoal_reg=0.0057624286474830385 
2026-01-20 20:49:12,376 :   323/    9 dest_loss=0.195511 future_loss=0.160898 offset_loss=0.080898 kld=0.029637 cd=-0.095861 en_pos=6.732795 en_neg=6.828656 pcd=True subgoal_reg=0.006143774603673487 
2026-01-20 20:49:28,347 :   329/    9 dest_loss=0.036151 future_loss=0.027464 offset_loss=0.052863 kld=0.025521 cd=-0.007005 en_pos=6.521954 en_neg=6.528959 pcd=True subgoal_reg=0.0057044371762611425 
2026-01-20 20:49:44,407 :   335/    9 dest_loss=0.045319 future_loss=0.036147 offset_loss=0.041500 kld=0.025990 cd=0.383603 en_pos=6.950871 en_neg=6.567268 pcd=True subgoal_reg=0.004244891291238813 
2026-01-20 20:50:00,315 :   341/    9 dest_loss=0.109057 future_loss=0.075251 offset_loss=0.149341 kld=0.027473 cd=-0.134503 en_pos=6.795678 en_neg=6.930182 pcd=True subgoal_reg=0.004283523759887178 
2026-01-20 20:50:16,322 :   347/    9 dest_loss=0.040411 future_loss=0.035804 offset_loss=0.045692 kld=0.025966 cd=-0.266443 en_pos=6.570119 en_neg=6.836562 pcd=True subgoal_reg=0.005280683761894684 
2026-01-20 20:50:32,289 :   353/    9 dest_loss=0.057568 future_loss=0.049434 offset_loss=0.031243 kld=0.027553 cd=0.071266 en_pos=6.856715 en_neg=6.785449 pcd=True subgoal_reg=0.005662143751068546 
2026-01-20 20:50:48,095 :   359/    9 dest_loss=0.042959 future_loss=0.043481 offset_loss=0.030280 kld=0.026110 cd=0.095753 en_pos=6.783455 en_neg=6.687702 pcd=True subgoal_reg=0.0059197069709817 
2026-01-20 20:51:04,182 :   365/    9 dest_loss=0.042208 future_loss=0.040867 offset_loss=0.035439 kld=0.026939 cd=-0.064332 en_pos=6.791092 en_neg=6.855424 pcd=True subgoal_reg=0.007714352035320883 
2026-01-20 20:51:20,261 :   371/    9 dest_loss=0.036127 future_loss=0.035602 offset_loss=0.033596 kld=0.026517 cd=0.096599 en_pos=6.724933 en_neg=6.628334 pcd=True subgoal_reg=0.0052138160666569296 
2026-01-20 20:51:36,227 :   377/    9 dest_loss=0.039911 future_loss=0.037934 offset_loss=0.036434 kld=0.028236 cd=-0.018491 en_pos=6.672596 en_neg=6.691087 pcd=True subgoal_reg=0.005305884949389171 
2026-01-20 20:51:52,259 :   383/    9 dest_loss=0.038163 future_loss=0.035098 offset_loss=0.039769 kld=0.026616 cd=0.007685 en_pos=6.869579 en_neg=6.861894 pcd=True subgoal_reg=0.00662795330544105 
2026-01-20 20:52:08,229 :   389/    9 dest_loss=0.036622 future_loss=0.034314 offset_loss=0.034545 kld=0.025629 cd=-0.110692 en_pos=6.646396 en_neg=6.757088 pcd=True subgoal_reg=0.0038258908086466438 
2026-01-20 20:52:24,233 :   395/    9 dest_loss=0.044688 future_loss=0.042098 offset_loss=0.033339 kld=0.025438 cd=-0.011953 en_pos=6.551770 en_neg=6.563723 pcd=True subgoal_reg=0.004308377921792812 
2026-01-20 20:52:40,165 :   401/    9 dest_loss=0.033828 future_loss=0.033761 offset_loss=0.035029 kld=0.026192 cd=-0.316402 en_pos=6.493826 en_neg=6.810228 pcd=True subgoal_reg=0.006801243941007393 
2026-01-20 20:52:56,125 :   407/    9 dest_loss=0.043065 future_loss=0.036484 offset_loss=0.045099 kld=0.027345 cd=-0.117407 en_pos=6.572949 en_neg=6.690356 pcd=True subgoal_reg=0.005647945178057622 
2026-01-20 20:53:12,072 :   413/    9 dest_loss=0.045180 future_loss=0.041216 offset_loss=0.032301 kld=0.025042 cd=-0.097574 en_pos=6.740641 en_neg=6.838215 pcd=True subgoal_reg=0.004610331797516507 
2026-01-20 20:53:28,141 :   419/    9 dest_loss=0.036247 future_loss=0.032843 offset_loss=0.038889 kld=0.024280 cd=-0.098585 en_pos=6.442734 en_neg=6.541319 pcd=True subgoal_reg=0.004938794139286081 
2026-01-20 20:53:44,173 :   425/    9 dest_loss=0.043116 future_loss=0.035623 offset_loss=0.047068 kld=0.024662 cd=-0.169176 en_pos=6.496428 en_neg=6.665604 pcd=True subgoal_reg=0.005378509656887034 
2026-01-20 20:54:00,117 :   431/    9 dest_loss=0.082695 future_loss=0.057189 offset_loss=0.127894 kld=0.025089 cd=0.012420 en_pos=6.742727 en_neg=6.730307 pcd=True subgoal_reg=0.00666157980170638 
2026-01-20 20:54:16,002 :   437/    9 dest_loss=0.040262 future_loss=0.037691 offset_loss=0.036719 kld=0.025289 cd=0.068062 en_pos=6.837675 en_neg=6.769613 pcd=True subgoal_reg=0.004384490138881103 
2026-01-20 20:54:32,572 :   443/    9 dest_loss=0.036842 future_loss=0.033141 offset_loss=0.043553 kld=0.025603 cd=0.098255 en_pos=6.675579 en_neg=6.577324 pcd=True subgoal_reg=0.004485849930772863 
2026-01-20 20:54:48,557 :   449/    9 dest_loss=0.034187 future_loss=0.029551 offset_loss=0.041460 kld=0.026275 cd=-0.004343 en_pos=6.755707 en_neg=6.760050 pcd=True subgoal_reg=0.005232592522920656 
2026-01-20 20:55:04,535 :   455/    9 dest_loss=0.036844 future_loss=0.033469 offset_loss=0.037222 kld=0.025964 cd=0.060323 en_pos=6.767621 en_neg=6.707298 pcd=True subgoal_reg=0.004346386504428411 
2026-01-20 20:55:20,371 :   461/    9 dest_loss=0.039303 future_loss=0.034261 offset_loss=0.041842 kld=0.027468 cd=0.199379 en_pos=6.713909 en_neg=6.514530 pcd=True subgoal_reg=0.003944032258894693 
2026-01-20 20:55:36,317 :   467/    9 dest_loss=0.110453 future_loss=0.115949 offset_loss=0.051163 kld=0.028384 cd=0.135840 en_pos=6.758798 en_neg=6.622958 pcd=True subgoal_reg=0.004542720244774554 
2026-01-20 20:55:52,199 :   473/    9 dest_loss=0.126651 future_loss=0.080184 offset_loss=0.183519 kld=0.024012 cd=-0.131659 en_pos=6.600010 en_neg=6.731670 pcd=True subgoal_reg=0.006268150182158233 
2026-01-20 20:56:08,174 :   479/    9 dest_loss=0.044839 future_loss=0.037819 offset_loss=0.036960 kld=0.026485 cd=0.091651 en_pos=6.606612 en_neg=6.514961 pcd=True subgoal_reg=0.00342105913533936 
2026-01-20 20:56:24,152 :   485/    9 dest_loss=0.039077 future_loss=0.034609 offset_loss=0.042555 kld=0.025909 cd=-0.133037 en_pos=6.704938 en_neg=6.837976 pcd=True subgoal_reg=0.005112722208858781 
2026-01-20 20:56:40,044 :   491/    9 dest_loss=0.035103 future_loss=0.029758 offset_loss=0.041024 kld=0.026328 cd=0.106246 en_pos=6.734383 en_neg=6.628137 pcd=True subgoal_reg=0.006064209772189999 
2026-01-20 20:56:56,080 :   497/    9 dest_loss=0.040308 future_loss=0.034825 offset_loss=0.039773 kld=0.026220 cd=-0.045563 en_pos=6.723436 en_neg=6.768999 pcd=True subgoal_reg=0.003936965196746175 
2026-01-20 20:57:12,045 :   503/    9 dest_loss=0.032851 future_loss=0.029895 offset_loss=0.035958 kld=0.026839 cd=-0.158689 en_pos=6.879392 en_neg=7.038081 pcd=True subgoal_reg=0.004726944607244434 
2026-01-20 20:57:27,951 :   509/    9 dest_loss=0.033796 future_loss=0.030634 offset_loss=0.037780 kld=0.025556 cd=0.030343 en_pos=6.759632 en_neg=6.729289 pcd=True subgoal_reg=0.00541139829573796 
2026-01-20 20:59:02,664 : Train Loss 106.34362575203893
2026-01-20 20:59:02,664 : Overall Loss 21.85849460431796
2026-01-20 20:59:02,665 : Dest Loss 25.51848232846817
2026-01-20 20:59:02,665 : Val ADE 0.16277381523626452
2026-01-20 20:59:02,665 : Val FDE 0.16447004340222007
2026-01-20 20:59:02,665 : Val Best ADE 0.16277381523626452
2026-01-20 20:59:02,665 : Val Best FDE 0.16447004340222007
2026-01-20 20:59:02,665 : ----->learning rate 0.00125
2026-01-20 20:59:19,072 :     5/   10 dest_loss=0.043294 future_loss=0.037669 offset_loss=0.035567 kld=0.028695 cd=-0.243359 en_pos=6.543896 en_neg=6.787255 pcd=True subgoal_reg=0.004051048302065774 
2026-01-20 20:59:34,932 :    11/   10 dest_loss=0.041075 future_loss=0.035388 offset_loss=0.043137 kld=0.026423 cd=-0.144726 en_pos=6.688233 en_neg=6.832959 pcd=True subgoal_reg=0.006317731310470493 
2026-01-20 20:59:50,829 :    17/   10 dest_loss=0.039062 future_loss=0.030409 offset_loss=0.046370 kld=0.026672 cd=-0.079708 en_pos=6.580155 en_neg=6.659863 pcd=True subgoal_reg=0.006592314061352782 
2026-01-20 21:00:06,713 :    23/   10 dest_loss=0.035030 future_loss=0.030824 offset_loss=0.039512 kld=0.025291 cd=0.160396 en_pos=6.485300 en_neg=6.324904 pcd=True subgoal_reg=0.0037625661514628043 
2026-01-20 21:00:22,530 :    29/   10 dest_loss=0.049024 future_loss=0.042637 offset_loss=0.040046 kld=0.027319 cd=-0.062944 en_pos=6.669818 en_neg=6.732761 pcd=True subgoal_reg=0.004040348326178305 
2026-01-20 21:00:38,392 :    35/   10 dest_loss=0.037899 future_loss=0.035397 offset_loss=0.038666 kld=0.027722 cd=0.142661 en_pos=6.794597 en_neg=6.651936 pcd=True subgoal_reg=0.006071912541884446 
2026-01-20 21:00:54,293 :    41/   10 dest_loss=0.031511 future_loss=0.028579 offset_loss=0.037441 kld=0.025976 cd=0.142129 en_pos=6.652610 en_neg=6.510481 pcd=True subgoal_reg=0.00480557156199157 
2026-01-20 21:01:10,155 :    47/   10 dest_loss=0.040298 future_loss=0.034372 offset_loss=0.038215 kld=0.028026 cd=-0.171931 en_pos=6.781504 en_neg=6.953435 pcd=True subgoal_reg=0.003915877977565174 
2026-01-20 21:01:26,060 :    53/   10 dest_loss=0.036575 future_loss=0.031284 offset_loss=0.038139 kld=0.027243 cd=-0.040383 en_pos=6.669739 en_neg=6.710121 pcd=True subgoal_reg=0.0065500184379753785 
2026-01-20 21:01:41,901 :    59/   10 dest_loss=0.044755 future_loss=0.036725 offset_loss=0.045902 kld=0.024882 cd=0.204904 en_pos=6.821551 en_neg=6.616646 pcd=True subgoal_reg=0.006114901973364108 
2026-01-20 21:01:57,823 :    65/   10 dest_loss=0.036945 future_loss=0.035214 offset_loss=0.033990 kld=0.026045 cd=0.043724 en_pos=6.549784 en_neg=6.506060 pcd=True subgoal_reg=0.0044957684986844226 
2026-01-20 21:02:13,754 :    71/   10 dest_loss=0.038770 future_loss=0.035518 offset_loss=0.035647 kld=0.026265 cd=0.067422 en_pos=6.626795 en_neg=6.559373 pcd=True subgoal_reg=0.003612705007032168 
2026-01-20 21:02:29,672 :    77/   10 dest_loss=0.037176 future_loss=0.034523 offset_loss=0.036541 kld=0.024551 cd=-0.229908 en_pos=6.535292 en_neg=6.765200 pcd=True subgoal_reg=0.005480794721984452 
2026-01-20 21:02:45,606 :    83/   10 dest_loss=0.031250 future_loss=0.028464 offset_loss=0.037068 kld=0.026180 cd=-0.029321 en_pos=6.763520 en_neg=6.792841 pcd=True subgoal_reg=0.005290281681748024 
2026-01-20 21:03:01,620 :    89/   10 dest_loss=0.034245 future_loss=0.029634 offset_loss=0.037695 kld=0.026345 cd=0.078739 en_pos=6.616509 en_neg=6.537770 pcd=True subgoal_reg=0.004271521149654789 
2026-01-20 21:03:17,584 :    95/   10 dest_loss=0.033943 future_loss=0.029142 offset_loss=0.039139 kld=0.025012 cd=0.038027 en_pos=6.648630 en_neg=6.610603 pcd=True subgoal_reg=0.005271397166201459 
2026-01-20 21:03:33,533 :   101/   10 dest_loss=0.032784 future_loss=0.028330 offset_loss=0.041931 kld=0.024247 cd=0.225285 en_pos=6.607893 en_neg=6.382608 pcd=True subgoal_reg=0.0057006043131436175 
2026-01-20 21:03:49,468 :   107/   10 dest_loss=0.032119 future_loss=0.025905 offset_loss=0.043849 kld=0.025930 cd=0.076384 en_pos=6.818731 en_neg=6.742347 pcd=True subgoal_reg=0.0049987462864514234 
2026-01-20 21:04:05,442 :   113/   10 dest_loss=0.043216 future_loss=0.033397 offset_loss=0.046716 kld=0.026109 cd=-0.005610 en_pos=6.460489 en_neg=6.466099 pcd=True subgoal_reg=0.004411026071603201 
2026-01-20 21:04:21,942 :   119/   10 dest_loss=0.039348 future_loss=0.034279 offset_loss=0.042417 kld=0.024583 cd=0.077644 en_pos=6.553420 en_neg=6.475776 pcd=True subgoal_reg=0.004304221119134291 
2026-01-20 21:04:38,016 :   125/   10 dest_loss=0.040403 future_loss=0.030360 offset_loss=0.044822 kld=0.025585 cd=-0.025422 en_pos=6.698927 en_neg=6.724349 pcd=True subgoal_reg=0.006451190328790209 
2026-01-20 21:04:53,976 :   131/   10 dest_loss=0.038009 future_loss=0.030254 offset_loss=0.038626 kld=0.025635 cd=0.090724 en_pos=6.721585 en_neg=6.630860 pcd=True subgoal_reg=0.004564967050876058 
2026-01-20 21:05:09,825 :   137/   10 dest_loss=0.190647 future_loss=0.161663 offset_loss=0.061052 kld=0.030137 cd=0.034200 en_pos=6.579938 en_neg=6.545739 pcd=True subgoal_reg=0.004689155858388862 
2026-01-20 21:05:25,747 :   143/   10 dest_loss=0.103240 future_loss=0.068674 offset_loss=0.110956 kld=0.025909 cd=-0.008682 en_pos=6.583548 en_neg=6.592229 pcd=True subgoal_reg=0.009876696114325588 
2026-01-20 21:05:41,626 :   149/   10 dest_loss=0.037946 future_loss=0.030432 offset_loss=0.045338 kld=0.025964 cd=0.172246 en_pos=6.580887 en_neg=6.408641 pcd=True subgoal_reg=0.003506409605763199 
2026-01-20 21:05:57,427 :   155/   10 dest_loss=0.039031 future_loss=0.033512 offset_loss=0.034536 kld=0.025473 cd=-0.264819 en_pos=6.615000 en_neg=6.879819 pcd=True subgoal_reg=0.0032699802021338327 
2026-01-20 21:06:13,340 :   161/   10 dest_loss=0.040062 future_loss=0.032811 offset_loss=0.043052 kld=0.026280 cd=-0.016593 en_pos=6.664737 en_neg=6.681330 pcd=True subgoal_reg=0.006156808404111515 
2026-01-20 21:06:29,211 :   167/   10 dest_loss=0.038212 future_loss=0.030170 offset_loss=0.043404 kld=0.025566 cd=0.047890 en_pos=6.663997 en_neg=6.616107 pcd=True subgoal_reg=0.004849282533480128 
2026-01-20 21:06:45,120 :   173/   10 dest_loss=0.036815 future_loss=0.031331 offset_loss=0.040136 kld=0.025368 cd=0.202173 en_pos=6.877428 en_neg=6.675255 pcd=True subgoal_reg=0.0032891165590632474 
2026-01-20 21:07:01,091 :   179/   10 dest_loss=0.144859 future_loss=0.148846 offset_loss=0.091751 kld=0.028011 cd=0.159758 en_pos=6.585568 en_neg=6.425810 pcd=True subgoal_reg=0.004701902945428491 
2026-01-20 21:07:16,992 :   185/   10 dest_loss=0.038483 future_loss=0.028010 offset_loss=0.047008 kld=0.025570 cd=-0.076097 en_pos=6.704137 en_neg=6.780234 pcd=True subgoal_reg=0.005914181470973854 
2026-01-20 21:07:33,053 :   191/   10 dest_loss=0.041358 future_loss=0.032335 offset_loss=0.044024 kld=0.025935 cd=0.051724 en_pos=6.686454 en_neg=6.634730 pcd=True subgoal_reg=0.003745436250065006 
2026-01-20 21:07:48,923 :   197/   10 dest_loss=0.040009 future_loss=0.034180 offset_loss=0.039983 kld=0.025832 cd=0.280576 en_pos=6.774610 en_neg=6.494034 pcd=True subgoal_reg=0.0041240211636150255 
2026-01-20 21:08:04,746 :   203/   10 dest_loss=0.033113 future_loss=0.029726 offset_loss=0.038702 kld=0.025899 cd=0.011302 en_pos=6.551340 en_neg=6.540039 pcd=True subgoal_reg=0.005703727140103622 
2026-01-20 21:08:20,697 :   209/   10 dest_loss=0.041886 future_loss=0.033663 offset_loss=0.044774 kld=0.028296 cd=0.043045 en_pos=6.799256 en_neg=6.756211 pcd=True subgoal_reg=0.004654881169909201 
2026-01-20 21:08:36,654 :   215/   10 dest_loss=0.033041 future_loss=0.030292 offset_loss=0.035596 kld=0.026863 cd=0.029449 en_pos=6.570174 en_neg=6.540726 pcd=True subgoal_reg=0.0039195683379848805 
2026-01-20 21:08:52,597 :   221/   10 dest_loss=0.028395 future_loss=0.025546 offset_loss=0.033852 kld=0.026035 cd=-0.082155 en_pos=6.668620 en_neg=6.750776 pcd=True subgoal_reg=0.0049141808097207815 
2026-01-20 21:09:08,558 :   227/   10 dest_loss=0.037799 future_loss=0.029472 offset_loss=0.044390 kld=0.026045 cd=-0.040815 en_pos=6.807721 en_neg=6.848536 pcd=True subgoal_reg=0.0053703619200732265 
2026-01-20 21:09:24,570 :   233/   10 dest_loss=0.036181 future_loss=0.030740 offset_loss=0.039215 kld=0.024870 cd=-0.173998 en_pos=6.666545 en_neg=6.840543 pcd=True subgoal_reg=0.004907307442260986 
2026-01-20 21:09:40,541 :   239/   10 dest_loss=0.032356 future_loss=0.028131 offset_loss=0.041169 kld=0.026532 cd=0.012679 en_pos=6.862335 en_neg=6.849655 pcd=True subgoal_reg=0.004398251641003334 
2026-01-20 21:09:56,689 :   245/   10 dest_loss=0.035467 future_loss=0.030076 offset_loss=0.037968 kld=0.027931 cd=-0.270589 en_pos=6.541092 en_neg=6.811681 pcd=True subgoal_reg=0.0041900529655720786 
2026-01-20 21:10:12,660 :   251/   10 dest_loss=0.032987 future_loss=0.028884 offset_loss=0.035506 kld=0.025419 cd=0.239706 en_pos=6.803804 en_neg=6.564098 pcd=True subgoal_reg=0.004359289906097938 
2026-01-20 21:10:28,731 :   257/   10 dest_loss=0.039758 future_loss=0.033480 offset_loss=0.043408 kld=0.025452 cd=-0.071190 en_pos=6.576166 en_neg=6.647355 pcd=True subgoal_reg=0.004615569508046171 
2026-01-20 21:10:44,744 :   263/   10 dest_loss=0.035044 future_loss=0.030562 offset_loss=0.038664 kld=0.027694 cd=0.025441 en_pos=6.626785 en_neg=6.601344 pcd=True subgoal_reg=0.003956417814484938 
2026-01-20 21:11:00,697 :   269/   10 dest_loss=0.127184 future_loss=0.106986 offset_loss=0.106794 kld=0.028279 cd=0.332209 en_pos=6.778760 en_neg=6.446551 pcd=True subgoal_reg=0.004306608472662669 
2026-01-20 21:11:16,740 :   275/   10 dest_loss=0.029245 future_loss=0.027395 offset_loss=0.032662 kld=0.026377 cd=-0.220982 en_pos=6.578391 en_neg=6.799373 pcd=True subgoal_reg=0.004558241870498931 
2026-01-20 21:11:32,475 :   281/   10 dest_loss=0.041072 future_loss=0.034421 offset_loss=0.039945 kld=0.026851 cd=-0.163038 en_pos=6.467553 en_neg=6.630590 pcd=True subgoal_reg=0.00498948464720537 
2026-01-20 21:11:48,448 :   287/   10 dest_loss=0.072651 future_loss=0.049328 offset_loss=0.091232 kld=0.024825 cd=0.151218 en_pos=6.842839 en_neg=6.691622 pcd=True subgoal_reg=0.004864266655764952 
2026-01-20 21:12:04,408 :   293/   10 dest_loss=0.037752 future_loss=0.034027 offset_loss=0.034351 kld=0.025589 cd=0.245263 en_pos=6.657102 en_neg=6.411839 pcd=True subgoal_reg=0.0045558218532311245 
2026-01-20 21:12:20,355 :   299/   10 dest_loss=0.033580 future_loss=0.029800 offset_loss=0.035256 kld=0.025235 cd=0.012474 en_pos=6.626179 en_neg=6.613705 pcd=True subgoal_reg=0.005720107317859121 
2026-01-20 21:12:36,310 :   305/   10 dest_loss=0.033735 future_loss=0.029789 offset_loss=0.037320 kld=0.025020 cd=0.081352 en_pos=6.563311 en_neg=6.481959 pcd=True subgoal_reg=0.00501224151211007 
2026-01-20 21:12:52,298 :   311/   10 dest_loss=0.163101 future_loss=0.095025 offset_loss=0.178153 kld=0.027689 cd=0.079269 en_pos=6.718986 en_neg=6.639718 pcd=True subgoal_reg=0.004641450624051853 
2026-01-20 21:13:08,353 :   317/   10 dest_loss=0.042112 future_loss=0.037278 offset_loss=0.033626 kld=0.025607 cd=0.060081 en_pos=6.617590 en_neg=6.557509 pcd=True subgoal_reg=0.003769026777876199 
2026-01-20 21:13:24,277 :   323/   10 dest_loss=0.032210 future_loss=0.030727 offset_loss=0.032876 kld=0.027555 cd=-0.051188 en_pos=6.598267 en_neg=6.649456 pcd=True subgoal_reg=0.005051129006622231 
2026-01-20 21:13:40,302 :   329/   10 dest_loss=0.037208 future_loss=0.032769 offset_loss=0.036130 kld=0.026206 cd=-0.046470 en_pos=6.505216 en_neg=6.551686 pcd=True subgoal_reg=0.0051540139218567114 
2026-01-20 21:13:56,271 :   335/   10 dest_loss=0.031457 future_loss=0.028111 offset_loss=0.033461 kld=0.024890 cd=0.122273 en_pos=6.742300 en_neg=6.620028 pcd=True subgoal_reg=0.005096110943242284 
2026-01-20 21:14:12,253 :   341/   10 dest_loss=0.039205 future_loss=0.035028 offset_loss=0.035725 kld=0.027229 cd=-0.025948 en_pos=6.691608 en_neg=6.717556 pcd=True subgoal_reg=0.004501895993323144 
2026-01-20 21:14:28,939 :   347/   10 dest_loss=0.087320 future_loss=0.065330 offset_loss=0.103656 kld=0.026444 cd=0.154817 en_pos=6.746163 en_neg=6.591345 pcd=True subgoal_reg=0.004159530300663988 
2026-01-20 21:14:45,076 :   353/   10 dest_loss=0.038845 future_loss=0.034491 offset_loss=0.038202 kld=0.024534 cd=0.184678 en_pos=6.632011 en_neg=6.447333 pcd=True subgoal_reg=0.0048853527085514735 
2026-01-20 21:15:00,874 :   359/   10 dest_loss=0.159708 future_loss=0.153586 offset_loss=0.117191 kld=0.029217 cd=-0.256651 en_pos=6.470595 en_neg=6.727246 pcd=True subgoal_reg=0.005813267248710275 
2026-01-20 21:15:16,965 :   365/   10 dest_loss=0.034177 future_loss=0.028748 offset_loss=0.039825 kld=0.024010 cd=-0.049487 en_pos=6.495432 en_neg=6.544919 pcd=True subgoal_reg=0.005007637465429816 
2026-01-20 21:15:32,906 :   371/   10 dest_loss=0.039301 future_loss=0.030588 offset_loss=0.040902 kld=0.024994 cd=-0.198839 en_pos=6.633353 en_neg=6.832192 pcd=True subgoal_reg=0.005049982336412682 
2026-01-20 21:15:48,885 :   377/   10 dest_loss=0.029696 future_loss=0.026042 offset_loss=0.039274 kld=0.025181 cd=-0.178570 en_pos=6.563327 en_neg=6.741898 pcd=True subgoal_reg=0.004071585991882486 
2026-01-20 21:16:04,837 :   383/   10 dest_loss=0.041597 future_loss=0.032867 offset_loss=0.041430 kld=0.025167 cd=0.494232 en_pos=6.871467 en_neg=6.377235 pcd=True subgoal_reg=0.004544244565200268 
2026-01-20 21:16:20,774 :   389/   10 dest_loss=0.038298 future_loss=0.026272 offset_loss=0.050805 kld=0.025704 cd=0.061840 en_pos=6.715225 en_neg=6.653385 pcd=True subgoal_reg=0.0054137212908714465 
2026-01-20 21:16:36,852 :   395/   10 dest_loss=0.053785 future_loss=0.043422 offset_loss=0.036344 kld=0.028018 cd=0.041604 en_pos=6.787847 en_neg=6.746242 pcd=True subgoal_reg=0.0035423218774131853 
2026-01-20 21:16:52,850 :   401/   10 dest_loss=0.039547 future_loss=0.036883 offset_loss=0.029330 kld=0.026545 cd=0.063221 en_pos=6.671616 en_neg=6.608395 pcd=True subgoal_reg=0.004551226440861797 
2026-01-20 21:17:08,746 :   407/   10 dest_loss=0.107322 future_loss=0.087433 offset_loss=0.077466 kld=0.027060 cd=-0.023772 en_pos=6.749492 en_neg=6.773264 pcd=True subgoal_reg=0.006560568620217916 
2026-01-20 21:17:24,643 :   413/   10 dest_loss=0.031663 future_loss=0.029135 offset_loss=0.035954 kld=0.024427 cd=0.095802 en_pos=6.788513 en_neg=6.692711 pcd=True subgoal_reg=0.005568658401153273 
2026-01-20 21:17:40,558 :   419/   10 dest_loss=0.041904 future_loss=0.039540 offset_loss=0.031611 kld=0.024372 cd=0.248616 en_pos=6.674803 en_neg=6.426187 pcd=True subgoal_reg=0.0049416691495860745 
2026-01-20 21:17:56,499 :   425/   10 dest_loss=0.031727 future_loss=0.029097 offset_loss=0.032527 kld=0.025529 cd=-0.066453 en_pos=6.653253 en_neg=6.719707 pcd=True subgoal_reg=0.00496632591064042 
2026-01-20 21:18:12,418 :   431/   10 dest_loss=0.036956 future_loss=0.028888 offset_loss=0.042161 kld=0.025222 cd=0.204225 en_pos=6.677263 en_neg=6.473038 pcd=True subgoal_reg=0.006261167904273023 
2026-01-20 21:18:28,259 :   437/   10 dest_loss=0.042005 future_loss=0.032774 offset_loss=0.044003 kld=0.026771 cd=-0.351181 en_pos=6.500074 en_neg=6.851255 pcd=True subgoal_reg=0.003970221625387821 
2026-01-20 21:18:44,211 :   443/   10 dest_loss=0.047892 future_loss=0.037995 offset_loss=0.040782 kld=0.027652 cd=0.054573 en_pos=6.750351 en_neg=6.695778 pcd=True subgoal_reg=0.004052465727245528 
2026-01-20 21:19:00,154 :   449/   10 dest_loss=0.098818 future_loss=0.072984 offset_loss=0.089449 kld=0.026271 cd=-0.063745 en_pos=6.582995 en_neg=6.646740 pcd=True subgoal_reg=0.006113370653472238 
2026-01-20 21:19:16,054 :   455/   10 dest_loss=0.032862 future_loss=0.027736 offset_loss=0.036730 kld=0.026983 cd=0.013155 en_pos=6.581826 en_neg=6.568671 pcd=True subgoal_reg=0.004830242940095913 
2026-01-20 21:19:31,928 :   461/   10 dest_loss=0.030620 future_loss=0.025886 offset_loss=0.031834 kld=0.024868 cd=0.268220 en_pos=6.860051 en_neg=6.591831 pcd=True subgoal_reg=0.004378259016658998 
2026-01-20 21:19:47,922 :   467/   10 dest_loss=0.028813 future_loss=0.026508 offset_loss=0.033989 kld=0.025646 cd=0.310910 en_pos=6.693327 en_neg=6.382417 pcd=True subgoal_reg=0.004699084074327875 
2026-01-20 21:20:03,893 :   473/   10 dest_loss=0.079249 future_loss=0.074210 offset_loss=0.081558 kld=0.025044 cd=0.364160 en_pos=6.755151 en_neg=6.390991 pcd=True subgoal_reg=0.006021186956428438 
2026-01-20 21:20:19,871 :   479/   10 dest_loss=0.036077 future_loss=0.028476 offset_loss=0.044967 kld=0.024846 cd=0.037195 en_pos=6.507158 en_neg=6.469962 pcd=True subgoal_reg=0.003769556776628694 
2026-01-20 21:20:35,836 :   485/   10 dest_loss=0.031434 future_loss=0.027440 offset_loss=0.032713 kld=0.024883 cd=-0.052886 en_pos=6.567691 en_neg=6.620577 pcd=True subgoal_reg=0.0032995168992535325 
2026-01-20 21:20:51,774 :   491/   10 dest_loss=0.106047 future_loss=0.091598 offset_loss=0.064708 kld=0.025817 cd=0.369902 en_pos=6.907809 en_neg=6.537907 pcd=True subgoal_reg=0.005067014278869875 
2026-01-20 21:21:07,681 :   497/   10 dest_loss=0.071330 future_loss=0.054610 offset_loss=0.077442 kld=0.026272 cd=0.087834 en_pos=6.707811 en_neg=6.619977 pcd=True subgoal_reg=0.006821275501876725 
2026-01-20 21:21:23,582 :   503/   10 dest_loss=0.033552 future_loss=0.024319 offset_loss=0.046859 kld=0.024550 cd=-0.026920 en_pos=6.502205 en_neg=6.529125 pcd=True subgoal_reg=0.003640986301827871 
2026-01-20 21:21:39,499 :   509/   10 dest_loss=0.045042 future_loss=0.034475 offset_loss=0.046441 kld=0.025975 cd=0.102691 en_pos=6.813730 en_neg=6.711039 pcd=True subgoal_reg=0.004820456764520271 
2026-01-20 21:23:14,079 : Train Loss 104.41302001203513
2026-01-20 21:23:14,079 : Overall Loss 20.99399928337925
2026-01-20 21:23:14,079 : Dest Loss 25.12419820345394
2026-01-20 21:23:14,079 : Val ADE 0.17478589746974046
2026-01-20 21:23:14,079 : Val FDE 0.14362263549875667
2026-01-20 21:23:14,079 : Val Best ADE 0.16277381523626452
2026-01-20 21:23:14,079 : Val Best FDE 0.16447004340222007
2026-01-20 21:23:14,079 : ----->learning rate 0.00125
2026-01-20 21:23:30,282 :     5/   11 dest_loss=0.098682 future_loss=0.060626 offset_loss=0.139911 kld=0.029955 cd=-0.079833 en_pos=6.566464 en_neg=6.646297 pcd=True subgoal_reg=0.0041061994105286385 
2026-01-20 21:23:46,117 :    11/   11 dest_loss=0.046286 future_loss=0.041344 offset_loss=0.026758 kld=0.024653 cd=-0.080859 en_pos=6.598130 en_neg=6.678989 pcd=True subgoal_reg=0.004266012700619703 
2026-01-20 21:24:02,079 :    17/   11 dest_loss=0.151138 future_loss=0.119292 offset_loss=0.112767 kld=0.026807 cd=-0.017077 en_pos=6.588033 en_neg=6.605110 pcd=True subgoal_reg=0.006981595186671904 
2026-01-20 21:24:18,297 :    23/   11 dest_loss=0.064157 future_loss=0.053251 offset_loss=0.073832 kld=0.025068 cd=-0.164090 en_pos=6.465657 en_neg=6.629747 pcd=True subgoal_reg=0.005872989417795429 
2026-01-20 21:24:34,813 :    29/   11 dest_loss=0.039385 future_loss=0.036951 offset_loss=0.027041 kld=0.025768 cd=-0.039231 en_pos=6.645493 en_neg=6.684724 pcd=True subgoal_reg=0.003937943385405651 
2026-01-20 21:24:50,767 :    35/   11 dest_loss=0.041157 future_loss=0.035764 offset_loss=0.034011 kld=0.025015 cd=-0.153371 en_pos=6.496442 en_neg=6.649813 pcd=True subgoal_reg=0.006974221234713902 
2026-01-20 21:25:06,519 :    41/   11 dest_loss=0.028858 future_loss=0.021406 offset_loss=0.040914 kld=0.025799 cd=-0.011273 en_pos=6.473738 en_neg=6.485011 pcd=True subgoal_reg=0.006119765332133563 
2026-01-20 21:25:22,504 :    47/   11 dest_loss=0.038271 future_loss=0.030477 offset_loss=0.044578 kld=0.027206 cd=-0.003488 en_pos=6.621546 en_neg=6.625034 pcd=True subgoal_reg=0.004434328040976391 
2026-01-20 21:25:38,419 :    53/   11 dest_loss=0.040038 future_loss=0.033215 offset_loss=0.038160 kld=0.025319 cd=-0.038364 en_pos=6.627608 en_neg=6.665971 pcd=True subgoal_reg=0.004329096647194884 
2026-01-20 21:25:54,387 :    59/   11 dest_loss=0.038702 future_loss=0.033657 offset_loss=0.038315 kld=0.025500 cd=-0.114933 en_pos=6.464784 en_neg=6.579717 pcd=True subgoal_reg=0.004472562059240958 
2026-01-20 21:26:10,544 :    65/   11 dest_loss=0.034954 future_loss=0.029513 offset_loss=0.036807 kld=0.024788 cd=-0.064038 en_pos=6.554216 en_neg=6.618254 pcd=True subgoal_reg=0.003875526994165097 
2026-01-20 21:26:26,486 :    71/   11 dest_loss=0.045329 future_loss=0.039292 offset_loss=0.031682 kld=0.026453 cd=0.136623 en_pos=6.688531 en_neg=6.551907 pcd=True subgoal_reg=0.003605550316736718 
2026-01-20 21:26:42,460 :    77/   11 dest_loss=0.064797 future_loss=0.059156 offset_loss=0.088516 kld=0.026705 cd=-0.170736 en_pos=6.683521 en_neg=6.854257 pcd=True subgoal_reg=0.005991939099059334 
2026-01-20 21:26:58,439 :    83/   11 dest_loss=0.032670 future_loss=0.029197 offset_loss=0.034810 kld=0.025734 cd=0.061378 en_pos=6.631489 en_neg=6.570111 pcd=True subgoal_reg=0.00601648162142141 
2026-01-20 21:27:14,460 :    89/   11 dest_loss=0.035816 future_loss=0.023823 offset_loss=0.047146 kld=0.023858 cd=-0.039774 en_pos=6.604439 en_neg=6.644214 pcd=True subgoal_reg=0.005266223022303992 
2026-01-20 21:27:30,441 :    95/   11 dest_loss=0.038728 future_loss=0.027897 offset_loss=0.042581 kld=0.025877 cd=-0.249209 en_pos=6.570300 en_neg=6.819509 pcd=True subgoal_reg=0.005231503805100024 
2026-01-20 21:27:46,380 :   101/   11 dest_loss=0.042505 future_loss=0.037409 offset_loss=0.037496 kld=0.026779 cd=-0.237789 en_pos=6.348962 en_neg=6.586751 pcd=True subgoal_reg=0.004632483639899826 
2026-01-20 21:28:02,315 :   107/   11 dest_loss=0.075135 future_loss=0.048950 offset_loss=0.092445 kld=0.026244 cd=0.178901 en_pos=6.725439 en_neg=6.546538 pcd=True subgoal_reg=0.005187061132259349 
2026-01-20 21:28:18,344 :   113/   11 dest_loss=0.062248 future_loss=0.036902 offset_loss=0.092799 kld=0.026869 cd=0.162693 en_pos=6.760190 en_neg=6.597497 pcd=True subgoal_reg=0.0037242649275588953 
2026-01-20 21:28:34,104 :   119/   11 dest_loss=0.103626 future_loss=0.091513 offset_loss=0.082838 kld=0.025546 cd=-0.088838 en_pos=6.584102 en_neg=6.672940 pcd=True subgoal_reg=0.005140772772780675 
2026-01-20 21:28:50,083 :   125/   11 dest_loss=0.033091 future_loss=0.030556 offset_loss=0.031171 kld=0.025120 cd=-0.130098 en_pos=6.728792 en_neg=6.858889 pcd=True subgoal_reg=0.0047937285546325835 
2026-01-20 21:29:06,107 :   131/   11 dest_loss=0.032366 future_loss=0.028769 offset_loss=0.031731 kld=0.025339 cd=0.110498 en_pos=6.699528 en_neg=6.589030 pcd=True subgoal_reg=0.0054843599742742475 
2026-01-20 21:29:22,109 :   137/   11 dest_loss=0.120595 future_loss=0.062603 offset_loss=0.149188 kld=0.025670 cd=0.005427 en_pos=6.682056 en_neg=6.676630 pcd=True subgoal_reg=0.006993504315524427 
2026-01-20 21:29:38,089 :   143/   11 dest_loss=0.040296 future_loss=0.031892 offset_loss=0.043164 kld=0.026305 cd=0.190632 en_pos=6.798712 en_neg=6.608080 pcd=True subgoal_reg=0.003999640373448672 
2026-01-20 21:29:53,985 :   149/   11 dest_loss=0.110577 future_loss=0.101328 offset_loss=0.042512 kld=0.029648 cd=-0.040072 en_pos=6.633648 en_neg=6.673720 pcd=True subgoal_reg=0.00438700199507255 
2026-01-20 21:30:09,871 :   155/   11 dest_loss=0.039386 future_loss=0.028128 offset_loss=0.046758 kld=0.025302 cd=-0.138733 en_pos=6.562720 en_neg=6.701453 pcd=True subgoal_reg=0.005155437646919807 
2026-01-20 21:30:25,711 :   161/   11 dest_loss=0.037239 future_loss=0.028472 offset_loss=0.041835 kld=0.025318 cd=-0.153682 en_pos=6.384425 en_neg=6.538107 pcd=True subgoal_reg=0.0036092377478158582 
2026-01-20 21:30:41,546 :   167/   11 dest_loss=0.039252 future_loss=0.029591 offset_loss=0.043812 kld=0.024591 cd=0.011252 en_pos=6.633346 en_neg=6.622094 pcd=True subgoal_reg=0.004872994212287544 
2026-01-20 21:30:57,421 :   173/   11 dest_loss=0.041879 future_loss=0.032086 offset_loss=0.040232 kld=0.027473 cd=-0.028722 en_pos=6.688024 en_neg=6.716746 pcd=True subgoal_reg=0.0044590602134743 
2026-01-20 21:31:13,301 :   179/   11 dest_loss=0.035540 future_loss=0.029376 offset_loss=0.035608 kld=0.025461 cd=0.258220 en_pos=6.875016 en_neg=6.616796 pcd=True subgoal_reg=0.004266290702215729 
2026-01-20 21:31:29,270 :   185/   11 dest_loss=0.096435 future_loss=0.096997 offset_loss=0.063338 kld=0.024702 cd=0.065009 en_pos=6.610454 en_neg=6.545445 pcd=True subgoal_reg=0.004104236218984432 
2026-01-20 21:31:45,270 :   191/   11 dest_loss=0.040921 future_loss=0.033383 offset_loss=0.040507 kld=0.025720 cd=-0.304772 en_pos=6.400029 en_neg=6.704801 pcd=True subgoal_reg=0.00440721922503403 
2026-01-20 21:32:01,043 :   197/   11 dest_loss=0.038463 future_loss=0.032312 offset_loss=0.039368 kld=0.026753 cd=-0.030624 en_pos=6.535871 en_neg=6.566495 pcd=True subgoal_reg=0.004552645857894871 
2026-01-20 21:32:17,025 :   203/   11 dest_loss=0.040234 future_loss=0.034453 offset_loss=0.037189 kld=0.026179 cd=-0.052725 en_pos=6.500369 en_neg=6.553094 pcd=True subgoal_reg=0.0036674557881158157 
2026-01-20 21:32:32,949 :   209/   11 dest_loss=0.040758 future_loss=0.032066 offset_loss=0.038481 kld=0.024212 cd=0.226295 en_pos=6.698434 en_neg=6.472138 pcd=True subgoal_reg=0.0042186897817417255 
2026-01-20 21:32:48,914 :   215/   11 dest_loss=0.041399 future_loss=0.036682 offset_loss=0.035987 kld=0.027808 cd=0.110543 en_pos=6.722805 en_neg=6.612262 pcd=True subgoal_reg=0.004261692363530888 
2026-01-20 21:33:04,881 :   221/   11 dest_loss=0.039688 future_loss=0.034330 offset_loss=0.032530 kld=0.026081 cd=-0.035611 en_pos=6.483411 en_neg=6.519022 pcd=True subgoal_reg=0.004496592153993182 
2026-01-20 21:33:20,863 :   227/   11 dest_loss=0.048734 future_loss=0.037219 offset_loss=0.047706 kld=0.026424 cd=-0.015920 en_pos=6.551496 en_neg=6.567416 pcd=True subgoal_reg=0.005970565536839388 
2026-01-20 21:33:36,767 :   233/   11 dest_loss=0.034383 future_loss=0.026455 offset_loss=0.044289 kld=0.024619 cd=0.106738 en_pos=6.808680 en_neg=6.701942 pcd=True subgoal_reg=0.005908422108835257 
2026-01-20 21:33:52,677 :   239/   11 dest_loss=0.037002 future_loss=0.030661 offset_loss=0.040534 kld=0.026964 cd=0.263798 en_pos=6.713712 en_neg=6.449914 pcd=True subgoal_reg=0.0038909232080173548 
2026-01-20 21:34:08,605 :   245/   11 dest_loss=0.183902 future_loss=0.157242 offset_loss=0.170950 kld=0.030339 cd=0.066577 en_pos=6.606816 en_neg=6.540238 pcd=True subgoal_reg=0.004254397977587258 
2026-01-20 21:34:25,224 :   251/   11 dest_loss=0.130796 future_loss=0.091369 offset_loss=0.148417 kld=0.023018 cd=0.078052 en_pos=6.582094 en_neg=6.504042 pcd=True subgoal_reg=0.005150427881652289 
2026-01-20 21:34:41,406 :   257/   11 dest_loss=0.035517 future_loss=0.028898 offset_loss=0.032720 kld=0.024256 cd=0.191660 en_pos=6.681192 en_neg=6.489532 pcd=True subgoal_reg=0.0037084506730483214 
2026-01-20 21:34:57,435 :   263/   11 dest_loss=0.185347 future_loss=0.144441 offset_loss=0.146352 kld=0.027757 cd=0.130506 en_pos=6.699861 en_neg=6.569355 pcd=True subgoal_reg=0.005243985699621425 
2026-01-20 21:35:13,415 :   269/   11 dest_loss=0.197197 future_loss=0.159529 offset_loss=0.151415 kld=0.026372 cd=-0.029221 en_pos=6.545953 en_neg=6.575174 pcd=True subgoal_reg=0.004199247464545157 
2026-01-20 21:35:29,190 :   275/   11 dest_loss=0.043271 future_loss=0.032063 offset_loss=0.040492 kld=0.027934 cd=-0.114805 en_pos=6.740948 en_neg=6.855752 pcd=True subgoal_reg=0.005592256180181513 
2026-01-20 21:35:45,243 :   281/   11 dest_loss=0.108415 future_loss=0.091276 offset_loss=0.089947 kld=0.024619 cd=0.180205 en_pos=6.748502 en_neg=6.568298 pcd=True subgoal_reg=0.00494812284262611 
2026-01-20 21:36:01,179 :   287/   11 dest_loss=0.067324 future_loss=0.037192 offset_loss=0.074966 kld=0.025570 cd=-0.072013 en_pos=6.591504 en_neg=6.663516 pcd=True subgoal_reg=0.0055271902047492934 
2026-01-20 21:36:17,182 :   293/   11 dest_loss=0.034405 future_loss=0.027180 offset_loss=0.035502 kld=0.024186 cd=-0.347251 en_pos=6.463530 en_neg=6.810781 pcd=True subgoal_reg=0.0050396779556213175 
2026-01-20 21:36:33,101 :   299/   11 dest_loss=0.076266 future_loss=0.071105 offset_loss=0.043392 kld=0.025770 cd=-0.095304 en_pos=6.551032 en_neg=6.646336 pcd=True subgoal_reg=0.005906113820075597 
2026-01-20 21:36:49,077 :   305/   11 dest_loss=0.040256 future_loss=0.031938 offset_loss=0.037662 kld=0.026525 cd=0.088760 en_pos=6.761714 en_neg=6.672954 pcd=True subgoal_reg=0.006500822524204676 
2026-01-20 21:37:05,225 :   311/   11 dest_loss=0.030778 future_loss=0.025557 offset_loss=0.031618 kld=0.024604 cd=0.045406 en_pos=6.579051 en_neg=6.533645 pcd=True subgoal_reg=0.004208509252766254 
2026-01-20 21:37:21,131 :   317/   11 dest_loss=0.033956 future_loss=0.025854 offset_loss=0.037903 kld=0.025081 cd=-0.024942 en_pos=6.577068 en_neg=6.602010 pcd=True subgoal_reg=0.0043552617976402586 
2026-01-20 21:37:37,113 :   323/   11 dest_loss=0.032935 future_loss=0.025911 offset_loss=0.037576 kld=0.025747 cd=-0.049804 en_pos=6.516563 en_neg=6.566368 pcd=True subgoal_reg=0.004808018312484287 
2026-01-20 21:37:53,031 :   329/   11 dest_loss=0.032286 future_loss=0.025457 offset_loss=0.035686 kld=0.025993 cd=-0.178121 en_pos=6.497450 en_neg=6.675571 pcd=True subgoal_reg=0.003951581417505151 
2026-01-20 21:38:08,958 :   335/   11 dest_loss=0.041683 future_loss=0.030677 offset_loss=0.042608 kld=0.025369 cd=0.207960 en_pos=6.744791 en_neg=6.536831 pcd=True subgoal_reg=0.004539566690800963 
2026-01-20 21:38:24,964 :   341/   11 dest_loss=0.135930 future_loss=0.103281 offset_loss=0.123166 kld=0.028532 cd=-0.033326 en_pos=6.477249 en_neg=6.510576 pcd=True subgoal_reg=0.00408271223175934 
2026-01-20 21:38:41,107 :   347/   11 dest_loss=0.035879 future_loss=0.032327 offset_loss=0.029383 kld=0.024184 cd=-0.062661 en_pos=6.464174 en_neg=6.526835 pcd=True subgoal_reg=0.0033203477651193615 
2026-01-20 21:38:56,892 :   353/   11 dest_loss=0.033447 future_loss=0.028593 offset_loss=0.033753 kld=0.025480 cd=0.166001 en_pos=6.590121 en_neg=6.424120 pcd=True subgoal_reg=0.005154797413892413 
2026-01-20 21:39:12,809 :   359/   11 dest_loss=0.031075 future_loss=0.027394 offset_loss=0.033172 kld=0.025641 cd=-0.013108 en_pos=6.674088 en_neg=6.687196 pcd=True subgoal_reg=0.004380319895078987 
2026-01-20 21:39:28,730 :   365/   11 dest_loss=0.038797 future_loss=0.031618 offset_loss=0.039306 kld=0.025658 cd=0.210762 en_pos=6.588047 en_neg=6.377285 pcd=True subgoal_reg=0.004906133863040426 
2026-01-20 21:39:44,660 :   371/   11 dest_loss=0.128416 future_loss=0.122143 offset_loss=0.056341 kld=0.027555 cd=0.157001 en_pos=6.772191 en_neg=6.615190 pcd=True subgoal_reg=0.003973059676623095 
2026-01-20 21:40:00,674 :   377/   11 dest_loss=0.127784 future_loss=0.113384 offset_loss=0.113404 kld=0.028531 cd=0.004615 en_pos=6.633143 en_neg=6.628528 pcd=True subgoal_reg=0.004949283164729385 
2026-01-20 21:40:16,599 :   383/   11 dest_loss=0.041362 future_loss=0.032036 offset_loss=0.046252 kld=0.025716 cd=0.181331 en_pos=6.726310 en_neg=6.544979 pcd=True subgoal_reg=0.00387677327995561 
2026-01-20 21:40:32,530 :   389/   11 dest_loss=0.034426 future_loss=0.025575 offset_loss=0.043247 kld=0.026182 cd=0.118646 en_pos=6.618908 en_neg=6.500262 pcd=True subgoal_reg=0.0037624235388577813 
2026-01-20 21:40:48,496 :   395/   11 dest_loss=0.185429 future_loss=0.141744 offset_loss=0.117619 kld=0.025165 cd=0.103086 en_pos=6.644659 en_neg=6.541572 pcd=True subgoal_reg=0.004115992109873809 
2026-01-20 21:41:04,463 :   401/   11 dest_loss=0.035265 future_loss=0.029161 offset_loss=0.035268 kld=0.025975 cd=-0.037820 en_pos=6.702702 en_neg=6.740522 pcd=True subgoal_reg=0.004113680388285491 
2026-01-20 21:41:20,500 :   407/   11 dest_loss=0.035957 future_loss=0.030610 offset_loss=0.034545 kld=0.024379 cd=0.035100 en_pos=6.716392 en_neg=6.681292 pcd=True subgoal_reg=0.0033602777000551936 
2026-01-20 21:41:36,476 :   413/   11 dest_loss=0.036549 future_loss=0.028929 offset_loss=0.041157 kld=0.026243 cd=-0.083801 en_pos=6.557327 en_neg=6.641128 pcd=True subgoal_reg=0.004449073083204993 
2026-01-20 21:41:52,546 :   419/   11 dest_loss=0.067602 future_loss=0.041284 offset_loss=0.088296 kld=0.023925 cd=-0.037374 en_pos=6.391359 en_neg=6.428733 pcd=True subgoal_reg=0.004118766815393497 
2026-01-20 21:42:08,504 :   425/   11 dest_loss=0.041463 future_loss=0.033747 offset_loss=0.036244 kld=0.024394 cd=0.253619 en_pos=6.677729 en_neg=6.424110 pcd=True subgoal_reg=0.003344054302589061 
2026-01-20 21:42:24,293 :   431/   11 dest_loss=0.044659 future_loss=0.037910 offset_loss=0.038204 kld=0.028126 cd=-0.011835 en_pos=6.648074 en_neg=6.659909 pcd=True subgoal_reg=0.004591088151759739 
2026-01-20 21:42:40,238 :   437/   11 dest_loss=0.036626 future_loss=0.027782 offset_loss=0.038312 kld=0.027082 cd=-0.156565 en_pos=6.436736 en_neg=6.593301 pcd=True subgoal_reg=0.006119285052175708 
2026-01-20 21:42:56,152 :   443/   11 dest_loss=0.038873 future_loss=0.030048 offset_loss=0.041654 kld=0.026085 cd=-0.326850 en_pos=6.448437 en_neg=6.775287 pcd=True subgoal_reg=0.004076039500402378 
2026-01-20 21:43:12,128 :   449/   11 dest_loss=0.105373 future_loss=0.089416 offset_loss=0.040876 kld=0.028568 cd=0.020805 en_pos=6.759306 en_neg=6.738501 pcd=True subgoal_reg=0.0037132929764637245 
2026-01-20 21:43:28,037 :   455/   11 dest_loss=0.040048 future_loss=0.030447 offset_loss=0.042032 kld=0.025782 cd=0.197433 en_pos=6.711760 en_neg=6.514327 pcd=True subgoal_reg=0.006330115897955397 
2026-01-20 21:43:43,970 :   461/   11 dest_loss=0.034110 future_loss=0.027964 offset_loss=0.037096 kld=0.025243 cd=-0.207258 en_pos=6.320669 en_neg=6.527927 pcd=True subgoal_reg=0.003404213052086267 
2026-01-20 21:43:59,946 :   467/   11 dest_loss=0.033768 future_loss=0.027470 offset_loss=0.032398 kld=0.023838 cd=-0.062671 en_pos=6.670861 en_neg=6.733532 pcd=True subgoal_reg=0.0038690135407947884 
2026-01-20 21:44:16,103 :   473/   11 dest_loss=0.031186 future_loss=0.024713 offset_loss=0.036917 kld=0.025796 cd=-0.154924 en_pos=6.505815 en_neg=6.660739 pcd=True subgoal_reg=0.0054421939665293545 
2026-01-20 21:44:32,655 :   479/   11 dest_loss=0.039648 future_loss=0.030608 offset_loss=0.042177 kld=0.024834 cd=-0.307901 en_pos=6.282944 en_neg=6.590845 pcd=True subgoal_reg=0.003601392859945327 
2026-01-20 21:44:48,628 :   485/   11 dest_loss=0.032579 future_loss=0.026642 offset_loss=0.034346 kld=0.025505 cd=0.145863 en_pos=6.631543 en_neg=6.485680 pcd=True subgoal_reg=0.0031680015047632656 
2026-01-20 21:45:04,695 :   491/   11 dest_loss=0.036795 future_loss=0.027646 offset_loss=0.039402 kld=0.025787 cd=-0.244650 en_pos=6.461804 en_neg=6.706454 pcd=True subgoal_reg=0.004278274917890922 
2026-01-20 21:45:20,629 :   497/   11 dest_loss=0.032352 future_loss=0.026335 offset_loss=0.036612 kld=0.027046 cd=0.103778 en_pos=6.701943 en_neg=6.598166 pcd=True subgoal_reg=0.004086310873364267 
2026-01-20 21:45:36,571 :   503/   11 dest_loss=0.032292 future_loss=0.027528 offset_loss=0.032435 kld=0.024238 cd=0.059045 en_pos=6.550366 en_neg=6.491320 pcd=True subgoal_reg=0.003255395118739327 
2026-01-20 21:45:52,320 :   509/   11 dest_loss=0.112679 future_loss=0.096925 offset_loss=0.102759 kld=0.024858 cd=-0.020586 en_pos=6.737393 en_neg=6.757979 pcd=True subgoal_reg=0.0041409176202209285 
2026-01-20 21:47:27,555 : Train Loss 103.76998672037035
2026-01-20 21:47:27,555 : Overall Loss 21.649617452751986
2026-01-20 21:47:27,555 : Dest Loss 26.45846563510466
2026-01-20 21:47:27,555 : Val ADE 0.18563791275659364
2026-01-20 21:47:27,555 : Val FDE 0.17511400404959618
2026-01-20 21:47:27,556 : Val Best ADE 0.16277381523626452
2026-01-20 21:47:27,556 : Val Best FDE 0.16447004340222007
2026-01-20 21:47:27,556 : ----->learning rate 0.00125
2026-01-20 21:47:43,748 :     5/   12 dest_loss=0.141936 future_loss=0.088002 offset_loss=0.161401 kld=0.028389 cd=-0.113822 en_pos=6.789160 en_neg=6.902982 pcd=True subgoal_reg=0.0048719854598391395 
2026-01-20 21:47:59,759 :    11/   12 dest_loss=0.038943 future_loss=0.031078 offset_loss=0.037269 kld=0.026870 cd=0.087415 en_pos=6.625634 en_neg=6.538219 pcd=True subgoal_reg=0.003746844627317052 
2026-01-20 21:48:15,704 :    17/   12 dest_loss=0.039049 future_loss=0.031134 offset_loss=0.035608 kld=0.025549 cd=0.116293 en_pos=6.771087 en_neg=6.654793 pcd=True subgoal_reg=0.003859945166147849 
2026-01-20 21:48:31,621 :    23/   12 dest_loss=0.033499 future_loss=0.024391 offset_loss=0.039831 kld=0.023320 cd=0.082453 en_pos=6.560713 en_neg=6.478261 pcd=True subgoal_reg=0.004628208173712177 
2026-01-20 21:48:47,543 :    29/   12 dest_loss=0.123227 future_loss=0.096012 offset_loss=0.085837 kld=0.027032 cd=0.287588 en_pos=6.626799 en_neg=6.339211 pcd=True subgoal_reg=0.004372760718818158 
2026-01-20 21:49:03,439 :    35/   12 dest_loss=0.042448 future_loss=0.032357 offset_loss=0.040899 kld=0.024949 cd=0.134224 en_pos=6.842939 en_neg=6.708714 pcd=True subgoal_reg=0.003828699015594345 
2026-01-20 21:49:19,413 :    41/   12 dest_loss=0.183213 future_loss=0.115159 offset_loss=0.201376 kld=0.024902 cd=0.086874 en_pos=6.560645 en_neg=6.473771 pcd=True subgoal_reg=0.0034936794604883584 
2026-01-20 21:49:35,296 :    47/   12 dest_loss=0.039785 future_loss=0.032165 offset_loss=0.034530 kld=0.025398 cd=0.115921 en_pos=6.524425 en_neg=6.408503 pcd=True subgoal_reg=0.0039452899097321805 
2026-01-20 21:49:51,148 :    53/   12 dest_loss=0.041787 future_loss=0.034467 offset_loss=0.033593 kld=0.024513 cd=-0.066544 en_pos=6.659013 en_neg=6.725557 pcd=True subgoal_reg=0.0054760452102422825 
2026-01-20 21:50:07,090 :    59/   12 dest_loss=0.029545 future_loss=0.024204 offset_loss=0.034267 kld=0.024835 cd=0.050592 en_pos=6.644907 en_neg=6.594315 pcd=True subgoal_reg=0.005211141196238819 
2026-01-20 21:50:23,069 :    65/   12 dest_loss=0.039188 future_loss=0.029325 offset_loss=0.040667 kld=0.024144 cd=0.171670 en_pos=6.530634 en_neg=6.358963 pcd=True subgoal_reg=0.004173071201055829 
2026-01-20 21:50:38,982 :    71/   12 dest_loss=0.099350 future_loss=0.087698 offset_loss=0.099471 kld=0.027928 cd=0.090988 en_pos=6.812401 en_neg=6.721413 pcd=True subgoal_reg=0.003491773911790618 
2026-01-20 21:50:54,973 :    77/   12 dest_loss=0.030754 future_loss=0.029808 offset_loss=0.021682 kld=0.025040 cd=0.323277 en_pos=6.812419 en_neg=6.489143 pcd=True subgoal_reg=0.003696680302135446 
2026-01-20 21:51:11,005 :    83/   12 dest_loss=0.061176 future_loss=0.041093 offset_loss=0.080592 kld=0.024582 cd=-0.007986 en_pos=6.542239 en_neg=6.550225 pcd=True subgoal_reg=0.004698233621199496 
2026-01-20 21:51:26,924 :    89/   12 dest_loss=0.035399 future_loss=0.028307 offset_loss=0.035367 kld=0.026093 cd=-0.275685 en_pos=6.390802 en_neg=6.666487 pcd=True subgoal_reg=0.0038118419582644897 
2026-01-20 21:51:42,863 :    95/   12 dest_loss=0.039347 future_loss=0.031414 offset_loss=0.038308 kld=0.024082 cd=-0.234435 en_pos=6.467250 en_neg=6.701685 pcd=True subgoal_reg=0.0036190743067857018 
2026-01-20 21:51:58,760 :   101/   12 dest_loss=0.031764 future_loss=0.025312 offset_loss=0.033274 kld=0.023810 cd=0.064839 en_pos=6.647063 en_neg=6.582224 pcd=True subgoal_reg=0.004060751547449179 
2026-01-20 21:52:14,716 :   107/   12 dest_loss=0.032269 future_loss=0.027280 offset_loss=0.033247 kld=0.024389 cd=0.168320 en_pos=6.693590 en_neg=6.525270 pcd=True subgoal_reg=0.0042774309648822345 
2026-01-20 21:52:30,594 :   113/   12 dest_loss=0.038470 future_loss=0.028648 offset_loss=0.039534 kld=0.025372 cd=0.026032 en_pos=6.706833 en_neg=6.680801 pcd=True subgoal_reg=0.004610969783720032 
2026-01-20 21:52:46,506 :   119/   12 dest_loss=0.035876 future_loss=0.028496 offset_loss=0.039824 kld=0.024376 cd=-0.231831 en_pos=6.445167 en_neg=6.676998 pcd=True subgoal_reg=0.00414987392126911 
2026-01-20 21:53:02,533 :   125/   12 dest_loss=0.036609 future_loss=0.029026 offset_loss=0.039709 kld=0.024143 cd=-0.044698 en_pos=6.503362 en_neg=6.548060 pcd=True subgoal_reg=0.004076906261096891 
2026-01-20 21:53:18,364 :   131/   12 dest_loss=0.038732 future_loss=0.031629 offset_loss=0.038715 kld=0.026021 cd=0.085139 en_pos=6.499058 en_neg=6.413920 pcd=True subgoal_reg=0.0037573915443443323 
2026-01-20 21:53:34,369 :   137/   12 dest_loss=0.036473 future_loss=0.031148 offset_loss=0.031445 kld=0.024587 cd=0.036010 en_pos=6.623055 en_neg=6.587045 pcd=True subgoal_reg=0.00387777630833247 
2026-01-20 21:53:50,319 :   143/   12 dest_loss=0.034886 future_loss=0.026820 offset_loss=0.035636 kld=0.024351 cd=-0.078059 en_pos=6.563550 en_neg=6.641609 pcd=True subgoal_reg=0.004021323068097554 
2026-01-20 21:54:06,277 :   149/   12 dest_loss=0.033806 future_loss=0.027586 offset_loss=0.032340 kld=0.024265 cd=-0.045129 en_pos=6.519998 en_neg=6.565127 pcd=True subgoal_reg=0.003575863990861479 
2026-01-20 21:54:22,736 :   155/   12 dest_loss=0.038036 future_loss=0.030958 offset_loss=0.037663 kld=0.026629 cd=-0.195745 en_pos=6.505145 en_neg=6.700890 pcd=True subgoal_reg=0.003894289255384039 
2026-01-20 21:54:39,036 :   161/   12 dest_loss=0.043476 future_loss=0.034016 offset_loss=0.043935 kld=0.026338 cd=0.029007 en_pos=6.640272 en_neg=6.611265 pcd=True subgoal_reg=0.0037611135836899687 
2026-01-20 21:54:55,014 :   167/   12 dest_loss=0.032812 future_loss=0.026975 offset_loss=0.032039 kld=0.024735 cd=-0.290831 en_pos=6.419550 en_neg=6.710381 pcd=True subgoal_reg=0.003832141839021709 
2026-01-20 21:55:11,012 :   173/   12 dest_loss=0.080725 future_loss=0.060229 offset_loss=0.081764 kld=0.026168 cd=-0.130845 en_pos=6.483798 en_neg=6.614643 pcd=True subgoal_reg=0.004004563732900729 
2026-01-20 21:55:26,970 :   179/   12 dest_loss=0.039753 future_loss=0.032045 offset_loss=0.036611 kld=0.025378 cd=-0.213149 en_pos=6.515769 en_neg=6.728918 pcd=True subgoal_reg=0.004208932806717487 
2026-01-20 21:55:42,890 :   185/   12 dest_loss=0.037927 future_loss=0.030774 offset_loss=0.037799 kld=0.026806 cd=0.282877 en_pos=6.750511 en_neg=6.467634 pcd=True subgoal_reg=0.004210001663915066 
2026-01-20 21:55:59,078 :   191/   12 dest_loss=0.034856 future_loss=0.028784 offset_loss=0.035616 kld=0.026720 cd=-0.051933 en_pos=6.566172 en_neg=6.618106 pcd=True subgoal_reg=0.003898555424963524 
2026-01-20 21:56:15,014 :   197/   12 dest_loss=0.030656 future_loss=0.025853 offset_loss=0.034223 kld=0.024918 cd=-0.049514 en_pos=6.455634 en_neg=6.505148 pcd=True subgoal_reg=0.0035089375963312207 
2026-01-20 21:56:30,928 :   203/   12 dest_loss=0.036545 future_loss=0.028656 offset_loss=0.035105 kld=0.025217 cd=0.153199 en_pos=6.684523 en_neg=6.531323 pcd=True subgoal_reg=0.004315811883503228 
2026-01-20 21:56:46,649 :   209/   12 dest_loss=0.040253 future_loss=0.031290 offset_loss=0.038814 kld=0.026072 cd=0.005514 en_pos=6.525308 en_neg=6.519795 pcd=True subgoal_reg=0.00446137213103089 
2026-01-20 21:57:02,542 :   215/   12 dest_loss=0.036139 future_loss=0.029602 offset_loss=0.035563 kld=0.025038 cd=-0.271624 en_pos=6.467280 en_neg=6.738904 pcd=True subgoal_reg=0.0041262129603494 
2026-01-20 21:57:18,556 :   221/   12 dest_loss=0.032396 future_loss=0.025117 offset_loss=0.036312 kld=0.025856 cd=-0.045067 en_pos=6.486998 en_neg=6.532065 pcd=True subgoal_reg=0.00445619511287222 
2026-01-20 21:57:34,469 :   227/   12 dest_loss=0.040619 future_loss=0.031565 offset_loss=0.039545 kld=0.026529 cd=0.149577 en_pos=6.573938 en_neg=6.424361 pcd=True subgoal_reg=0.003971185448338152 
2026-01-20 21:57:50,427 :   233/   12 dest_loss=0.028922 future_loss=0.024073 offset_loss=0.033828 kld=0.025279 cd=-0.120718 en_pos=6.482767 en_neg=6.603484 pcd=True subgoal_reg=0.0033131241927772744 
2026-01-20 21:58:06,363 :   239/   12 dest_loss=0.035010 future_loss=0.028340 offset_loss=0.035135 kld=0.025288 cd=0.054676 en_pos=6.616272 en_neg=6.561596 pcd=True subgoal_reg=0.003489421386832127 
2026-01-20 21:58:22,287 :   245/   12 dest_loss=0.034293 future_loss=0.027768 offset_loss=0.037594 kld=0.024129 cd=-0.226176 en_pos=6.605691 en_neg=6.831867 pcd=True subgoal_reg=0.003889671125570574 
2026-01-20 21:58:38,265 :   251/   12 dest_loss=0.033091 future_loss=0.027056 offset_loss=0.034174 kld=0.023964 cd=-0.183213 en_pos=6.323620 en_neg=6.506833 pcd=True subgoal_reg=0.003422161868151226 
2026-01-20 21:58:54,319 :   257/   12 dest_loss=0.032408 future_loss=0.026725 offset_loss=0.032412 kld=0.025706 cd=-0.019985 en_pos=6.559973 en_neg=6.579958 pcd=True subgoal_reg=0.003501103800995535 
2026-01-20 21:59:10,357 :   263/   12 dest_loss=0.031846 future_loss=0.026608 offset_loss=0.034090 kld=0.024482 cd=-0.018694 en_pos=6.636440 en_neg=6.655134 pcd=True subgoal_reg=0.0035130999145336454 
2026-01-20 21:59:26,341 :   269/   12 dest_loss=0.032398 future_loss=0.026511 offset_loss=0.031521 kld=0.024377 cd=-0.189510 en_pos=6.485726 en_neg=6.675236 pcd=True subgoal_reg=0.003417628068498011 
2026-01-20 21:59:42,300 :   275/   12 dest_loss=0.041952 future_loss=0.037225 offset_loss=0.027429 kld=0.024446 cd=-0.092011 en_pos=6.685104 en_neg=6.777115 pcd=True subgoal_reg=0.0032641880659208624 
2026-01-20 21:59:58,272 :   281/   12 dest_loss=0.228703 future_loss=0.174263 offset_loss=0.134782 kld=0.028684 cd=-0.151601 en_pos=6.547356 en_neg=6.698957 pcd=True subgoal_reg=0.003877185751688008 
2026-01-20 22:00:14,138 :   287/   12 dest_loss=0.040403 future_loss=0.031336 offset_loss=0.033390 kld=0.025953 cd=0.296704 en_pos=6.737109 en_neg=6.440404 pcd=True subgoal_reg=0.005636401565642694 
2026-01-20 22:00:30,076 :   293/   12 dest_loss=0.077442 future_loss=0.066773 offset_loss=0.059491 kld=0.026212 cd=-0.174575 en_pos=6.614207 en_neg=6.788782 pcd=True subgoal_reg=0.005246795401299282 
2026-01-20 22:00:45,983 :   299/   12 dest_loss=0.038638 future_loss=0.031254 offset_loss=0.036571 kld=0.024078 cd=0.046404 en_pos=6.569086 en_neg=6.522682 pcd=True subgoal_reg=0.004216360604807691 
2026-01-20 22:01:01,958 :   305/   12 dest_loss=0.036803 future_loss=0.032304 offset_loss=0.032002 kld=0.024001 cd=-0.166349 en_pos=6.496630 en_neg=6.662979 pcd=True subgoal_reg=0.0033539555702362567 
2026-01-20 22:01:17,884 :   311/   12 dest_loss=0.031593 future_loss=0.026292 offset_loss=0.032124 kld=0.025555 cd=-0.162487 en_pos=6.378198 en_neg=6.540685 pcd=True subgoal_reg=0.0041436187466878625 
2026-01-20 22:01:33,848 :   317/   12 dest_loss=0.091389 future_loss=0.089645 offset_loss=0.100307 kld=0.026079 cd=-0.111808 en_pos=6.679724 en_neg=6.791532 pcd=True subgoal_reg=0.004071196391805944 
2026-01-20 22:01:49,719 :   323/   12 dest_loss=0.043431 future_loss=0.035302 offset_loss=0.037312 kld=0.025268 cd=-0.152742 en_pos=6.571014 en_neg=6.723756 pcd=True subgoal_reg=0.003652531948841133 
2026-01-20 22:02:05,728 :   329/   12 dest_loss=0.036328 future_loss=0.029684 offset_loss=0.036225 kld=0.026483 cd=0.006858 en_pos=6.413471 en_neg=6.406614 pcd=True subgoal_reg=0.0035342111988364905 
2026-01-20 22:02:21,610 :   335/   12 dest_loss=0.040669 future_loss=0.030429 offset_loss=0.041320 kld=0.026198 cd=0.001158 en_pos=6.502125 en_neg=6.500967 pcd=True subgoal_reg=0.0049574735530381235 
2026-01-20 22:02:37,505 :   341/   12 dest_loss=0.036181 future_loss=0.026786 offset_loss=0.039408 kld=0.024480 cd=0.182176 en_pos=6.664381 en_neg=6.482204 pcd=True subgoal_reg=0.005182098939530015 
2026-01-20 22:02:53,409 :   347/   12 dest_loss=0.035413 future_loss=0.025714 offset_loss=0.040689 kld=0.024410 cd=-0.094955 en_pos=6.344642 en_neg=6.439597 pcd=True subgoal_reg=0.0038596055888092127 
2026-01-20 22:03:09,284 :   353/   12 dest_loss=0.033171 future_loss=0.027026 offset_loss=0.033753 kld=0.024244 cd=-0.294477 en_pos=6.346141 en_neg=6.640618 pcd=True subgoal_reg=0.0031594024781110893 
2026-01-20 22:03:25,204 :   359/   12 dest_loss=0.033175 future_loss=0.026740 offset_loss=0.034322 kld=0.025276 cd=-0.023860 en_pos=6.462183 en_neg=6.486043 pcd=True subgoal_reg=0.003474211666334961 
2026-01-20 22:03:40,865 :   365/   12 dest_loss=0.034164 future_loss=0.026452 offset_loss=0.035963 kld=0.024430 cd=-0.041224 en_pos=6.703728 en_neg=6.744952 pcd=True subgoal_reg=0.0040444361709637555 
2026-01-20 22:03:56,739 :   371/   12 dest_loss=0.036408 future_loss=0.028036 offset_loss=0.038144 kld=0.024077 cd=-0.280329 en_pos=6.429211 en_neg=6.709540 pcd=True subgoal_reg=0.0041809440065175025 
2026-01-20 22:04:12,848 :   377/   12 dest_loss=0.034847 future_loss=0.026962 offset_loss=0.038969 kld=0.025808 cd=-0.131217 en_pos=6.692940 en_neg=6.824157 pcd=True subgoal_reg=0.004182530098378055 
2026-01-20 22:04:29,453 :   383/   12 dest_loss=0.038117 future_loss=0.029820 offset_loss=0.039386 kld=0.025705 cd=-0.302135 en_pos=6.438556 en_neg=6.740692 pcd=True subgoal_reg=0.003780579730497966 
2026-01-20 22:04:45,482 :   389/   12 dest_loss=0.038465 future_loss=0.030957 offset_loss=0.036787 kld=0.025164 cd=0.128159 en_pos=6.610659 en_neg=6.482500 pcd=True subgoal_reg=0.003487237621420864 
2026-01-20 22:05:01,525 :   395/   12 dest_loss=0.031396 future_loss=0.025411 offset_loss=0.030934 kld=0.024831 cd=0.131776 en_pos=6.610378 en_neg=6.478603 pcd=True subgoal_reg=0.003834175751485305 
2026-01-20 22:05:17,472 :   401/   12 dest_loss=0.032045 future_loss=0.025978 offset_loss=0.034286 kld=0.025613 cd=-0.150893 en_pos=6.593958 en_neg=6.744851 pcd=True subgoal_reg=0.003911830050480131 
2026-01-20 22:05:33,333 :   407/   12 dest_loss=0.031374 future_loss=0.025216 offset_loss=0.034285 kld=0.024982 cd=0.174518 en_pos=6.735656 en_neg=6.561138 pcd=True subgoal_reg=0.003948828565854731 
2026-01-20 22:05:49,335 :   413/   12 dest_loss=0.033718 future_loss=0.026208 offset_loss=0.037446 kld=0.024439 cd=0.262288 en_pos=6.589331 en_neg=6.327043 pcd=True subgoal_reg=0.003447432163234276 
2026-01-20 22:06:05,404 :   419/   12 dest_loss=0.032476 future_loss=0.027402 offset_loss=0.030493 kld=0.024223 cd=-0.220409 en_pos=6.356658 en_neg=6.577067 pcd=True subgoal_reg=0.0031418789200992198 
2026-01-20 22:06:21,346 :   425/   12 dest_loss=0.037534 future_loss=0.033988 offset_loss=0.025472 kld=0.024432 cd=0.211293 en_pos=6.722008 en_neg=6.510715 pcd=True subgoal_reg=0.0036987516380826277 
2026-01-20 22:06:37,277 :   431/   12 dest_loss=0.037603 future_loss=0.029924 offset_loss=0.034375 kld=0.025023 cd=-0.136930 en_pos=6.505824 en_neg=6.642754 pcd=True subgoal_reg=0.004445311966110732 
2026-01-20 22:06:53,267 :   437/   12 dest_loss=0.030850 future_loss=0.024857 offset_loss=0.034000 kld=0.023512 cd=0.104798 en_pos=6.562675 en_neg=6.457877 pcd=True subgoal_reg=0.004498082645890819 
2026-01-20 22:07:09,000 :   443/   12 dest_loss=0.032459 future_loss=0.025477 offset_loss=0.035102 kld=0.025701 cd=-0.210708 en_pos=6.613646 en_neg=6.824354 pcd=True subgoal_reg=0.004116153609360318 
2026-01-20 22:07:24,939 :   449/   12 dest_loss=0.041109 future_loss=0.032660 offset_loss=0.037124 kld=0.025036 cd=-0.169851 en_pos=6.401136 en_neg=6.570987 pcd=True subgoal_reg=0.003422103102738068 
2026-01-20 22:07:40,928 :   455/   12 dest_loss=0.037570 future_loss=0.030670 offset_loss=0.032885 kld=0.026607 cd=0.113203 en_pos=6.744982 en_neg=6.631779 pcd=True subgoal_reg=0.0037737520433189656 
2026-01-20 22:07:56,950 :   461/   12 dest_loss=0.037718 future_loss=0.026283 offset_loss=0.042237 kld=0.024017 cd=0.050168 en_pos=6.650825 en_neg=6.600657 pcd=True subgoal_reg=0.004667865782791804 
2026-01-20 22:08:13,055 :   467/   12 dest_loss=0.105798 future_loss=0.060559 offset_loss=0.113960 kld=0.024176 cd=0.093619 en_pos=6.580072 en_neg=6.486453 pcd=True subgoal_reg=0.0043951638266694175 
2026-01-20 22:08:29,017 :   473/   12 dest_loss=0.028954 future_loss=0.025087 offset_loss=0.028280 kld=0.024403 cd=0.376096 en_pos=6.528503 en_neg=6.152407 pcd=True subgoal_reg=0.0029641001216632054 
2026-01-20 22:08:45,011 :   479/   12 dest_loss=0.079709 future_loss=0.054192 offset_loss=0.087344 kld=0.026978 cd=-0.081315 en_pos=6.463716 en_neg=6.545031 pcd=True subgoal_reg=0.0037383973154019555 
2026-01-20 22:09:00,950 :   485/   12 dest_loss=0.036615 future_loss=0.031356 offset_loss=0.031830 kld=0.024554 cd=0.066582 en_pos=6.687285 en_neg=6.620703 pcd=True subgoal_reg=0.003945937250322074 
2026-01-20 22:09:16,951 :   491/   12 dest_loss=0.035031 future_loss=0.029423 offset_loss=0.033662 kld=0.024003 cd=-0.017335 en_pos=6.481817 en_neg=6.499152 pcd=True subgoal_reg=0.003927206270179411 
2026-01-20 22:09:33,004 :   497/   12 dest_loss=0.037054 future_loss=0.029074 offset_loss=0.034877 kld=0.025060 cd=-0.222554 en_pos=6.407911 en_neg=6.630465 pcd=True subgoal_reg=0.0042717527086379384 
2026-01-20 22:09:48,861 :   503/   12 dest_loss=0.042235 future_loss=0.033199 offset_loss=0.038821 kld=0.026292 cd=-0.031786 en_pos=6.638991 en_neg=6.670777 pcd=True subgoal_reg=0.004375566391938432 
2026-01-20 22:10:04,873 :   509/   12 dest_loss=0.033070 future_loss=0.027687 offset_loss=0.031455 kld=0.024441 cd=0.133974 en_pos=6.610522 en_neg=6.476548 pcd=True subgoal_reg=0.0034734505055755375 
2026-01-20 22:11:39,911 : Train Loss 95.04019973886705
2026-01-20 22:11:39,911 : Overall Loss 18.803490511071406
2026-01-20 22:11:39,911 : Dest Loss 23.35901451491592
2026-01-20 22:11:39,912 : Val ADE 0.14107259954554813
2026-01-20 22:11:39,912 : Val FDE 0.1660262014063029
2026-01-20 22:11:39,912 : Val Best ADE 0.14107259954554813
2026-01-20 22:11:39,912 : Val Best FDE 0.1660262014063029
2026-01-20 22:11:39,912 : ----->learning rate 0.000625
2026-01-20 22:11:56,090 :     5/   13 dest_loss=0.037197 future_loss=0.031558 offset_loss=0.028027 kld=0.026100 cd=0.009173 en_pos=6.425752 en_neg=6.416579 pcd=True subgoal_reg=0.0034862675514554598 
2026-01-20 22:12:12,024 :    11/   13 dest_loss=0.035952 future_loss=0.030923 offset_loss=0.030724 kld=0.025896 cd=0.080700 en_pos=6.517423 en_neg=6.436723 pcd=True subgoal_reg=0.004934464685579441 
2026-01-20 22:12:27,929 :    17/   13 dest_loss=0.037065 future_loss=0.031844 offset_loss=0.028925 kld=0.024087 cd=0.132751 en_pos=6.838265 en_neg=6.705514 pcd=True subgoal_reg=0.004654887817036341 
2026-01-20 22:12:43,769 :    23/   13 dest_loss=0.031259 future_loss=0.025385 offset_loss=0.030533 kld=0.024506 cd=-0.116464 en_pos=6.551202 en_neg=6.667666 pcd=True subgoal_reg=0.0041919197367222645 
2026-01-20 22:12:59,664 :    29/   13 dest_loss=0.036501 future_loss=0.031267 offset_loss=0.030832 kld=0.026586 cd=0.189473 en_pos=6.727645 en_neg=6.538172 pcd=True subgoal_reg=0.0041234029072268795 
2026-01-20 22:13:15,607 :    35/   13 dest_loss=0.041398 future_loss=0.034341 offset_loss=0.032228 kld=0.026968 cd=-0.029498 en_pos=6.509521 en_neg=6.539019 pcd=True subgoal_reg=0.004035091501668687 
2026-01-20 22:13:31,525 :    41/   13 dest_loss=0.037025 future_loss=0.030601 offset_loss=0.032194 kld=0.023736 cd=0.197332 en_pos=6.709484 en_neg=6.512152 pcd=True subgoal_reg=0.004461262958321606 
2026-01-20 22:13:47,484 :    47/   13 dest_loss=0.093386 future_loss=0.096104 offset_loss=0.054021 kld=0.025847 cd=-0.038354 en_pos=6.585574 en_neg=6.623927 pcd=True subgoal_reg=0.004797923889809078 
2026-01-20 22:14:03,449 :    53/   13 dest_loss=0.032931 future_loss=0.026347 offset_loss=0.033393 kld=0.025784 cd=-0.084129 en_pos=6.624211 en_neg=6.708340 pcd=True subgoal_reg=0.0038475149775316396 
2026-01-20 22:14:19,766 :    59/   13 dest_loss=0.032610 future_loss=0.025802 offset_loss=0.035215 kld=0.025823 cd=-0.058777 en_pos=6.509354 en_neg=6.568131 pcd=True subgoal_reg=0.004529317767731756 
2026-01-20 22:14:36,192 :    65/   13 dest_loss=0.030111 future_loss=0.024782 offset_loss=0.033660 kld=0.026127 cd=-0.150647 en_pos=6.460309 en_neg=6.610957 pcd=True subgoal_reg=0.004213393241920619 
2026-01-20 22:14:52,309 :    71/   13 dest_loss=0.033493 future_loss=0.027909 offset_loss=0.032371 kld=0.025483 cd=-0.067612 en_pos=6.633223 en_neg=6.700835 pcd=True subgoal_reg=0.0039018342369557986 
2026-01-20 22:15:08,319 :    77/   13 dest_loss=0.036063 future_loss=0.027663 offset_loss=0.032788 kld=0.023158 cd=-0.423952 en_pos=6.277205 en_neg=6.701157 pcd=True subgoal_reg=0.004504085578442393 
2026-01-20 22:15:24,247 :    83/   13 dest_loss=0.043140 future_loss=0.031557 offset_loss=0.038870 kld=0.023757 cd=-0.035487 en_pos=6.604810 en_neg=6.640297 pcd=True subgoal_reg=0.004372201839319154 
2026-01-20 22:15:40,176 :    89/   13 dest_loss=0.034804 future_loss=0.024740 offset_loss=0.041065 kld=0.024458 cd=-0.138396 en_pos=6.615163 en_neg=6.753559 pcd=True subgoal_reg=0.004250181821569778 
2026-01-20 22:15:56,076 :    95/   13 dest_loss=0.036737 future_loss=0.028368 offset_loss=0.034347 kld=0.026439 cd=-0.068632 en_pos=6.586540 en_neg=6.655172 pcd=True subgoal_reg=0.004170436353382984 
2026-01-20 22:16:12,036 :   101/   13 dest_loss=0.089053 future_loss=0.078753 offset_loss=0.096720 kld=0.023565 cd=-0.188604 en_pos=6.308042 en_neg=6.496646 pcd=True subgoal_reg=0.003702742873021705 
2026-01-20 22:16:27,991 :   107/   13 dest_loss=0.031959 future_loss=0.026728 offset_loss=0.031646 kld=0.025035 cd=0.031685 en_pos=6.542969 en_neg=6.511284 pcd=True subgoal_reg=0.00381486110947051 
2026-01-20 22:16:43,877 :   113/   13 dest_loss=0.140257 future_loss=0.142015 offset_loss=0.090568 kld=0.027116 cd=-0.088409 en_pos=6.563888 en_neg=6.652297 pcd=True subgoal_reg=0.003845414400486124 
2026-01-20 22:16:59,751 :   119/   13 dest_loss=0.029061 future_loss=0.022184 offset_loss=0.033505 kld=0.023321 cd=-0.219532 en_pos=6.397705 en_neg=6.617237 pcd=True subgoal_reg=0.003980862930616196 
2026-01-20 22:17:15,676 :   125/   13 dest_loss=0.034952 future_loss=0.028185 offset_loss=0.035082 kld=0.023642 cd=-0.012440 en_pos=6.630879 en_neg=6.643319 pcd=True subgoal_reg=0.0033697959616698168 
2026-01-20 22:17:31,554 :   131/   13 dest_loss=0.140443 future_loss=0.095081 offset_loss=0.156930 kld=0.027947 cd=-0.160137 en_pos=6.620271 en_neg=6.780408 pcd=True subgoal_reg=0.003816773853722697 
2026-01-20 22:17:47,201 :   137/   13 dest_loss=0.222119 future_loss=0.190420 offset_loss=0.157038 kld=0.026614 cd=0.057068 en_pos=6.423425 en_neg=6.366356 pcd=True subgoal_reg=0.0037831028357371123 
2026-01-20 22:18:03,114 :   143/   13 dest_loss=0.035252 future_loss=0.028079 offset_loss=0.034470 kld=0.025408 cd=-0.034700 en_pos=6.521803 en_neg=6.556504 pcd=True subgoal_reg=0.004492066289848823 
2026-01-20 22:18:19,149 :   149/   13 dest_loss=0.042080 future_loss=0.032636 offset_loss=0.039561 kld=0.025837 cd=0.076709 en_pos=6.556278 en_neg=6.479569 pcd=True subgoal_reg=0.0038986083506283437 
2026-01-20 22:18:35,228 :   155/   13 dest_loss=0.034479 future_loss=0.027671 offset_loss=0.033119 kld=0.023802 cd=0.083569 en_pos=6.537057 en_neg=6.453488 pcd=True subgoal_reg=0.0034741939970619673 
2026-01-20 22:18:51,186 :   161/   13 dest_loss=0.117782 future_loss=0.096828 offset_loss=0.126208 kld=0.026499 cd=-0.026466 en_pos=6.618300 en_neg=6.644766 pcd=True subgoal_reg=0.003677148991304758 
2026-01-20 22:19:07,172 :   167/   13 dest_loss=0.046747 future_loss=0.036449 offset_loss=0.041109 kld=0.025298 cd=-0.120273 en_pos=6.390411 en_neg=6.510683 pcd=True subgoal_reg=0.003760150565190337 
2026-01-20 22:19:23,144 :   173/   13 dest_loss=0.033832 future_loss=0.025855 offset_loss=0.034605 kld=0.025656 cd=-0.205865 en_pos=6.529336 en_neg=6.735201 pcd=True subgoal_reg=0.0045583308570343525 
2026-01-20 22:19:39,085 :   179/   13 dest_loss=0.061249 future_loss=0.050484 offset_loss=0.071541 kld=0.023811 cd=0.127596 en_pos=6.707771 en_neg=6.580176 pcd=True subgoal_reg=0.004539271196667752 
2026-01-20 22:19:55,116 :   185/   13 dest_loss=0.033909 future_loss=0.024995 offset_loss=0.035634 kld=0.024807 cd=0.099009 en_pos=6.436194 en_neg=6.337185 pcd=True subgoal_reg=0.004036521574687464 
2026-01-20 22:20:11,055 :   191/   13 dest_loss=0.034111 future_loss=0.026465 offset_loss=0.031658 kld=0.025121 cd=-0.102169 en_pos=6.619807 en_neg=6.721976 pcd=True subgoal_reg=0.0035032062663142693 
2026-01-20 22:20:27,139 :   197/   13 dest_loss=0.036512 future_loss=0.028718 offset_loss=0.036460 kld=0.025739 cd=-0.009406 en_pos=6.747843 en_neg=6.757249 pcd=True subgoal_reg=0.003878885938714634 
2026-01-20 22:20:43,050 :   203/   13 dest_loss=0.033328 future_loss=0.026374 offset_loss=0.037404 kld=0.025127 cd=0.158522 en_pos=6.501523 en_neg=6.343001 pcd=True subgoal_reg=0.004114397232733081 
2026-01-20 22:20:58,992 :   209/   13 dest_loss=0.032330 future_loss=0.023236 offset_loss=0.037603 kld=0.024081 cd=0.173761 en_pos=6.789561 en_neg=6.615799 pcd=True subgoal_reg=0.0043187658742529726 
2026-01-20 22:21:14,781 :   215/   13 dest_loss=0.041959 future_loss=0.036158 offset_loss=0.047133 kld=0.024436 cd=-0.039924 en_pos=6.439811 en_neg=6.479735 pcd=True subgoal_reg=0.0032573366983708867 
2026-01-20 22:21:30,766 :   221/   13 dest_loss=0.032297 future_loss=0.025454 offset_loss=0.031874 kld=0.024263 cd=0.127911 en_pos=6.646996 en_neg=6.519085 pcd=True subgoal_reg=0.00319556560203618 
2026-01-20 22:21:46,841 :   227/   13 dest_loss=0.042844 future_loss=0.033434 offset_loss=0.039579 kld=0.024971 cd=0.123122 en_pos=6.585348 en_neg=6.462226 pcd=True subgoal_reg=0.003563798252663599 
2026-01-20 22:22:02,807 :   233/   13 dest_loss=0.042270 future_loss=0.030419 offset_loss=0.040975 kld=0.024586 cd=-0.113957 en_pos=6.441926 en_neg=6.555883 pcd=True subgoal_reg=0.00418880622700383 
2026-01-20 22:22:18,835 :   239/   13 dest_loss=0.034427 future_loss=0.029007 offset_loss=0.031264 kld=0.024294 cd=-0.149995 en_pos=6.517332 en_neg=6.667327 pcd=True subgoal_reg=0.0032047900870303993 
2026-01-20 22:22:34,807 :   245/   13 dest_loss=0.034895 future_loss=0.029327 offset_loss=0.029253 kld=0.025176 cd=0.006206 en_pos=6.497013 en_neg=6.490806 pcd=True subgoal_reg=0.0035466708975370274 
2026-01-20 22:22:50,799 :   251/   13 dest_loss=0.033165 future_loss=0.025761 offset_loss=0.035474 kld=0.024341 cd=-0.028409 en_pos=6.641046 en_neg=6.669455 pcd=True subgoal_reg=0.004343584482735578 
2026-01-20 22:23:06,767 :   257/   13 dest_loss=0.033870 future_loss=0.027448 offset_loss=0.032228 kld=0.024127 cd=-0.126939 en_pos=6.407753 en_neg=6.534693 pcd=True subgoal_reg=0.004996745649227731 
2026-01-20 22:23:22,635 :   263/   13 dest_loss=0.035848 future_loss=0.029229 offset_loss=0.035406 kld=0.025106 cd=0.070369 en_pos=6.718903 en_neg=6.648535 pcd=True subgoal_reg=0.003564356902911521 
2026-01-20 22:23:38,544 :   269/   13 dest_loss=0.037707 future_loss=0.032194 offset_loss=0.033628 kld=0.023802 cd=-0.086096 en_pos=6.558275 en_neg=6.644371 pcd=True subgoal_reg=0.003238134965110386 
2026-01-20 22:23:54,477 :   275/   13 dest_loss=0.042157 future_loss=0.036870 offset_loss=0.028769 kld=0.024447 cd=-0.076488 en_pos=6.585159 en_neg=6.661647 pcd=True subgoal_reg=0.003740724114980397 
2026-01-20 22:24:10,427 :   281/   13 dest_loss=0.033864 future_loss=0.027697 offset_loss=0.031045 kld=0.026385 cd=-0.191070 en_pos=6.538613 en_neg=6.729683 pcd=True subgoal_reg=0.004021077285409505 
2026-01-20 22:24:26,877 :   287/   13 dest_loss=0.036789 future_loss=0.029094 offset_loss=0.036418 kld=0.026130 cd=0.002255 en_pos=6.583134 en_neg=6.580879 pcd=True subgoal_reg=0.004270820661220847 
2026-01-20 22:24:42,870 :   293/   13 dest_loss=0.037463 future_loss=0.028639 offset_loss=0.036973 kld=0.024939 cd=0.058764 en_pos=6.574467 en_neg=6.515703 pcd=True subgoal_reg=0.0038723748173293323 
2026-01-20 22:24:58,727 :   299/   13 dest_loss=0.041450 future_loss=0.029521 offset_loss=0.043609 kld=0.024339 cd=0.161370 en_pos=6.584173 en_neg=6.422803 pcd=True subgoal_reg=0.00429407114950879 
2026-01-20 22:25:14,599 :   305/   13 dest_loss=0.032950 future_loss=0.025138 offset_loss=0.034788 kld=0.025945 cd=-0.095059 en_pos=6.509391 en_neg=6.604450 pcd=True subgoal_reg=0.0036388135716049247 
2026-01-20 22:25:30,514 :   311/   13 dest_loss=0.047142 future_loss=0.043430 offset_loss=0.062126 kld=0.024536 cd=0.009836 en_pos=6.604159 en_neg=6.594323 pcd=True subgoal_reg=0.003271676494634467 
2026-01-20 22:25:46,482 :   317/   13 dest_loss=0.037327 future_loss=0.030058 offset_loss=0.035000 kld=0.025371 cd=-0.235815 en_pos=6.336621 en_neg=6.572437 pcd=True subgoal_reg=0.003405531694963768 
2026-01-20 22:26:02,519 :   323/   13 dest_loss=0.029260 future_loss=0.023370 offset_loss=0.030257 kld=0.025687 cd=0.158306 en_pos=6.612888 en_neg=6.454582 pcd=True subgoal_reg=0.004137612269432479 
2026-01-20 22:26:18,471 :   329/   13 dest_loss=0.039440 future_loss=0.030221 offset_loss=0.038139 kld=0.024940 cd=-0.128196 en_pos=6.610903 en_neg=6.739100 pcd=True subgoal_reg=0.004334386387808285 
2026-01-20 22:26:34,393 :   335/   13 dest_loss=0.042638 future_loss=0.032829 offset_loss=0.038752 kld=0.025682 cd=-0.008505 en_pos=6.489530 en_neg=6.498035 pcd=True subgoal_reg=0.003830536204452735 
2026-01-20 22:26:50,285 :   341/   13 dest_loss=0.034638 future_loss=0.028254 offset_loss=0.033748 kld=0.025288 cd=0.045477 en_pos=6.691432 en_neg=6.645954 pcd=True subgoal_reg=0.003331754910830686 
2026-01-20 22:27:06,258 :   347/   13 dest_loss=0.211287 future_loss=0.165142 offset_loss=0.157623 kld=0.025119 cd=0.015784 en_pos=6.262998 en_neg=6.247214 pcd=True subgoal_reg=0.005243905859892245 
2026-01-20 22:27:22,218 :   353/   13 dest_loss=0.032013 future_loss=0.025859 offset_loss=0.033733 kld=0.026882 cd=0.173791 en_pos=6.680775 en_neg=6.506984 pcd=True subgoal_reg=0.003989987644059628 
2026-01-20 22:27:38,142 :   359/   13 dest_loss=0.038443 future_loss=0.029091 offset_loss=0.037820 kld=0.025358 cd=0.082840 en_pos=6.569524 en_neg=6.486684 pcd=True subgoal_reg=0.0035794774492016483 
2026-01-20 22:27:54,143 :   365/   13 dest_loss=0.141039 future_loss=0.122382 offset_loss=0.100388 kld=0.026854 cd=0.228292 en_pos=6.710638 en_neg=6.482346 pcd=True subgoal_reg=0.0038477219298586824 
2026-01-20 22:28:09,997 :   371/   13 dest_loss=0.050390 future_loss=0.033513 offset_loss=0.076085 kld=0.024387 cd=-0.119635 en_pos=6.807257 en_neg=6.926892 pcd=True subgoal_reg=0.004616757402695916 
2026-01-20 22:28:25,922 :   377/   13 dest_loss=0.031674 future_loss=0.025657 offset_loss=0.032334 kld=0.024728 cd=0.085042 en_pos=6.693689 en_neg=6.608647 pcd=True subgoal_reg=0.00373101470567849 
2026-01-20 22:28:41,831 :   383/   13 dest_loss=0.034722 future_loss=0.028299 offset_loss=0.033198 kld=0.026322 cd=-0.035560 en_pos=6.651543 en_neg=6.687103 pcd=True subgoal_reg=0.00371459578148036 
2026-01-20 22:28:57,706 :   389/   13 dest_loss=0.080072 future_loss=0.068833 offset_loss=0.062830 kld=0.023878 cd=-0.156523 en_pos=6.547375 en_neg=6.703898 pcd=True subgoal_reg=0.0034573001687288074 
2026-01-20 22:29:13,607 :   395/   13 dest_loss=0.036151 future_loss=0.027553 offset_loss=0.034765 kld=0.025766 cd=0.146108 en_pos=6.739683 en_neg=6.593575 pcd=True subgoal_reg=0.0042631296977482525 
2026-01-20 22:29:29,473 :   401/   13 dest_loss=0.037132 future_loss=0.029060 offset_loss=0.038266 kld=0.025258 cd=0.052422 en_pos=6.480931 en_neg=6.428509 pcd=True subgoal_reg=0.0037567349689846263 
2026-01-20 22:29:45,356 :   407/   13 dest_loss=0.030520 future_loss=0.023752 offset_loss=0.030149 kld=0.023456 cd=0.132570 en_pos=6.691729 en_neg=6.559159 pcd=True subgoal_reg=0.0038035168808838726 
2026-01-20 22:30:01,293 :   413/   13 dest_loss=0.036591 future_loss=0.028738 offset_loss=0.035887 kld=0.025336 cd=0.006791 en_pos=6.381361 en_neg=6.374570 pcd=True subgoal_reg=0.004404106828175213 
2026-01-20 22:30:17,209 :   419/   13 dest_loss=0.031585 future_loss=0.024642 offset_loss=0.033495 kld=0.023966 cd=0.061176 en_pos=6.553037 en_neg=6.491862 pcd=True subgoal_reg=0.004645535688808422 
2026-01-20 22:30:33,183 :   425/   13 dest_loss=0.081993 future_loss=0.064892 offset_loss=0.117575 kld=0.024516 cd=-0.006910 en_pos=6.536370 en_neg=6.543280 pcd=True subgoal_reg=0.0039315638440591315 
2026-01-20 22:30:49,202 :   431/   13 dest_loss=0.174200 future_loss=0.127719 offset_loss=0.139784 kld=0.028878 cd=-0.308332 en_pos=6.320336 en_neg=6.628668 pcd=True subgoal_reg=0.0031466397155906827 
2026-01-20 22:31:05,212 :   437/   13 dest_loss=0.061457 future_loss=0.058966 offset_loss=0.064257 kld=0.025477 cd=0.087553 en_pos=6.708127 en_neg=6.620574 pcd=True subgoal_reg=0.004279132185904035 
2026-01-20 22:31:21,219 :   443/   13 dest_loss=0.039224 future_loss=0.029682 offset_loss=0.037223 kld=0.024598 cd=0.299601 en_pos=6.786989 en_neg=6.487389 pcd=True subgoal_reg=0.0037979627696448116 
2026-01-20 22:31:37,057 :   449/   13 dest_loss=0.103885 future_loss=0.115310 offset_loss=0.049017 kld=0.028285 cd=-0.030204 en_pos=6.664515 en_neg=6.694718 pcd=True subgoal_reg=0.0036805346207901676 
2026-01-20 22:31:52,992 :   455/   13 dest_loss=0.033654 future_loss=0.025016 offset_loss=0.035733 kld=0.025638 cd=0.011810 en_pos=6.529894 en_neg=6.518084 pcd=True subgoal_reg=0.00410715049467814 
2026-01-20 22:32:08,945 :   461/   13 dest_loss=0.029752 future_loss=0.023526 offset_loss=0.032116 kld=0.024542 cd=0.077416 en_pos=6.453516 en_neg=6.376100 pcd=True subgoal_reg=0.003582271658248024 
2026-01-20 22:32:24,880 :   467/   13 dest_loss=0.041187 future_loss=0.031052 offset_loss=0.038733 kld=0.025573 cd=0.182818 en_pos=6.727112 en_neg=6.544294 pcd=True subgoal_reg=0.004060249726536276 
2026-01-20 22:32:40,847 :   473/   13 dest_loss=0.031446 future_loss=0.024386 offset_loss=0.032277 kld=0.025530 cd=-0.070885 en_pos=6.556773 en_neg=6.627658 pcd=True subgoal_reg=0.0036735893902775036 
2026-01-20 22:32:56,739 :   479/   13 dest_loss=0.076685 future_loss=0.063608 offset_loss=0.080172 kld=0.024694 cd=0.045956 en_pos=6.474018 en_neg=6.428062 pcd=True subgoal_reg=0.003508766296576078 
2026-01-20 22:33:12,677 :   485/   13 dest_loss=0.037745 future_loss=0.029958 offset_loss=0.036488 kld=0.025205 cd=0.290314 en_pos=6.502372 en_neg=6.212058 pcd=True subgoal_reg=0.0036111060275273474 
2026-01-20 22:33:28,648 :   491/   13 dest_loss=0.034282 future_loss=0.027595 offset_loss=0.029833 kld=0.023990 cd=-0.142657 en_pos=6.505729 en_neg=6.648386 pcd=True subgoal_reg=0.003648835132471279 
2026-01-20 22:33:44,582 :   497/   13 dest_loss=0.117746 future_loss=0.066416 offset_loss=0.140583 kld=0.026146 cd=0.094803 en_pos=6.758889 en_neg=6.664086 pcd=True subgoal_reg=0.00403525398911229 
2026-01-20 22:34:00,527 :   503/   13 dest_loss=0.033028 future_loss=0.027054 offset_loss=0.029547 kld=0.025809 cd=0.057784 en_pos=6.639128 en_neg=6.581344 pcd=True subgoal_reg=0.0029033159773037545 
2026-01-20 22:34:16,726 :   509/   13 dest_loss=0.033733 future_loss=0.027759 offset_loss=0.027674 kld=0.024610 cd=-0.077487 en_pos=6.608985 en_neg=6.686472 pcd=True subgoal_reg=0.0031051406175435776 
2026-01-20 22:35:52,308 : Train Loss 98.35870933484536
2026-01-20 22:35:52,308 : Overall Loss 20.328086288345943
2026-01-20 22:35:52,309 : Dest Loss 25.096478766818823
2026-01-20 22:35:52,309 : Val ADE 0.14288108431748747
2026-01-20 22:35:52,309 : Val FDE 0.14486223186043523
2026-01-20 22:35:52,309 : Val Best ADE 0.14107259954554813
2026-01-20 22:35:52,309 : Val Best FDE 0.1660262014063029
2026-01-20 22:35:52,309 : ----->learning rate 0.000625
2026-01-20 22:36:08,420 :     5/   14 dest_loss=0.039199 future_loss=0.030483 offset_loss=0.035684 kld=0.027042 cd=-0.101450 en_pos=6.679266 en_neg=6.780716 pcd=True subgoal_reg=0.004480267102344962 
2026-01-20 22:36:24,325 :    11/   14 dest_loss=0.036151 future_loss=0.029662 offset_loss=0.033852 kld=0.025960 cd=0.018694 en_pos=6.447674 en_neg=6.428980 pcd=True subgoal_reg=0.003477711864885618 
2026-01-20 22:36:40,318 :    17/   14 dest_loss=0.034605 future_loss=0.029600 offset_loss=0.029226 kld=0.024839 cd=0.004520 en_pos=6.546688 en_neg=6.542168 pcd=True subgoal_reg=0.0033239884311631294 
2026-01-20 22:36:56,210 :    23/   14 dest_loss=0.144759 future_loss=0.092182 offset_loss=0.157579 kld=0.023850 cd=-0.014866 en_pos=6.714045 en_neg=6.728911 pcd=True subgoal_reg=0.0040955730753701874 
2026-01-20 22:37:12,247 :    29/   14 dest_loss=0.037686 future_loss=0.030655 offset_loss=0.032421 kld=0.026452 cd=-0.018817 en_pos=6.395083 en_neg=6.413900 pcd=True subgoal_reg=0.0035355495489623958 
2026-01-20 22:37:28,230 :    35/   14 dest_loss=0.121654 future_loss=0.104590 offset_loss=0.056830 kld=0.026437 cd=0.095040 en_pos=6.671260 en_neg=6.576220 pcd=True subgoal_reg=0.003962056358229879 
2026-01-20 22:37:44,274 :    41/   14 dest_loss=0.040437 future_loss=0.029656 offset_loss=0.038620 kld=0.025955 cd=-0.074847 en_pos=6.469776 en_neg=6.544623 pcd=True subgoal_reg=0.004706509204714217 
2026-01-20 22:38:00,262 :    47/   14 dest_loss=0.029677 future_loss=0.023007 offset_loss=0.032800 kld=0.023854 cd=0.005676 en_pos=6.474054 en_neg=6.468379 pcd=True subgoal_reg=0.003988857384982835 
2026-01-20 22:38:16,213 :    53/   14 dest_loss=0.035341 future_loss=0.027195 offset_loss=0.035426 kld=0.024385 cd=0.136532 en_pos=6.604594 en_neg=6.468061 pcd=True subgoal_reg=0.003397344903712701 
2026-01-20 22:38:32,111 :    59/   14 dest_loss=0.032675 future_loss=0.024150 offset_loss=0.033838 kld=0.024568 cd=-0.005906 en_pos=6.659742 en_neg=6.665648 pcd=True subgoal_reg=0.0043487258719052254 
2026-01-20 22:38:48,013 :    65/   14 dest_loss=0.031257 future_loss=0.022789 offset_loss=0.036344 kld=0.024053 cd=0.371816 en_pos=6.708123 en_neg=6.336307 pcd=True subgoal_reg=0.004187594669083746 
2026-01-20 22:39:03,844 :    71/   14 dest_loss=0.036225 future_loss=0.027677 offset_loss=0.037628 kld=0.025585 cd=-0.041603 en_pos=6.529879 en_neg=6.571482 pcd=True subgoal_reg=0.0034345269890852527 
2026-01-20 22:39:19,800 :    77/   14 dest_loss=0.037718 future_loss=0.026534 offset_loss=0.042325 kld=0.025318 cd=-0.022388 en_pos=6.470753 en_neg=6.493141 pcd=True subgoal_reg=0.003253042204805818 
2026-01-20 22:39:35,780 :    83/   14 dest_loss=0.077588 future_loss=0.054417 offset_loss=0.083482 kld=0.025089 cd=-0.134857 en_pos=6.575404 en_neg=6.710260 pcd=True subgoal_reg=0.004745770743407943 
2026-01-20 22:39:51,756 :    89/   14 dest_loss=0.154689 future_loss=0.147005 offset_loss=0.092760 kld=0.026561 cd=0.118389 en_pos=6.500658 en_neg=6.382269 pcd=True subgoal_reg=0.0037974474475308607 
2026-01-20 22:40:07,832 :    95/   14 dest_loss=0.033829 future_loss=0.025016 offset_loss=0.034392 kld=0.024852 cd=0.096234 en_pos=6.731756 en_neg=6.635521 pcd=True subgoal_reg=0.0036677580469126237 
2026-01-20 22:40:23,961 :   101/   14 dest_loss=0.049087 future_loss=0.058340 offset_loss=0.039805 kld=0.024108 cd=-0.120702 en_pos=6.511773 en_neg=6.632475 pcd=True subgoal_reg=0.0035121780190418175 
2026-01-20 22:40:40,139 :   107/   14 dest_loss=0.038520 future_loss=0.029830 offset_loss=0.036526 kld=0.026852 cd=-0.161886 en_pos=6.396035 en_neg=6.557921 pcd=True subgoal_reg=0.004205323501066752 
2026-01-20 22:40:56,122 :   113/   14 dest_loss=0.031755 future_loss=0.024237 offset_loss=0.032928 kld=0.023614 cd=0.045215 en_pos=6.468213 en_neg=6.422998 pcd=True subgoal_reg=0.00397144638961334 
2026-01-20 22:41:12,022 :   119/   14 dest_loss=0.027312 future_loss=0.021154 offset_loss=0.031107 kld=0.023238 cd=0.255580 en_pos=6.661238 en_neg=6.405657 pcd=True subgoal_reg=0.004072389512611985 
2026-01-20 22:41:27,977 :   125/   14 dest_loss=0.069784 future_loss=0.051908 offset_loss=0.065105 kld=0.025595 cd=0.156316 en_pos=6.631625 en_neg=6.475309 pcd=True subgoal_reg=0.0031191433084740063 
2026-01-20 22:41:43,919 :   131/   14 dest_loss=0.028329 future_loss=0.023497 offset_loss=0.027048 kld=0.023805 cd=-0.158172 en_pos=6.463657 en_neg=6.621828 pcd=True subgoal_reg=0.0030337701664753473 
2026-01-20 22:41:59,923 :   137/   14 dest_loss=0.033933 future_loss=0.027253 offset_loss=0.031422 kld=0.025574 cd=-0.187371 en_pos=6.656977 en_neg=6.844348 pcd=True subgoal_reg=0.004111278987381301 
2026-01-20 22:42:15,973 :   143/   14 dest_loss=0.121777 future_loss=0.091911 offset_loss=0.081095 kld=0.026311 cd=-0.139109 en_pos=6.478782 en_neg=6.617891 pcd=True subgoal_reg=0.0037870005156764525 
2026-01-20 22:42:31,783 :   149/   14 dest_loss=0.114264 future_loss=0.109630 offset_loss=0.099291 kld=0.026367 cd=-0.028973 en_pos=6.611151 en_neg=6.640124 pcd=True subgoal_reg=0.004362426825901961 
2026-01-20 22:42:47,732 :   155/   14 dest_loss=0.035262 future_loss=0.026380 offset_loss=0.036045 kld=0.024017 cd=-0.038117 en_pos=6.661095 en_neg=6.699212 pcd=True subgoal_reg=0.004105455419947666 
2026-01-20 22:43:03,667 :   161/   14 dest_loss=0.032054 future_loss=0.026103 offset_loss=0.030821 kld=0.025060 cd=-0.090919 en_pos=6.657028 en_neg=6.747947 pcd=True subgoal_reg=0.003635121675520974 
2026-01-20 22:43:19,670 :   167/   14 dest_loss=0.037339 future_loss=0.028324 offset_loss=0.034230 kld=0.024863 cd=0.078649 en_pos=6.721822 en_neg=6.643173 pcd=True subgoal_reg=0.003680189489143669 
2026-01-20 22:43:35,719 :   173/   14 dest_loss=0.034606 future_loss=0.025060 offset_loss=0.035777 kld=0.025259 cd=-0.016857 en_pos=6.402500 en_neg=6.419357 pcd=True subgoal_reg=0.004517286204415468 
2026-01-20 22:43:51,808 :   179/   14 dest_loss=0.031416 future_loss=0.022963 offset_loss=0.033038 kld=0.023884 cd=-0.091404 en_pos=6.439653 en_neg=6.531057 pcd=True subgoal_reg=0.004043589240601098 
2026-01-20 22:44:07,857 :   185/   14 dest_loss=0.111721 future_loss=0.084830 offset_loss=0.110213 kld=0.026421 cd=0.219476 en_pos=6.664399 en_neg=6.444922 pcd=True subgoal_reg=0.0029448889333876056 
2026-01-20 22:44:24,256 :   191/   14 dest_loss=0.035916 future_loss=0.027997 offset_loss=0.033694 kld=0.023878 cd=-0.367373 en_pos=6.334299 en_neg=6.701672 pcd=True subgoal_reg=0.003346942297210137 
2026-01-20 22:44:40,619 :   197/   14 dest_loss=0.036162 future_loss=0.027803 offset_loss=0.035518 kld=0.023993 cd=0.230551 en_pos=6.699205 en_neg=6.468654 pcd=True subgoal_reg=0.004081443827794485 
2026-01-20 22:44:56,631 :   203/   14 dest_loss=0.029246 future_loss=0.021260 offset_loss=0.033263 kld=0.024098 cd=-0.167723 en_pos=6.442730 en_neg=6.610454 pcd=True subgoal_reg=0.003740209326809558 
2026-01-20 22:45:12,646 :   209/   14 dest_loss=0.037249 future_loss=0.029726 offset_loss=0.032957 kld=0.025835 cd=-0.047172 en_pos=6.560154 en_neg=6.607325 pcd=True subgoal_reg=0.003272300086989201 
2026-01-20 22:45:28,607 :   215/   14 dest_loss=0.026491 future_loss=0.021680 offset_loss=0.026731 kld=0.024364 cd=0.052267 en_pos=6.604045 en_neg=6.551778 pcd=True subgoal_reg=0.0032560614234889793 
2026-01-20 22:45:44,676 :   221/   14 dest_loss=0.035237 future_loss=0.025668 offset_loss=0.035681 kld=0.023774 cd=0.015692 en_pos=6.548746 en_neg=6.533054 pcd=True subgoal_reg=0.004011056728902332 
2026-01-20 22:46:00,463 :   227/   14 dest_loss=0.033840 future_loss=0.025433 offset_loss=0.032693 kld=0.023822 cd=-0.135516 en_pos=6.557111 en_neg=6.692627 pcd=True subgoal_reg=0.003850261186603752 
2026-01-20 22:46:16,438 :   233/   14 dest_loss=0.033502 future_loss=0.027605 offset_loss=0.032786 kld=0.026029 cd=-0.012354 en_pos=6.504864 en_neg=6.517218 pcd=True subgoal_reg=0.003246551557030732 
2026-01-20 22:46:32,387 :   239/   14 dest_loss=0.031270 future_loss=0.024716 offset_loss=0.026217 kld=0.024964 cd=-0.053867 en_pos=6.595523 en_neg=6.649390 pcd=True subgoal_reg=0.0030650131412513766 
2026-01-20 22:46:48,367 :   245/   14 dest_loss=0.029871 future_loss=0.022331 offset_loss=0.032233 kld=0.023501 cd=0.143267 en_pos=6.531494 en_neg=6.388227 pcd=True subgoal_reg=0.0035948101518492653 
2026-01-20 22:47:04,452 :   251/   14 dest_loss=0.041712 future_loss=0.030972 offset_loss=0.038616 kld=0.026584 cd=0.158510 en_pos=6.805479 en_neg=6.646969 pcd=True subgoal_reg=0.0046663000310604285 
2026-01-20 22:47:20,453 :   257/   14 dest_loss=0.030834 future_loss=0.021858 offset_loss=0.032356 kld=0.025259 cd=0.183201 en_pos=6.611250 en_neg=6.428049 pcd=True subgoal_reg=0.0037112194704507786 
2026-01-20 22:47:36,529 :   263/   14 dest_loss=0.031084 future_loss=0.021680 offset_loss=0.036472 kld=0.024998 cd=0.162859 en_pos=6.601267 en_neg=6.438408 pcd=True subgoal_reg=0.0037068497412215524 
2026-01-20 22:47:52,464 :   269/   14 dest_loss=0.030722 future_loss=0.025294 offset_loss=0.031184 kld=0.025161 cd=-0.266420 en_pos=6.423760 en_neg=6.690180 pcd=True subgoal_reg=0.00344086972598245 
2026-01-20 22:48:08,447 :   275/   14 dest_loss=0.028099 future_loss=0.023507 offset_loss=0.026939 kld=0.024832 cd=-0.115719 en_pos=6.495635 en_neg=6.611354 pcd=True subgoal_reg=0.0034686612778915154 
2026-01-20 22:48:24,435 :   281/   14 dest_loss=0.032483 future_loss=0.026823 offset_loss=0.030476 kld=0.025114 cd=0.184881 en_pos=6.650069 en_neg=6.465188 pcd=True subgoal_reg=0.003707314483399405 
2026-01-20 22:48:40,385 :   287/   14 dest_loss=0.097523 future_loss=0.069617 offset_loss=0.096719 kld=0.024598 cd=0.109916 en_pos=6.585891 en_neg=6.475975 pcd=True subgoal_reg=0.0035682564638693233 
2026-01-20 22:48:56,329 :   293/   14 dest_loss=0.035344 future_loss=0.027565 offset_loss=0.031745 kld=0.025810 cd=0.106134 en_pos=6.448796 en_neg=6.342662 pcd=True subgoal_reg=0.003566465093283259 
2026-01-20 22:49:12,371 :   299/   14 dest_loss=0.035853 future_loss=0.027527 offset_loss=0.032544 kld=0.024494 cd=-0.020963 en_pos=6.577528 en_neg=6.598491 pcd=True subgoal_reg=0.00356263283841032 
2026-01-20 22:49:28,089 :   305/   14 dest_loss=0.033394 future_loss=0.026007 offset_loss=0.031272 kld=0.023091 cd=-0.046947 en_pos=6.456343 en_neg=6.503289 pcd=True subgoal_reg=0.003493555517054348 
2026-01-20 22:49:44,010 :   311/   14 dest_loss=0.081968 future_loss=0.081639 offset_loss=0.094441 kld=0.023656 cd=0.221787 en_pos=6.620228 en_neg=6.398440 pcd=True subgoal_reg=0.0036644404222782884 
2026-01-20 22:50:00,145 :   317/   14 dest_loss=0.034936 future_loss=0.028290 offset_loss=0.031785 kld=0.025403 cd=-0.074439 en_pos=6.390377 en_neg=6.464816 pcd=True subgoal_reg=0.0034493287246451956 
2026-01-20 22:50:16,091 :   323/   14 dest_loss=0.036971 future_loss=0.028823 offset_loss=0.032537 kld=0.024646 cd=0.294699 en_pos=6.649067 en_neg=6.354368 pcd=True subgoal_reg=0.003556079044912632 
2026-01-20 22:50:32,127 :   329/   14 dest_loss=0.034895 future_loss=0.027571 offset_loss=0.032278 kld=0.024506 cd=0.026563 en_pos=6.572771 en_neg=6.546208 pcd=True subgoal_reg=0.003725314459831034 
2026-01-20 22:50:48,076 :   335/   14 dest_loss=0.033153 future_loss=0.024865 offset_loss=0.033072 kld=0.023689 cd=0.088996 en_pos=6.552984 en_neg=6.463989 pcd=True subgoal_reg=0.004015318412099145 
2026-01-20 22:51:04,124 :   341/   14 dest_loss=0.033359 future_loss=0.027868 offset_loss=0.027567 kld=0.023894 cd=-0.210329 en_pos=6.421968 en_neg=6.632297 pcd=True subgoal_reg=0.003239578236446926 
2026-01-20 22:51:20,157 :   347/   14 dest_loss=0.036522 future_loss=0.029179 offset_loss=0.034077 kld=0.025973 cd=0.062310 en_pos=6.569579 en_neg=6.507269 pcd=True subgoal_reg=0.0035248682221135203 
2026-01-20 22:51:36,199 :   353/   14 dest_loss=0.031854 future_loss=0.025619 offset_loss=0.028953 kld=0.024721 cd=-0.048975 en_pos=6.626691 en_neg=6.675667 pcd=True subgoal_reg=0.0033919854956033463 
2026-01-20 22:51:52,142 :   359/   14 dest_loss=0.040417 future_loss=0.031194 offset_loss=0.037248 kld=0.025195 cd=-0.039106 en_pos=6.686830 en_neg=6.725936 pcd=True subgoal_reg=0.0037814969957511435 
2026-01-20 22:52:08,106 :   365/   14 dest_loss=0.036308 future_loss=0.028344 offset_loss=0.030201 kld=0.025136 cd=0.008752 en_pos=6.532415 en_neg=6.523663 pcd=True subgoal_reg=0.0030256995336625046 
2026-01-20 22:52:24,059 :   371/   14 dest_loss=0.124109 future_loss=0.084016 offset_loss=0.182299 kld=0.026159 cd=0.069374 en_pos=6.547500 en_neg=6.478126 pcd=True subgoal_reg=0.0032525593584260513 
2026-01-20 22:52:39,956 :   377/   14 dest_loss=0.045412 future_loss=0.038867 offset_loss=0.027933 kld=0.023602 cd=-0.048618 en_pos=6.533407 en_neg=6.582024 pcd=True subgoal_reg=0.0028814271405733843 
2026-01-20 22:52:55,842 :   383/   14 dest_loss=0.071625 future_loss=0.058017 offset_loss=0.073833 kld=0.025090 cd=-0.238721 en_pos=6.608691 en_neg=6.847413 pcd=True subgoal_reg=0.0037836873938813407 
2026-01-20 22:53:11,980 :   389/   14 dest_loss=0.036954 future_loss=0.030446 offset_loss=0.031892 kld=0.024934 cd=-0.055736 en_pos=6.593128 en_neg=6.648864 pcd=True subgoal_reg=0.00430473466048434 
2026-01-20 22:53:27,929 :   395/   14 dest_loss=0.041242 future_loss=0.033707 offset_loss=0.030464 kld=0.023470 cd=0.160910 en_pos=6.662066 en_neg=6.501156 pcd=True subgoal_reg=0.003968423954014155 
2026-01-20 22:53:43,850 :   401/   14 dest_loss=0.035348 future_loss=0.028927 offset_loss=0.031630 kld=0.024144 cd=0.118203 en_pos=6.399145 en_neg=6.280942 pcd=True subgoal_reg=0.0036151587179149066 
2026-01-20 22:53:59,803 :   407/   14 dest_loss=0.033864 future_loss=0.026620 offset_loss=0.030349 kld=0.023759 cd=-0.178697 en_pos=6.414752 en_neg=6.593448 pcd=True subgoal_reg=0.003810012265164313 
2026-01-20 22:54:16,002 :   413/   14 dest_loss=0.040564 future_loss=0.033578 offset_loss=0.035247 kld=0.025533 cd=0.031855 en_pos=6.589562 en_neg=6.557707 pcd=True subgoal_reg=0.0037011096744352834 
2026-01-20 22:54:32,488 :   419/   14 dest_loss=0.037115 future_loss=0.030270 offset_loss=0.028740 kld=0.024327 cd=0.015067 en_pos=6.623298 en_neg=6.608231 pcd=True subgoal_reg=0.003457462264520501 
2026-01-20 22:54:48,481 :   425/   14 dest_loss=0.031139 future_loss=0.025627 offset_loss=0.025651 kld=0.024204 cd=0.049216 en_pos=6.553340 en_neg=6.504124 pcd=True subgoal_reg=0.003466384522983861 
2026-01-20 22:55:04,402 :   431/   14 dest_loss=0.033266 future_loss=0.027627 offset_loss=0.027636 kld=0.024997 cd=0.300497 en_pos=6.676974 en_neg=6.376476 pcd=True subgoal_reg=0.0035865934451073285 
2026-01-20 22:55:20,396 :   437/   14 dest_loss=0.102538 future_loss=0.119845 offset_loss=0.048823 kld=0.026169 cd=0.031667 en_pos=6.484467 en_neg=6.452800 pcd=True subgoal_reg=0.003390673913294115 
2026-01-20 22:55:36,335 :   443/   14 dest_loss=0.034811 future_loss=0.024765 offset_loss=0.036198 kld=0.024265 cd=0.080020 en_pos=6.457909 en_neg=6.377889 pcd=True subgoal_reg=0.0052508981412246625 
2026-01-20 22:55:52,232 :   449/   14 dest_loss=0.038532 future_loss=0.028654 offset_loss=0.038795 kld=0.025527 cd=0.031818 en_pos=6.505842 en_neg=6.474025 pcd=True subgoal_reg=0.0038139239705121328 
2026-01-20 22:56:08,314 :   455/   14 dest_loss=0.031779 future_loss=0.024835 offset_loss=0.027961 kld=0.023153 cd=0.114397 en_pos=6.635003 en_neg=6.520607 pcd=True subgoal_reg=0.0031680319892090883 
2026-01-20 22:56:24,092 :   461/   14 dest_loss=0.033312 future_loss=0.026180 offset_loss=0.032798 kld=0.025185 cd=-0.310621 en_pos=6.407819 en_neg=6.718440 pcd=True subgoal_reg=0.003530437276725241 
2026-01-20 22:56:40,114 :   467/   14 dest_loss=0.040037 future_loss=0.030742 offset_loss=0.037600 kld=0.026877 cd=-0.009613 en_pos=6.531804 en_neg=6.541416 pcd=True subgoal_reg=0.0038882354624342375 
2026-01-20 22:56:56,085 :   473/   14 dest_loss=0.032013 future_loss=0.024855 offset_loss=0.030209 kld=0.023924 cd=-0.069490 en_pos=6.516666 en_neg=6.586156 pcd=True subgoal_reg=0.0035274131812229985 
2026-01-20 22:57:12,131 :   479/   14 dest_loss=0.028289 future_loss=0.021352 offset_loss=0.030247 kld=0.023973 cd=0.043568 en_pos=6.581659 en_neg=6.538091 pcd=True subgoal_reg=0.0030816878170351935 
2026-01-20 22:57:28,123 :   485/   14 dest_loss=0.095995 future_loss=0.082496 offset_loss=0.041912 kld=0.025648 cd=0.074061 en_pos=6.687847 en_neg=6.613786 pcd=True subgoal_reg=0.0031213736859604583 
2026-01-20 22:57:44,091 :   491/   14 dest_loss=0.034944 future_loss=0.027546 offset_loss=0.033251 kld=0.025349 cd=-0.048965 en_pos=6.551927 en_neg=6.600892 pcd=True subgoal_reg=0.0035954875775851543 
2026-01-20 22:58:00,075 :   497/   14 dest_loss=0.033452 future_loss=0.025663 offset_loss=0.030443 kld=0.025149 cd=-0.028767 en_pos=6.589811 en_neg=6.618578 pcd=True subgoal_reg=0.0035322630330905736 
2026-01-20 22:58:16,056 :   503/   14 dest_loss=0.035645 future_loss=0.028352 offset_loss=0.029990 kld=0.024446 cd=-0.172970 en_pos=6.422718 en_neg=6.595688 pcd=True subgoal_reg=0.0030973840047026336 
2026-01-20 22:58:32,148 :   509/   14 dest_loss=0.037618 future_loss=0.030249 offset_loss=0.032248 kld=0.023707 cd=-0.085014 en_pos=6.377728 en_neg=6.462743 pcd=True subgoal_reg=0.0034209293600811833 
2026-01-20 23:00:06,985 : Train Loss 92.5026190706397
2026-01-20 23:00:06,985 : Overall Loss 18.663675906065976
2026-01-20 23:00:06,985 : Dest Loss 23.53538009379604
2026-01-20 23:00:06,985 : Val ADE 0.14053586810717858
2026-01-20 23:00:06,985 : Val FDE 0.1427155718282829
2026-01-20 23:00:06,985 : Val Best ADE 0.14053586810717858
2026-01-20 23:00:06,986 : Val Best FDE 0.1427155718282829
2026-01-20 23:00:06,986 : ----->learning rate 0.000625
2026-01-20 23:00:23,426 :     5/   15 dest_loss=0.035113 future_loss=0.028785 offset_loss=0.031193 kld=0.028006 cd=-0.080977 en_pos=6.563942 en_neg=6.644920 pcd=True subgoal_reg=0.003950435167578802 
2026-01-20 23:00:39,186 :    11/   15 dest_loss=0.032269 future_loss=0.026281 offset_loss=0.028199 kld=0.023641 cd=0.254122 en_pos=6.555004 en_neg=6.300882 pcd=True subgoal_reg=0.0037393314158318757 
2026-01-20 23:00:55,154 :    17/   15 dest_loss=0.035550 future_loss=0.023313 offset_loss=0.039090 kld=0.023670 cd=-0.076512 en_pos=6.469323 en_neg=6.545834 pcd=True subgoal_reg=0.004570794267322493 
2026-01-20 23:01:11,053 :    23/   15 dest_loss=0.033973 future_loss=0.024737 offset_loss=0.034496 kld=0.024413 cd=0.103962 en_pos=6.596879 en_neg=6.492916 pcd=True subgoal_reg=0.004377245917701212 
2026-01-20 23:01:26,974 :    29/   15 dest_loss=0.037529 future_loss=0.028725 offset_loss=0.034872 kld=0.025703 cd=-0.084813 en_pos=6.431760 en_neg=6.516573 pcd=True subgoal_reg=0.0031835964863353963 
2026-01-20 23:01:42,861 :    35/   15 dest_loss=0.035873 future_loss=0.029463 offset_loss=0.028332 kld=0.026032 cd=0.314399 en_pos=6.636244 en_neg=6.321845 pcd=True subgoal_reg=0.0029125574191252493 
2026-01-20 23:01:58,784 :    41/   15 dest_loss=0.032079 future_loss=0.025875 offset_loss=0.029217 kld=0.024591 cd=-0.132265 en_pos=6.497682 en_neg=6.629947 pcd=True subgoal_reg=0.003686778370823562 
2026-01-20 23:02:14,923 :    47/   15 dest_loss=0.030404 future_loss=0.023070 offset_loss=0.029615 kld=0.025415 cd=-0.119316 en_pos=6.460472 en_neg=6.579789 pcd=True subgoal_reg=0.004246649464399108 
2026-01-20 23:02:30,798 :    53/   15 dest_loss=0.255089 future_loss=0.185688 offset_loss=0.201581 kld=0.026554 cd=0.056197 en_pos=6.703189 en_neg=6.646992 pcd=True subgoal_reg=0.00421478270985098 
2026-01-20 23:02:46,749 :    59/   15 dest_loss=0.043372 future_loss=0.033227 offset_loss=0.032725 kld=0.025090 cd=-0.041343 en_pos=6.507010 en_neg=6.548353 pcd=True subgoal_reg=0.0031325908344872035 
2026-01-20 23:03:02,703 :    65/   15 dest_loss=0.037728 future_loss=0.030045 offset_loss=0.031167 kld=0.024021 cd=0.040669 en_pos=6.392817 en_neg=6.352147 pcd=True subgoal_reg=0.003119949366998394 
2026-01-20 23:03:18,613 :    71/   15 dest_loss=0.032742 future_loss=0.027843 offset_loss=0.027549 kld=0.023925 cd=-0.066283 en_pos=6.575422 en_neg=6.641704 pcd=True subgoal_reg=0.004281864138239298 
2026-01-20 23:03:34,524 :    77/   15 dest_loss=0.031086 future_loss=0.024161 offset_loss=0.028993 kld=0.025003 cd=0.196950 en_pos=6.632304 en_neg=6.435354 pcd=True subgoal_reg=0.004127322929803874 
2026-01-20 23:03:50,545 :    83/   15 dest_loss=0.150653 future_loss=0.125104 offset_loss=0.109865 kld=0.026098 cd=-0.077079 en_pos=6.398143 en_neg=6.475222 pcd=True subgoal_reg=0.003522187736869543 
2026-01-20 23:04:06,332 :    89/   15 dest_loss=0.037666 future_loss=0.028713 offset_loss=0.032606 kld=0.025229 cd=0.012281 en_pos=6.461208 en_neg=6.448927 pcd=True subgoal_reg=0.003658481625053529 
2026-01-20 23:04:22,656 :    95/   15 dest_loss=0.036964 future_loss=0.030754 offset_loss=0.029022 kld=0.023633 cd=-0.049132 en_pos=6.501287 en_neg=6.550419 pcd=True subgoal_reg=0.003837695255977695 
2026-01-20 23:04:39,100 :   101/   15 dest_loss=0.027671 future_loss=0.022678 offset_loss=0.027328 kld=0.023660 cd=-0.127456 en_pos=6.392523 en_neg=6.519979 pcd=True subgoal_reg=0.0037978106319773944 
2026-01-20 23:04:55,012 :   107/   15 dest_loss=0.036642 future_loss=0.029939 offset_loss=0.030721 kld=0.024789 cd=-0.096515 en_pos=6.630982 en_neg=6.727498 pcd=True subgoal_reg=0.004233978701825866 
2026-01-20 23:05:11,190 :   113/   15 dest_loss=0.030847 future_loss=0.022279 offset_loss=0.034585 kld=0.024903 cd=0.052156 en_pos=6.473254 en_neg=6.421098 pcd=True subgoal_reg=0.004937099298655477 
2026-01-20 23:05:27,179 :   119/   15 dest_loss=0.033041 future_loss=0.023867 offset_loss=0.034397 kld=0.025795 cd=-0.054332 en_pos=6.656913 en_neg=6.711245 pcd=True subgoal_reg=0.0037472555582288005 
2026-01-20 23:05:43,131 :   125/   15 dest_loss=0.031679 future_loss=0.024047 offset_loss=0.029717 kld=0.024780 cd=0.112565 en_pos=6.670859 en_neg=6.558294 pcd=True subgoal_reg=0.0029635401177355034 
2026-01-20 23:05:59,021 :   131/   15 dest_loss=0.036170 future_loss=0.025646 offset_loss=0.037300 kld=0.023859 cd=0.044302 en_pos=6.497580 en_neg=6.453278 pcd=True subgoal_reg=0.0033018228813765497 
2026-01-20 23:06:15,042 :   137/   15 dest_loss=0.136100 future_loss=0.129548 offset_loss=0.077271 kld=0.026147 cd=-0.276598 en_pos=6.404337 en_neg=6.680935 pcd=True subgoal_reg=0.003260052540869042 
2026-01-20 23:06:31,007 :   143/   15 dest_loss=0.036442 future_loss=0.027976 offset_loss=0.034908 kld=0.024266 cd=0.085736 en_pos=6.599835 en_neg=6.514099 pcd=True subgoal_reg=0.0034233600953586197 
2026-01-20 23:06:46,915 :   149/   15 dest_loss=0.033049 future_loss=0.024574 offset_loss=0.035060 kld=0.024955 cd=0.039383 en_pos=6.664568 en_neg=6.625185 pcd=True subgoal_reg=0.003444479308354719 
2026-01-20 23:07:02,966 :   155/   15 dest_loss=0.037524 future_loss=0.029564 offset_loss=0.028930 kld=0.025005 cd=-0.036788 en_pos=6.699094 en_neg=6.735882 pcd=True subgoal_reg=0.0035340284043179453 
2026-01-20 23:07:18,925 :   161/   15 dest_loss=0.030917 future_loss=0.024409 offset_loss=0.031485 kld=0.024580 cd=0.149084 en_pos=6.471071 en_neg=6.321987 pcd=True subgoal_reg=0.003789862395125645 
2026-01-20 23:07:34,723 :   167/   15 dest_loss=0.032180 future_loss=0.026101 offset_loss=0.029851 kld=0.022966 cd=-0.037099 en_pos=6.259785 en_neg=6.296885 pcd=True subgoal_reg=0.003400185255123674 
2026-01-20 23:07:50,754 :   173/   15 dest_loss=0.033347 future_loss=0.026929 offset_loss=0.030827 kld=0.024183 cd=0.078070 en_pos=6.304782 en_neg=6.226712 pcd=True subgoal_reg=0.003510844025161566 
2026-01-20 23:08:06,751 :   179/   15 dest_loss=0.062173 future_loss=0.037620 offset_loss=0.081681 kld=0.025266 cd=-0.242521 en_pos=6.428702 en_neg=6.671223 pcd=True subgoal_reg=0.0038043749804743308 
2026-01-20 23:08:22,772 :   185/   15 dest_loss=0.099515 future_loss=0.109178 offset_loss=0.057912 kld=0.024885 cd=-0.448771 en_pos=6.189864 en_neg=6.638635 pcd=True subgoal_reg=0.0030150883818728423 
2026-01-20 23:08:38,809 :   191/   15 dest_loss=0.103593 future_loss=0.091426 offset_loss=0.071795 kld=0.025485 cd=0.104996 en_pos=6.635417 en_neg=6.530421 pcd=True subgoal_reg=0.0035817227046480004 
2026-01-20 23:08:54,791 :   197/   15 dest_loss=0.035349 future_loss=0.026008 offset_loss=0.033356 kld=0.024299 cd=0.384178 en_pos=6.663056 en_neg=6.278878 pcd=True subgoal_reg=0.004346386595984828 
2026-01-20 23:09:10,804 :   203/   15 dest_loss=0.073208 future_loss=0.069486 offset_loss=0.050530 kld=0.025340 cd=0.005872 en_pos=6.549546 en_neg=6.543674 pcd=True subgoal_reg=0.0047906144293713305 
2026-01-20 23:09:26,895 :   209/   15 dest_loss=0.165571 future_loss=0.113969 offset_loss=0.162517 kld=0.027685 cd=-0.062972 en_pos=6.493900 en_neg=6.556873 pcd=True subgoal_reg=0.0037164020403595835 
2026-01-20 23:09:42,858 :   215/   15 dest_loss=0.042653 future_loss=0.034408 offset_loss=0.029600 kld=0.024893 cd=0.107547 en_pos=6.557652 en_neg=6.450105 pcd=True subgoal_reg=0.0030009898217864097 
2026-01-20 23:09:58,852 :   221/   15 dest_loss=0.175750 future_loss=0.139990 offset_loss=0.096241 kld=0.026867 cd=0.075252 en_pos=6.558923 en_neg=6.483672 pcd=True subgoal_reg=0.004669272446616128 
2026-01-20 23:10:14,766 :   227/   15 dest_loss=0.035382 future_loss=0.026030 offset_loss=0.032131 kld=0.023876 cd=-0.069985 en_pos=6.686204 en_neg=6.756189 pcd=True subgoal_reg=0.005610460706706818 
2026-01-20 23:10:30,696 :   233/   15 dest_loss=0.033055 future_loss=0.025146 offset_loss=0.031288 kld=0.023831 cd=-0.041274 en_pos=6.324421 en_neg=6.365695 pcd=True subgoal_reg=0.0035170598359897448 
2026-01-20 23:10:46,642 :   239/   15 dest_loss=0.099985 future_loss=0.060703 offset_loss=0.134676 kld=0.024681 cd=0.122458 en_pos=6.630278 en_neg=6.507820 pcd=True subgoal_reg=0.0031288874145905103 
2026-01-20 23:11:02,413 :   245/   15 dest_loss=0.031824 future_loss=0.026459 offset_loss=0.024492 kld=0.025504 cd=0.144290 en_pos=6.754017 en_neg=6.609728 pcd=True subgoal_reg=0.002924982195316713 
2026-01-20 23:11:18,390 :   251/   15 dest_loss=0.030548 future_loss=0.022474 offset_loss=0.028684 kld=0.024207 cd=0.236107 en_pos=6.572472 en_neg=6.336365 pcd=True subgoal_reg=0.0040770902564597755 
2026-01-20 23:11:34,324 :   257/   15 dest_loss=0.027111 future_loss=0.022275 offset_loss=0.025271 kld=0.024085 cd=0.134287 en_pos=6.628545 en_neg=6.494258 pcd=True subgoal_reg=0.00439830176466886 
2026-01-20 23:11:50,352 :   263/   15 dest_loss=0.035661 future_loss=0.026894 offset_loss=0.034578 kld=0.024512 cd=-0.207172 en_pos=6.329117 en_neg=6.536290 pcd=True subgoal_reg=0.004315887964545746 
2026-01-20 23:12:06,333 :   269/   15 dest_loss=0.035666 future_loss=0.027185 offset_loss=0.032698 kld=0.025488 cd=-0.072643 en_pos=6.576225 en_neg=6.648868 pcd=True subgoal_reg=0.0034265217989282726 
2026-01-20 23:12:22,343 :   275/   15 dest_loss=0.032730 future_loss=0.027396 offset_loss=0.024220 kld=0.024131 cd=-0.166064 en_pos=6.484699 en_neg=6.650763 pcd=True subgoal_reg=0.0033396918114475043 
2026-01-20 23:12:38,378 :   281/   15 dest_loss=0.034167 future_loss=0.026216 offset_loss=0.031116 kld=0.023224 cd=0.105293 en_pos=6.582242 en_neg=6.476949 pcd=True subgoal_reg=0.003229824516612183 
2026-01-20 23:12:54,356 :   287/   15 dest_loss=0.032552 future_loss=0.023079 offset_loss=0.033520 kld=0.023943 cd=0.111857 en_pos=6.634127 en_neg=6.522271 pcd=True subgoal_reg=0.004221285031425822 
2026-01-20 23:13:10,319 :   293/   15 dest_loss=0.039779 future_loss=0.027896 offset_loss=0.038431 kld=0.025304 cd=0.158376 en_pos=6.430835 en_neg=6.272459 pcd=True subgoal_reg=0.0041931018105148075 
2026-01-20 23:13:26,266 :   299/   15 dest_loss=0.029953 future_loss=0.022200 offset_loss=0.032471 kld=0.025284 cd=-0.145380 en_pos=6.433951 en_neg=6.579330 pcd=True subgoal_reg=0.0032932191768595435 
2026-01-20 23:13:42,190 :   305/   15 dest_loss=0.151973 future_loss=0.110475 offset_loss=0.096000 kld=0.024335 cd=-0.017766 en_pos=6.462351 en_neg=6.480117 pcd=True subgoal_reg=0.003191054231399761 
2026-01-20 23:13:58,129 :   311/   15 dest_loss=0.035166 future_loss=0.026375 offset_loss=0.032622 kld=0.023502 cd=-0.221032 en_pos=6.413061 en_neg=6.634093 pcd=True subgoal_reg=0.003081284870787072 
2026-01-20 23:14:14,190 :   317/   15 dest_loss=0.096809 future_loss=0.076042 offset_loss=0.063636 kld=0.026078 cd=0.045068 en_pos=6.553254 en_neg=6.508185 pcd=True subgoal_reg=0.0034655605699081627 
2026-01-20 23:14:30,517 :   323/   15 dest_loss=0.035265 future_loss=0.025849 offset_loss=0.034735 kld=0.024473 cd=-0.013080 en_pos=6.385435 en_neg=6.398515 pcd=True subgoal_reg=0.0038671146260912336 
2026-01-20 23:14:46,679 :   329/   15 dest_loss=0.035499 future_loss=0.027003 offset_loss=0.034591 kld=0.023151 cd=-0.086918 en_pos=6.605741 en_neg=6.692659 pcd=True subgoal_reg=0.0032243436953624874 
2026-01-20 23:15:02,697 :   335/   15 dest_loss=0.033005 future_loss=0.022811 offset_loss=0.034913 kld=0.023368 cd=-0.140507 en_pos=6.413149 en_neg=6.553656 pcd=True subgoal_reg=0.003150745427917813 
2026-01-20 23:15:18,726 :   341/   15 dest_loss=0.039884 future_loss=0.027580 offset_loss=0.036133 kld=0.024867 cd=-0.024925 en_pos=6.518373 en_neg=6.543298 pcd=True subgoal_reg=0.003890866713671271 
2026-01-20 23:15:34,723 :   347/   15 dest_loss=0.030989 future_loss=0.023306 offset_loss=0.031800 kld=0.023493 cd=0.016658 en_pos=6.410495 en_neg=6.393836 pcd=True subgoal_reg=0.0034010181687557112 
2026-01-20 23:15:50,686 :   353/   15 dest_loss=0.038767 future_loss=0.026858 offset_loss=0.038007 kld=0.024177 cd=-0.162257 en_pos=6.397297 en_neg=6.559554 pcd=True subgoal_reg=0.003941580641221585 
2026-01-20 23:16:06,675 :   359/   15 dest_loss=0.038510 future_loss=0.028668 offset_loss=0.035327 kld=0.027013 cd=-0.149713 en_pos=6.573645 en_neg=6.723358 pcd=True subgoal_reg=0.0030982528424396702 
2026-01-20 23:16:22,698 :   365/   15 dest_loss=0.060542 future_loss=0.046195 offset_loss=0.084534 kld=0.024129 cd=-0.221367 en_pos=6.156688 en_neg=6.378055 pcd=True subgoal_reg=0.0028935738856912525 
2026-01-20 23:16:38,715 :   371/   15 dest_loss=0.039722 future_loss=0.030769 offset_loss=0.029992 kld=0.022940 cd=0.328177 en_pos=6.550717 en_neg=6.222540 pcd=True subgoal_reg=0.003186058478856117 
2026-01-20 23:16:54,682 :   377/   15 dest_loss=0.036433 future_loss=0.028256 offset_loss=0.028874 kld=0.023905 cd=-0.010499 en_pos=6.532006 en_neg=6.542505 pcd=True subgoal_reg=0.0037024385212381826 
2026-01-20 23:17:10,659 :   383/   15 dest_loss=0.035172 future_loss=0.026247 offset_loss=0.028909 kld=0.024919 cd=-0.026412 en_pos=6.644997 en_neg=6.671409 pcd=True subgoal_reg=0.004161537984584136 
2026-01-20 23:17:26,670 :   389/   15 dest_loss=0.032212 future_loss=0.026406 offset_loss=0.024535 kld=0.025523 cd=0.304089 en_pos=6.700311 en_neg=6.396222 pcd=True subgoal_reg=0.0029232317737223654 
2026-01-20 23:17:42,625 :   395/   15 dest_loss=0.038222 future_loss=0.029926 offset_loss=0.029068 kld=0.025070 cd=0.099835 en_pos=6.499887 en_neg=6.400052 pcd=True subgoal_reg=0.003468932190197755 
2026-01-20 23:17:58,430 :   401/   15 dest_loss=0.036239 future_loss=0.029291 offset_loss=0.028519 kld=0.023840 cd=0.282499 en_pos=6.767264 en_neg=6.484765 pcd=True subgoal_reg=0.003956451627882218 
2026-01-20 23:18:14,418 :   407/   15 dest_loss=0.033429 future_loss=0.027305 offset_loss=0.029308 kld=0.024195 cd=-0.094700 en_pos=6.331089 en_neg=6.425789 pcd=True subgoal_reg=0.0035829304042576393 
2026-01-20 23:18:30,637 :   413/   15 dest_loss=0.035624 future_loss=0.028770 offset_loss=0.030180 kld=0.024841 cd=0.204730 en_pos=6.660515 en_neg=6.455785 pcd=True subgoal_reg=0.0035658759071447634 
2026-01-20 23:18:46,589 :   419/   15 dest_loss=0.035061 future_loss=0.026613 offset_loss=0.030589 kld=0.024242 cd=0.054249 en_pos=6.534116 en_neg=6.479867 pcd=True subgoal_reg=0.0037676986207860596 
2026-01-20 23:19:02,581 :   425/   15 dest_loss=0.034051 future_loss=0.026615 offset_loss=0.030532 kld=0.024098 cd=0.018407 en_pos=6.705469 en_neg=6.687062 pcd=True subgoal_reg=0.0037963331216768134 
2026-01-20 23:19:18,616 :   431/   15 dest_loss=0.030091 future_loss=0.022934 offset_loss=0.031586 kld=0.024383 cd=0.070439 en_pos=6.476225 en_neg=6.405786 pcd=True subgoal_reg=0.003906344692251909 
2026-01-20 23:19:34,553 :   437/   15 dest_loss=0.097754 future_loss=0.076660 offset_loss=0.076963 kld=0.025955 cd=-0.100576 en_pos=6.459486 en_neg=6.560062 pcd=True subgoal_reg=0.003887904081820454 
2026-01-20 23:19:50,552 :   443/   15 dest_loss=0.038558 future_loss=0.028104 offset_loss=0.033438 kld=0.024193 cd=-0.039960 en_pos=6.437430 en_neg=6.477389 pcd=True subgoal_reg=0.0030644312449642913 
2026-01-20 23:20:06,672 :   449/   15 dest_loss=0.035766 future_loss=0.027220 offset_loss=0.033089 kld=0.024952 cd=0.256242 en_pos=6.627071 en_neg=6.370829 pcd=True subgoal_reg=0.0030436078391392345 
2026-01-20 23:20:22,810 :   455/   15 dest_loss=0.031462 future_loss=0.024302 offset_loss=0.027875 kld=0.025053 cd=0.214003 en_pos=6.505174 en_neg=6.291171 pcd=True subgoal_reg=0.003422250837001064 
2026-01-20 23:20:38,766 :   461/   15 dest_loss=0.030780 future_loss=0.023476 offset_loss=0.029854 kld=0.024054 cd=0.090694 en_pos=6.561323 en_neg=6.470629 pcd=True subgoal_reg=0.0037443759708718867 
2026-01-20 23:20:54,718 :   467/   15 dest_loss=0.089518 future_loss=0.070348 offset_loss=0.047178 kld=0.024700 cd=0.044122 en_pos=6.472159 en_neg=6.428037 pcd=True subgoal_reg=0.004039817081421048 
2026-01-20 23:21:10,754 :   473/   15 dest_loss=0.031436 future_loss=0.022181 offset_loss=0.032501 kld=0.023651 cd=-0.076880 en_pos=6.420450 en_neg=6.497330 pcd=True subgoal_reg=0.0038858175362524545 
2026-01-20 23:21:26,661 :   479/   15 dest_loss=0.038544 future_loss=0.027685 offset_loss=0.035937 kld=0.026497 cd=-0.228522 en_pos=6.379850 en_neg=6.608373 pcd=True subgoal_reg=0.0032132510457534027 
2026-01-20 23:21:42,616 :   485/   15 dest_loss=0.030668 future_loss=0.023786 offset_loss=0.029203 kld=0.025415 cd=-0.198425 en_pos=6.381716 en_neg=6.580141 pcd=True subgoal_reg=0.0030077736623484977 
2026-01-20 23:21:58,584 :   491/   15 dest_loss=0.035824 future_loss=0.026668 offset_loss=0.032185 kld=0.023817 cd=0.241095 en_pos=6.679959 en_neg=6.438863 pcd=True subgoal_reg=0.0036558171507914358 
2026-01-20 23:22:14,585 :   497/   15 dest_loss=0.033541 future_loss=0.024781 offset_loss=0.030914 kld=0.025814 cd=-0.229892 en_pos=6.525504 en_neg=6.755396 pcd=True subgoal_reg=0.004672429622550078 
2026-01-20 23:22:30,570 :   503/   15 dest_loss=0.036320 future_loss=0.027233 offset_loss=0.032123 kld=0.024640 cd=0.014966 en_pos=6.360578 en_neg=6.345612 pcd=True subgoal_reg=0.0032491606018495317 
2026-01-20 23:22:46,591 :   509/   15 dest_loss=0.035581 future_loss=0.026326 offset_loss=0.028943 kld=0.023710 cd=-0.210094 en_pos=6.328749 en_neg=6.538843 pcd=True subgoal_reg=0.002756675104092414 
2026-01-20 23:24:22,065 : Train Loss 96.80597124270301
2026-01-20 23:24:22,065 : Overall Loss 19.14813792979932
2026-01-20 23:24:22,066 : Dest Loss 24.509890813283416
2026-01-20 23:24:22,066 : Val ADE 0.1417845544733522
2026-01-20 23:24:22,066 : Val FDE 0.14401272828101128
2026-01-20 23:24:22,066 : Val Best ADE 0.14053586810717858
2026-01-20 23:24:22,066 : Val Best FDE 0.1427155718282829
2026-01-20 23:24:22,066 : ----->learning rate 0.000625
2026-01-20 23:24:38,568 :     5/   16 dest_loss=0.030416 future_loss=0.022967 offset_loss=0.030911 kld=0.024367 cd=-0.070688 en_pos=6.357323 en_neg=6.428011 pcd=True subgoal_reg=0.0035826044019357348 
2026-01-20 23:24:54,559 :    11/   16 dest_loss=0.031506 future_loss=0.023705 offset_loss=0.028851 kld=0.023535 cd=0.067231 en_pos=6.445468 en_neg=6.378237 pcd=True subgoal_reg=0.003515429557728287 
2026-01-20 23:25:10,433 :    17/   16 dest_loss=0.035089 future_loss=0.026811 offset_loss=0.029616 kld=0.024305 cd=-0.031627 en_pos=6.482367 en_neg=6.513993 pcd=True subgoal_reg=0.003041462748639748 
2026-01-20 23:25:26,386 :    23/   16 dest_loss=0.033687 future_loss=0.025252 offset_loss=0.030160 kld=0.023738 cd=-0.032648 en_pos=6.649438 en_neg=6.682086 pcd=True subgoal_reg=0.0031851256082695897 
2026-01-20 23:25:42,190 :    29/   16 dest_loss=0.036852 future_loss=0.026871 offset_loss=0.033838 kld=0.024980 cd=-0.138445 en_pos=6.658036 en_neg=6.796481 pcd=True subgoal_reg=0.004098203182479445 
2026-01-20 23:25:58,312 :    35/   16 dest_loss=0.030463 future_loss=0.024287 offset_loss=0.027050 kld=0.024052 cd=-0.117328 en_pos=6.565674 en_neg=6.683001 pcd=True subgoal_reg=0.0036042500719053747 
2026-01-20 23:26:14,259 :    41/   16 dest_loss=0.031392 future_loss=0.023350 offset_loss=0.029980 kld=0.023745 cd=0.057480 en_pos=6.470329 en_neg=6.412849 pcd=True subgoal_reg=0.0037682747036943704 
2026-01-20 23:26:30,249 :    47/   16 dest_loss=0.030498 future_loss=0.023543 offset_loss=0.027679 kld=0.025329 cd=-0.176966 en_pos=6.371831 en_neg=6.548797 pcd=True subgoal_reg=0.0031449016997572945 
2026-01-20 23:26:46,229 :    53/   16 dest_loss=0.040692 future_loss=0.031347 offset_loss=0.034274 kld=0.025791 cd=0.102253 en_pos=6.689305 en_neg=6.587052 pcd=True subgoal_reg=0.0031034031803073153 
2026-01-20 23:27:02,251 :    59/   16 dest_loss=0.031372 future_loss=0.024122 offset_loss=0.030409 kld=0.025003 cd=-0.208535 en_pos=6.313125 en_neg=6.521660 pcd=True subgoal_reg=0.0034051319243019016 
2026-01-20 23:27:18,315 :    65/   16 dest_loss=0.034238 future_loss=0.026199 offset_loss=0.032756 kld=0.024880 cd=0.071028 en_pos=6.399298 en_neg=6.328271 pcd=True subgoal_reg=0.003535864385747659 
2026-01-20 23:27:34,305 :    71/   16 dest_loss=0.148894 future_loss=0.083722 offset_loss=0.142937 kld=0.028432 cd=-0.059936 en_pos=6.642190 en_neg=6.702126 pcd=True subgoal_reg=0.004268604203030954 
2026-01-20 23:27:50,352 :    77/   16 dest_loss=0.039558 future_loss=0.029871 offset_loss=0.033468 kld=0.025063 cd=-0.060227 en_pos=6.482273 en_neg=6.542500 pcd=True subgoal_reg=0.002945863782869372 
2026-01-20 23:28:06,365 :    83/   16 dest_loss=0.039728 future_loss=0.029940 offset_loss=0.033554 kld=0.024359 cd=-0.013475 en_pos=6.439583 en_neg=6.453058 pcd=True subgoal_reg=0.002854842707919704 
2026-01-20 23:28:22,432 :    89/   16 dest_loss=0.040156 future_loss=0.031357 offset_loss=0.032255 kld=0.024163 cd=0.097584 en_pos=6.433718 en_neg=6.336134 pcd=True subgoal_reg=0.002964914817578131 
2026-01-20 23:28:38,370 :    95/   16 dest_loss=0.033959 future_loss=0.026258 offset_loss=0.027859 kld=0.023924 cd=-0.056163 en_pos=6.591972 en_neg=6.648135 pcd=True subgoal_reg=0.003078525849233932 
2026-01-20 23:28:54,414 :   101/   16 dest_loss=0.039257 future_loss=0.031890 offset_loss=0.030286 kld=0.025803 cd=0.078023 en_pos=6.430555 en_neg=6.352531 pcd=True subgoal_reg=0.003435806595534312 
2026-01-20 23:29:10,183 :   107/   16 dest_loss=0.039710 future_loss=0.030268 offset_loss=0.031904 kld=0.024520 cd=0.016351 en_pos=6.535100 en_neg=6.518748 pcd=True subgoal_reg=0.0035714106690759844 
2026-01-20 23:29:26,150 :   113/   16 dest_loss=0.032402 future_loss=0.025189 offset_loss=0.029673 kld=0.024054 cd=-0.056810 en_pos=6.490999 en_neg=6.547809 pcd=True subgoal_reg=0.003122632797450779 
2026-01-20 23:29:42,118 :   119/   16 dest_loss=0.038966 future_loss=0.030944 offset_loss=0.032680 kld=0.025362 cd=0.264137 en_pos=6.594183 en_neg=6.330046 pcd=True subgoal_reg=0.0030501348254507706 
2026-01-20 23:29:58,089 :   125/   16 dest_loss=0.037030 future_loss=0.028976 offset_loss=0.031580 kld=0.025180 cd=-0.137888 en_pos=6.439685 en_neg=6.577572 pcd=True subgoal_reg=0.0032091563388649325 
2026-01-20 23:30:14,099 :   131/   16 dest_loss=0.028271 future_loss=0.020797 offset_loss=0.026788 kld=0.023015 cd=0.156149 en_pos=6.506579 en_neg=6.350430 pcd=True subgoal_reg=0.0041283677336293205 
2026-01-20 23:30:30,064 :   137/   16 dest_loss=0.033700 future_loss=0.025088 offset_loss=0.031952 kld=0.025397 cd=0.094969 en_pos=6.669837 en_neg=6.574868 pcd=True subgoal_reg=0.00370711502789863 
2026-01-20 23:30:46,070 :   143/   16 dest_loss=0.109737 future_loss=0.088833 offset_loss=0.123882 kld=0.026741 cd=0.144862 en_pos=6.701405 en_neg=6.556543 pcd=True subgoal_reg=0.003726500473967608 
2026-01-20 23:31:02,156 :   149/   16 dest_loss=0.031652 future_loss=0.024512 offset_loss=0.027088 kld=0.023470 cd=-0.038581 en_pos=6.544498 en_neg=6.583079 pcd=True subgoal_reg=0.003056947550528458 
2026-01-20 23:31:18,268 :   155/   16 dest_loss=0.030979 future_loss=0.022988 offset_loss=0.030998 kld=0.023556 cd=-0.067762 en_pos=6.427545 en_neg=6.495307 pcd=True subgoal_reg=0.003494479090362504 
2026-01-20 23:31:34,258 :   161/   16 dest_loss=0.101442 future_loss=0.067652 offset_loss=0.124700 kld=0.025464 cd=0.059733 en_pos=6.551338 en_neg=6.491605 pcd=True subgoal_reg=0.003534672739214059 
2026-01-20 23:31:50,217 :   167/   16 dest_loss=0.034136 future_loss=0.025046 offset_loss=0.030931 kld=0.025519 cd=0.154518 en_pos=6.542370 en_neg=6.387851 pcd=True subgoal_reg=0.0037032051389173305 
2026-01-20 23:32:06,192 :   173/   16 dest_loss=0.148066 future_loss=0.129168 offset_loss=0.092764 kld=0.027133 cd=0.028665 en_pos=6.498678 en_neg=6.470013 pcd=True subgoal_reg=0.003336431835356971 
2026-01-20 23:32:22,164 :   179/   16 dest_loss=0.031921 future_loss=0.025390 offset_loss=0.030765 kld=0.025082 cd=-0.134639 en_pos=6.358016 en_neg=6.492655 pcd=True subgoal_reg=0.0033526368674625003 
2026-01-20 23:32:37,943 :   185/   16 dest_loss=0.038770 future_loss=0.028445 offset_loss=0.034651 kld=0.023581 cd=-0.156093 en_pos=6.263823 en_neg=6.419915 pcd=True subgoal_reg=0.0034125310725680326 
2026-01-20 23:32:53,887 :   191/   16 dest_loss=0.026478 future_loss=0.021557 offset_loss=0.025502 kld=0.023903 cd=-0.020593 en_pos=6.630465 en_neg=6.651058 pcd=True subgoal_reg=0.0031518665853401285 
2026-01-20 23:33:09,919 :   197/   16 dest_loss=0.032335 future_loss=0.027300 offset_loss=0.024767 kld=0.023336 cd=0.024478 en_pos=6.599557 en_neg=6.575080 pcd=True subgoal_reg=0.0029786022338165008 
2026-01-20 23:33:25,892 :   203/   16 dest_loss=0.035294 future_loss=0.027363 offset_loss=0.032345 kld=0.024339 cd=0.145789 en_pos=6.454866 en_neg=6.309077 pcd=True subgoal_reg=0.0031721511981650154 
2026-01-20 23:33:41,880 :   209/   16 dest_loss=0.029022 future_loss=0.023215 offset_loss=0.028564 kld=0.025627 cd=0.286849 en_pos=6.456194 en_neg=6.169345 pcd=True subgoal_reg=0.0032695913318740747 
2026-01-20 23:33:57,842 :   215/   16 dest_loss=0.037970 future_loss=0.027826 offset_loss=0.035552 kld=0.024373 cd=-0.049367 en_pos=6.328201 en_neg=6.377568 pcd=True subgoal_reg=0.003190517461341225 
2026-01-20 23:34:14,093 :   221/   16 dest_loss=0.038537 future_loss=0.028775 offset_loss=0.034761 kld=0.025586 cd=0.145154 en_pos=6.552360 en_neg=6.407206 pcd=True subgoal_reg=0.003250137426060961 
2026-01-20 23:34:30,682 :   227/   16 dest_loss=0.033813 future_loss=0.026891 offset_loss=0.029562 kld=0.024785 cd=-0.133967 en_pos=6.395859 en_neg=6.529826 pcd=True subgoal_reg=0.0032092746218410307 
2026-01-20 23:34:46,675 :   233/   16 dest_loss=0.036069 future_loss=0.027395 offset_loss=0.032154 kld=0.025382 cd=-0.073365 en_pos=6.472770 en_neg=6.546136 pcd=True subgoal_reg=0.0032500459147558006 
2026-01-20 23:35:02,723 :   239/   16 dest_loss=0.038108 future_loss=0.030655 offset_loss=0.024329 kld=0.023100 cd=-0.004711 en_pos=6.615024 en_neg=6.619735 pcd=True subgoal_reg=0.0029090078864046328 
2026-01-20 23:35:18,702 :   245/   16 dest_loss=0.033756 future_loss=0.026919 offset_loss=0.029070 kld=0.025114 cd=0.100859 en_pos=6.506818 en_neg=6.405960 pcd=True subgoal_reg=0.0032369021201638657 
2026-01-20 23:35:34,680 :   251/   16 dest_loss=0.029338 future_loss=0.022774 offset_loss=0.025232 kld=0.023916 cd=0.102867 en_pos=6.597725 en_neg=6.494858 pcd=True subgoal_reg=0.0032883635228212107 
2026-01-20 23:35:50,605 :   257/   16 dest_loss=0.037311 future_loss=0.028311 offset_loss=0.032568 kld=0.024242 cd=0.130459 en_pos=6.638660 en_neg=6.508202 pcd=True subgoal_reg=0.0036552580200020918 
2026-01-20 23:36:06,380 :   263/   16 dest_loss=0.031740 future_loss=0.024784 offset_loss=0.029658 kld=0.023965 cd=-0.266785 en_pos=6.389776 en_neg=6.656562 pcd=True subgoal_reg=0.0037881730964564055 
2026-01-20 23:36:22,378 :   269/   16 dest_loss=0.027893 future_loss=0.022247 offset_loss=0.026486 kld=0.023520 cd=-0.086328 en_pos=6.540786 en_neg=6.627115 pcd=True subgoal_reg=0.003200995003501692 
2026-01-20 23:36:38,458 :   275/   16 dest_loss=0.034074 future_loss=0.025224 offset_loss=0.034089 kld=0.023745 cd=-0.059124 en_pos=6.472470 en_neg=6.531594 pcd=True subgoal_reg=0.0034496805295584727 
2026-01-20 23:36:54,441 :   281/   16 dest_loss=0.034575 future_loss=0.026587 offset_loss=0.028417 kld=0.023600 cd=-0.029709 en_pos=6.393081 en_neg=6.422791 pcd=True subgoal_reg=0.002899059343626393 
2026-01-20 23:37:10,424 :   287/   16 dest_loss=0.036053 future_loss=0.029497 offset_loss=0.026737 kld=0.026083 cd=-0.176136 en_pos=6.522152 en_neg=6.698288 pcd=True subgoal_reg=0.0035053719536478076 
2026-01-20 23:37:26,395 :   293/   16 dest_loss=0.032895 future_loss=0.026436 offset_loss=0.025885 kld=0.023560 cd=-0.181505 en_pos=6.514370 en_neg=6.695874 pcd=True subgoal_reg=0.002814547981249609 
2026-01-20 23:37:42,395 :   299/   16 dest_loss=0.030805 future_loss=0.024131 offset_loss=0.026376 kld=0.025144 cd=0.025153 en_pos=6.441232 en_neg=6.416079 pcd=True subgoal_reg=0.003424222743411792 
2026-01-20 23:37:58,340 :   305/   16 dest_loss=0.029235 future_loss=0.023663 offset_loss=0.025107 kld=0.024332 cd=-0.210884 en_pos=6.594874 en_neg=6.805758 pcd=True subgoal_reg=0.0035635239573421273 
2026-01-20 23:38:14,259 :   311/   16 dest_loss=0.133214 future_loss=0.103194 offset_loss=0.128628 kld=0.025066 cd=-0.095996 en_pos=6.438138 en_neg=6.534134 pcd=True subgoal_reg=0.003340109865559739 
2026-01-20 23:38:30,145 :   317/   16 dest_loss=0.031628 future_loss=0.027220 offset_loss=0.021346 kld=0.023732 cd=-0.166467 en_pos=6.644558 en_neg=6.811024 pcd=True subgoal_reg=0.0031727258601382093 
2026-01-20 23:38:46,015 :   323/   16 dest_loss=0.037611 future_loss=0.029951 offset_loss=0.030467 kld=0.024472 cd=0.086051 en_pos=6.490280 en_neg=6.404229 pcd=True subgoal_reg=0.0034148035327375495 
2026-01-20 23:39:01,878 :   329/   16 dest_loss=0.076079 future_loss=0.079668 offset_loss=0.043205 kld=0.023870 cd=0.043015 en_pos=6.382843 en_neg=6.339828 pcd=True subgoal_reg=0.003411870161949297 
2026-01-20 23:39:17,881 :   335/   16 dest_loss=0.032306 future_loss=0.024544 offset_loss=0.030755 kld=0.025191 cd=0.228761 en_pos=6.637146 en_neg=6.408385 pcd=True subgoal_reg=0.003870129279854256 
2026-01-20 23:39:33,603 :   341/   16 dest_loss=0.036833 future_loss=0.027379 offset_loss=0.032587 kld=0.025845 cd=-0.145586 en_pos=6.616639 en_neg=6.762225 pcd=True subgoal_reg=0.004132696527618199 
2026-01-20 23:39:49,496 :   347/   16 dest_loss=0.035802 future_loss=0.027064 offset_loss=0.032467 kld=0.026017 cd=0.086394 en_pos=6.561288 en_neg=6.474894 pcd=True subgoal_reg=0.003452542674109789 
2026-01-20 23:40:05,449 :   353/   16 dest_loss=0.031573 future_loss=0.024646 offset_loss=0.028305 kld=0.024432 cd=-0.067751 en_pos=6.413459 en_neg=6.481210 pcd=True subgoal_reg=0.0029216081046287193 
2026-01-20 23:40:21,487 :   359/   16 dest_loss=0.037779 future_loss=0.027128 offset_loss=0.035324 kld=0.024447 cd=0.061786 en_pos=6.555442 en_neg=6.493656 pcd=True subgoal_reg=0.004005342505648953 
2026-01-20 23:40:37,505 :   365/   16 dest_loss=0.036643 future_loss=0.028355 offset_loss=0.028928 kld=0.024338 cd=0.018664 en_pos=6.728228 en_neg=6.709563 pcd=True subgoal_reg=0.0038282120911293568 
2026-01-20 23:40:53,440 :   371/   16 dest_loss=0.034103 future_loss=0.025678 offset_loss=0.030490 kld=0.024444 cd=0.048515 en_pos=6.560470 en_neg=6.511954 pcd=True subgoal_reg=0.00340233285237034 
2026-01-20 23:41:09,515 :   377/   16 dest_loss=0.032506 future_loss=0.023346 offset_loss=0.033825 kld=0.023134 cd=0.007505 en_pos=6.335144 en_neg=6.327639 pcd=True subgoal_reg=0.002997667030315205 
2026-01-20 23:41:25,498 :   383/   16 dest_loss=0.039452 future_loss=0.030243 offset_loss=0.033930 kld=0.026326 cd=0.023922 en_pos=6.573001 en_neg=6.549079 pcd=True subgoal_reg=0.003359971968515278 
2026-01-20 23:41:41,406 :   389/   16 dest_loss=0.034340 future_loss=0.025882 offset_loss=0.030270 kld=0.024239 cd=0.189763 en_pos=6.573907 en_neg=6.384144 pcd=True subgoal_reg=0.0032066203672173263 
2026-01-20 23:41:57,458 :   395/   16 dest_loss=0.039134 future_loss=0.029327 offset_loss=0.032923 kld=0.025071 cd=0.030878 en_pos=6.679716 en_neg=6.648838 pcd=True subgoal_reg=0.0035857725801480902 
2026-01-20 23:42:13,475 :   401/   16 dest_loss=0.035311 future_loss=0.026657 offset_loss=0.032815 kld=0.025128 cd=-0.175055 en_pos=6.501790 en_neg=6.676846 pcd=True subgoal_reg=0.003171183730753312 
2026-01-20 23:42:29,492 :   407/   16 dest_loss=0.032071 future_loss=0.025046 offset_loss=0.028785 kld=0.023280 cd=-0.123743 en_pos=6.294080 en_neg=6.417823 pcd=True subgoal_reg=0.0030729725751247783 
2026-01-20 23:42:45,455 :   413/   16 dest_loss=0.030908 future_loss=0.023501 offset_loss=0.028577 kld=0.023629 cd=-0.002198 en_pos=6.653284 en_neg=6.655482 pcd=True subgoal_reg=0.0029188384527143764 
2026-01-20 23:43:01,255 :   419/   16 dest_loss=0.037545 future_loss=0.029197 offset_loss=0.031466 kld=0.025273 cd=-0.037895 en_pos=6.574206 en_neg=6.612101 pcd=True subgoal_reg=0.00313335237653818 
2026-01-20 23:43:17,196 :   425/   16 dest_loss=0.028141 future_loss=0.022172 offset_loss=0.025761 kld=0.023485 cd=-0.037889 en_pos=6.386599 en_neg=6.424488 pcd=True subgoal_reg=0.0028500173015746076 
2026-01-20 23:43:33,146 :   431/   16 dest_loss=0.027457 future_loss=0.022410 offset_loss=0.024219 kld=0.023882 cd=-0.005623 en_pos=6.426238 en_neg=6.431860 pcd=True subgoal_reg=0.00299221216677191 
2026-01-20 23:43:49,074 :   437/   16 dest_loss=0.035823 future_loss=0.028183 offset_loss=0.029364 kld=0.023488 cd=-0.016421 en_pos=6.517215 en_neg=6.533636 pcd=True subgoal_reg=0.0032613140902708598 
2026-01-20 23:44:05,078 :   443/   16 dest_loss=0.029453 future_loss=0.024115 offset_loss=0.027014 kld=0.024533 cd=-0.056728 en_pos=6.259901 en_neg=6.316629 pcd=True subgoal_reg=0.003116818316703246 
2026-01-20 23:44:21,509 :   449/   16 dest_loss=0.030003 future_loss=0.023169 offset_loss=0.027292 kld=0.024241 cd=0.056334 en_pos=6.502928 en_neg=6.446594 pcd=True subgoal_reg=0.003327037810878456 
2026-01-20 23:44:37,942 :   455/   16 dest_loss=0.037054 future_loss=0.027689 offset_loss=0.030732 kld=0.023943 cd=-0.072097 en_pos=6.483478 en_neg=6.555575 pcd=True subgoal_reg=0.0035406352832474774 
2026-01-20 23:44:53,825 :   461/   16 dest_loss=0.035035 future_loss=0.027575 offset_loss=0.029292 kld=0.024908 cd=-0.143721 en_pos=6.349474 en_neg=6.493195 pcd=True subgoal_reg=0.0032704069853094373 
2026-01-20 23:45:09,772 :   467/   16 dest_loss=0.029465 future_loss=0.022088 offset_loss=0.027819 kld=0.024432 cd=-0.063256 en_pos=6.485453 en_neg=6.548709 pcd=True subgoal_reg=0.003268761548021892 
2026-01-20 23:45:25,742 :   473/   16 dest_loss=0.034820 future_loss=0.028054 offset_loss=0.028282 kld=0.025295 cd=-0.112436 en_pos=6.218766 en_neg=6.331202 pcd=True subgoal_reg=0.0027972837080120555 
2026-01-20 23:45:41,718 :   479/   16 dest_loss=0.028640 future_loss=0.023464 offset_loss=0.026799 kld=0.023869 cd=0.122972 en_pos=6.431727 en_neg=6.308755 pcd=True subgoal_reg=0.0029107267313001565 
2026-01-20 23:45:57,735 :   485/   16 dest_loss=0.034103 future_loss=0.026681 offset_loss=0.031333 kld=0.024419 cd=0.045263 en_pos=6.463186 en_neg=6.417923 pcd=True subgoal_reg=0.0037093755949729147 
2026-01-20 23:46:13,677 :   491/   16 dest_loss=0.114463 future_loss=0.125580 offset_loss=0.076560 kld=0.025179 cd=-0.113594 en_pos=6.449136 en_neg=6.562729 pcd=True subgoal_reg=0.003690823522762553 
2026-01-20 23:46:29,475 :   497/   16 dest_loss=0.030905 future_loss=0.024265 offset_loss=0.030176 kld=0.025151 cd=-0.016739 en_pos=6.508416 en_neg=6.525155 pcd=True subgoal_reg=0.0033814150616993236 
2026-01-20 23:46:45,384 :   503/   16 dest_loss=0.031272 future_loss=0.023652 offset_loss=0.031369 kld=0.025759 cd=0.069995 en_pos=6.562871 en_neg=6.492876 pcd=True subgoal_reg=0.0035694278757812834 
2026-01-20 23:47:01,337 :   509/   16 dest_loss=0.030653 future_loss=0.022428 offset_loss=0.030161 kld=0.024281 cd=-0.045138 en_pos=6.406045 en_neg=6.451183 pcd=True subgoal_reg=0.003149308744229379 
2026-01-20 23:48:36,672 : Train Loss 92.68120391660217
2026-01-20 23:48:36,672 : Overall Loss 18.623235484038684
2026-01-20 23:48:36,672 : Dest Loss 23.946818191299915
2026-01-20 23:48:36,672 : Val ADE 0.1401146632163512
2026-01-20 23:48:36,672 : Val FDE 0.1464886357155655
2026-01-20 23:48:36,672 : Val Best ADE 0.1401146632163512
2026-01-20 23:48:36,673 : Val Best FDE 0.1464886357155655
2026-01-20 23:48:36,673 : ----->learning rate 0.0003125
2026-01-20 23:48:52,814 :     5/   17 dest_loss=0.038158 future_loss=0.028311 offset_loss=0.032565 kld=0.024778 cd=-0.005874 en_pos=6.460723 en_neg=6.466597 pcd=True subgoal_reg=0.0028174562157137093 
2026-01-20 23:49:08,692 :    11/   17 dest_loss=0.035193 future_loss=0.026502 offset_loss=0.031529 kld=0.024538 cd=-0.104514 en_pos=6.381291 en_neg=6.485805 pcd=True subgoal_reg=0.0030749520439347917 
2026-01-20 23:49:24,589 :    17/   17 dest_loss=0.035802 future_loss=0.027351 offset_loss=0.031236 kld=0.024911 cd=-0.045644 en_pos=6.508590 en_neg=6.554234 pcd=True subgoal_reg=0.003268018505898454 
2026-01-20 23:49:40,481 :    23/   17 dest_loss=0.033736 future_loss=0.025872 offset_loss=0.030975 kld=0.023811 cd=0.031331 en_pos=6.576649 en_neg=6.545317 pcd=True subgoal_reg=0.0030865432088675528 
2026-01-20 23:49:56,411 :    29/   17 dest_loss=0.085792 future_loss=0.067502 offset_loss=0.076146 kld=0.023832 cd=-0.029074 en_pos=6.456010 en_neg=6.485084 pcd=True subgoal_reg=0.0031213697971242452 
2026-01-20 23:50:12,184 :    35/   17 dest_loss=0.034668 future_loss=0.026579 offset_loss=0.029605 kld=0.024515 cd=-0.067323 en_pos=6.455205 en_neg=6.522528 pcd=True subgoal_reg=0.0030163528603546217 
2026-01-20 23:50:28,171 :    41/   17 dest_loss=0.031935 future_loss=0.024214 offset_loss=0.027234 kld=0.023543 cd=-0.028750 en_pos=6.512446 en_neg=6.541196 pcd=True subgoal_reg=0.003325026842723122 
2026-01-20 23:50:44,082 :    47/   17 dest_loss=0.029769 future_loss=0.022568 offset_loss=0.027483 kld=0.024392 cd=0.323400 en_pos=6.563858 en_neg=6.240458 pcd=True subgoal_reg=0.003403097294134191 
2026-01-20 23:51:00,103 :    53/   17 dest_loss=0.034511 future_loss=0.026136 offset_loss=0.030206 kld=0.025280 cd=0.178591 en_pos=6.458559 en_neg=6.279968 pcd=True subgoal_reg=0.00296828605521444 
2026-01-20 23:51:16,028 :    59/   17 dest_loss=0.039904 future_loss=0.030528 offset_loss=0.031851 kld=0.025816 cd=-0.156785 en_pos=6.284792 en_neg=6.441578 pcd=True subgoal_reg=0.0029585664699834004 
2026-01-20 23:51:32,018 :    65/   17 dest_loss=0.034114 future_loss=0.026958 offset_loss=0.029501 kld=0.024659 cd=0.077329 en_pos=6.572782 en_neg=6.495452 pcd=True subgoal_reg=0.0032867062856627065 
2026-01-20 23:51:48,010 :    71/   17 dest_loss=0.035193 future_loss=0.028187 offset_loss=0.026916 kld=0.024308 cd=-0.158040 en_pos=6.557973 en_neg=6.716013 pcd=True subgoal_reg=0.003992925569016679 
2026-01-20 23:52:04,034 :    77/   17 dest_loss=0.042930 future_loss=0.031334 offset_loss=0.038968 kld=0.024850 cd=-0.001991 en_pos=6.386082 en_neg=6.388073 pcd=True subgoal_reg=0.0038065594200006676 
2026-01-20 23:52:19,971 :    83/   17 dest_loss=0.252608 future_loss=0.225018 offset_loss=0.119407 kld=0.029474 cd=0.052367 en_pos=6.443069 en_neg=6.390702 pcd=True subgoal_reg=0.0034338792273134276 
2026-01-20 23:52:35,999 :    89/   17 dest_loss=0.037437 future_loss=0.026628 offset_loss=0.035900 kld=0.025863 cd=-0.017177 en_pos=6.561217 en_neg=6.578394 pcd=True subgoal_reg=0.003915576844190393 
2026-01-20 23:52:52,089 :    95/   17 dest_loss=0.029355 future_loss=0.021547 offset_loss=0.030351 kld=0.023584 cd=-0.077909 en_pos=6.458794 en_neg=6.536702 pcd=True subgoal_reg=0.0031948146066618304 
2026-01-20 23:53:08,064 :   101/   17 dest_loss=0.034927 future_loss=0.025795 offset_loss=0.032423 kld=0.023761 cd=0.100757 en_pos=6.547133 en_neg=6.446377 pcd=True subgoal_reg=0.0029174808739330284 
2026-01-20 23:53:24,064 :   107/   17 dest_loss=0.033216 future_loss=0.024882 offset_loss=0.028857 kld=0.024206 cd=0.028099 en_pos=6.554829 en_neg=6.526730 pcd=True subgoal_reg=0.0030282261480623924 
2026-01-20 23:53:39,892 :   113/   17 dest_loss=0.035735 future_loss=0.026387 offset_loss=0.033075 kld=0.024725 cd=0.116826 en_pos=6.540627 en_neg=6.423801 pcd=True subgoal_reg=0.0034914926704585746 
2026-01-20 23:53:55,872 :   119/   17 dest_loss=0.034420 future_loss=0.024696 offset_loss=0.032155 kld=0.023434 cd=-0.049800 en_pos=6.445267 en_neg=6.495068 pcd=True subgoal_reg=0.0034735204917975626 
2026-01-20 23:54:11,816 :   125/   17 dest_loss=0.026281 future_loss=0.019982 offset_loss=0.027238 kld=0.024729 cd=0.007151 en_pos=6.565430 en_neg=6.558279 pcd=True subgoal_reg=0.0032277377754873935 
2026-01-20 23:54:28,503 :   131/   17 dest_loss=0.030785 future_loss=0.022944 offset_loss=0.030342 kld=0.024591 cd=-0.067273 en_pos=6.501360 en_neg=6.568634 pcd=True subgoal_reg=0.0034975650017977375 
2026-01-20 23:54:44,578 :   137/   17 dest_loss=0.105108 future_loss=0.086061 offset_loss=0.092062 kld=0.024781 cd=-0.347304 en_pos=6.369711 en_neg=6.717015 pcd=True subgoal_reg=0.003223746416813566 
2026-01-20 23:55:00,540 :   143/   17 dest_loss=0.129295 future_loss=0.071624 offset_loss=0.144330 kld=0.024182 cd=-0.009706 en_pos=6.431141 en_neg=6.440847 pcd=True subgoal_reg=0.002990570910577235 
2026-01-20 23:55:16,545 :   149/   17 dest_loss=0.037252 future_loss=0.029919 offset_loss=0.027449 kld=0.024228 cd=-0.108130 en_pos=6.558839 en_neg=6.666970 pcd=True subgoal_reg=0.002487614319449288 
2026-01-20 23:55:32,525 :   155/   17 dest_loss=0.039010 future_loss=0.030842 offset_loss=0.029580 kld=0.025434 cd=-0.088601 en_pos=6.413687 en_neg=6.502288 pcd=True subgoal_reg=0.003361489398491898 
2026-01-20 23:55:48,453 :   161/   17 dest_loss=0.109890 future_loss=0.091874 offset_loss=0.100297 kld=0.025073 cd=-0.010255 en_pos=6.662689 en_neg=6.672943 pcd=True subgoal_reg=0.003917238973323071 
2026-01-20 23:56:04,392 :   167/   17 dest_loss=0.032719 future_loss=0.021420 offset_loss=0.035292 kld=0.024373 cd=0.153331 en_pos=6.554973 en_neg=6.401642 pcd=True subgoal_reg=0.00421157304666285 
2026-01-20 23:56:20,339 :   173/   17 dest_loss=0.035510 future_loss=0.024958 offset_loss=0.034210 kld=0.024123 cd=-0.153731 en_pos=6.489482 en_neg=6.643212 pcd=True subgoal_reg=0.0033241248603155826 
2026-01-20 23:56:36,266 :   179/   17 dest_loss=0.036371 future_loss=0.028261 offset_loss=0.029785 kld=0.024974 cd=0.068210 en_pos=6.617492 en_neg=6.549283 pcd=True subgoal_reg=0.00318089692597284 
2026-01-20 23:56:52,247 :   185/   17 dest_loss=0.038029 future_loss=0.029799 offset_loss=0.031019 kld=0.025547 cd=-0.037150 en_pos=6.483180 en_neg=6.520330 pcd=True subgoal_reg=0.0031077110669982698 
2026-01-20 23:57:08,080 :   191/   17 dest_loss=0.033405 future_loss=0.027217 offset_loss=0.027557 kld=0.025219 cd=-0.084833 en_pos=6.392116 en_neg=6.476948 pcd=True subgoal_reg=0.003278262036134363 
2026-01-20 23:57:23,999 :   197/   17 dest_loss=0.038265 future_loss=0.029368 offset_loss=0.031781 kld=0.024728 cd=-0.129783 en_pos=6.472902 en_neg=6.602685 pcd=True subgoal_reg=0.0031280164746423198 
2026-01-20 23:57:40,015 :   203/   17 dest_loss=0.031472 future_loss=0.022102 offset_loss=0.032288 kld=0.023534 cd=-0.065193 en_pos=6.497664 en_neg=6.562857 pcd=True subgoal_reg=0.0035060711033828075 
2026-01-20 23:57:55,975 :   209/   17 dest_loss=0.027760 future_loss=0.022467 offset_loss=0.025387 kld=0.024293 cd=0.014840 en_pos=6.440260 en_neg=6.425420 pcd=True subgoal_reg=0.0031677778947998415 
2026-01-20 23:58:12,027 :   215/   17 dest_loss=0.034571 future_loss=0.027347 offset_loss=0.026908 kld=0.026969 cd=0.103120 en_pos=6.509808 en_neg=6.406688 pcd=True subgoal_reg=0.003008674236958383 
2026-01-20 23:58:28,153 :   221/   17 dest_loss=0.039790 future_loss=0.032117 offset_loss=0.023299 kld=0.025245 cd=-0.050542 en_pos=6.592869 en_neg=6.643412 pcd=True subgoal_reg=0.0030609667159670687 
2026-01-20 23:58:44,067 :   227/   17 dest_loss=0.075266 future_loss=0.070046 offset_loss=0.032600 kld=0.024006 cd=-0.138739 en_pos=6.525521 en_neg=6.664261 pcd=True subgoal_reg=0.0034616884889585448 
2026-01-20 23:59:00,037 :   233/   17 dest_loss=0.051472 future_loss=0.037555 offset_loss=0.061239 kld=0.024953 cd=-0.314916 en_pos=6.323731 en_neg=6.638647 pcd=True subgoal_reg=0.0038767221316408076 
2026-01-20 23:59:15,966 :   239/   17 dest_loss=0.033205 future_loss=0.025442 offset_loss=0.030110 kld=0.023614 cd=0.008820 en_pos=6.413184 en_neg=6.404364 pcd=True subgoal_reg=0.0031904448277373064 
2026-01-20 23:59:31,918 :   245/   17 dest_loss=0.031747 future_loss=0.024382 offset_loss=0.029203 kld=0.024647 cd=0.008174 en_pos=6.524232 en_neg=6.516058 pcd=True subgoal_reg=0.003456017058450382 
2026-01-20 23:59:47,840 :   251/   17 dest_loss=0.035592 future_loss=0.026845 offset_loss=0.029429 kld=0.023338 cd=0.174008 en_pos=6.683912 en_neg=6.509904 pcd=True subgoal_reg=0.0033296320477331893 
2026-01-21 00:00:03,895 :   257/   17 dest_loss=0.033353 future_loss=0.025341 offset_loss=0.028202 kld=0.024735 cd=0.091762 en_pos=6.595463 en_neg=6.503701 pcd=True subgoal_reg=0.0034134619148676573 
2026-01-21 00:00:19,825 :   263/   17 dest_loss=0.034843 future_loss=0.027607 offset_loss=0.027867 kld=0.025015 cd=-0.169854 en_pos=6.376435 en_neg=6.546289 pcd=True subgoal_reg=0.003149087530117474 
2026-01-21 00:00:35,642 :   269/   17 dest_loss=0.034365 future_loss=0.024816 offset_loss=0.029095 kld=0.022999 cd=0.188807 en_pos=6.505738 en_neg=6.316931 pcd=True subgoal_reg=0.003385877027702529 
2026-01-21 00:00:51,636 :   275/   17 dest_loss=0.034621 future_loss=0.024133 offset_loss=0.032867 kld=0.024137 cd=-0.132047 en_pos=6.477486 en_neg=6.609533 pcd=True subgoal_reg=0.003516817583704184 
2026-01-21 00:01:07,709 :   281/   17 dest_loss=0.034500 future_loss=0.027497 offset_loss=0.028402 kld=0.024494 cd=-0.056400 en_pos=6.421742 en_neg=6.478142 pcd=True subgoal_reg=0.0029270796794983113 
2026-01-21 00:01:23,683 :   287/   17 dest_loss=0.035112 future_loss=0.026684 offset_loss=0.028234 kld=0.023851 cd=0.226782 en_pos=6.560930 en_neg=6.334148 pcd=True subgoal_reg=0.003082624228476773 
2026-01-21 00:01:39,577 :   293/   17 dest_loss=0.032903 future_loss=0.025870 offset_loss=0.027933 kld=0.025147 cd=0.130671 en_pos=6.471330 en_neg=6.340660 pcd=True subgoal_reg=0.003253352788241891 
2026-01-21 00:01:55,534 :   299/   17 dest_loss=0.031499 future_loss=0.025380 offset_loss=0.025946 kld=0.022773 cd=-0.180722 en_pos=6.338363 en_neg=6.519085 pcd=True subgoal_reg=0.002942772440339458 
2026-01-21 00:02:11,509 :   305/   17 dest_loss=0.032038 future_loss=0.025834 offset_loss=0.025535 kld=0.024714 cd=-0.167648 en_pos=6.348332 en_neg=6.515980 pcd=True subgoal_reg=0.0032921894973245523 
2026-01-21 00:02:27,591 :   311/   17 dest_loss=0.037544 future_loss=0.030695 offset_loss=0.026076 kld=0.023575 cd=0.056622 en_pos=6.646556 en_neg=6.589934 pcd=True subgoal_reg=0.003157951320844089 
2026-01-21 00:02:44,089 :   317/   17 dest_loss=0.039247 future_loss=0.032471 offset_loss=0.023346 kld=0.024716 cd=-0.051031 en_pos=6.666872 en_neg=6.717903 pcd=True subgoal_reg=0.003487390890636514 
2026-01-21 00:03:00,606 :   323/   17 dest_loss=0.035400 future_loss=0.028618 offset_loss=0.028008 kld=0.024595 cd=0.110207 en_pos=6.543001 en_neg=6.432793 pcd=True subgoal_reg=0.0034491903265417767 
2026-01-21 00:03:16,963 :   329/   17 dest_loss=0.034884 future_loss=0.028208 offset_loss=0.030269 kld=0.025361 cd=-0.153139 en_pos=6.404892 en_neg=6.558031 pcd=True subgoal_reg=0.0037235856519515073 
2026-01-21 00:03:33,326 :   335/   17 dest_loss=0.036338 future_loss=0.027979 offset_loss=0.030103 kld=0.024808 cd=-0.130348 en_pos=6.253656 en_neg=6.384004 pcd=True subgoal_reg=0.0036182193851033175 
2026-01-21 00:03:49,625 :   341/   17 dest_loss=0.029582 future_loss=0.024309 offset_loss=0.020926 kld=0.023051 cd=0.227589 en_pos=6.609416 en_neg=6.381827 pcd=True subgoal_reg=0.0034767510851880195 
2026-01-21 00:04:05,592 :   347/   17 dest_loss=0.034006 future_loss=0.026660 offset_loss=0.029989 kld=0.024366 cd=-0.092335 en_pos=6.352446 en_neg=6.444781 pcd=True subgoal_reg=0.003518470484048306 
2026-01-21 00:04:22,282 :   353/   17 dest_loss=0.074460 future_loss=0.037956 offset_loss=0.080766 kld=0.025064 cd=-0.230962 en_pos=6.509678 en_neg=6.740641 pcd=True subgoal_reg=0.003432089879955343 
2026-01-21 00:04:38,855 :   359/   17 dest_loss=0.036005 future_loss=0.026905 offset_loss=0.028146 kld=0.023289 cd=-0.063433 en_pos=6.486550 en_neg=6.549982 pcd=True subgoal_reg=0.003423503924457745 
2026-01-21 00:04:54,962 :   365/   17 dest_loss=0.033502 future_loss=0.026818 offset_loss=0.028764 kld=0.025209 cd=-0.211871 en_pos=6.484783 en_neg=6.696654 pcd=True subgoal_reg=0.0031818672187786294 
2026-01-21 00:05:11,109 :   371/   17 dest_loss=0.036967 future_loss=0.028820 offset_loss=0.030160 kld=0.024895 cd=0.234086 en_pos=6.388775 en_neg=6.154689 pcd=True subgoal_reg=0.0030616949275320575 
2026-01-21 00:05:27,081 :   377/   17 dest_loss=0.033558 future_loss=0.026883 offset_loss=0.025618 kld=0.023416 cd=0.139110 en_pos=6.417139 en_neg=6.278029 pcd=True subgoal_reg=0.002816967918239289 
2026-01-21 00:05:43,055 :   383/   17 dest_loss=0.139954 future_loss=0.122937 offset_loss=0.095084 kld=0.024289 cd=0.131850 en_pos=6.451354 en_neg=6.319504 pcd=True subgoal_reg=0.0032505684997302386 
2026-01-21 00:05:59,085 :   389/   17 dest_loss=0.031974 future_loss=0.025552 offset_loss=0.025553 kld=0.023926 cd=0.019966 en_pos=6.644675 en_neg=6.624710 pcd=True subgoal_reg=0.0034593294859159695 
2026-01-21 00:06:15,073 :   395/   17 dest_loss=0.035666 future_loss=0.027693 offset_loss=0.030227 kld=0.023737 cd=-0.228305 en_pos=6.284201 en_neg=6.512507 pcd=True subgoal_reg=0.003569789858391593 
2026-01-21 00:06:31,085 :   401/   17 dest_loss=0.030733 future_loss=0.023243 offset_loss=0.027240 kld=0.024161 cd=-0.111105 en_pos=6.492542 en_neg=6.603648 pcd=True subgoal_reg=0.0034397537248444035 
2026-01-21 00:06:47,029 :   407/   17 dest_loss=0.031989 future_loss=0.024336 offset_loss=0.028856 kld=0.023761 cd=-0.013264 en_pos=6.558608 en_neg=6.571872 pcd=True subgoal_reg=0.0034670342523428904 
2026-01-21 00:07:03,036 :   413/   17 dest_loss=0.028758 future_loss=0.022392 offset_loss=0.026605 kld=0.024831 cd=-0.075107 en_pos=6.349514 en_neg=6.424621 pcd=True subgoal_reg=0.0036614654028611937 
2026-01-21 00:07:18,957 :   419/   17 dest_loss=0.170618 future_loss=0.114926 offset_loss=0.197775 kld=0.025391 cd=0.074382 en_pos=6.604933 en_neg=6.530551 pcd=True subgoal_reg=0.0038434926144823153 
2026-01-21 00:07:34,926 :   425/   17 dest_loss=0.090555 future_loss=0.057606 offset_loss=0.086796 kld=0.025400 cd=0.051957 en_pos=6.560420 en_neg=6.508463 pcd=True subgoal_reg=0.003058374273072698 
2026-01-21 00:07:50,959 :   431/   17 dest_loss=0.039762 future_loss=0.031092 offset_loss=0.028224 kld=0.025204 cd=-0.046576 en_pos=6.620396 en_neg=6.666972 pcd=True subgoal_reg=0.002737784294623137 
2026-01-21 00:08:06,874 :   437/   17 dest_loss=0.035243 future_loss=0.027334 offset_loss=0.025950 kld=0.023564 cd=0.181239 en_pos=6.504278 en_neg=6.323039 pcd=True subgoal_reg=0.0028543691965657926 
2026-01-21 00:08:22,820 :   443/   17 dest_loss=0.073341 future_loss=0.061051 offset_loss=0.054733 kld=0.024759 cd=0.001734 en_pos=6.407577 en_neg=6.405843 pcd=True subgoal_reg=0.0033915256258418448 
2026-01-21 00:08:38,774 :   449/   17 dest_loss=0.037528 future_loss=0.029167 offset_loss=0.030091 kld=0.023229 cd=-0.068725 en_pos=6.505385 en_neg=6.574110 pcd=True subgoal_reg=0.004094314797299124 
2026-01-21 00:08:54,733 :   455/   17 dest_loss=0.032653 future_loss=0.023523 offset_loss=0.030244 kld=0.023659 cd=-0.020512 en_pos=6.390900 en_neg=6.411412 pcd=True subgoal_reg=0.00415888153921028 
2026-01-21 00:09:10,962 :   461/   17 dest_loss=0.035539 future_loss=0.028863 offset_loss=0.028064 kld=0.023726 cd=0.059316 en_pos=6.525761 en_neg=6.466446 pcd=True subgoal_reg=0.003278692299531246 
2026-01-21 00:09:26,882 :   467/   17 dest_loss=0.030470 future_loss=0.022495 offset_loss=0.027149 kld=0.024125 cd=-0.156642 en_pos=6.428228 en_neg=6.584870 pcd=True subgoal_reg=0.003302155428637181 
2026-01-21 00:09:42,848 :   473/   17 dest_loss=0.037211 future_loss=0.027824 offset_loss=0.032203 kld=0.023081 cd=0.160727 en_pos=6.597036 en_neg=6.436309 pcd=True subgoal_reg=0.003414824176604982 
2026-01-21 00:09:58,752 :   479/   17 dest_loss=0.035517 future_loss=0.026899 offset_loss=0.030425 kld=0.023606 cd=0.000428 en_pos=6.529297 en_neg=6.528869 pcd=True subgoal_reg=0.002983535878921501 
2026-01-21 00:10:14,737 :   485/   17 dest_loss=0.165821 future_loss=0.129021 offset_loss=0.100550 kld=0.026789 cd=0.176469 en_pos=6.659460 en_neg=6.482991 pcd=True subgoal_reg=0.003289794549777817 
2026-01-21 00:10:30,752 :   491/   17 dest_loss=0.201281 future_loss=0.173408 offset_loss=0.158472 kld=0.029514 cd=0.099101 en_pos=6.662169 en_neg=6.563068 pcd=True subgoal_reg=0.004468424034325914 
2026-01-21 00:10:46,729 :   497/   17 dest_loss=0.035523 future_loss=0.025405 offset_loss=0.031288 kld=0.023881 cd=0.029667 en_pos=6.406690 en_neg=6.377022 pcd=True subgoal_reg=0.0039242619941303155 
2026-01-21 00:11:02,519 :   503/   17 dest_loss=0.083971 future_loss=0.056858 offset_loss=0.123198 kld=0.023622 cd=0.110353 en_pos=6.539632 en_neg=6.429279 pcd=True subgoal_reg=0.003999916198345534 
2026-01-21 00:11:18,496 :   509/   17 dest_loss=0.063007 future_loss=0.052585 offset_loss=0.049025 kld=0.022828 cd=0.104260 en_pos=6.489550 en_neg=6.385289 pcd=True subgoal_reg=0.0029586478466032138 
2026-01-21 00:12:53,506 : Train Loss 92.61630519503856
2026-01-21 00:12:53,506 : Overall Loss 19.025401874288274
2026-01-21 00:12:53,506 : Dest Loss 24.539159631037986
2026-01-21 00:12:53,506 : Val ADE 0.1338256634960615
2026-01-21 00:12:53,506 : Val FDE 0.14701257243056615
2026-01-21 00:12:53,506 : Val Best ADE 0.1338256634960615
2026-01-21 00:12:53,506 : Val Best FDE 0.14701257243056615
2026-01-21 00:12:53,506 : ----->learning rate 0.0003125
2026-01-21 00:13:09,693 :     5/   18 dest_loss=0.033499 future_loss=0.024617 offset_loss=0.029522 kld=0.025486 cd=-0.157041 en_pos=6.451762 en_neg=6.608804 pcd=True subgoal_reg=0.003254008197111859 
2026-01-21 00:13:25,646 :    11/   18 dest_loss=0.032350 future_loss=0.025889 offset_loss=0.024409 kld=0.025155 cd=0.161855 en_pos=6.719201 en_neg=6.557346 pcd=True subgoal_reg=0.0033372129918529084 
2026-01-21 00:13:41,527 :    17/   18 dest_loss=0.033820 future_loss=0.024376 offset_loss=0.030827 kld=0.023699 cd=0.161920 en_pos=6.472573 en_neg=6.310653 pcd=True subgoal_reg=0.00366618645019969 
2026-01-21 00:13:57,548 :    23/   18 dest_loss=0.032966 future_loss=0.024155 offset_loss=0.029733 kld=0.024646 cd=-0.182188 en_pos=6.504732 en_neg=6.686920 pcd=True subgoal_reg=0.003420081621946475 
2026-01-21 00:14:13,591 :    29/   18 dest_loss=0.028501 future_loss=0.020895 offset_loss=0.027564 kld=0.023567 cd=-0.159410 en_pos=6.412373 en_neg=6.571784 pcd=True subgoal_reg=0.0031452555163510427 
2026-01-21 00:14:30,224 :    35/   18 dest_loss=0.028136 future_loss=0.021716 offset_loss=0.026727 kld=0.024128 cd=-0.127375 en_pos=6.418202 en_neg=6.545576 pcd=True subgoal_reg=0.002957007078346174 
2026-01-21 00:14:46,159 :    41/   18 dest_loss=0.027397 future_loss=0.021363 offset_loss=0.025820 kld=0.024982 cd=0.236882 en_pos=6.554303 en_neg=6.317421 pcd=True subgoal_reg=0.0027716468460440517 
2026-01-21 00:15:02,100 :    47/   18 dest_loss=0.032379 future_loss=0.024135 offset_loss=0.028537 kld=0.023699 cd=0.021262 en_pos=6.429625 en_neg=6.408363 pcd=True subgoal_reg=0.002840559621543213 
2026-01-21 00:15:18,082 :    53/   18 dest_loss=0.029871 future_loss=0.023294 offset_loss=0.026621 kld=0.024884 cd=-0.127539 en_pos=6.477663 en_neg=6.605203 pcd=True subgoal_reg=0.002855448276994599 
2026-01-21 00:15:34,094 :    59/   18 dest_loss=0.093673 future_loss=0.076176 offset_loss=0.042600 kld=0.025967 cd=0.016359 en_pos=6.397085 en_neg=6.380726 pcd=True subgoal_reg=0.003243277440536824 
2026-01-21 00:15:50,084 :    65/   18 dest_loss=0.028862 future_loss=0.021592 offset_loss=0.027665 kld=0.024270 cd=-0.467375 en_pos=6.357456 en_neg=6.824831 pcd=True subgoal_reg=0.003477144127350684 
2026-01-21 00:16:06,051 :    71/   18 dest_loss=0.034565 future_loss=0.025479 offset_loss=0.031182 kld=0.024734 cd=-0.167766 en_pos=6.334295 en_neg=6.502062 pcd=True subgoal_reg=0.003184971403696552 
2026-01-21 00:16:22,018 :    77/   18 dest_loss=0.035456 future_loss=0.026812 offset_loss=0.032434 kld=0.024250 cd=0.318051 en_pos=6.588880 en_neg=6.270828 pcd=True subgoal_reg=0.0030465044427321632 
2026-01-21 00:16:37,961 :    83/   18 dest_loss=0.036579 future_loss=0.027758 offset_loss=0.032764 kld=0.025260 cd=0.032340 en_pos=6.528314 en_neg=6.495974 pcd=True subgoal_reg=0.003286307974673218 
2026-01-21 00:16:54,011 :    89/   18 dest_loss=0.029789 future_loss=0.022804 offset_loss=0.027641 kld=0.024716 cd=-0.086923 en_pos=6.497032 en_neg=6.583955 pcd=True subgoal_reg=0.0031448920301308655 
2026-01-21 00:17:09,983 :    95/   18 dest_loss=0.145582 future_loss=0.103466 offset_loss=0.117107 kld=0.026677 cd=-0.023546 en_pos=6.541510 en_neg=6.565056 pcd=True subgoal_reg=0.0035333171104305885 
2026-01-21 00:17:25,897 :   101/   18 dest_loss=0.029978 future_loss=0.023270 offset_loss=0.025270 kld=0.023301 cd=0.022807 en_pos=6.532438 en_neg=6.509630 pcd=True subgoal_reg=0.0032657011385302456 
2026-01-21 00:17:41,819 :   107/   18 dest_loss=0.036186 future_loss=0.026838 offset_loss=0.032378 kld=0.023222 cd=-0.048139 en_pos=6.318156 en_neg=6.366295 pcd=True subgoal_reg=0.0030156617870186015 
2026-01-21 00:17:57,742 :   113/   18 dest_loss=0.035583 future_loss=0.025442 offset_loss=0.030820 kld=0.023562 cd=-0.162725 en_pos=6.416555 en_neg=6.579280 pcd=True subgoal_reg=0.0027926489112697133 
2026-01-21 00:18:13,555 :   119/   18 dest_loss=0.031592 future_loss=0.022912 offset_loss=0.028371 kld=0.024502 cd=-0.128567 en_pos=6.509146 en_neg=6.637714 pcd=True subgoal_reg=0.003140298106781259 
2026-01-21 00:18:29,568 :   125/   18 dest_loss=0.038294 future_loss=0.028634 offset_loss=0.034047 kld=0.024781 cd=-0.003526 en_pos=6.584076 en_neg=6.587602 pcd=True subgoal_reg=0.0030844153460237765 
2026-01-21 00:18:45,574 :   131/   18 dest_loss=0.082197 future_loss=0.070319 offset_loss=0.072289 kld=0.024060 cd=0.017755 en_pos=6.389081 en_neg=6.371325 pcd=True subgoal_reg=0.0031686010707531334 
2026-01-21 00:19:01,544 :   137/   18 dest_loss=0.040107 future_loss=0.030321 offset_loss=0.031650 kld=0.022927 cd=0.145623 en_pos=6.430155 en_neg=6.284532 pcd=True subgoal_reg=0.002776920872928724 
2026-01-21 00:19:17,514 :   143/   18 dest_loss=0.033296 future_loss=0.025326 offset_loss=0.027088 kld=0.024075 cd=-0.091812 en_pos=6.345061 en_neg=6.436873 pcd=True subgoal_reg=0.0025179384717433665 
2026-01-21 00:19:33,459 :   149/   18 dest_loss=0.039176 future_loss=0.029777 offset_loss=0.032007 kld=0.024211 cd=-0.052106 en_pos=6.354675 en_neg=6.406782 pcd=True subgoal_reg=0.0031637970085152457 
2026-01-21 00:19:49,436 :   155/   18 dest_loss=0.031117 future_loss=0.024758 offset_loss=0.022593 kld=0.024282 cd=-0.080029 en_pos=6.632905 en_neg=6.712934 pcd=True subgoal_reg=0.0033571309287088263 
2026-01-21 00:20:05,494 :   161/   18 dest_loss=0.032805 future_loss=0.025571 offset_loss=0.027233 kld=0.024539 cd=0.082626 en_pos=6.471072 en_neg=6.388446 pcd=True subgoal_reg=0.003338172503198876 
2026-01-21 00:20:21,521 :   167/   18 dest_loss=0.030584 future_loss=0.023338 offset_loss=0.028208 kld=0.025618 cd=0.130842 en_pos=6.673567 en_neg=6.542726 pcd=True subgoal_reg=0.003781636947088583 
2026-01-21 00:20:37,607 :   173/   18 dest_loss=0.037068 future_loss=0.027967 offset_loss=0.031338 kld=0.024741 cd=-0.270420 en_pos=6.472387 en_neg=6.742807 pcd=True subgoal_reg=0.003596616281210316 
2026-01-21 00:20:53,985 :   179/   18 dest_loss=0.033931 future_loss=0.024320 offset_loss=0.030208 kld=0.024075 cd=-0.003078 en_pos=6.521585 en_neg=6.524663 pcd=True subgoal_reg=0.003251990464863716 
2026-01-21 00:21:09,640 :   185/   18 dest_loss=0.037478 future_loss=0.029735 offset_loss=0.028820 kld=0.024092 cd=-0.144074 en_pos=6.301654 en_neg=6.445728 pcd=True subgoal_reg=0.0033107602668804074 
2026-01-21 00:21:25,177 :   191/   18 dest_loss=0.144909 future_loss=0.103024 offset_loss=0.115103 kld=0.025928 cd=0.083666 en_pos=6.541484 en_neg=6.457818 pcd=True subgoal_reg=0.003158661713865827 
2026-01-21 00:21:40,539 :   197/   18 dest_loss=0.041198 future_loss=0.030611 offset_loss=0.033653 kld=0.024702 cd=0.045684 en_pos=6.377418 en_neg=6.331734 pcd=True subgoal_reg=0.0030824699584706757 
2026-01-21 00:21:56,152 :   203/   18 dest_loss=0.034221 future_loss=0.024283 offset_loss=0.028430 kld=0.024357 cd=-0.008315 en_pos=6.634549 en_neg=6.642864 pcd=True subgoal_reg=0.0037102633999439405 
2026-01-21 00:22:11,811 :   209/   18 dest_loss=0.029609 future_loss=0.022605 offset_loss=0.026842 kld=0.024584 cd=0.126061 en_pos=6.380176 en_neg=6.254114 pcd=True subgoal_reg=0.0031205776445804617 
2026-01-21 00:22:27,515 :   215/   18 dest_loss=0.030371 future_loss=0.023060 offset_loss=0.027553 kld=0.024638 cd=0.129589 en_pos=6.424944 en_neg=6.295355 pcd=True subgoal_reg=0.0030218561002584164 
2026-01-21 00:22:43,130 :   221/   18 dest_loss=0.028241 future_loss=0.020863 offset_loss=0.025589 kld=0.024215 cd=0.124382 en_pos=6.585823 en_neg=6.461441 pcd=True subgoal_reg=0.0031205265937809534 
2026-01-21 00:22:58,701 :   227/   18 dest_loss=0.027752 future_loss=0.021200 offset_loss=0.024935 kld=0.022422 cd=-0.049224 en_pos=6.345298 en_neg=6.394522 pcd=True subgoal_reg=0.0029513561984844294 
2026-01-21 00:23:14,273 :   233/   18 dest_loss=0.037538 future_loss=0.027355 offset_loss=0.030792 kld=0.023971 cd=-0.047444 en_pos=6.605015 en_neg=6.652459 pcd=True subgoal_reg=0.0033338669038061545 
2026-01-21 00:23:29,840 :   239/   18 dest_loss=0.128577 future_loss=0.080553 offset_loss=0.163388 kld=0.027141 cd=0.035671 en_pos=6.418351 en_neg=6.382680 pcd=True subgoal_reg=0.003429872627189776 
2026-01-21 00:23:45,506 :   245/   18 dest_loss=0.112364 future_loss=0.108208 offset_loss=0.053154 kld=0.025510 cd=0.400234 en_pos=6.774821 en_neg=6.374587 pcd=True subgoal_reg=0.003521298850743586 
2026-01-21 00:24:01,149 :   251/   18 dest_loss=0.035850 future_loss=0.025431 offset_loss=0.032791 kld=0.024638 cd=0.209769 en_pos=6.642193 en_neg=6.432424 pcd=True subgoal_reg=0.003801567973142328 
2026-01-21 00:24:16,776 :   257/   18 dest_loss=0.031976 future_loss=0.022910 offset_loss=0.030570 kld=0.023817 cd=-0.175672 en_pos=6.277383 en_neg=6.453054 pcd=True subgoal_reg=0.003468400204240149 
2026-01-21 00:24:32,350 :   263/   18 dest_loss=0.027844 future_loss=0.021753 offset_loss=0.026816 kld=0.024131 cd=0.067517 en_pos=6.492392 en_neg=6.424875 pcd=True subgoal_reg=0.0031829584203288126 
2026-01-21 00:24:47,998 :   269/   18 dest_loss=0.034860 future_loss=0.025386 offset_loss=0.028387 kld=0.023879 cd=0.243250 en_pos=6.742674 en_neg=6.499424 pcd=True subgoal_reg=0.0026823638282480492 
2026-01-21 00:25:04,046 :   275/   18 dest_loss=0.028680 future_loss=0.022447 offset_loss=0.022730 kld=0.025172 cd=0.273998 en_pos=6.688688 en_neg=6.414690 pcd=True subgoal_reg=0.0027147936475650017 
2026-01-21 00:25:19,841 :   281/   18 dest_loss=0.033568 future_loss=0.023333 offset_loss=0.033101 kld=0.023858 cd=0.155698 en_pos=6.453761 en_neg=6.298063 pcd=True subgoal_reg=0.003209325135074334 
2026-01-21 00:25:35,437 :   287/   18 dest_loss=0.041777 future_loss=0.032186 offset_loss=0.028586 kld=0.023734 cd=0.161394 en_pos=6.681731 en_neg=6.520337 pcd=True subgoal_reg=0.003372173333433727 
2026-01-21 00:25:51,067 :   293/   18 dest_loss=0.036370 future_loss=0.029079 offset_loss=0.024163 kld=0.023692 cd=-0.239824 en_pos=6.374335 en_neg=6.614159 pcd=True subgoal_reg=0.0028877916403226254 
2026-01-21 00:26:06,688 :   299/   18 dest_loss=0.038298 future_loss=0.028240 offset_loss=0.032505 kld=0.023591 cd=0.146421 en_pos=6.445882 en_neg=6.299461 pcd=True subgoal_reg=0.0029319892356791037 
2026-01-21 00:26:22,271 :   305/   18 dest_loss=0.038735 future_loss=0.027346 offset_loss=0.033168 kld=0.024654 cd=0.090500 en_pos=6.622240 en_neg=6.531740 pcd=True subgoal_reg=0.0034915503138501234 
2026-01-21 00:26:37,893 :   311/   18 dest_loss=0.033493 future_loss=0.025496 offset_loss=0.026085 kld=0.023377 cd=-0.090098 en_pos=6.661508 en_neg=6.751606 pcd=True subgoal_reg=0.003701012658335342 
2026-01-21 00:26:53,509 :   317/   18 dest_loss=0.166994 future_loss=0.107081 offset_loss=0.178533 kld=0.028686 cd=0.053136 en_pos=6.564230 en_neg=6.511094 pcd=True subgoal_reg=0.004048379508093579 
2026-01-21 00:27:09,095 :   323/   18 dest_loss=0.034369 future_loss=0.025008 offset_loss=0.027968 kld=0.024270 cd=-0.019277 en_pos=6.550401 en_neg=6.569677 pcd=True subgoal_reg=0.003191280364026379 
2026-01-21 00:27:24,674 :   329/   18 dest_loss=0.034300 future_loss=0.026044 offset_loss=0.024814 kld=0.023671 cd=-0.149104 en_pos=6.313736 en_neg=6.462840 pcd=True subgoal_reg=0.003078335881409988 
2026-01-21 00:27:40,268 :   335/   18 dest_loss=0.038058 future_loss=0.028344 offset_loss=0.032473 kld=0.024260 cd=0.047127 en_pos=6.405674 en_neg=6.358547 pcd=True subgoal_reg=0.003298314572087154 
2026-01-21 00:27:55,879 :   341/   18 dest_loss=0.034596 future_loss=0.024210 offset_loss=0.033927 kld=0.023834 cd=-0.176146 en_pos=6.350875 en_neg=6.527021 pcd=True subgoal_reg=0.0031342500028240993 
2026-01-21 00:28:11,485 :   347/   18 dest_loss=0.030560 future_loss=0.019722 offset_loss=0.031805 kld=0.024186 cd=0.276853 en_pos=6.682149 en_neg=6.405296 pcd=True subgoal_reg=0.0032947010225001967 
2026-01-21 00:28:26,920 :   353/   18 dest_loss=0.038808 future_loss=0.027844 offset_loss=0.035463 kld=0.023815 cd=-0.027310 en_pos=6.284422 en_neg=6.311731 pcd=True subgoal_reg=0.0030551544723363415 
2026-01-21 00:28:42,540 :   359/   18 dest_loss=0.033079 future_loss=0.024023 offset_loss=0.029508 kld=0.023017 cd=-0.045722 en_pos=6.397654 en_neg=6.443376 pcd=True subgoal_reg=0.002989926613879356 
2026-01-21 00:28:58,122 :   365/   18 dest_loss=0.037299 future_loss=0.027896 offset_loss=0.028763 kld=0.023743 cd=-0.054307 en_pos=6.494528 en_neg=6.548834 pcd=True subgoal_reg=0.0031866034563397478 
2026-01-21 00:29:13,713 :   371/   18 dest_loss=0.029797 future_loss=0.021761 offset_loss=0.029260 kld=0.023409 cd=0.085081 en_pos=6.600487 en_neg=6.515406 pcd=True subgoal_reg=0.003126726983010265 
2026-01-21 00:29:29,307 :   377/   18 dest_loss=0.031842 future_loss=0.024468 offset_loss=0.029629 kld=0.024141 cd=-0.018431 en_pos=6.368299 en_neg=6.386730 pcd=True subgoal_reg=0.00306626313405595 
2026-01-21 00:29:44,870 :   383/   18 dest_loss=0.035826 future_loss=0.026607 offset_loss=0.032288 kld=0.025434 cd=-0.189822 en_pos=6.372142 en_neg=6.561964 pcd=True subgoal_reg=0.003744931377357255 
2026-01-21 00:30:00,467 :   389/   18 dest_loss=0.034559 future_loss=0.025823 offset_loss=0.029577 kld=0.024610 cd=0.062055 en_pos=6.443326 en_neg=6.381271 pcd=True subgoal_reg=0.003461749268361878 
2026-01-21 00:30:16,063 :   395/   18 dest_loss=0.036316 future_loss=0.024775 offset_loss=0.033658 kld=0.024079 cd=-0.304315 en_pos=6.367408 en_neg=6.671723 pcd=True subgoal_reg=0.0035213085150248976 
2026-01-21 00:30:31,712 :   401/   18 dest_loss=0.031917 future_loss=0.024530 offset_loss=0.025297 kld=0.024556 cd=-0.258392 en_pos=6.619571 en_neg=6.877963 pcd=True subgoal_reg=0.0036152377781085605 
2026-01-21 00:30:47,283 :   407/   18 dest_loss=0.031261 future_loss=0.021864 offset_loss=0.029980 kld=0.024236 cd=0.029212 en_pos=6.424631 en_neg=6.395419 pcd=True subgoal_reg=0.0035460470143165047 
2026-01-21 00:31:02,844 :   413/   18 dest_loss=0.038274 future_loss=0.025734 offset_loss=0.035920 kld=0.024947 cd=0.220731 en_pos=6.519963 en_neg=6.299232 pcd=True subgoal_reg=0.003630895620854851 
2026-01-21 00:31:18,427 :   419/   18 dest_loss=0.032860 future_loss=0.022481 offset_loss=0.031479 kld=0.024619 cd=-0.251822 en_pos=6.403652 en_neg=6.655474 pcd=True subgoal_reg=0.003105192155624165 
2026-01-21 00:31:34,023 :   425/   18 dest_loss=0.034319 future_loss=0.025234 offset_loss=0.031333 kld=0.025602 cd=-0.035641 en_pos=6.538071 en_neg=6.573712 pcd=True subgoal_reg=0.0032190795775851903 
2026-01-21 00:31:49,394 :   431/   18 dest_loss=0.131501 future_loss=0.096378 offset_loss=0.103709 kld=0.023918 cd=-0.239620 en_pos=6.448912 en_neg=6.688533 pcd=True subgoal_reg=0.0027869958715099324 
2026-01-21 00:32:04,959 :   437/   18 dest_loss=0.036060 future_loss=0.026049 offset_loss=0.028955 kld=0.023962 cd=0.069916 en_pos=6.467112 en_neg=6.397196 pcd=True subgoal_reg=0.002479829474425189 
2026-01-21 00:32:20,590 :   443/   18 dest_loss=0.035456 future_loss=0.029030 offset_loss=0.023089 kld=0.023742 cd=-0.149427 en_pos=6.507573 en_neg=6.657000 pcd=True subgoal_reg=0.0027788015998830135 
2026-01-21 00:32:36,214 :   449/   18 dest_loss=0.031293 future_loss=0.024416 offset_loss=0.026876 kld=0.023572 cd=0.180845 en_pos=6.480834 en_neg=6.299989 pcd=True subgoal_reg=0.0030100555284508362 
2026-01-21 00:32:51,792 :   455/   18 dest_loss=0.028853 future_loss=0.020184 offset_loss=0.029948 kld=0.023264 cd=0.046504 en_pos=6.489173 en_neg=6.442669 pcd=True subgoal_reg=0.002906953850946054 
2026-01-21 00:33:07,392 :   461/   18 dest_loss=0.101211 future_loss=0.089237 offset_loss=0.042372 kld=0.025786 cd=0.029271 en_pos=6.483470 en_neg=6.454200 pcd=True subgoal_reg=0.002945928751865767 
2026-01-21 00:33:22,938 :   467/   18 dest_loss=0.034848 future_loss=0.027022 offset_loss=0.028837 kld=0.023654 cd=0.093633 en_pos=6.590041 en_neg=6.496408 pcd=True subgoal_reg=0.0029853335572052734 
2026-01-21 00:33:38,465 :   473/   18 dest_loss=0.029951 future_loss=0.022947 offset_loss=0.025411 kld=0.024034 cd=0.207805 en_pos=6.507879 en_neg=6.300074 pcd=True subgoal_reg=0.0032996589277500803 
2026-01-21 00:33:54,020 :   479/   18 dest_loss=0.036546 future_loss=0.028177 offset_loss=0.027917 kld=0.023011 cd=0.129411 en_pos=6.424174 en_neg=6.294763 pcd=True subgoal_reg=0.002729991388796686 
2026-01-21 00:34:09,641 :   485/   18 dest_loss=0.041493 future_loss=0.032503 offset_loss=0.029823 kld=0.024101 cd=-0.006276 en_pos=6.471444 en_neg=6.477719 pcd=True subgoal_reg=0.002760542098683166 
2026-01-21 00:34:25,240 :   491/   18 dest_loss=0.035950 future_loss=0.028589 offset_loss=0.023799 kld=0.023670 cd=0.014565 en_pos=6.339128 en_neg=6.324563 pcd=True subgoal_reg=0.003072090392848499 
2026-01-21 00:34:40,825 :   497/   18 dest_loss=0.036014 future_loss=0.027464 offset_loss=0.029383 kld=0.023325 cd=-0.015686 en_pos=6.368400 en_neg=6.384086 pcd=True subgoal_reg=0.003308944084218669 
2026-01-21 00:34:56,882 :   503/   18 dest_loss=0.032179 future_loss=0.025008 offset_loss=0.027994 kld=0.023238 cd=-0.225296 en_pos=6.405492 en_neg=6.630788 pcd=True subgoal_reg=0.003216517355652307 
2026-01-21 00:35:12,625 :   509/   18 dest_loss=0.035481 future_loss=0.027495 offset_loss=0.028177 kld=0.023706 cd=-0.279212 en_pos=6.302337 en_neg=6.581549 pcd=True subgoal_reg=0.003132550865388234 
2026-01-21 00:36:48,049 : Train Loss 91.24521172224127
2026-01-21 00:36:48,049 : Overall Loss 18.306164487282818
2026-01-21 00:36:48,050 : Dest Loss 23.70997994200848
2026-01-21 00:36:48,050 : Val ADE 0.12855262818672147
2026-01-21 00:36:48,050 : Val FDE 0.15778857665340437
2026-01-21 00:36:48,050 : Val Best ADE 0.12855262818672147
2026-01-21 00:36:48,050 : Val Best FDE 0.15778857665340437
2026-01-21 00:36:48,050 : ----->learning rate 0.0003125
2026-01-21 00:37:03,764 :     5/   19 dest_loss=0.035439 future_loss=0.026444 offset_loss=0.029111 kld=0.026029 cd=-0.004528 en_pos=6.484657 en_neg=6.489185 pcd=True subgoal_reg=0.003325623096534229 
2026-01-21 00:37:19,319 :    11/   19 dest_loss=0.036213 future_loss=0.029437 offset_loss=0.025267 kld=0.024469 cd=0.029822 en_pos=6.460227 en_neg=6.430405 pcd=True subgoal_reg=0.0034645984329969115 
2026-01-21 00:37:34,863 :    17/   19 dest_loss=0.107052 future_loss=0.101432 offset_loss=0.087780 kld=0.026165 cd=-0.171630 en_pos=6.498421 en_neg=6.670052 pcd=True subgoal_reg=0.0037247171718200454 
2026-01-21 00:37:50,425 :    23/   19 dest_loss=0.035349 future_loss=0.025052 offset_loss=0.028396 kld=0.023457 cd=-0.068905 en_pos=6.543929 en_neg=6.612833 pcd=True subgoal_reg=0.003520685303858087 
2026-01-21 00:38:06,001 :    29/   19 dest_loss=0.037381 future_loss=0.028911 offset_loss=0.030347 kld=0.024620 cd=0.035752 en_pos=6.535628 en_neg=6.499876 pcd=True subgoal_reg=0.003244595476892354 
2026-01-21 00:38:21,552 :    35/   19 dest_loss=0.032383 future_loss=0.025304 offset_loss=0.026815 kld=0.024056 cd=-0.035068 en_pos=6.492308 en_neg=6.527376 pcd=True subgoal_reg=0.0029438832733061178 
2026-01-21 00:38:37,159 :    41/   19 dest_loss=0.039470 future_loss=0.028138 offset_loss=0.032269 kld=0.024210 cd=0.071196 en_pos=6.626074 en_neg=6.554878 pcd=True subgoal_reg=0.0037420206590843266 
2026-01-21 00:38:52,556 :    47/   19 dest_loss=0.034138 future_loss=0.025238 offset_loss=0.030454 kld=0.024981 cd=-0.062922 en_pos=6.454112 en_neg=6.517034 pcd=True subgoal_reg=0.003676691798465046 
2026-01-21 00:39:08,116 :    53/   19 dest_loss=0.212161 future_loss=0.161417 offset_loss=0.156856 kld=0.025440 cd=-0.012100 en_pos=6.404160 en_neg=6.416260 pcd=True subgoal_reg=0.0031401797990065873 
2026-01-21 00:39:23,673 :    59/   19 dest_loss=0.037598 future_loss=0.028795 offset_loss=0.028660 kld=0.024555 cd=0.031885 en_pos=6.337317 en_neg=6.305431 pcd=True subgoal_reg=0.0029628751829789525 
2026-01-21 00:39:39,279 :    65/   19 dest_loss=0.107532 future_loss=0.075503 offset_loss=0.082620 kld=0.027258 cd=-0.062850 en_pos=6.587531 en_neg=6.650380 pcd=True subgoal_reg=0.0033708414251279774 
2026-01-21 00:39:54,929 :    71/   19 dest_loss=0.036074 future_loss=0.026814 offset_loss=0.027607 kld=0.023916 cd=-0.015498 en_pos=6.685845 en_neg=6.701344 pcd=True subgoal_reg=0.003504629670061253 
2026-01-21 00:40:10,557 :    77/   19 dest_loss=0.036101 future_loss=0.026175 offset_loss=0.027576 kld=0.024674 cd=0.114720 en_pos=6.554293 en_neg=6.439573 pcd=True subgoal_reg=0.0037845771611668593 
2026-01-21 00:40:26,145 :    83/   19 dest_loss=0.134981 future_loss=0.116731 offset_loss=0.064267 kld=0.025696 cd=0.232416 en_pos=6.538399 en_neg=6.305983 pcd=True subgoal_reg=0.0031089417390031213 
2026-01-21 00:40:41,704 :    89/   19 dest_loss=0.039839 future_loss=0.028819 offset_loss=0.032926 kld=0.023809 cd=0.093953 en_pos=6.492743 en_neg=6.398790 pcd=True subgoal_reg=0.0036436556201054054 
2026-01-21 00:40:57,274 :    95/   19 dest_loss=0.032769 future_loss=0.024329 offset_loss=0.029145 kld=0.024279 cd=0.036967 en_pos=6.294480 en_neg=6.257513 pcd=True subgoal_reg=0.0034282358820483683 
2026-01-21 00:41:12,915 :   101/   19 dest_loss=0.033648 future_loss=0.024729 offset_loss=0.030011 kld=0.024962 cd=0.029009 en_pos=6.385540 en_neg=6.356532 pcd=True subgoal_reg=0.003418030646935401 
2026-01-21 00:41:28,500 :   107/   19 dest_loss=0.033712 future_loss=0.023783 offset_loss=0.031345 kld=0.023559 cd=0.127709 en_pos=6.519829 en_neg=6.392121 pcd=True subgoal_reg=0.0030604295011487197 
2026-01-21 00:41:44,151 :   113/   19 dest_loss=0.076084 future_loss=0.067465 offset_loss=0.072190 kld=0.023828 cd=0.030900 en_pos=6.526045 en_neg=6.495146 pcd=True subgoal_reg=0.002694686728583944 
2026-01-21 00:41:59,728 :   119/   19 dest_loss=0.039422 future_loss=0.028368 offset_loss=0.032966 kld=0.024332 cd=0.009753 en_pos=6.442854 en_neg=6.433100 pcd=True subgoal_reg=0.0031593175340557623 
2026-01-21 00:42:15,101 :   125/   19 dest_loss=0.034096 future_loss=0.025790 offset_loss=0.029660 kld=0.024795 cd=-0.128412 en_pos=6.528544 en_neg=6.656956 pcd=True subgoal_reg=0.0033785345514502534 
2026-01-21 00:42:30,705 :   131/   19 dest_loss=0.031901 future_loss=0.023722 offset_loss=0.026587 kld=0.025331 cd=0.278586 en_pos=6.613178 en_neg=6.334592 pcd=True subgoal_reg=0.0031675991142444127 
2026-01-21 00:42:46,296 :   137/   19 dest_loss=0.036997 future_loss=0.027919 offset_loss=0.027884 kld=0.023738 cd=0.027305 en_pos=6.560433 en_neg=6.533128 pcd=True subgoal_reg=0.0029650547196347424 
2026-01-21 00:43:01,932 :   143/   19 dest_loss=0.025828 future_loss=0.019504 offset_loss=0.023524 kld=0.024676 cd=0.036880 en_pos=6.451540 en_neg=6.414660 pcd=True subgoal_reg=0.0029895393778456153 
2026-01-21 00:43:17,438 :   149/   19 dest_loss=0.036987 future_loss=0.027567 offset_loss=0.031143 kld=0.024577 cd=-0.018704 en_pos=6.490444 en_neg=6.509148 pcd=True subgoal_reg=0.0033032392387491684 
2026-01-21 00:43:33,020 :   155/   19 dest_loss=0.102879 future_loss=0.068224 offset_loss=0.102121 kld=0.025939 cd=0.124592 en_pos=6.657344 en_neg=6.532752 pcd=True subgoal_reg=0.003409883430625699 
2026-01-21 00:43:48,679 :   161/   19 dest_loss=0.036604 future_loss=0.026881 offset_loss=0.032128 kld=0.025126 cd=-0.184906 en_pos=6.438738 en_neg=6.623644 pcd=True subgoal_reg=0.003239291532786486 
2026-01-21 00:44:04,283 :   167/   19 dest_loss=0.029910 future_loss=0.022547 offset_loss=0.024810 kld=0.024597 cd=0.150908 en_pos=6.529620 en_neg=6.378712 pcd=True subgoal_reg=0.003144239149819634 
2026-01-21 00:44:19,881 :   173/   19 dest_loss=0.033578 future_loss=0.025966 offset_loss=0.028775 kld=0.023334 cd=-0.111077 en_pos=6.336401 en_neg=6.447478 pcd=True subgoal_reg=0.002968246957785463 
2026-01-21 00:44:35,448 :   179/   19 dest_loss=0.035516 future_loss=0.026296 offset_loss=0.029684 kld=0.023811 cd=-0.030545 en_pos=6.610372 en_neg=6.640916 pcd=True subgoal_reg=0.0032162456413439016 
2026-01-21 00:44:51,147 :   185/   19 dest_loss=0.053725 future_loss=0.044143 offset_loss=0.038102 kld=0.024764 cd=-0.110849 en_pos=6.454903 en_neg=6.565752 pcd=True subgoal_reg=0.0033203008258926355 
2026-01-21 00:45:07,196 :   191/   19 dest_loss=0.029335 future_loss=0.022234 offset_loss=0.026201 kld=0.024499 cd=-0.031081 en_pos=6.569205 en_neg=6.600286 pcd=True subgoal_reg=0.003213196591862197 
2026-01-21 00:45:22,867 :   197/   19 dest_loss=0.033388 future_loss=0.024501 offset_loss=0.029358 kld=0.023989 cd=0.136490 en_pos=6.454007 en_neg=6.317516 pcd=True subgoal_reg=0.0030414922996070577 
2026-01-21 00:45:38,303 :   203/   19 dest_loss=0.038497 future_loss=0.027553 offset_loss=0.032540 kld=0.025834 cd=0.115090 en_pos=6.542684 en_neg=6.427594 pcd=True subgoal_reg=0.0035283540353821894 
2026-01-21 00:45:53,995 :   209/   19 dest_loss=0.094524 future_loss=0.073352 offset_loss=0.079082 kld=0.024016 cd=0.010488 en_pos=6.365639 en_neg=6.355151 pcd=True subgoal_reg=0.00346544818671184 
2026-01-21 00:46:09,664 :   215/   19 dest_loss=0.032266 future_loss=0.021793 offset_loss=0.030789 kld=0.024133 cd=0.116359 en_pos=6.534006 en_neg=6.417647 pcd=True subgoal_reg=0.003910020887648898 
2026-01-21 00:46:25,282 :   221/   19 dest_loss=0.098314 future_loss=0.090080 offset_loss=0.073366 kld=0.026931 cd=0.157256 en_pos=6.627568 en_neg=6.470312 pcd=True subgoal_reg=0.0031951776286386294 
2026-01-21 00:46:40,867 :   227/   19 dest_loss=0.032616 future_loss=0.024332 offset_loss=0.027966 kld=0.024368 cd=0.099461 en_pos=6.403854 en_neg=6.304393 pcd=True subgoal_reg=0.0024662610760887798 
2026-01-21 00:46:56,507 :   233/   19 dest_loss=0.036950 future_loss=0.027874 offset_loss=0.029533 kld=0.023552 cd=0.033001 en_pos=6.526889 en_neg=6.493888 pcd=True subgoal_reg=0.003041952031373334 
2026-01-21 00:47:12,138 :   239/   19 dest_loss=0.034874 future_loss=0.023570 offset_loss=0.034665 kld=0.023079 cd=-0.191964 en_pos=6.248187 en_neg=6.440151 pcd=True subgoal_reg=0.002670274823112071 
2026-01-21 00:47:27,724 :   245/   19 dest_loss=0.035142 future_loss=0.025898 offset_loss=0.028369 kld=0.023398 cd=0.121548 en_pos=6.554940 en_neg=6.433392 pcd=True subgoal_reg=0.003182212070839035 
2026-01-21 00:47:43,305 :   251/   19 dest_loss=0.037141 future_loss=0.027351 offset_loss=0.029714 kld=0.024284 cd=0.009329 en_pos=6.651119 en_neg=6.641790 pcd=True subgoal_reg=0.0035244737998552916 
2026-01-21 00:47:58,914 :   257/   19 dest_loss=0.030560 future_loss=0.023072 offset_loss=0.026758 kld=0.023353 cd=-0.092304 en_pos=6.408572 en_neg=6.500876 pcd=True subgoal_reg=0.003106564009891049 
2026-01-21 00:48:14,544 :   263/   19 dest_loss=0.032784 future_loss=0.025254 offset_loss=0.024403 kld=0.023561 cd=-0.047879 en_pos=6.442031 en_neg=6.489911 pcd=True subgoal_reg=0.0032632485140551546 
2026-01-21 00:48:30,131 :   269/   19 dest_loss=0.116595 future_loss=0.083017 offset_loss=0.150645 kld=0.024829 cd=0.158433 en_pos=6.511933 en_neg=6.353499 pcd=True subgoal_reg=0.002993863109395813 
2026-01-21 00:48:45,714 :   275/   19 dest_loss=0.040077 future_loss=0.030175 offset_loss=0.030002 kld=0.024586 cd=-0.060170 en_pos=6.489134 en_neg=6.549303 pcd=True subgoal_reg=0.0023691480802445165 
2026-01-21 00:49:01,126 :   281/   19 dest_loss=0.033955 future_loss=0.026179 offset_loss=0.027996 kld=0.024460 cd=0.060723 en_pos=6.418619 en_neg=6.357896 pcd=True subgoal_reg=0.0029442552084369368 
2026-01-21 00:49:16,766 :   287/   19 dest_loss=0.114082 future_loss=0.067336 offset_loss=0.118357 kld=0.025395 cd=-0.090823 en_pos=6.433558 en_neg=6.524381 pcd=True subgoal_reg=0.003534461610021411 
2026-01-21 00:49:32,298 :   293/   19 dest_loss=0.034624 future_loss=0.025590 offset_loss=0.029338 kld=0.025083 cd=0.060458 en_pos=6.596364 en_neg=6.535906 pcd=True subgoal_reg=0.0031669424787612904 
2026-01-21 00:49:47,913 :   299/   19 dest_loss=0.088684 future_loss=0.081064 offset_loss=0.093880 kld=0.026558 cd=0.213863 en_pos=6.715871 en_neg=6.502008 pcd=True subgoal_reg=0.003575762398958105 
2026-01-21 00:50:03,591 :   305/   19 dest_loss=0.031286 future_loss=0.022897 offset_loss=0.026426 kld=0.024560 cd=0.033958 en_pos=6.576936 en_neg=6.542978 pcd=True subgoal_reg=0.0032390511502714357 
2026-01-21 00:50:19,175 :   311/   19 dest_loss=0.035035 future_loss=0.025453 offset_loss=0.031631 kld=0.023951 cd=0.119788 en_pos=6.582481 en_neg=6.462693 pcd=True subgoal_reg=0.0029779521049288146 
2026-01-21 00:50:34,789 :   317/   19 dest_loss=0.028845 future_loss=0.021846 offset_loss=0.025696 kld=0.024322 cd=0.232634 en_pos=6.468551 en_neg=6.235918 pcd=True subgoal_reg=0.0029935966343475583 
2026-01-21 00:50:50,351 :   323/   19 dest_loss=0.038049 future_loss=0.027690 offset_loss=0.030844 kld=0.024002 cd=0.147006 en_pos=6.439272 en_neg=6.292266 pcd=True subgoal_reg=0.003563326998066797 
2026-01-21 00:51:05,896 :   329/   19 dest_loss=0.034847 future_loss=0.026177 offset_loss=0.030099 kld=0.023103 cd=0.013530 en_pos=6.409775 en_neg=6.396245 pcd=True subgoal_reg=0.0029867360341985848 
2026-01-21 00:51:21,515 :   335/   19 dest_loss=0.034771 future_loss=0.026898 offset_loss=0.029016 kld=0.023521 cd=-0.112936 en_pos=6.345736 en_neg=6.458672 pcd=True subgoal_reg=0.0032225127703561854 
2026-01-21 00:51:37,139 :   341/   19 dest_loss=0.031757 future_loss=0.024176 offset_loss=0.025017 kld=0.023288 cd=0.123554 en_pos=6.659623 en_neg=6.536069 pcd=True subgoal_reg=0.0031641466459128675 
2026-01-21 00:51:52,760 :   347/   19 dest_loss=0.033021 future_loss=0.024228 offset_loss=0.029245 kld=0.024032 cd=0.001599 en_pos=6.454965 en_neg=6.453365 pcd=True subgoal_reg=0.003067854218947024 
2026-01-21 00:52:08,337 :   353/   19 dest_loss=0.045125 future_loss=0.033789 offset_loss=0.044608 kld=0.022629 cd=-0.012539 en_pos=6.381616 en_neg=6.394155 pcd=True subgoal_reg=0.0032685937144759803 
2026-01-21 00:52:23,716 :   359/   19 dest_loss=0.029214 future_loss=0.020983 offset_loss=0.028233 kld=0.023886 cd=-0.015538 en_pos=6.417707 en_neg=6.433246 pcd=True subgoal_reg=0.0037172257058436155 
2026-01-21 00:52:39,412 :   365/   19 dest_loss=0.142687 future_loss=0.126858 offset_loss=0.118745 kld=0.026699 cd=-0.060555 en_pos=6.462442 en_neg=6.522997 pcd=True subgoal_reg=0.003357571193953624 
2026-01-21 00:52:54,998 :   371/   19 dest_loss=0.035318 future_loss=0.025686 offset_loss=0.032267 kld=0.024161 cd=-0.179369 en_pos=6.393680 en_neg=6.573049 pcd=True subgoal_reg=0.0031094786950330534 
2026-01-21 00:53:10,672 :   377/   19 dest_loss=0.034223 future_loss=0.025700 offset_loss=0.027599 kld=0.023457 cd=0.277766 en_pos=6.531948 en_neg=6.254182 pcd=True subgoal_reg=0.002787250111900142 
2026-01-21 00:53:26,287 :   383/   19 dest_loss=0.039254 future_loss=0.029140 offset_loss=0.028783 kld=0.024994 cd=0.188759 en_pos=6.766420 en_neg=6.577662 pcd=True subgoal_reg=0.00307518629704842 
2026-01-21 00:53:41,865 :   389/   19 dest_loss=0.032933 future_loss=0.023916 offset_loss=0.027577 kld=0.023559 cd=0.044372 en_pos=6.595738 en_neg=6.551366 pcd=True subgoal_reg=0.002767594523876796 
2026-01-21 00:53:57,504 :   395/   19 dest_loss=0.035087 future_loss=0.026780 offset_loss=0.029462 kld=0.024943 cd=-0.092746 en_pos=6.386924 en_neg=6.479670 pcd=True subgoal_reg=0.0027432364388583676 
2026-01-21 00:54:13,079 :   401/   19 dest_loss=0.032619 future_loss=0.024693 offset_loss=0.028999 kld=0.025153 cd=0.220721 en_pos=6.681972 en_neg=6.461251 pcd=True subgoal_reg=0.003019801935457149 
2026-01-21 00:54:28,665 :   407/   19 dest_loss=0.034099 future_loss=0.025204 offset_loss=0.028418 kld=0.025250 cd=0.033537 en_pos=6.527373 en_neg=6.493836 pcd=True subgoal_reg=0.0029629925562475387 
2026-01-21 00:54:44,250 :   413/   19 dest_loss=0.033621 future_loss=0.024936 offset_loss=0.027637 kld=0.025046 cd=0.002419 en_pos=6.449902 en_neg=6.447483 pcd=True subgoal_reg=0.0026987774665222274 
2026-01-21 00:55:00,279 :   419/   19 dest_loss=0.028435 future_loss=0.022066 offset_loss=0.025752 kld=0.024091 cd=-0.325017 en_pos=6.174065 en_neg=6.499082 pcd=True subgoal_reg=0.0028571713566382722 
2026-01-21 00:55:16,173 :   425/   19 dest_loss=0.077114 future_loss=0.050152 offset_loss=0.103134 kld=0.023597 cd=-0.055077 en_pos=6.436911 en_neg=6.491988 pcd=True subgoal_reg=0.003299897980682249 
2026-01-21 00:55:31,745 :   431/   19 dest_loss=0.039754 future_loss=0.028215 offset_loss=0.030347 kld=0.024981 cd=0.190404 en_pos=6.655152 en_neg=6.464748 pcd=True subgoal_reg=0.003313907109908404 
2026-01-21 00:55:47,171 :   437/   19 dest_loss=0.050549 future_loss=0.045211 offset_loss=0.031620 kld=0.024634 cd=-0.072928 en_pos=6.458618 en_neg=6.531546 pcd=True subgoal_reg=0.0029499210593349617 
2026-01-21 00:56:02,849 :   443/   19 dest_loss=0.038592 future_loss=0.028078 offset_loss=0.031683 kld=0.023500 cd=0.004928 en_pos=6.442031 en_neg=6.437103 pcd=True subgoal_reg=0.0029961171412884314 
2026-01-21 00:56:18,498 :   449/   19 dest_loss=0.031474 future_loss=0.022727 offset_loss=0.027164 kld=0.023957 cd=-0.268279 en_pos=6.424988 en_neg=6.693266 pcd=True subgoal_reg=0.0033531937231468787 
2026-01-21 00:56:34,100 :   455/   19 dest_loss=0.033401 future_loss=0.023596 offset_loss=0.028784 kld=0.023815 cd=0.199583 en_pos=6.726573 en_neg=6.526990 pcd=True subgoal_reg=0.0034902348285254865 
2026-01-21 00:56:49,714 :   461/   19 dest_loss=0.034408 future_loss=0.026262 offset_loss=0.028418 kld=0.024284 cd=-0.385776 en_pos=6.248093 en_neg=6.633869 pcd=True subgoal_reg=0.0025895883866814246 
2026-01-21 00:57:05,316 :   467/   19 dest_loss=0.037319 future_loss=0.026210 offset_loss=0.033531 kld=0.023928 cd=-0.140797 en_pos=6.420730 en_neg=6.561527 pcd=True subgoal_reg=0.0033953447803954217 
2026-01-21 00:57:20,926 :   473/   19 dest_loss=0.174303 future_loss=0.169044 offset_loss=0.091010 kld=0.025932 cd=-0.025265 en_pos=6.342995 en_neg=6.368260 pcd=True subgoal_reg=0.002961167477022429 
2026-01-21 00:57:36,526 :   479/   19 dest_loss=0.028927 future_loss=0.020743 offset_loss=0.026554 kld=0.023591 cd=-0.095247 en_pos=6.320452 en_neg=6.415700 pcd=True subgoal_reg=0.003369297544407883 
2026-01-21 00:57:52,156 :   485/   19 dest_loss=0.029582 future_loss=0.021437 offset_loss=0.027122 kld=0.023914 cd=-0.134489 en_pos=6.368702 en_neg=6.503191 pcd=True subgoal_reg=0.0032568966553006254 
2026-01-21 00:58:07,801 :   491/   19 dest_loss=0.029018 future_loss=0.021410 offset_loss=0.025836 kld=0.024610 cd=0.174026 en_pos=6.542673 en_neg=6.368647 pcd=True subgoal_reg=0.0030730225269419843 
2026-01-21 00:58:23,411 :   497/   19 dest_loss=0.029484 future_loss=0.021668 offset_loss=0.024478 kld=0.023251 cd=-0.280072 en_pos=6.420633 en_neg=6.700706 pcd=True subgoal_reg=0.0026896075184215827 
2026-01-21 00:58:39,000 :   503/   19 dest_loss=0.028418 future_loss=0.022205 offset_loss=0.024091 kld=0.023712 cd=-0.040719 en_pos=6.511525 en_neg=6.552244 pcd=True subgoal_reg=0.0025850021136572606 
2026-01-21 00:58:54,659 :   509/   19 dest_loss=0.030119 future_loss=0.023282 offset_loss=0.025314 kld=0.023977 cd=0.195649 en_pos=6.417930 en_neg=6.222281 pcd=True subgoal_reg=0.002825275895678359 
2026-01-21 01:00:29,239 : Train Loss 88.89998855418219
2026-01-21 01:00:29,239 : Overall Loss 17.88812802241407
2026-01-21 01:00:29,239 : Dest Loss 23.369217239280047
2026-01-21 01:00:29,239 : Val ADE 0.12633922573196518
2026-01-21 01:00:29,239 : Val FDE 0.14560890969741952
2026-01-21 01:00:29,239 : Val Best ADE 0.12633922573196518
2026-01-21 01:00:29,239 : Val Best FDE 0.14560890969741952
2026-01-21 01:00:29,239 : ----->learning rate 0.0003125
2026-01-21 01:00:45,222 :     5/   20 dest_loss=0.034088 future_loss=0.025646 offset_loss=0.026534 kld=0.023992 cd=-0.043388 en_pos=6.413491 en_neg=6.456879 pcd=True subgoal_reg=0.0027489024053193468 
2026-01-21 01:01:00,863 :    11/   20 dest_loss=0.032267 future_loss=0.024738 offset_loss=0.025620 kld=0.024056 cd=0.101206 en_pos=6.416734 en_neg=6.315528 pcd=True subgoal_reg=0.0027748710024792975 
2026-01-21 01:01:16,421 :    17/   20 dest_loss=0.032064 future_loss=0.024150 offset_loss=0.025300 kld=0.024045 cd=0.075359 en_pos=6.509081 en_neg=6.433722 pcd=True subgoal_reg=0.002963222493046303 
2026-01-21 01:01:32,016 :    23/   20 dest_loss=0.032682 future_loss=0.024402 offset_loss=0.025176 kld=0.023393 cd=-0.077002 en_pos=6.465170 en_neg=6.542171 pcd=True subgoal_reg=0.0030245020212287576 
2026-01-21 01:01:47,581 :    29/   20 dest_loss=0.032709 future_loss=0.025052 offset_loss=0.026247 kld=0.023487 cd=0.158222 en_pos=6.487106 en_neg=6.328884 pcd=True subgoal_reg=0.0029309893583395388 
2026-01-21 01:02:03,200 :    35/   20 dest_loss=0.054466 future_loss=0.053270 offset_loss=0.035789 kld=0.023625 cd=-0.134505 en_pos=6.393708 en_neg=6.528213 pcd=True subgoal_reg=0.002818795766395578 
2026-01-21 01:02:18,780 :    41/   20 dest_loss=0.079334 future_loss=0.054685 offset_loss=0.061236 kld=0.023660 cd=-0.250125 en_pos=6.218028 en_neg=6.468154 pcd=True subgoal_reg=0.002853592396134809 
2026-01-21 01:02:34,177 :    47/   20 dest_loss=0.032174 future_loss=0.025406 offset_loss=0.025612 kld=0.023618 cd=0.308895 en_pos=6.586807 en_neg=6.277913 pcd=True subgoal_reg=0.002795284772011449 
2026-01-21 01:02:49,838 :    53/   20 dest_loss=0.033734 future_loss=0.025293 offset_loss=0.026832 kld=0.025777 cd=-0.248884 en_pos=6.521200 en_neg=6.770085 pcd=True subgoal_reg=0.002900464160494672 
2026-01-21 01:03:05,400 :    59/   20 dest_loss=0.032524 future_loss=0.025631 offset_loss=0.026755 kld=0.024907 cd=-0.265322 en_pos=6.323832 en_neg=6.589155 pcd=True subgoal_reg=0.0028437141621506087 
2026-01-21 01:03:20,909 :    65/   20 dest_loss=0.031587 future_loss=0.023196 offset_loss=0.026882 kld=0.024387 cd=0.066674 en_pos=6.391803 en_neg=6.325129 pcd=True subgoal_reg=0.0032442149388728107 
2026-01-21 01:03:36,527 :    71/   20 dest_loss=0.036987 future_loss=0.027381 offset_loss=0.030522 kld=0.024808 cd=-0.079244 en_pos=6.581800 en_neg=6.661044 pcd=True subgoal_reg=0.0035476982483367797 
2026-01-21 01:03:52,120 :    77/   20 dest_loss=0.030648 future_loss=0.022973 offset_loss=0.027255 kld=0.023570 cd=-0.050604 en_pos=6.400564 en_neg=6.451167 pcd=True subgoal_reg=0.0029638029971608207 
2026-01-21 01:04:07,729 :    83/   20 dest_loss=0.031835 future_loss=0.023670 offset_loss=0.026010 kld=0.023149 cd=0.011400 en_pos=6.455692 en_neg=6.444292 pcd=True subgoal_reg=0.0033661218897026194 
2026-01-21 01:04:23,278 :    89/   20 dest_loss=0.032282 future_loss=0.025959 offset_loss=0.022711 kld=0.023673 cd=0.002496 en_pos=6.605165 en_neg=6.602669 pcd=True subgoal_reg=0.0030639310159642353 
2026-01-21 01:04:38,814 :    95/   20 dest_loss=0.032310 future_loss=0.025107 offset_loss=0.027377 kld=0.025352 cd=-0.045474 en_pos=6.475636 en_neg=6.521110 pcd=True subgoal_reg=0.002990162579985022 
2026-01-21 01:04:54,774 :   101/   20 dest_loss=0.030031 future_loss=0.022645 offset_loss=0.026040 kld=0.023651 cd=0.114553 en_pos=6.487088 en_neg=6.372535 pcd=True subgoal_reg=0.003057051464891161 
2026-01-21 01:05:10,836 :   107/   20 dest_loss=0.100157 future_loss=0.076091 offset_loss=0.068754 kld=0.023345 cd=0.073131 en_pos=6.435065 en_neg=6.361935 pcd=True subgoal_reg=0.00323088436442645 
2026-01-21 01:05:26,488 :   113/   20 dest_loss=0.037480 future_loss=0.026983 offset_loss=0.032006 kld=0.023475 cd=-0.149323 en_pos=6.510733 en_neg=6.660056 pcd=True subgoal_reg=0.0032288443285738836 
2026-01-21 01:05:42,024 :   119/   20 dest_loss=0.033525 future_loss=0.024183 offset_loss=0.029989 kld=0.023294 cd=-0.058881 en_pos=6.476362 en_neg=6.535243 pcd=True subgoal_reg=0.0032502230143730227 
2026-01-21 01:05:57,411 :   125/   20 dest_loss=0.029800 future_loss=0.021102 offset_loss=0.027686 kld=0.024350 cd=-0.034261 en_pos=6.460830 en_neg=6.495091 pcd=True subgoal_reg=0.0031975221788922504 
2026-01-21 01:06:12,974 :   131/   20 dest_loss=0.104783 future_loss=0.077544 offset_loss=0.087844 kld=0.022925 cd=0.126861 en_pos=6.535299 en_neg=6.408438 pcd=True subgoal_reg=0.0032793804569207145 
2026-01-21 01:06:28,574 :   137/   20 dest_loss=0.033820 future_loss=0.025049 offset_loss=0.027506 kld=0.024023 cd=0.278438 en_pos=6.619196 en_neg=6.340757 pcd=True subgoal_reg=0.0032406568243313135 
2026-01-21 01:06:44,150 :   143/   20 dest_loss=0.033876 future_loss=0.024598 offset_loss=0.027643 kld=0.024201 cd=0.077089 en_pos=6.708084 en_neg=6.630996 pcd=True subgoal_reg=0.003027268714944315 
2026-01-21 01:06:59,796 :   149/   20 dest_loss=0.031502 future_loss=0.023439 offset_loss=0.027364 kld=0.024114 cd=0.256613 en_pos=6.648118 en_neg=6.391506 pcd=True subgoal_reg=0.0028246266606941598 
2026-01-21 01:07:15,340 :   155/   20 dest_loss=0.031359 future_loss=0.023036 offset_loss=0.025999 kld=0.023731 cd=0.045025 en_pos=6.463248 en_neg=6.418223 pcd=True subgoal_reg=0.0030034009353469638 
2026-01-21 01:07:30,932 :   161/   20 dest_loss=0.035672 future_loss=0.027390 offset_loss=0.028877 kld=0.024319 cd=0.138543 en_pos=6.347170 en_neg=6.208627 pcd=True subgoal_reg=0.00291858931902555 
2026-01-21 01:07:46,508 :   167/   20 dest_loss=0.042450 future_loss=0.031948 offset_loss=0.032513 kld=0.024606 cd=0.199104 en_pos=6.581656 en_neg=6.382552 pcd=True subgoal_reg=0.0030402398652705984 
2026-01-21 01:08:02,135 :   173/   20 dest_loss=0.033522 future_loss=0.025718 offset_loss=0.027073 kld=0.025695 cd=0.047597 en_pos=6.606929 en_neg=6.559333 pcd=True subgoal_reg=0.0029401455477858405 
2026-01-21 01:08:17,820 :   179/   20 dest_loss=0.033592 future_loss=0.025568 offset_loss=0.026423 kld=0.024410 cd=-0.055795 en_pos=6.536728 en_neg=6.592523 pcd=True subgoal_reg=0.0033020048843871563 
2026-01-21 01:08:33,388 :   185/   20 dest_loss=0.155235 future_loss=0.117740 offset_loss=0.132746 kld=0.024492 cd=-0.072748 en_pos=6.528871 en_neg=6.601619 pcd=True subgoal_reg=0.003482415324082321 
2026-01-21 01:08:49,010 :   191/   20 dest_loss=0.036241 future_loss=0.027259 offset_loss=0.029051 kld=0.025344 cd=0.116997 en_pos=6.500907 en_neg=6.383910 pcd=True subgoal_reg=0.0031231403778101494 
2026-01-21 01:09:04,632 :   197/   20 dest_loss=0.033208 future_loss=0.025860 offset_loss=0.026512 kld=0.024790 cd=-0.018693 en_pos=6.303794 en_neg=6.322486 pcd=True subgoal_reg=0.0028072417858851736 
2026-01-21 01:09:19,989 :   203/   20 dest_loss=0.033133 future_loss=0.025272 offset_loss=0.025878 kld=0.026448 cd=-0.035594 en_pos=6.480840 en_neg=6.516434 pcd=True subgoal_reg=0.0029722490667528564 
2026-01-21 01:09:35,540 :   209/   20 dest_loss=0.032803 future_loss=0.025667 offset_loss=0.026768 kld=0.025685 cd=-0.023708 en_pos=6.454743 en_neg=6.478450 pcd=True subgoal_reg=0.003109481692569402 
2026-01-21 01:09:51,099 :   215/   20 dest_loss=0.033033 future_loss=0.025103 offset_loss=0.027756 kld=0.023095 cd=0.089418 en_pos=6.452777 en_neg=6.363358 pcd=True subgoal_reg=0.0029487520904145368 
2026-01-21 01:10:06,665 :   221/   20 dest_loss=0.032243 future_loss=0.025208 offset_loss=0.026070 kld=0.024885 cd=-0.039593 en_pos=6.595160 en_neg=6.634753 pcd=True subgoal_reg=0.003165543561320209 
2026-01-21 01:10:22,297 :   227/   20 dest_loss=0.031457 future_loss=0.025537 offset_loss=0.025307 kld=0.024695 cd=-0.048437 en_pos=6.495213 en_neg=6.543650 pcd=True subgoal_reg=0.0030096114812335054 
2026-01-21 01:10:37,848 :   233/   20 dest_loss=0.036054 future_loss=0.026483 offset_loss=0.028522 kld=0.023178 cd=0.093926 en_pos=6.642676 en_neg=6.548750 pcd=True subgoal_reg=0.002997516942926965 
2026-01-21 01:10:53,404 :   239/   20 dest_loss=0.029415 future_loss=0.023281 offset_loss=0.024366 kld=0.025436 cd=0.099062 en_pos=6.553090 en_neg=6.454028 pcd=True subgoal_reg=0.0031649858365022793 
2026-01-21 01:11:09,035 :   245/   20 dest_loss=0.081213 future_loss=0.051893 offset_loss=0.074158 kld=0.024820 cd=-0.145014 en_pos=6.498856 en_neg=6.643869 pcd=True subgoal_reg=0.0031908763722321458 
2026-01-21 01:11:24,627 :   251/   20 dest_loss=0.030616 future_loss=0.024141 offset_loss=0.025007 kld=0.024261 cd=-0.100921 en_pos=6.320620 en_neg=6.421541 pcd=True subgoal_reg=0.002724285105351285 
2026-01-21 01:11:40,226 :   257/   20 dest_loss=0.113710 future_loss=0.086860 offset_loss=0.084720 kld=0.025279 cd=0.214668 en_pos=6.659633 en_neg=6.444965 pcd=True subgoal_reg=0.002875449508721611 
2026-01-21 01:11:55,840 :   263/   20 dest_loss=0.039721 future_loss=0.030678 offset_loss=0.047723 kld=0.023748 cd=0.054639 en_pos=6.498279 en_neg=6.443640 pcd=True subgoal_reg=0.0030137276387858427 
2026-01-21 01:12:11,392 :   269/   20 dest_loss=0.036854 future_loss=0.028369 offset_loss=0.028457 kld=0.024447 cd=0.083409 en_pos=6.479982 en_neg=6.396572 pcd=True subgoal_reg=0.002695939371689362 
2026-01-21 01:12:26,897 :   275/   20 dest_loss=0.033761 future_loss=0.026560 offset_loss=0.026071 kld=0.025094 cd=-0.124937 en_pos=6.383096 en_neg=6.508033 pcd=True subgoal_reg=0.0026669784361624386 
2026-01-21 01:12:42,252 :   281/   20 dest_loss=0.072962 future_loss=0.061752 offset_loss=0.073881 kld=0.024249 cd=-0.204591 en_pos=6.339178 en_neg=6.543769 pcd=True subgoal_reg=0.0027022820895016945 
2026-01-21 01:12:57,780 :   287/   20 dest_loss=0.029594 future_loss=0.023154 offset_loss=0.023682 kld=0.025199 cd=0.143562 en_pos=6.560500 en_neg=6.416938 pcd=True subgoal_reg=0.0029139132402950995 
2026-01-21 01:13:13,333 :   293/   20 dest_loss=0.125663 future_loss=0.103325 offset_loss=0.096225 kld=0.025691 cd=0.168447 en_pos=6.526836 en_neg=6.358389 pcd=True subgoal_reg=0.003232000865744604 
2026-01-21 01:13:28,950 :   299/   20 dest_loss=0.199113 future_loss=0.133926 offset_loss=0.158379 kld=0.026205 cd=-0.047861 en_pos=6.543170 en_neg=6.591032 pcd=True subgoal_reg=0.003028255913757749 
2026-01-21 01:13:44,538 :   305/   20 dest_loss=0.040408 future_loss=0.029167 offset_loss=0.030739 kld=0.024004 cd=-0.168378 en_pos=6.231057 en_neg=6.399435 pcd=True subgoal_reg=0.00323846387205518 
2026-01-21 01:14:00,159 :   311/   20 dest_loss=0.034083 future_loss=0.025758 offset_loss=0.027125 kld=0.023593 cd=0.133639 en_pos=6.536211 en_neg=6.402572 pcd=True subgoal_reg=0.002847241823834901 
2026-01-21 01:14:15,723 :   317/   20 dest_loss=0.035883 future_loss=0.027265 offset_loss=0.028053 kld=0.023825 cd=-0.084984 en_pos=6.526704 en_neg=6.611689 pcd=True subgoal_reg=0.003172476761006285 
2026-01-21 01:14:31,394 :   323/   20 dest_loss=0.029792 future_loss=0.020357 offset_loss=0.028781 kld=0.024021 cd=-0.114930 en_pos=6.405187 en_neg=6.520116 pcd=True subgoal_reg=0.0032625984420001307 
2026-01-21 01:14:46,865 :   329/   20 dest_loss=0.032903 future_loss=0.023824 offset_loss=0.026317 kld=0.023188 cd=0.066941 en_pos=6.629851 en_neg=6.562910 pcd=True subgoal_reg=0.002938950296895836 
2026-01-21 01:15:02,990 :   335/   20 dest_loss=0.030140 future_loss=0.021641 offset_loss=0.026996 kld=0.023455 cd=0.143498 en_pos=6.504642 en_neg=6.361144 pcd=True subgoal_reg=0.0028672731075239447 
2026-01-21 01:15:18,662 :   341/   20 dest_loss=0.037695 future_loss=0.027818 offset_loss=0.029498 kld=0.023632 cd=0.146870 en_pos=6.571632 en_neg=6.424762 pcd=True subgoal_reg=0.0034515948862138828 
2026-01-21 01:15:34,230 :   347/   20 dest_loss=0.033316 future_loss=0.022661 offset_loss=0.030000 kld=0.024019 cd=-0.080460 en_pos=6.417884 en_neg=6.498344 pcd=True subgoal_reg=0.0031238320285762594 
2026-01-21 01:15:49,789 :   353/   20 dest_loss=0.031838 future_loss=0.023842 offset_loss=0.026887 kld=0.024279 cd=0.235907 en_pos=6.438374 en_neg=6.202468 pcd=True subgoal_reg=0.003001641429647384 
2026-01-21 01:16:05,145 :   359/   20 dest_loss=0.033271 future_loss=0.025218 offset_loss=0.028191 kld=0.025703 cd=0.138577 en_pos=6.525005 en_neg=6.386429 pcd=True subgoal_reg=0.0032740321551845363 
2026-01-21 01:16:20,711 :   365/   20 dest_loss=0.031102 future_loss=0.022434 offset_loss=0.026827 kld=0.024342 cd=-0.200610 en_pos=6.251849 en_neg=6.452459 pcd=True subgoal_reg=0.003233788929362766 
2026-01-21 01:16:36,244 :   371/   20 dest_loss=0.085006 future_loss=0.052535 offset_loss=0.057213 kld=0.023683 cd=0.088515 en_pos=6.688045 en_neg=6.599530 pcd=True subgoal_reg=0.0033309310993667575 
2026-01-21 01:16:51,821 :   377/   20 dest_loss=0.032242 future_loss=0.023753 offset_loss=0.027083 kld=0.023949 cd=-0.328879 en_pos=6.362671 en_neg=6.691550 pcd=True subgoal_reg=0.0030514453129733745 
2026-01-21 01:17:07,383 :   383/   20 dest_loss=0.039290 future_loss=0.029146 offset_loss=0.033121 kld=0.025800 cd=-0.236411 en_pos=6.383637 en_neg=6.620048 pcd=True subgoal_reg=0.003314322177255862 
2026-01-21 01:17:23,000 :   389/   20 dest_loss=0.034428 future_loss=0.024140 offset_loss=0.029626 kld=0.023412 cd=0.176344 en_pos=6.617011 en_neg=6.440667 pcd=True subgoal_reg=0.0030733883045903337 
2026-01-21 01:17:38,536 :   395/   20 dest_loss=0.036164 future_loss=0.025920 offset_loss=0.029568 kld=0.024211 cd=0.104976 en_pos=6.573826 en_neg=6.468850 pcd=True subgoal_reg=0.00335852816181676 
2026-01-21 01:17:54,103 :   401/   20 dest_loss=0.037676 future_loss=0.026920 offset_loss=0.031598 kld=0.025044 cd=0.019006 en_pos=6.466270 en_neg=6.447264 pcd=True subgoal_reg=0.0030510997741591255 
2026-01-21 01:18:09,669 :   407/   20 dest_loss=0.033786 future_loss=0.025337 offset_loss=0.028345 kld=0.024744 cd=-0.058999 en_pos=6.393235 en_neg=6.452233 pcd=True subgoal_reg=0.0027948905871183565 
2026-01-21 01:18:25,277 :   413/   20 dest_loss=0.033496 future_loss=0.025045 offset_loss=0.027913 kld=0.024231 cd=0.133098 en_pos=6.428330 en_neg=6.295232 pcd=True subgoal_reg=0.0028452584952887217 
2026-01-21 01:18:40,888 :   419/   20 dest_loss=0.033733 future_loss=0.024601 offset_loss=0.028126 kld=0.024928 cd=0.115946 en_pos=6.549501 en_neg=6.433555 pcd=True subgoal_reg=0.0029935879390190394 
2026-01-21 01:18:56,407 :   425/   20 dest_loss=0.033364 future_loss=0.025277 offset_loss=0.028936 kld=0.024824 cd=-0.119137 en_pos=6.429036 en_neg=6.548173 pcd=True subgoal_reg=0.002736263970508663 
2026-01-21 01:19:12,011 :   431/   20 dest_loss=0.034373 future_loss=0.025074 offset_loss=0.029276 kld=0.024560 cd=0.064362 en_pos=6.437263 en_neg=6.372901 pcd=True subgoal_reg=0.003049643418701965 
2026-01-21 01:19:27,426 :   437/   20 dest_loss=0.033153 future_loss=0.024526 offset_loss=0.028468 kld=0.024761 cd=0.108205 en_pos=6.446750 en_neg=6.338545 pcd=True subgoal_reg=0.0031924337580756914 
2026-01-21 01:19:42,971 :   443/   20 dest_loss=0.034982 future_loss=0.025651 offset_loss=0.030692 kld=0.025340 cd=0.118117 en_pos=6.579810 en_neg=6.461693 pcd=True subgoal_reg=0.003419347591899103 
2026-01-21 01:19:58,585 :   449/   20 dest_loss=0.033714 future_loss=0.022310 offset_loss=0.032222 kld=0.023532 cd=-0.005617 en_pos=6.485555 en_neg=6.491172 pcd=True subgoal_reg=0.0032063061511944167 
2026-01-21 01:20:14,172 :   455/   20 dest_loss=0.035127 future_loss=0.026322 offset_loss=0.030382 kld=0.024609 cd=0.215538 en_pos=6.491779 en_neg=6.276241 pcd=True subgoal_reg=0.0030712442829700483 
2026-01-21 01:20:29,806 :   461/   20 dest_loss=0.028667 future_loss=0.021793 offset_loss=0.025141 kld=0.024733 cd=-0.309404 en_pos=6.396853 en_neg=6.706257 pcd=True subgoal_reg=0.0029634681183227465 
2026-01-21 01:20:45,394 :   467/   20 dest_loss=0.030875 future_loss=0.022866 offset_loss=0.025826 kld=0.025017 cd=-0.023759 en_pos=6.538771 en_neg=6.562530 pcd=True subgoal_reg=0.0030002134193563984 
2026-01-21 01:21:00,983 :   473/   20 dest_loss=0.035225 future_loss=0.023344 offset_loss=0.032763 kld=0.023863 cd=-0.016095 en_pos=6.541508 en_neg=6.557603 pcd=True subgoal_reg=0.003254552353475147 
2026-01-21 01:21:16,571 :   479/   20 dest_loss=0.035893 future_loss=0.024630 offset_loss=0.031631 kld=0.023922 cd=-0.084002 en_pos=6.379745 en_neg=6.463747 pcd=True subgoal_reg=0.003011741219605609 
2026-01-21 01:21:32,131 :   485/   20 dest_loss=0.028729 future_loss=0.021516 offset_loss=0.024989 kld=0.023664 cd=0.132831 en_pos=6.421056 en_neg=6.288225 pcd=True subgoal_reg=0.003033459808492409 
2026-01-21 01:21:47,713 :   491/   20 dest_loss=0.034968 future_loss=0.026768 offset_loss=0.029164 kld=0.024377 cd=-0.022868 en_pos=6.428044 en_neg=6.450912 pcd=True subgoal_reg=0.0030230001536668506 
2026-01-21 01:22:03,301 :   497/   20 dest_loss=0.090160 future_loss=0.057125 offset_loss=0.099430 kld=0.025208 cd=-0.186626 en_pos=6.449045 en_neg=6.635671 pcd=True subgoal_reg=0.002872655739959577 
2026-01-21 01:22:18,885 :   503/   20 dest_loss=0.034777 future_loss=0.024422 offset_loss=0.027593 kld=0.023568 cd=-0.075377 en_pos=6.511937 en_neg=6.587314 pcd=True subgoal_reg=0.002886791766546534 
2026-01-21 01:22:34,459 :   509/   20 dest_loss=0.041151 future_loss=0.031072 offset_loss=0.031337 kld=0.024834 cd=-0.216739 en_pos=6.318497 en_neg=6.535236 pcd=True subgoal_reg=0.0027638638622275633 
2026-01-21 01:24:09,339 : Train Loss 89.37862995300291
2026-01-21 01:24:09,339 : Overall Loss 17.00154064778959
2026-01-21 01:24:09,339 : Dest Loss 22.354803327338427
2026-01-21 01:24:09,339 : Val ADE 0.12186064927082246
2026-01-21 01:24:09,339 : Val FDE 0.14897714169704188
2026-01-21 01:24:09,339 : Val Best ADE 0.12186064927082246
2026-01-21 01:24:09,339 : Val Best FDE 0.14897714169704188
2026-01-21 01:24:09,339 : ----->learning rate 0.00015625
2026-01-21 01:24:25,073 :     5/   21 dest_loss=0.033498 future_loss=0.025678 offset_loss=0.025511 kld=0.025776 cd=-0.116097 en_pos=6.450759 en_neg=6.566856 pcd=True subgoal_reg=0.0028157771877147086 
2026-01-21 01:24:40,619 :    11/   21 dest_loss=0.140574 future_loss=0.133729 offset_loss=0.078200 kld=0.026395 cd=0.242907 en_pos=6.464263 en_neg=6.221356 pcd=True subgoal_reg=0.0029740126812794806 
2026-01-21 01:24:56,533 :    17/   21 dest_loss=0.063321 future_loss=0.046987 offset_loss=0.085254 kld=0.025213 cd=-0.010575 en_pos=6.704546 en_neg=6.715121 pcd=True subgoal_reg=0.003312561307155243 
2026-01-21 01:25:12,450 :    23/   21 dest_loss=0.035184 future_loss=0.026038 offset_loss=0.028670 kld=0.023892 cd=-0.083370 en_pos=6.286071 en_neg=6.369441 pcd=True subgoal_reg=0.003139024730649252 
2026-01-21 01:25:28,035 :    29/   21 dest_loss=0.036136 future_loss=0.027153 offset_loss=0.030186 kld=0.024293 cd=-0.034302 en_pos=6.360277 en_neg=6.394579 pcd=True subgoal_reg=0.003140338206858034 
2026-01-21 01:25:43,594 :    35/   21 dest_loss=0.029684 future_loss=0.023224 offset_loss=0.025557 kld=0.023648 cd=0.007619 en_pos=6.370081 en_neg=6.362462 pcd=True subgoal_reg=0.002833104762644182 
2026-01-21 01:25:58,990 :    41/   21 dest_loss=0.036754 future_loss=0.028311 offset_loss=0.026516 kld=0.022946 cd=-0.202736 en_pos=6.404422 en_neg=6.607158 pcd=True subgoal_reg=0.0028677884276310014 
2026-01-21 01:26:14,591 :    47/   21 dest_loss=0.033108 future_loss=0.023125 offset_loss=0.032083 kld=0.023191 cd=-0.006629 en_pos=6.462399 en_neg=6.469029 pcd=True subgoal_reg=0.0030213717350731487 
2026-01-21 01:26:30,174 :    53/   21 dest_loss=0.037930 future_loss=0.030709 offset_loss=0.024234 kld=0.023981 cd=-0.154096 en_pos=6.499847 en_neg=6.653943 pcd=True subgoal_reg=0.0028810741674173456 
2026-01-21 01:26:45,851 :    59/   21 dest_loss=0.101469 future_loss=0.086490 offset_loss=0.087008 kld=0.025425 cd=-0.064719 en_pos=6.323374 en_neg=6.388093 pcd=True subgoal_reg=0.0033455501604314456 
2026-01-21 01:27:01,494 :    65/   21 dest_loss=0.029507 future_loss=0.021249 offset_loss=0.025431 kld=0.023781 cd=-0.067237 en_pos=6.438736 en_neg=6.505973 pcd=True subgoal_reg=0.003227154081641647 
2026-01-21 01:27:17,119 :    71/   21 dest_loss=0.031816 future_loss=0.023590 offset_loss=0.027120 kld=0.023797 cd=-0.003718 en_pos=6.384003 en_neg=6.387721 pcd=True subgoal_reg=0.0030800420766498096 
2026-01-21 01:27:32,764 :    77/   21 dest_loss=0.036722 future_loss=0.027754 offset_loss=0.028817 kld=0.025076 cd=0.051788 en_pos=6.544809 en_neg=6.493021 pcd=True subgoal_reg=0.0031822401271255807 
2026-01-21 01:27:48,400 :    83/   21 dest_loss=0.042417 future_loss=0.031669 offset_loss=0.031594 kld=0.024473 cd=0.194679 en_pos=6.584572 en_neg=6.389893 pcd=True subgoal_reg=0.0030197068474504722 
2026-01-21 01:28:04,036 :    89/   21 dest_loss=0.033004 future_loss=0.024747 offset_loss=0.026815 kld=0.023472 cd=-0.071918 en_pos=6.325468 en_neg=6.397386 pcd=True subgoal_reg=0.002661560544132812 
2026-01-21 01:28:19,592 :    95/   21 dest_loss=0.232591 future_loss=0.183299 offset_loss=0.100541 kld=0.027564 cd=0.073540 en_pos=6.444234 en_neg=6.370694 pcd=True subgoal_reg=0.0026335756858363903 
2026-01-21 01:28:35,158 :   101/   21 dest_loss=0.153056 future_loss=0.137144 offset_loss=0.085317 kld=0.026353 cd=-0.321886 en_pos=6.336003 en_neg=6.657889 pcd=True subgoal_reg=0.003335549148278863 
2026-01-21 01:28:50,773 :   107/   21 dest_loss=0.034236 future_loss=0.024499 offset_loss=0.030367 kld=0.023706 cd=-0.119413 en_pos=6.187853 en_neg=6.307266 pcd=True subgoal_reg=0.003378268944319591 
2026-01-21 01:29:06,371 :   113/   21 dest_loss=0.031438 future_loss=0.022985 offset_loss=0.026179 kld=0.023010 cd=0.108807 en_pos=6.454408 en_neg=6.345602 pcd=True subgoal_reg=0.0031970775041383456 
2026-01-21 01:29:21,830 :   119/   21 dest_loss=0.096837 future_loss=0.061103 offset_loss=0.068703 kld=0.025780 cd=-0.101065 en_pos=6.490426 en_neg=6.591491 pcd=True subgoal_reg=0.003228705753592021 
2026-01-21 01:29:37,468 :   125/   21 dest_loss=0.038590 future_loss=0.028053 offset_loss=0.030256 kld=0.024928 cd=0.046315 en_pos=6.646583 en_neg=6.600268 pcd=True subgoal_reg=0.002932780650012932 
2026-01-21 01:29:53,033 :   131/   21 dest_loss=0.034158 future_loss=0.023987 offset_loss=0.031720 kld=0.023581 cd=-0.004338 en_pos=6.414329 en_neg=6.418667 pcd=True subgoal_reg=0.002694582886494136 
2026-01-21 01:30:08,663 :   137/   21 dest_loss=0.030824 future_loss=0.021591 offset_loss=0.026891 kld=0.023752 cd=0.120889 en_pos=6.591254 en_neg=6.470365 pcd=True subgoal_reg=0.0030872672668450494 
2026-01-21 01:30:24,216 :   143/   21 dest_loss=0.032585 future_loss=0.023708 offset_loss=0.028841 kld=0.022581 cd=-0.033757 en_pos=6.241943 en_neg=6.275700 pcd=True subgoal_reg=0.0029880367945986238 
2026-01-21 01:30:39,800 :   149/   21 dest_loss=0.028356 future_loss=0.020959 offset_loss=0.025467 kld=0.024116 cd=-0.126778 en_pos=6.458081 en_neg=6.584858 pcd=True subgoal_reg=0.0034726801938147435 
2026-01-21 01:30:55,447 :   155/   21 dest_loss=0.023444 future_loss=0.017552 offset_loss=0.022126 kld=0.023761 cd=0.009533 en_pos=6.398774 en_neg=6.389241 pcd=True subgoal_reg=0.0032122175598385994 
2026-01-21 01:31:11,053 :   161/   21 dest_loss=0.026797 future_loss=0.020335 offset_loss=0.024671 kld=0.024444 cd=0.021168 en_pos=6.410599 en_neg=6.389431 pcd=True subgoal_reg=0.0029288860387275927 
2026-01-21 01:31:26,625 :   167/   21 dest_loss=0.178254 future_loss=0.159323 offset_loss=0.085812 kld=0.026589 cd=0.088249 en_pos=6.443221 en_neg=6.354972 pcd=True subgoal_reg=0.0032669878515527184 
2026-01-21 01:31:42,214 :   173/   21 dest_loss=0.033101 future_loss=0.024183 offset_loss=0.027357 kld=0.024550 cd=-0.257360 en_pos=6.391535 en_neg=6.648896 pcd=True subgoal_reg=0.002971704610620126 
2026-01-21 01:31:57,795 :   179/   21 dest_loss=0.036816 future_loss=0.025797 offset_loss=0.031100 kld=0.024395 cd=-0.124062 en_pos=6.341373 en_neg=6.465435 pcd=True subgoal_reg=0.0030793406083501843 
2026-01-21 01:32:13,353 :   185/   21 dest_loss=0.034307 future_loss=0.025168 offset_loss=0.029090 kld=0.024379 cd=-0.169243 en_pos=6.358744 en_neg=6.527986 pcd=True subgoal_reg=0.0029276710367754644 
2026-01-21 01:32:28,922 :   191/   21 dest_loss=0.032003 future_loss=0.022638 offset_loss=0.027477 kld=0.024389 cd=-0.225376 en_pos=6.406550 en_neg=6.631927 pcd=True subgoal_reg=0.003042823385944922 
2026-01-21 01:32:44,325 :   197/   21 dest_loss=0.031231 future_loss=0.022500 offset_loss=0.027738 kld=0.024486 cd=0.026825 en_pos=6.366767 en_neg=6.339943 pcd=True subgoal_reg=0.003065649907149725 
2026-01-21 01:32:59,923 :   203/   21 dest_loss=0.029883 future_loss=0.022364 offset_loss=0.026643 kld=0.023290 cd=-0.124348 en_pos=6.579254 en_neg=6.703602 pcd=True subgoal_reg=0.0028845199785924877 
2026-01-21 01:33:15,584 :   209/   21 dest_loss=0.031143 future_loss=0.021284 offset_loss=0.030688 kld=0.022915 cd=0.061552 en_pos=6.373528 en_neg=6.311977 pcd=True subgoal_reg=0.002881362454435445 
2026-01-21 01:33:31,103 :   215/   21 dest_loss=0.033253 future_loss=0.023701 offset_loss=0.027939 kld=0.024071 cd=0.142709 en_pos=6.457065 en_neg=6.314355 pcd=True subgoal_reg=0.0032518579826639827 
2026-01-21 01:33:46,676 :   221/   21 dest_loss=0.036468 future_loss=0.026306 offset_loss=0.031969 kld=0.024671 cd=0.044496 en_pos=6.606176 en_neg=6.561680 pcd=True subgoal_reg=0.0032262506575043023 
2026-01-21 01:34:02,265 :   227/   21 dest_loss=0.033655 future_loss=0.023336 offset_loss=0.030151 kld=0.023798 cd=-0.208022 en_pos=6.537102 en_neg=6.745124 pcd=True subgoal_reg=0.0031418599418388867 
2026-01-21 01:34:17,839 :   233/   21 dest_loss=0.032964 future_loss=0.024136 offset_loss=0.028691 kld=0.023340 cd=-0.194458 en_pos=6.326586 en_neg=6.521044 pcd=True subgoal_reg=0.0029411249327190403 
2026-01-21 01:34:33,464 :   239/   21 dest_loss=0.030710 future_loss=0.022813 offset_loss=0.024884 kld=0.023581 cd=0.111030 en_pos=6.798945 en_neg=6.687914 pcd=True subgoal_reg=0.0035491038793233334 
2026-01-21 01:34:49,068 :   245/   21 dest_loss=0.034086 future_loss=0.024573 offset_loss=0.029320 kld=0.024387 cd=-0.007166 en_pos=6.434383 en_neg=6.441549 pcd=True subgoal_reg=0.0031181087422868675 
2026-01-21 01:35:05,275 :   251/   21 dest_loss=0.033393 future_loss=0.024095 offset_loss=0.028573 kld=0.024826 cd=0.009684 en_pos=6.477172 en_neg=6.467488 pcd=True subgoal_reg=0.002997865716679271 
2026-01-21 01:35:21,065 :   257/   21 dest_loss=0.034282 future_loss=0.024182 offset_loss=0.030673 kld=0.024980 cd=-0.085976 en_pos=6.521082 en_neg=6.607058 pcd=True subgoal_reg=0.0033101089418552344 
2026-01-21 01:35:36,640 :   263/   21 dest_loss=0.030597 future_loss=0.023168 offset_loss=0.026072 kld=0.024747 cd=-0.057698 en_pos=6.259503 en_neg=6.317201 pcd=True subgoal_reg=0.0028022457835681757 
2026-01-21 01:35:52,244 :   269/   21 dest_loss=0.036414 future_loss=0.027579 offset_loss=0.025543 kld=0.024224 cd=-0.062459 en_pos=6.475266 en_neg=6.537725 pcd=True subgoal_reg=0.0026570875684114818 
2026-01-21 01:36:07,651 :   275/   21 dest_loss=0.092861 future_loss=0.086066 offset_loss=0.061616 kld=0.025108 cd=0.049297 en_pos=6.389410 en_neg=6.340114 pcd=True subgoal_reg=0.0025228279168797944 
2026-01-21 01:36:23,235 :   281/   21 dest_loss=0.056641 future_loss=0.049390 offset_loss=0.080659 kld=0.023748 cd=-0.029971 en_pos=6.365399 en_neg=6.395370 pcd=True subgoal_reg=0.0028170019038686036 
2026-01-21 01:36:38,782 :   287/   21 dest_loss=0.226728 future_loss=0.190488 offset_loss=0.110113 kld=0.028687 cd=-0.143789 en_pos=6.532730 en_neg=6.676519 pcd=True subgoal_reg=0.0027401816390500407 
2026-01-21 01:36:54,321 :   293/   21 dest_loss=0.033348 future_loss=0.024482 offset_loss=0.028054 kld=0.023805 cd=-0.159282 en_pos=6.297233 en_neg=6.456515 pcd=True subgoal_reg=0.0029695328115744804 
2026-01-21 01:37:09,915 :   299/   21 dest_loss=0.036833 future_loss=0.024415 offset_loss=0.035424 kld=0.023987 cd=0.190145 en_pos=6.520181 en_neg=6.330037 pcd=True subgoal_reg=0.003307880493616361 
2026-01-21 01:37:25,461 :   305/   21 dest_loss=0.026089 future_loss=0.018981 offset_loss=0.023295 kld=0.023473 cd=0.036875 en_pos=6.485467 en_neg=6.448592 pcd=True subgoal_reg=0.003125284112009047 
2026-01-21 01:37:41,092 :   311/   21 dest_loss=0.034202 future_loss=0.024800 offset_loss=0.029603 kld=0.023916 cd=0.123571 en_pos=6.621976 en_neg=6.498405 pcd=True subgoal_reg=0.0031594556471703245 
2026-01-21 01:37:56,672 :   317/   21 dest_loss=0.036544 future_loss=0.026025 offset_loss=0.030278 kld=0.024242 cd=0.054266 en_pos=6.468376 en_neg=6.414110 pcd=True subgoal_reg=0.0033260701784713956 
2026-01-21 01:38:12,237 :   323/   21 dest_loss=0.031858 future_loss=0.023483 offset_loss=0.027471 kld=0.023290 cd=-0.034152 en_pos=6.382624 en_neg=6.416777 pcd=True subgoal_reg=0.002806257402141384 
2026-01-21 01:38:27,797 :   329/   21 dest_loss=0.032677 future_loss=0.024247 offset_loss=0.028274 kld=0.024885 cd=-0.201338 en_pos=6.428852 en_neg=6.630191 pcd=True subgoal_reg=0.0027827194803899877 
2026-01-21 01:38:43,406 :   335/   21 dest_loss=0.036345 future_loss=0.026255 offset_loss=0.030708 kld=0.026211 cd=-0.237384 en_pos=6.500612 en_neg=6.737996 pcd=True subgoal_reg=0.0033420959298871146 
2026-01-21 01:38:58,995 :   341/   21 dest_loss=0.030758 future_loss=0.021092 offset_loss=0.029975 kld=0.023159 cd=-0.087437 en_pos=6.411809 en_neg=6.499245 pcd=True subgoal_reg=0.0029715723409775964 
2026-01-21 01:39:14,577 :   347/   21 dest_loss=0.039529 future_loss=0.029008 offset_loss=0.027898 kld=0.023579 cd=-0.023816 en_pos=6.479425 en_neg=6.503241 pcd=True subgoal_reg=0.003122223584399238 
2026-01-21 01:39:29,948 :   353/   21 dest_loss=0.031644 future_loss=0.022149 offset_loss=0.029281 kld=0.024105 cd=-0.082081 en_pos=6.299278 en_neg=6.381360 pcd=True subgoal_reg=0.0029362097699085605 
2026-01-21 01:39:45,480 :   359/   21 dest_loss=0.032300 future_loss=0.022969 offset_loss=0.028950 kld=0.024879 cd=0.102655 en_pos=6.562526 en_neg=6.459871 pcd=True subgoal_reg=0.0032012326087070423 
2026-01-21 01:40:01,092 :   365/   21 dest_loss=0.033394 future_loss=0.022795 offset_loss=0.030797 kld=0.023624 cd=-0.159965 en_pos=6.576446 en_neg=6.736411 pcd=True subgoal_reg=0.00299867063519799 
2026-01-21 01:40:16,689 :   371/   21 dest_loss=0.029324 future_loss=0.021276 offset_loss=0.028872 kld=0.024844 cd=-0.391781 en_pos=6.287397 en_neg=6.679178 pcd=True subgoal_reg=0.002780438465552769 
2026-01-21 01:40:32,284 :   377/   21 dest_loss=0.121674 future_loss=0.079086 offset_loss=0.105650 kld=0.023229 cd=0.037491 en_pos=6.478355 en_neg=6.440864 pcd=True subgoal_reg=0.0031821597871011897 
2026-01-21 01:40:47,846 :   383/   21 dest_loss=0.033886 future_loss=0.024207 offset_loss=0.030164 kld=0.024446 cd=-0.093475 en_pos=6.496808 en_neg=6.590283 pcd=True subgoal_reg=0.002806928490007567 
2026-01-21 01:41:03,390 :   389/   21 dest_loss=0.029963 future_loss=0.021730 offset_loss=0.026865 kld=0.023963 cd=0.215713 en_pos=6.725640 en_neg=6.509928 pcd=True subgoal_reg=0.0031189366355246118 
2026-01-21 01:41:19,064 :   395/   21 dest_loss=0.029735 future_loss=0.021244 offset_loss=0.026770 kld=0.023986 cd=-0.219959 en_pos=6.368912 en_neg=6.588871 pcd=True subgoal_reg=0.00289950619546987 
2026-01-21 01:41:34,737 :   401/   21 dest_loss=0.033222 future_loss=0.023435 offset_loss=0.028302 kld=0.024089 cd=-0.007510 en_pos=6.461363 en_neg=6.468873 pcd=True subgoal_reg=0.002853123071474552 
2026-01-21 01:41:50,306 :   407/   21 dest_loss=0.034279 future_loss=0.025487 offset_loss=0.027678 kld=0.023752 cd=-0.001419 en_pos=6.420446 en_neg=6.421866 pcd=True subgoal_reg=0.0027293911602203156 
2026-01-21 01:42:05,793 :   413/   21 dest_loss=0.026977 future_loss=0.019794 offset_loss=0.025046 kld=0.023509 cd=0.163665 en_pos=6.490694 en_neg=6.327029 pcd=True subgoal_reg=0.0027116352279453314 
2026-01-21 01:42:21,344 :   419/   21 dest_loss=0.031470 future_loss=0.021809 offset_loss=0.025814 kld=0.023425 cd=-0.155520 en_pos=6.393465 en_neg=6.548985 pcd=True subgoal_reg=0.003070499737599727 
2026-01-21 01:42:36,938 :   425/   21 dest_loss=0.036281 future_loss=0.025015 offset_loss=0.030022 kld=0.023675 cd=-0.215974 en_pos=6.431490 en_neg=6.647464 pcd=True subgoal_reg=0.0031397681481424664 
2026-01-21 01:42:52,316 :   431/   21 dest_loss=0.030540 future_loss=0.021160 offset_loss=0.027690 kld=0.023483 cd=0.166098 en_pos=6.478356 en_neg=6.312258 pcd=True subgoal_reg=0.003152709011708008 
2026-01-21 01:43:07,855 :   437/   21 dest_loss=0.031228 future_loss=0.022122 offset_loss=0.026911 kld=0.024351 cd=0.090861 en_pos=6.338800 en_neg=6.247939 pcd=True subgoal_reg=0.003016664654362295 
2026-01-21 01:43:23,460 :   443/   21 dest_loss=0.035199 future_loss=0.022575 offset_loss=0.036265 kld=0.023548 cd=-0.060714 en_pos=6.412967 en_neg=6.473681 pcd=True subgoal_reg=0.0028891232498034075 
2026-01-21 01:43:39,030 :   449/   21 dest_loss=0.031455 future_loss=0.022632 offset_loss=0.026996 kld=0.023043 cd=-0.259120 en_pos=6.392270 en_neg=6.651391 pcd=True subgoal_reg=0.0027159578849729046 
2026-01-21 01:43:54,653 :   455/   21 dest_loss=0.029963 future_loss=0.021760 offset_loss=0.027003 kld=0.025214 cd=0.080488 en_pos=6.587169 en_neg=6.506681 pcd=True subgoal_reg=0.0027939213724977154 
2026-01-21 01:44:10,245 :   461/   21 dest_loss=0.031925 future_loss=0.022879 offset_loss=0.027215 kld=0.024025 cd=-0.053946 en_pos=6.428863 en_neg=6.482810 pcd=True subgoal_reg=0.0025615638876802195 
2026-01-21 01:44:25,774 :   467/   21 dest_loss=0.029745 future_loss=0.021773 offset_loss=0.024990 kld=0.023061 cd=-0.246135 en_pos=6.331691 en_neg=6.577826 pcd=True subgoal_reg=0.0030465275404434524 
2026-01-21 01:44:41,421 :   473/   21 dest_loss=0.030429 future_loss=0.020967 offset_loss=0.027314 kld=0.023709 cd=0.056023 en_pos=6.292317 en_neg=6.236293 pcd=True subgoal_reg=0.0031597985153992833 
2026-01-21 01:44:57,369 :   479/   21 dest_loss=0.028469 future_loss=0.020713 offset_loss=0.025222 kld=0.023563 cd=-0.038876 en_pos=6.534890 en_neg=6.573766 pcd=True subgoal_reg=0.0035940004811244853 
2026-01-21 01:45:13,261 :   485/   21 dest_loss=0.034815 future_loss=0.024834 offset_loss=0.031244 kld=0.025087 cd=0.033351 en_pos=6.530986 en_neg=6.497635 pcd=True subgoal_reg=0.003481124737343632 
2026-01-21 01:45:28,928 :   491/   21 dest_loss=0.051750 future_loss=0.046949 offset_loss=0.033562 kld=0.025665 cd=-0.067316 en_pos=6.440097 en_neg=6.507413 pcd=True subgoal_reg=0.0030835018953513822 
2026-01-21 01:45:44,511 :   497/   21 dest_loss=0.029862 future_loss=0.020114 offset_loss=0.029626 kld=0.023867 cd=-0.227616 en_pos=6.374619 en_neg=6.602235 pcd=True subgoal_reg=0.002985063933543021 
2026-01-21 01:46:00,179 :   503/   21 dest_loss=0.030954 future_loss=0.022333 offset_loss=0.027416 kld=0.024307 cd=0.093764 en_pos=6.273339 en_neg=6.179576 pcd=True subgoal_reg=0.0028873825183796985 
2026-01-21 01:46:15,537 :   509/   21 dest_loss=0.034043 future_loss=0.025205 offset_loss=0.028455 kld=0.024885 cd=0.008047 en_pos=6.511769 en_neg=6.503722 pcd=True subgoal_reg=0.002737949197430422 
2026-01-21 01:47:50,664 : Train Loss 92.03573617814122
2026-01-21 01:47:50,664 : Overall Loss 18.988460489467183
2026-01-21 01:47:50,664 : Dest Loss 24.798000883329813
2026-01-21 01:47:50,665 : Val ADE 0.13053431882882305
2026-01-21 01:47:50,665 : Val FDE 0.144635929327392
2026-01-21 01:47:50,665 : Val Best ADE 0.12186064927082246
2026-01-21 01:47:50,665 : Val Best FDE 0.14897714169704188
2026-01-21 01:47:50,665 : ----->learning rate 0.00015625
2026-01-21 01:48:06,438 :     5/   22 dest_loss=0.028651 future_loss=0.021451 offset_loss=0.025213 kld=0.025042 cd=-0.154814 en_pos=6.334739 en_neg=6.489553 pcd=True subgoal_reg=0.002621914261202823 
2026-01-21 01:48:22,013 :    11/   22 dest_loss=0.031767 future_loss=0.023328 offset_loss=0.027516 kld=0.025947 cd=0.186886 en_pos=6.649132 en_neg=6.462246 pcd=True subgoal_reg=0.0028757005756917375 
2026-01-21 01:48:37,596 :    17/   22 dest_loss=0.034006 future_loss=0.024664 offset_loss=0.027810 kld=0.023811 cd=0.229444 en_pos=6.509838 en_neg=6.280393 pcd=True subgoal_reg=0.0025343509258217586 
2026-01-21 01:48:53,209 :    23/   22 dest_loss=0.033064 future_loss=0.024122 offset_loss=0.026130 kld=0.023679 cd=0.226884 en_pos=6.612509 en_neg=6.385625 pcd=True subgoal_reg=0.002686844564160906 
2026-01-21 01:49:08,864 :    29/   22 dest_loss=0.029927 future_loss=0.022119 offset_loss=0.026666 kld=0.024159 cd=0.040542 en_pos=6.582579 en_neg=6.542037 pcd=True subgoal_reg=0.002859017445827179 
2026-01-21 01:49:24,485 :    35/   22 dest_loss=0.093350 future_loss=0.062454 offset_loss=0.085764 kld=0.024433 cd=0.083440 en_pos=6.483623 en_neg=6.400183 pcd=True subgoal_reg=0.0029625916744352317 
2026-01-21 01:49:39,900 :    41/   22 dest_loss=0.030245 future_loss=0.021983 offset_loss=0.025353 kld=0.024015 cd=-0.008924 en_pos=6.430658 en_neg=6.439582 pcd=True subgoal_reg=0.0029799960138864835 
2026-01-21 01:49:55,514 :    47/   22 dest_loss=0.034409 future_loss=0.026068 offset_loss=0.028403 kld=0.024491 cd=0.006003 en_pos=6.299426 en_neg=6.293424 pcd=True subgoal_reg=0.0025496110401029707 
2026-01-21 01:50:11,140 :    53/   22 dest_loss=0.103487 future_loss=0.097624 offset_loss=0.069182 kld=0.025233 cd=0.024498 en_pos=6.448700 en_neg=6.424202 pcd=True subgoal_reg=0.0026692109246799355 
2026-01-21 01:50:26,843 :    59/   22 dest_loss=0.057978 future_loss=0.049157 offset_loss=0.035152 kld=0.024413 cd=-0.062047 en_pos=6.609016 en_neg=6.671063 pcd=True subgoal_reg=0.0028676535854589734 
2026-01-21 01:50:42,484 :    65/   22 dest_loss=0.028491 future_loss=0.020961 offset_loss=0.026359 kld=0.025517 cd=0.098706 en_pos=6.533293 en_neg=6.434587 pcd=True subgoal_reg=0.0031603971848323874 
2026-01-21 01:50:58,117 :    71/   22 dest_loss=0.029315 future_loss=0.021625 offset_loss=0.025175 kld=0.024051 cd=-0.212367 en_pos=6.337585 en_neg=6.549952 pcd=True subgoal_reg=0.0030107260841224174 
2026-01-21 01:51:13,758 :    77/   22 dest_loss=0.034858 future_loss=0.026497 offset_loss=0.027934 kld=0.025736 cd=0.024579 en_pos=6.561720 en_neg=6.537142 pcd=True subgoal_reg=0.003112440072815835 
2026-01-21 01:51:29,430 :    83/   22 dest_loss=0.029376 future_loss=0.022109 offset_loss=0.024983 kld=0.025290 cd=-0.068945 en_pos=6.481119 en_neg=6.550064 pcd=True subgoal_reg=0.0030890611544923713 
2026-01-21 01:51:45,047 :    89/   22 dest_loss=0.027205 future_loss=0.021129 offset_loss=0.022276 kld=0.024120 cd=0.160034 en_pos=6.356591 en_neg=6.196557 pcd=True subgoal_reg=0.0026591446526458 
2026-01-21 01:52:00,657 :    95/   22 dest_loss=0.034472 future_loss=0.025591 offset_loss=0.026473 kld=0.023576 cd=-0.032057 en_pos=6.380653 en_neg=6.412710 pcd=True subgoal_reg=0.002647603991405204 
2026-01-21 01:52:16,219 :   101/   22 dest_loss=0.030457 future_loss=0.023186 offset_loss=0.024149 kld=0.025015 cd=-0.019392 en_pos=6.603818 en_neg=6.623210 pcd=True subgoal_reg=0.002785385895615636 
2026-01-21 01:52:31,820 :   107/   22 dest_loss=0.029995 future_loss=0.022493 offset_loss=0.025862 kld=0.024932 cd=0.002862 en_pos=6.573071 en_neg=6.570209 pcd=True subgoal_reg=0.0030488777716189365 
2026-01-21 01:52:47,249 :   113/   22 dest_loss=0.033869 future_loss=0.024120 offset_loss=0.027655 kld=0.023042 cd=0.346779 en_pos=6.563716 en_neg=6.216937 pcd=True subgoal_reg=0.0030826645968241957 
2026-01-21 01:53:02,918 :   119/   22 dest_loss=0.030197 future_loss=0.021714 offset_loss=0.025278 kld=0.022578 cd=0.068302 en_pos=6.472847 en_neg=6.404545 pcd=True subgoal_reg=0.00284632263820846 
2026-01-21 01:53:18,495 :   125/   22 dest_loss=0.037472 future_loss=0.028697 offset_loss=0.029630 kld=0.024273 cd=0.263340 en_pos=6.613551 en_neg=6.350211 pcd=True subgoal_reg=0.003097019273675855 
2026-01-21 01:53:34,086 :   131/   22 dest_loss=0.034450 future_loss=0.022646 offset_loss=0.033091 kld=0.023426 cd=-0.163115 en_pos=6.207150 en_neg=6.370265 pcd=True subgoal_reg=0.0027780090359127547 
2026-01-21 01:53:49,676 :   137/   22 dest_loss=0.035389 future_loss=0.026224 offset_loss=0.029396 kld=0.024899 cd=0.075086 en_pos=6.560947 en_neg=6.485862 pcd=True subgoal_reg=0.0029225288324862785 
2026-01-21 01:54:05,302 :   143/   22 dest_loss=0.036513 future_loss=0.024123 offset_loss=0.034017 kld=0.023398 cd=-0.117201 en_pos=6.446012 en_neg=6.563213 pcd=True subgoal_reg=0.0032065746845302634 
2026-01-21 01:54:20,864 :   149/   22 dest_loss=0.033626 future_loss=0.024173 offset_loss=0.027708 kld=0.022985 cd=0.044352 en_pos=6.454850 en_neg=6.410498 pcd=True subgoal_reg=0.0030890877670937903 
2026-01-21 01:54:36,430 :   155/   22 dest_loss=0.073863 future_loss=0.052669 offset_loss=0.107463 kld=0.022845 cd=-0.147001 en_pos=6.297049 en_neg=6.444050 pcd=True subgoal_reg=0.0029345721536610525 
2026-01-21 01:54:52,275 :   161/   22 dest_loss=0.039875 future_loss=0.029647 offset_loss=0.032149 kld=0.024653 cd=-0.121374 en_pos=6.564047 en_neg=6.685421 pcd=True subgoal_reg=0.0029699787857158473 
2026-01-21 01:55:08,375 :   167/   22 dest_loss=0.036891 future_loss=0.027472 offset_loss=0.029199 kld=0.024243 cd=-0.048213 en_pos=6.595021 en_neg=6.643234 pcd=True subgoal_reg=0.00283048489429474 
2026-01-21 01:55:23,963 :   173/   22 dest_loss=0.072339 future_loss=0.055707 offset_loss=0.075646 kld=0.024316 cd=-0.075781 en_pos=6.528790 en_neg=6.604571 pcd=True subgoal_reg=0.0029820519633862487 
2026-01-21 01:55:39,485 :   179/   22 dest_loss=0.031161 future_loss=0.022976 offset_loss=0.026471 kld=0.024379 cd=0.007453 en_pos=6.388487 en_neg=6.381033 pcd=True subgoal_reg=0.0025901045760736924 
2026-01-21 01:55:55,092 :   185/   22 dest_loss=0.034265 future_loss=0.025604 offset_loss=0.025154 kld=0.023461 cd=-0.093138 en_pos=6.442565 en_neg=6.535703 pcd=True subgoal_reg=0.0027323612476643526 
2026-01-21 01:56:10,507 :   191/   22 dest_loss=0.036417 future_loss=0.026922 offset_loss=0.029968 kld=0.024671 cd=0.182951 en_pos=6.502519 en_neg=6.319567 pcd=True subgoal_reg=0.003158427372539156 
2026-01-21 01:56:26,069 :   197/   22 dest_loss=0.029772 future_loss=0.021830 offset_loss=0.025532 kld=0.023923 cd=0.001240 en_pos=6.384729 en_neg=6.383490 pcd=True subgoal_reg=0.0031519255229022084 
2026-01-21 01:56:41,734 :   203/   22 dest_loss=0.037393 future_loss=0.025070 offset_loss=0.034635 kld=0.023855 cd=-0.095052 en_pos=6.242823 en_neg=6.337874 pcd=True subgoal_reg=0.003069735775528775 
2026-01-21 01:56:57,456 :   209/   22 dest_loss=0.031353 future_loss=0.022763 offset_loss=0.026145 kld=0.023765 cd=-0.086913 en_pos=6.521138 en_neg=6.608050 pcd=True subgoal_reg=0.002808953558659441 
2026-01-21 01:57:13,077 :   215/   22 dest_loss=0.032301 future_loss=0.024693 offset_loss=0.023493 kld=0.023479 cd=0.148073 en_pos=6.584489 en_neg=6.436416 pcd=True subgoal_reg=0.0028159134964388763 
2026-01-21 01:57:28,677 :   221/   22 dest_loss=0.030772 future_loss=0.023121 offset_loss=0.025356 kld=0.025107 cd=-0.050668 en_pos=6.455607 en_neg=6.506275 pcd=True subgoal_reg=0.0030038939872506065 
2026-01-21 01:57:44,267 :   227/   22 dest_loss=0.034743 future_loss=0.024796 offset_loss=0.027254 kld=0.025783 cd=-0.122830 en_pos=6.502586 en_neg=6.625416 pcd=True subgoal_reg=0.0030940164997177192 
2026-01-21 01:57:59,826 :   233/   22 dest_loss=0.031419 future_loss=0.023450 offset_loss=0.025662 kld=0.023570 cd=0.223407 en_pos=6.321272 en_neg=6.097865 pcd=True subgoal_reg=0.0030083573896206245 
2026-01-21 01:58:15,432 :   239/   22 dest_loss=0.030250 future_loss=0.021767 offset_loss=0.026461 kld=0.023314 cd=0.220376 en_pos=6.626515 en_neg=6.406139 pcd=True subgoal_reg=0.0031072516618643508 
2026-01-21 01:58:31,029 :   245/   22 dest_loss=0.035007 future_loss=0.025572 offset_loss=0.027285 kld=0.025256 cd=-0.238779 en_pos=6.542033 en_neg=6.780812 pcd=True subgoal_reg=0.0030783277255355974 
2026-01-21 01:58:46,641 :   251/   22 dest_loss=0.032150 future_loss=0.024121 offset_loss=0.027624 kld=0.024371 cd=-0.023467 en_pos=6.298002 en_neg=6.321470 pcd=True subgoal_reg=0.0026831821179630682 
2026-01-21 01:59:02,296 :   257/   22 dest_loss=0.031964 future_loss=0.023868 offset_loss=0.028998 kld=0.025901 cd=0.138508 en_pos=6.605799 en_neg=6.467291 pcd=True subgoal_reg=0.0030215102381089018 
2026-01-21 01:59:17,888 :   263/   22 dest_loss=0.037566 future_loss=0.027558 offset_loss=0.031738 kld=0.025033 cd=-0.032043 en_pos=6.447061 en_neg=6.479104 pcd=True subgoal_reg=0.003262578700205579 
2026-01-21 01:59:33,282 :   269/   22 dest_loss=0.032310 future_loss=0.024555 offset_loss=0.026025 kld=0.024672 cd=-0.207638 en_pos=6.290292 en_neg=6.497931 pcd=True subgoal_reg=0.0027452493578734236 
2026-01-21 01:59:48,883 :   275/   22 dest_loss=0.033295 future_loss=0.024119 offset_loss=0.028148 kld=0.023326 cd=-0.067924 en_pos=6.452185 en_neg=6.520108 pcd=True subgoal_reg=0.0028760126574150797 
2026-01-21 02:00:04,543 :   281/   22 dest_loss=0.035267 future_loss=0.024554 offset_loss=0.033399 kld=0.023970 cd=-0.015578 en_pos=6.404112 en_neg=6.419690 pcd=True subgoal_reg=0.0029542220362146735 
2026-01-21 02:00:20,184 :   287/   22 dest_loss=0.031291 future_loss=0.021433 offset_loss=0.027013 kld=0.023550 cd=0.194847 en_pos=6.473832 en_neg=6.278985 pcd=True subgoal_reg=0.0032415522954058282 
2026-01-21 02:00:35,747 :   293/   22 dest_loss=0.028225 future_loss=0.020624 offset_loss=0.023569 kld=0.022681 cd=0.041830 en_pos=6.447863 en_neg=6.406033 pcd=True subgoal_reg=0.0027522589669012167 
2026-01-21 02:00:51,397 :   299/   22 dest_loss=0.109014 future_loss=0.064557 offset_loss=0.110442 kld=0.024202 cd=-0.092248 en_pos=6.456424 en_neg=6.548671 pcd=True subgoal_reg=0.0031975764809779005 
2026-01-21 02:01:07,064 :   305/   22 dest_loss=0.026434 future_loss=0.019697 offset_loss=0.020071 kld=0.023318 cd=0.137170 en_pos=6.669687 en_neg=6.532516 pcd=True subgoal_reg=0.0027320311214378374 
2026-01-21 02:01:22,698 :   311/   22 dest_loss=0.029257 future_loss=0.022132 offset_loss=0.022914 kld=0.025375 cd=0.226660 en_pos=6.622598 en_neg=6.395937 pcd=True subgoal_reg=0.0030407106262078307 
2026-01-21 02:01:38,307 :   317/   22 dest_loss=0.034148 future_loss=0.025563 offset_loss=0.025706 kld=0.024215 cd=0.059201 en_pos=6.400087 en_neg=6.340886 pcd=True subgoal_reg=0.002694774331366721 
2026-01-21 02:01:53,909 :   323/   22 dest_loss=0.040186 future_loss=0.030065 offset_loss=0.029161 kld=0.025219 cd=-0.012849 en_pos=6.450193 en_neg=6.463042 pcd=True subgoal_reg=0.0028061937511988317 
2026-01-21 02:02:09,562 :   329/   22 dest_loss=0.037627 future_loss=0.028587 offset_loss=0.029208 kld=0.024468 cd=0.041894 en_pos=6.374619 en_neg=6.332724 pcd=True subgoal_reg=0.0031318259954167503 
2026-01-21 02:02:25,181 :   335/   22 dest_loss=0.032912 future_loss=0.023857 offset_loss=0.028255 kld=0.024860 cd=-0.168329 en_pos=6.425020 en_neg=6.593349 pcd=True subgoal_reg=0.0032141237415460916 
2026-01-21 02:02:40,795 :   341/   22 dest_loss=0.081562 future_loss=0.080837 offset_loss=0.070166 kld=0.024522 cd=-0.009619 en_pos=6.417565 en_neg=6.427184 pcd=True subgoal_reg=0.003272217550281305 
2026-01-21 02:02:56,288 :   347/   22 dest_loss=0.031092 future_loss=0.022425 offset_loss=0.026057 kld=0.024844 cd=-0.000383 en_pos=6.580204 en_neg=6.580587 pcd=True subgoal_reg=0.003740162285586132 
2026-01-21 02:03:11,966 :   353/   22 dest_loss=0.033231 future_loss=0.023462 offset_loss=0.027546 kld=0.023048 cd=-0.087211 en_pos=6.429602 en_neg=6.516812 pcd=True subgoal_reg=0.0031790605887321056 
2026-01-21 02:03:27,517 :   359/   22 dest_loss=0.030840 future_loss=0.022690 offset_loss=0.025933 kld=0.024198 cd=0.000399 en_pos=6.402947 en_neg=6.402548 pcd=True subgoal_reg=0.0026948039452679025 
2026-01-21 02:03:43,166 :   365/   22 dest_loss=0.033056 future_loss=0.023716 offset_loss=0.027084 kld=0.023891 cd=0.063609 en_pos=6.544422 en_neg=6.480813 pcd=True subgoal_reg=0.0029278689199104405 
2026-01-21 02:03:58,786 :   371/   22 dest_loss=0.035833 future_loss=0.025786 offset_loss=0.028264 kld=0.023196 cd=0.076056 en_pos=6.601559 en_neg=6.525502 pcd=True subgoal_reg=0.0029907580937553017 
2026-01-21 02:04:14,408 :   377/   22 dest_loss=0.032985 future_loss=0.025132 offset_loss=0.025276 kld=0.024801 cd=-0.148109 en_pos=6.364722 en_neg=6.512831 pcd=True subgoal_reg=0.0025096816226430926 
2026-01-21 02:04:30,032 :   383/   22 dest_loss=0.025953 future_loss=0.019990 offset_loss=0.022150 kld=0.024189 cd=0.236833 en_pos=6.550981 en_neg=6.314148 pcd=True subgoal_reg=0.002692232175567317 
2026-01-21 02:04:45,576 :   389/   22 dest_loss=0.034293 future_loss=0.025728 offset_loss=0.027657 kld=0.023407 cd=0.110342 en_pos=6.492064 en_neg=6.381722 pcd=True subgoal_reg=0.0026977715305724365 
2026-01-21 02:05:01,713 :   395/   22 dest_loss=0.029471 future_loss=0.022086 offset_loss=0.023870 kld=0.023006 cd=-0.024786 en_pos=6.419505 en_neg=6.444291 pcd=True subgoal_reg=0.002721457175439864 
2026-01-21 02:05:17,545 :   401/   22 dest_loss=0.033341 future_loss=0.024539 offset_loss=0.025632 kld=0.025891 cd=0.031798 en_pos=6.570271 en_neg=6.538473 pcd=True subgoal_reg=0.0030078538780172444 
2026-01-21 02:05:33,174 :   407/   22 dest_loss=0.027386 future_loss=0.020281 offset_loss=0.019853 kld=0.023531 cd=0.228606 en_pos=6.773578 en_neg=6.544972 pcd=True subgoal_reg=0.0025802489213542085 
2026-01-21 02:05:48,824 :   413/   22 dest_loss=0.035890 future_loss=0.025493 offset_loss=0.031081 kld=0.023267 cd=-0.145189 en_pos=6.260469 en_neg=6.405658 pcd=True subgoal_reg=0.0023478128303644945 
2026-01-21 02:06:04,439 :   419/   22 dest_loss=0.044438 future_loss=0.030799 offset_loss=0.035832 kld=0.024354 cd=-0.088551 en_pos=6.640110 en_neg=6.728661 pcd=True subgoal_reg=0.002847424168039451 
2026-01-21 02:06:19,825 :   425/   22 dest_loss=0.031049 future_loss=0.023181 offset_loss=0.024318 kld=0.025675 cd=-0.015363 en_pos=6.461898 en_neg=6.477260 pcd=True subgoal_reg=0.003062209377749125 
2026-01-21 02:06:35,429 :   431/   22 dest_loss=0.118472 future_loss=0.081798 offset_loss=0.138744 kld=0.026263 cd=-0.059479 en_pos=6.490869 en_neg=6.550348 pcd=True subgoal_reg=0.003137309357483609 
2026-01-21 02:06:51,069 :   437/   22 dest_loss=0.032348 future_loss=0.023667 offset_loss=0.027074 kld=0.024754 cd=0.136460 en_pos=6.492328 en_neg=6.355867 pcd=True subgoal_reg=0.003422338707535222 
2026-01-21 02:07:06,631 :   443/   22 dest_loss=0.028485 future_loss=0.021951 offset_loss=0.022385 kld=0.023632 cd=-0.139245 en_pos=6.371398 en_neg=6.510643 pcd=True subgoal_reg=0.0033360801617409444 
2026-01-21 02:07:22,184 :   449/   22 dest_loss=0.033251 future_loss=0.024989 offset_loss=0.026708 kld=0.023798 cd=-0.056956 en_pos=6.455682 en_neg=6.512638 pcd=True subgoal_reg=0.0030533833432815098 
2026-01-21 02:07:37,773 :   455/   22 dest_loss=0.033221 future_loss=0.025064 offset_loss=0.025425 kld=0.023675 cd=-0.180454 en_pos=6.503029 en_neg=6.683483 pcd=True subgoal_reg=0.0028500547220209112 
2026-01-21 02:07:53,438 :   461/   22 dest_loss=0.036610 future_loss=0.027404 offset_loss=0.029628 kld=0.025398 cd=0.215768 en_pos=6.524287 en_neg=6.308519 pcd=True subgoal_reg=0.003009426622816998 
2026-01-21 02:08:09,007 :   467/   22 dest_loss=0.103673 future_loss=0.066302 offset_loss=0.102301 kld=0.026918 cd=-0.054736 en_pos=6.489494 en_neg=6.544229 pcd=True subgoal_reg=0.002988386544393694 
2026-01-21 02:08:24,642 :   473/   22 dest_loss=0.036672 future_loss=0.026159 offset_loss=0.028303 kld=0.023910 cd=0.072270 en_pos=6.504768 en_neg=6.432498 pcd=True subgoal_reg=0.0028760572205776287 
2026-01-21 02:08:40,316 :   479/   22 dest_loss=0.033266 future_loss=0.025010 offset_loss=0.024741 kld=0.022567 cd=0.010658 en_pos=6.329570 en_neg=6.318913 pcd=True subgoal_reg=0.0026676480555116533 
2026-01-21 02:08:55,959 :   485/   22 dest_loss=0.034011 future_loss=0.022100 offset_loss=0.030580 kld=0.023250 cd=-0.095752 en_pos=6.406949 en_neg=6.502701 pcd=True subgoal_reg=0.003024219569781653 
2026-01-21 02:09:11,614 :   491/   22 dest_loss=0.182729 future_loss=0.133062 offset_loss=0.130349 kld=0.026332 cd=0.076322 en_pos=6.566557 en_neg=6.490236 pcd=True subgoal_reg=0.0033013244810677156 
2026-01-21 02:09:27,191 :   497/   22 dest_loss=0.036877 future_loss=0.025873 offset_loss=0.027532 kld=0.024359 cd=-0.000560 en_pos=6.578477 en_neg=6.579037 pcd=True subgoal_reg=0.0033903600452823697 
2026-01-21 02:09:42,628 :   503/   22 dest_loss=0.037925 future_loss=0.028455 offset_loss=0.029478 kld=0.024256 cd=-0.032451 en_pos=6.455850 en_neg=6.488300 pcd=True subgoal_reg=0.002946590789889028 
2026-01-21 02:09:58,304 :   509/   22 dest_loss=0.028829 future_loss=0.021819 offset_loss=0.022795 kld=0.023781 cd=0.012637 en_pos=6.240369 en_neg=6.227732 pcd=True subgoal_reg=0.0027894409841332764 
2026-01-21 02:11:33,365 : Train Loss 88.57758230774294
2026-01-21 02:11:33,365 : Overall Loss 16.42323049247627
2026-01-21 02:11:33,365 : Dest Loss 21.885815486941443
2026-01-21 02:11:33,365 : Val ADE 0.12119239276903074
2026-01-21 02:11:33,365 : Val FDE 0.14383934085083178
2026-01-21 02:11:33,365 : Val Best ADE 0.12119239276903074
2026-01-21 02:11:33,365 : Val Best FDE 0.14383934085083178
2026-01-21 02:11:33,365 : ----->learning rate 0.00015625
2026-01-21 02:11:49,125 :     5/   23 dest_loss=0.032175 future_loss=0.023732 offset_loss=0.023795 kld=0.023454 cd=0.138454 en_pos=6.423381 en_neg=6.284927 pcd=True subgoal_reg=0.0027150567133104684 
2026-01-21 02:12:04,677 :    11/   23 dest_loss=0.108671 future_loss=0.088777 offset_loss=0.066888 kld=0.026576 cd=0.057083 en_pos=6.596780 en_neg=6.539698 pcd=True subgoal_reg=0.0028339869720145853 
2026-01-21 02:12:20,216 :    17/   23 dest_loss=0.029762 future_loss=0.021233 offset_loss=0.025841 kld=0.023630 cd=0.122118 en_pos=6.555132 en_neg=6.433014 pcd=True subgoal_reg=0.003209823821845154 
2026-01-21 02:12:35,790 :    23/   23 dest_loss=0.037001 future_loss=0.026292 offset_loss=0.028452 kld=0.023577 cd=-0.128299 en_pos=6.502623 en_neg=6.630923 pcd=True subgoal_reg=0.0034614165705482867 
2026-01-21 02:12:51,397 :    29/   23 dest_loss=0.033744 future_loss=0.024953 offset_loss=0.028064 kld=0.023949 cd=-0.079040 en_pos=6.370413 en_neg=6.449453 pcd=True subgoal_reg=0.00311405732250471 
2026-01-21 02:13:06,980 :    35/   23 dest_loss=0.034836 future_loss=0.025206 offset_loss=0.029516 kld=0.023306 cd=0.341794 en_pos=6.578948 en_neg=6.237154 pcd=True subgoal_reg=0.0033800854114083498 
2026-01-21 02:13:22,610 :    41/   23 dest_loss=0.033448 future_loss=0.024116 offset_loss=0.027516 kld=0.023437 cd=-0.104709 en_pos=6.421651 en_neg=6.526360 pcd=True subgoal_reg=0.0029460815957014284 
2026-01-21 02:13:38,247 :    47/   23 dest_loss=0.033248 future_loss=0.023819 offset_loss=0.028684 kld=0.023484 cd=-0.060446 en_pos=6.506102 en_neg=6.566548 pcd=True subgoal_reg=0.0030555237010188993 
2026-01-21 02:13:53,896 :    53/   23 dest_loss=0.037373 future_loss=0.027479 offset_loss=0.030665 kld=0.024770 cd=0.305637 en_pos=6.647380 en_neg=6.341743 pcd=True subgoal_reg=0.003040966951155887 
2026-01-21 02:14:09,486 :    59/   23 dest_loss=0.027238 future_loss=0.020017 offset_loss=0.023699 kld=0.024869 cd=-0.065140 en_pos=6.331652 en_neg=6.396793 pcd=True subgoal_reg=0.0028365872728050878 
2026-01-21 02:14:24,902 :    65/   23 dest_loss=0.034972 future_loss=0.024245 offset_loss=0.028908 kld=0.023073 cd=0.136823 en_pos=6.603019 en_neg=6.466196 pcd=True subgoal_reg=0.0029152499358392715 
2026-01-21 02:14:40,470 :    71/   23 dest_loss=0.029158 future_loss=0.021659 offset_loss=0.026144 kld=0.024618 cd=0.227835 en_pos=6.538856 en_neg=6.311021 pcd=True subgoal_reg=0.0028278546402254415 
2026-01-21 02:14:56,357 :    77/   23 dest_loss=0.036378 future_loss=0.025933 offset_loss=0.029841 kld=0.025420 cd=-0.121010 en_pos=6.414574 en_neg=6.535585 pcd=True subgoal_reg=0.0031851142870894895 
2026-01-21 02:15:12,337 :    83/   23 dest_loss=0.185139 future_loss=0.143430 offset_loss=0.127049 kld=0.027130 cd=-0.177376 en_pos=6.493824 en_neg=6.671201 pcd=True subgoal_reg=0.00319159230367353 
2026-01-21 02:15:27,966 :    89/   23 dest_loss=0.039734 future_loss=0.029902 offset_loss=0.030299 kld=0.025124 cd=-0.011645 en_pos=6.464570 en_neg=6.476215 pcd=True subgoal_reg=0.0027800880789806614 
2026-01-21 02:15:43,566 :    95/   23 dest_loss=0.030307 future_loss=0.022461 offset_loss=0.024680 kld=0.023395 cd=0.173452 en_pos=6.449242 en_neg=6.275790 pcd=True subgoal_reg=0.00252529661704689 
2026-01-21 02:15:59,180 :   101/   23 dest_loss=0.032181 future_loss=0.023256 offset_loss=0.025310 kld=0.024329 cd=0.045572 en_pos=6.477900 en_neg=6.432328 pcd=True subgoal_reg=0.0027149246832279747 
2026-01-21 02:16:14,787 :   107/   23 dest_loss=0.032846 future_loss=0.023617 offset_loss=0.027158 kld=0.024467 cd=-0.157222 en_pos=6.228341 en_neg=6.385563 pcd=True subgoal_reg=0.0026024010846407274 
2026-01-21 02:16:30,437 :   113/   23 dest_loss=0.034549 future_loss=0.025871 offset_loss=0.027166 kld=0.023262 cd=-0.138773 en_pos=6.470394 en_neg=6.609167 pcd=True subgoal_reg=0.002924795689651833 
2026-01-21 02:16:46,071 :   119/   23 dest_loss=0.032932 future_loss=0.022814 offset_loss=0.027620 kld=0.023345 cd=0.207887 en_pos=6.746728 en_neg=6.538841 pcd=True subgoal_reg=0.0031252435901417 
2026-01-21 02:17:01,694 :   125/   23 dest_loss=0.036362 future_loss=0.026110 offset_loss=0.030260 kld=0.024324 cd=0.089598 en_pos=6.493986 en_neg=6.404388 pcd=True subgoal_reg=0.003309453871048471 
2026-01-21 02:17:17,355 :   131/   23 dest_loss=0.034001 future_loss=0.025147 offset_loss=0.030273 kld=0.024812 cd=-0.452361 en_pos=6.231210 en_neg=6.683571 pcd=True subgoal_reg=0.0030975056814002803 
2026-01-21 02:17:32,922 :   137/   23 dest_loss=0.036108 future_loss=0.026762 offset_loss=0.031176 kld=0.026021 cd=0.016466 en_pos=6.519777 en_neg=6.503311 pcd=True subgoal_reg=0.0032961510205757813 
2026-01-21 02:17:48,333 :   143/   23 dest_loss=0.030462 future_loss=0.021857 offset_loss=0.026305 kld=0.024592 cd=0.174102 en_pos=6.471245 en_neg=6.297144 pcd=True subgoal_reg=0.0029908435250325946 
2026-01-21 02:18:03,988 :   149/   23 dest_loss=0.035037 future_loss=0.025283 offset_loss=0.028783 kld=0.024518 cd=-0.228322 en_pos=6.483709 en_neg=6.712031 pcd=True subgoal_reg=0.0032006247675141607 
2026-01-21 02:18:19,645 :   155/   23 dest_loss=0.032029 future_loss=0.023892 offset_loss=0.026637 kld=0.024902 cd=0.118652 en_pos=6.690223 en_neg=6.571571 pcd=True subgoal_reg=0.003134205622367483 
2026-01-21 02:18:35,423 :   161/   23 dest_loss=0.041560 future_loss=0.029729 offset_loss=0.032666 kld=0.024921 cd=0.213502 en_pos=6.535368 en_neg=6.321867 pcd=True subgoal_reg=0.0030680465665929744 
2026-01-21 02:18:51,073 :   167/   23 dest_loss=0.033295 future_loss=0.023784 offset_loss=0.026908 kld=0.023630 cd=-0.066846 en_pos=6.585965 en_neg=6.652812 pcd=True subgoal_reg=0.003111268843372695 
2026-01-21 02:19:06,750 :   173/   23 dest_loss=0.074849 future_loss=0.075995 offset_loss=0.052606 kld=0.024686 cd=-0.038883 en_pos=6.542363 en_neg=6.581246 pcd=True subgoal_reg=0.003134672201677596 
2026-01-21 02:19:22,442 :   179/   23 dest_loss=0.077283 future_loss=0.076304 offset_loss=0.046273 kld=0.024306 cd=-0.120353 en_pos=6.271935 en_neg=6.392289 pcd=True subgoal_reg=0.0030676406641162906 
2026-01-21 02:19:38,086 :   185/   23 dest_loss=0.037806 future_loss=0.026897 offset_loss=0.026865 kld=0.024526 cd=-0.120996 en_pos=6.582942 en_neg=6.703938 pcd=True subgoal_reg=0.0033579233314787074 
2026-01-21 02:19:53,788 :   191/   23 dest_loss=0.031126 future_loss=0.020947 offset_loss=0.025383 kld=0.024922 cd=-0.024167 en_pos=6.492480 en_neg=6.516647 pcd=True subgoal_reg=0.003352657143264328 
2026-01-21 02:20:09,410 :   197/   23 dest_loss=0.035956 future_loss=0.025061 offset_loss=0.028826 kld=0.024269 cd=-0.141230 en_pos=6.401887 en_neg=6.543117 pcd=True subgoal_reg=0.003290860534520494 
2026-01-21 02:20:25,025 :   203/   23 dest_loss=0.056886 future_loss=0.052983 offset_loss=0.039451 kld=0.024694 cd=-0.026151 en_pos=6.623091 en_neg=6.649242 pcd=True subgoal_reg=0.003167075620601198 
2026-01-21 02:20:40,605 :   209/   23 dest_loss=0.032420 future_loss=0.022634 offset_loss=0.027042 kld=0.024590 cd=-0.154681 en_pos=6.444760 en_neg=6.599442 pcd=True subgoal_reg=0.003102158890301251 
2026-01-21 02:20:56,220 :   215/   23 dest_loss=0.039687 future_loss=0.030028 offset_loss=0.025410 kld=0.023503 cd=-0.242269 en_pos=6.336557 en_neg=6.578826 pcd=True subgoal_reg=0.0026851518646428935 
2026-01-21 02:21:11,670 :   221/   23 dest_loss=0.030969 future_loss=0.022870 offset_loss=0.024610 kld=0.022566 cd=-0.028406 en_pos=6.386920 en_neg=6.415326 pcd=True subgoal_reg=0.002604651945367162 
2026-01-21 02:21:27,296 :   227/   23 dest_loss=0.035726 future_loss=0.026345 offset_loss=0.029466 kld=0.023291 cd=0.061956 en_pos=6.267378 en_neg=6.205422 pcd=True subgoal_reg=0.002758593145538915 
2026-01-21 02:21:42,931 :   233/   23 dest_loss=0.035272 future_loss=0.026781 offset_loss=0.027484 kld=0.024402 cd=-0.101402 en_pos=6.398446 en_neg=6.499847 pcd=True subgoal_reg=0.0028198304289997382 
2026-01-21 02:21:58,575 :   239/   23 dest_loss=0.035826 future_loss=0.026986 offset_loss=0.026662 kld=0.024092 cd=-0.334971 en_pos=6.342918 en_neg=6.677889 pcd=True subgoal_reg=0.0025650354058073164 
2026-01-21 02:22:14,169 :   245/   23 dest_loss=0.032106 future_loss=0.024183 offset_loss=0.025892 kld=0.025226 cd=0.039793 en_pos=6.481699 en_neg=6.441906 pcd=True subgoal_reg=0.0031281021600047055 
2026-01-21 02:22:29,787 :   251/   23 dest_loss=0.030401 future_loss=0.021959 offset_loss=0.025813 kld=0.023144 cd=0.046174 en_pos=6.440329 en_neg=6.394155 pcd=True subgoal_reg=0.0028791886387365 
2026-01-21 02:22:45,434 :   257/   23 dest_loss=0.030164 future_loss=0.022147 offset_loss=0.024081 kld=0.023491 cd=0.050293 en_pos=6.587605 en_neg=6.537312 pcd=True subgoal_reg=0.0030356548525706786 
2026-01-21 02:23:01,055 :   263/   23 dest_loss=0.035371 future_loss=0.024588 offset_loss=0.028797 kld=0.024160 cd=0.135082 en_pos=6.621742 en_neg=6.486660 pcd=True subgoal_reg=0.003164350520805925 
2026-01-21 02:23:16,665 :   269/   23 dest_loss=0.027065 future_loss=0.020426 offset_loss=0.022912 kld=0.024464 cd=0.028721 en_pos=6.409120 en_neg=6.380398 pcd=True subgoal_reg=0.002729476550893811 
2026-01-21 02:23:32,331 :   275/   23 dest_loss=0.030570 future_loss=0.022222 offset_loss=0.023233 kld=0.023061 cd=0.142636 en_pos=6.489992 en_neg=6.347357 pcd=True subgoal_reg=0.0030410315798050005 
2026-01-21 02:23:47,895 :   281/   23 dest_loss=0.100394 future_loss=0.065585 offset_loss=0.118603 kld=0.025932 cd=-0.281666 en_pos=6.430691 en_neg=6.712357 pcd=True subgoal_reg=0.0028864611226716696 
2026-01-21 02:24:03,499 :   287/   23 dest_loss=0.029198 future_loss=0.021778 offset_loss=0.024193 kld=0.023200 cd=-0.037394 en_pos=6.421505 en_neg=6.458899 pcd=True subgoal_reg=0.0026020745764609764 
2026-01-21 02:24:19,110 :   293/   23 dest_loss=0.025913 future_loss=0.019291 offset_loss=0.022125 kld=0.024080 cd=0.069062 en_pos=6.422851 en_neg=6.353789 pcd=True subgoal_reg=0.002705197069236973 
2026-01-21 02:24:34,525 :   299/   23 dest_loss=0.035090 future_loss=0.024967 offset_loss=0.025464 kld=0.023779 cd=0.009546 en_pos=6.757819 en_neg=6.748273 pcd=True subgoal_reg=0.0030217375939563464 
2026-01-21 02:24:50,322 :   305/   23 dest_loss=0.030375 future_loss=0.022703 offset_loss=0.023421 kld=0.024403 cd=-0.003358 en_pos=6.602779 en_neg=6.606137 pcd=True subgoal_reg=0.0031217929696109384 
2026-01-21 02:25:06,364 :   311/   23 dest_loss=0.033170 future_loss=0.025283 offset_loss=0.024628 kld=0.023075 cd=-0.003058 en_pos=6.529103 en_neg=6.532161 pcd=True subgoal_reg=0.002978428704664755 
2026-01-21 02:25:22,156 :   317/   23 dest_loss=0.033327 future_loss=0.024174 offset_loss=0.025196 kld=0.024698 cd=-0.164580 en_pos=6.365992 en_neg=6.530572 pcd=True subgoal_reg=0.003054137372178309 
2026-01-21 02:25:37,777 :   323/   23 dest_loss=0.028084 future_loss=0.021414 offset_loss=0.024574 kld=0.022917 cd=-0.076303 en_pos=6.271613 en_neg=6.347916 pcd=True subgoal_reg=0.0027868273797773823 
2026-01-21 02:25:53,456 :   329/   23 dest_loss=0.029670 future_loss=0.021529 offset_loss=0.024978 kld=0.024409 cd=-0.140009 en_pos=6.473438 en_neg=6.613447 pcd=True subgoal_reg=0.0030548321482003283 
2026-01-21 02:26:09,120 :   335/   23 dest_loss=0.035527 future_loss=0.023973 offset_loss=0.033054 kld=0.024501 cd=0.086231 en_pos=6.599024 en_neg=6.512793 pcd=True subgoal_reg=0.0031822486258779254 
2026-01-21 02:26:24,712 :   341/   23 dest_loss=0.036590 future_loss=0.026804 offset_loss=0.028459 kld=0.025415 cd=0.017575 en_pos=6.504278 en_neg=6.486703 pcd=True subgoal_reg=0.0027883345222670555 
2026-01-21 02:26:40,277 :   347/   23 dest_loss=0.033600 future_loss=0.025252 offset_loss=0.025469 kld=0.023649 cd=-0.025231 en_pos=6.652677 en_neg=6.677908 pcd=True subgoal_reg=0.002971935424447817 
2026-01-21 02:26:55,922 :   353/   23 dest_loss=0.028475 future_loss=0.020987 offset_loss=0.022419 kld=0.023281 cd=-0.178734 en_pos=6.402591 en_neg=6.581325 pcd=True subgoal_reg=0.0027642553621057987 
2026-01-21 02:27:11,516 :   359/   23 dest_loss=0.146105 future_loss=0.125098 offset_loss=0.097673 kld=0.026214 cd=0.159376 en_pos=6.689499 en_neg=6.530123 pcd=True subgoal_reg=0.0033227637880254447 
2026-01-21 02:27:27,151 :   365/   23 dest_loss=0.039422 future_loss=0.028421 offset_loss=0.031962 kld=0.024941 cd=0.115622 en_pos=6.530355 en_neg=6.414733 pcd=True subgoal_reg=0.0030590339932462466 
2026-01-21 02:27:42,742 :   371/   23 dest_loss=0.033772 future_loss=0.021639 offset_loss=0.032259 kld=0.023578 cd=0.181459 en_pos=6.450735 en_neg=6.269275 pcd=True subgoal_reg=0.003281506580235156 
2026-01-21 02:27:58,208 :   377/   23 dest_loss=0.076997 future_loss=0.060849 offset_loss=0.044910 kld=0.024391 cd=-0.128668 en_pos=6.434146 en_neg=6.562814 pcd=True subgoal_reg=0.0031249577625371613 
2026-01-21 02:28:13,857 :   383/   23 dest_loss=0.034001 future_loss=0.024610 offset_loss=0.029569 kld=0.025208 cd=0.320117 en_pos=6.778486 en_neg=6.458369 pcd=True subgoal_reg=0.0030586315180871726 
2026-01-21 02:28:29,407 :   389/   23 dest_loss=0.082795 future_loss=0.067882 offset_loss=0.081321 kld=0.022905 cd=0.168759 en_pos=6.503473 en_neg=6.334714 pcd=True subgoal_reg=0.002736362085086547 
2026-01-21 02:28:45,006 :   395/   23 dest_loss=0.031833 future_loss=0.024557 offset_loss=0.022370 kld=0.023560 cd=0.172322 en_pos=6.590682 en_neg=6.418360 pcd=True subgoal_reg=0.0028101639376434734 
2026-01-21 02:29:00,645 :   401/   23 dest_loss=0.031967 future_loss=0.023192 offset_loss=0.024974 kld=0.023352 cd=-0.054668 en_pos=6.329471 en_neg=6.384139 pcd=True subgoal_reg=0.0028099747899355196 
2026-01-21 02:29:16,248 :   407/   23 dest_loss=0.033805 future_loss=0.025831 offset_loss=0.026650 kld=0.024318 cd=0.119304 en_pos=6.431544 en_neg=6.312240 pcd=True subgoal_reg=0.0030985144821525537 
2026-01-21 02:29:31,892 :   413/   23 dest_loss=0.031802 future_loss=0.023333 offset_loss=0.026179 kld=0.024417 cd=0.083144 en_pos=6.586828 en_neg=6.503684 pcd=True subgoal_reg=0.0030608634361471215 
2026-01-21 02:29:47,539 :   419/   23 dest_loss=0.031937 future_loss=0.021027 offset_loss=0.030475 kld=0.023517 cd=-0.208200 en_pos=6.273667 en_neg=6.481867 pcd=True subgoal_reg=0.00273380313412418 
2026-01-21 02:30:03,217 :   425/   23 dest_loss=0.034204 future_loss=0.026149 offset_loss=0.025824 kld=0.023462 cd=-0.006934 en_pos=6.513071 en_neg=6.520004 pcd=True subgoal_reg=0.0030305643675209047 
2026-01-21 02:30:18,880 :   431/   23 dest_loss=0.035502 future_loss=0.025018 offset_loss=0.028809 kld=0.024312 cd=-0.009105 en_pos=6.387373 en_neg=6.396478 pcd=True subgoal_reg=0.0027393146632278937 
2026-01-21 02:30:34,484 :   437/   23 dest_loss=0.037208 future_loss=0.026858 offset_loss=0.030644 kld=0.023645 cd=-0.025076 en_pos=6.528992 en_neg=6.554068 pcd=True subgoal_reg=0.0028214679225637466 
2026-01-21 02:30:50,132 :   443/   23 dest_loss=0.032081 future_loss=0.022586 offset_loss=0.027331 kld=0.026101 cd=-0.170327 en_pos=6.398958 en_neg=6.569285 pcd=True subgoal_reg=0.0030846548362319795 
2026-01-21 02:31:05,753 :   449/   23 dest_loss=0.033678 future_loss=0.023958 offset_loss=0.027171 kld=0.022915 cd=0.030447 en_pos=6.496726 en_neg=6.466279 pcd=True subgoal_reg=0.002999727733978409 
2026-01-21 02:31:21,168 :   455/   23 dest_loss=0.028817 future_loss=0.020433 offset_loss=0.026268 kld=0.023038 cd=-0.020226 en_pos=6.456502 en_neg=6.476728 pcd=True subgoal_reg=0.0029231449533824306 
2026-01-21 02:31:36,831 :   461/   23 dest_loss=0.023903 future_loss=0.017089 offset_loss=0.021539 kld=0.023960 cd=-0.035421 en_pos=6.455795 en_neg=6.491217 pcd=True subgoal_reg=0.0030607036415003707 
2026-01-21 02:31:52,429 :   467/   23 dest_loss=0.037028 future_loss=0.024810 offset_loss=0.034404 kld=0.023812 cd=0.052870 en_pos=6.324868 en_neg=6.271999 pcd=True subgoal_reg=0.002636152320103756 
2026-01-21 02:32:08,065 :   473/   23 dest_loss=0.034659 future_loss=0.025087 offset_loss=0.025912 kld=0.023329 cd=-0.033100 en_pos=6.487175 en_neg=6.520275 pcd=True subgoal_reg=0.0029834757829128745 
2026-01-21 02:32:23,634 :   479/   23 dest_loss=0.031554 future_loss=0.021688 offset_loss=0.027570 kld=0.023456 cd=0.368340 en_pos=6.782295 en_neg=6.413955 pcd=True subgoal_reg=0.0029700112331143714 
2026-01-21 02:32:39,212 :   485/   23 dest_loss=0.031895 future_loss=0.022379 offset_loss=0.026753 kld=0.023909 cd=0.060602 en_pos=6.470872 en_neg=6.410270 pcd=True subgoal_reg=0.0027761836729287164 
2026-01-21 02:32:54,917 :   491/   23 dest_loss=0.031300 future_loss=0.024271 offset_loss=0.021871 kld=0.023323 cd=-0.107665 en_pos=6.538453 en_neg=6.646119 pcd=True subgoal_reg=0.002559118512109708 
2026-01-21 02:33:10,522 :   497/   23 dest_loss=0.033859 future_loss=0.025176 offset_loss=0.024037 kld=0.023607 cd=0.043589 en_pos=6.479317 en_neg=6.435728 pcd=True subgoal_reg=0.0028166524667554015 
2026-01-21 02:33:26,180 :   503/   23 dest_loss=0.035119 future_loss=0.025270 offset_loss=0.028565 kld=0.025107 cd=0.219250 en_pos=6.718617 en_neg=6.499368 pcd=True subgoal_reg=0.00309214224184634 
2026-01-21 02:33:41,756 :   509/   23 dest_loss=0.028947 future_loss=0.021133 offset_loss=0.024770 kld=0.023606 cd=-0.009666 en_pos=6.465980 en_neg=6.475646 pcd=True subgoal_reg=0.0028213511438161002 
2026-01-21 02:35:17,271 : Train Loss 90.06892154371947
2026-01-21 02:35:17,272 : Overall Loss 17.446030635712265
2026-01-21 02:35:17,272 : Dest Loss 22.893220578708426
2026-01-21 02:35:17,272 : Val ADE 0.12870945365330452
2026-01-21 02:35:17,272 : Val FDE 0.14132761174469702
2026-01-21 02:35:17,272 : Val Best ADE 0.12119239276903074
2026-01-21 02:35:17,272 : Val Best FDE 0.14383934085083178
2026-01-21 02:35:17,272 : ----->learning rate 0.00015625
2026-01-21 02:35:33,136 :     5/   24 dest_loss=0.031149 future_loss=0.023301 offset_loss=0.027490 kld=0.024767 cd=-0.055511 en_pos=6.340645 en_neg=6.396155 pcd=True subgoal_reg=0.0027631149031445102 
2026-01-21 02:35:48,772 :    11/   24 dest_loss=0.081752 future_loss=0.077759 offset_loss=0.052809 kld=0.024567 cd=-0.066299 en_pos=6.394522 en_neg=6.460822 pcd=True subgoal_reg=0.0028381962730523727 
2026-01-21 02:36:04,391 :    17/   24 dest_loss=0.117381 future_loss=0.087727 offset_loss=0.092788 kld=0.024030 cd=0.162659 en_pos=6.575215 en_neg=6.412556 pcd=True subgoal_reg=0.002975215902811394 
2026-01-21 02:36:19,988 :    23/   24 dest_loss=0.142336 future_loss=0.117591 offset_loss=0.118065 kld=0.024457 cd=0.012193 en_pos=6.378296 en_neg=6.366102 pcd=True subgoal_reg=0.002898591225314685 
2026-01-21 02:36:35,606 :    29/   24 dest_loss=0.033221 future_loss=0.023268 offset_loss=0.026262 kld=0.025046 cd=-0.067082 en_pos=6.429353 en_neg=6.496435 pcd=True subgoal_reg=0.0029133400098392903 
2026-01-21 02:36:51,221 :    35/   24 dest_loss=0.033507 future_loss=0.024862 offset_loss=0.026643 kld=0.025599 cd=0.145602 en_pos=6.701997 en_neg=6.556395 pcd=True subgoal_reg=0.003056102262622391 
2026-01-21 02:37:06,828 :    41/   24 dest_loss=0.038797 future_loss=0.025261 offset_loss=0.035162 kld=0.024365 cd=-0.125495 en_pos=6.500221 en_neg=6.625716 pcd=True subgoal_reg=0.002929177607365547 
2026-01-21 02:37:22,454 :    47/   24 dest_loss=0.101753 future_loss=0.065238 offset_loss=0.100380 kld=0.024594 cd=-0.149986 en_pos=6.448242 en_neg=6.598228 pcd=True subgoal_reg=0.002624720278138538 
2026-01-21 02:37:38,110 :    53/   24 dest_loss=0.032614 future_loss=0.023466 offset_loss=0.026968 kld=0.024256 cd=-0.021033 en_pos=6.454882 en_neg=6.475915 pcd=True subgoal_reg=0.0027705800849818015 
2026-01-21 02:37:53,718 :    59/   24 dest_loss=0.034793 future_loss=0.024865 offset_loss=0.028291 kld=0.023318 cd=0.050171 en_pos=6.550184 en_neg=6.500013 pcd=True subgoal_reg=0.0026376005181353904 
2026-01-21 02:38:09,165 :    65/   24 dest_loss=0.032080 future_loss=0.022879 offset_loss=0.026316 kld=0.024131 cd=0.038069 en_pos=6.521421 en_neg=6.483352 pcd=True subgoal_reg=0.0026574395782746002 
2026-01-21 02:38:24,738 :    71/   24 dest_loss=0.031537 future_loss=0.023236 offset_loss=0.024862 kld=0.023235 cd=-0.011319 en_pos=6.428117 en_neg=6.439436 pcd=True subgoal_reg=0.0025646776068595726 
2026-01-21 02:38:40,343 :    77/   24 dest_loss=0.031103 future_loss=0.022749 offset_loss=0.023538 kld=0.023306 cd=-0.081086 en_pos=6.336485 en_neg=6.417571 pcd=True subgoal_reg=0.002594365098266063 
2026-01-21 02:38:55,964 :    83/   24 dest_loss=0.036261 future_loss=0.025731 offset_loss=0.029932 kld=0.023586 cd=-0.112954 en_pos=6.530505 en_neg=6.643459 pcd=True subgoal_reg=0.0029720302911022366 
2026-01-21 02:39:11,569 :    89/   24 dest_loss=0.033293 future_loss=0.024136 offset_loss=0.026038 kld=0.024431 cd=0.067249 en_pos=6.312408 en_neg=6.245159 pcd=True subgoal_reg=0.00286921536692756 
2026-01-21 02:39:27,181 :    95/   24 dest_loss=0.032941 future_loss=0.024580 offset_loss=0.026996 kld=0.023556 cd=-0.192760 en_pos=6.333459 en_neg=6.526218 pcd=True subgoal_reg=0.0028022615752222833 
2026-01-21 02:39:42,826 :   101/   24 dest_loss=0.034252 future_loss=0.024072 offset_loss=0.027855 kld=0.023718 cd=-0.076267 en_pos=6.430307 en_neg=6.506574 pcd=True subgoal_reg=0.0030089879415068797 
2026-01-21 02:39:58,423 :   107/   24 dest_loss=0.037099 future_loss=0.025837 offset_loss=0.030133 kld=0.023149 cd=-0.340918 en_pos=6.246320 en_neg=6.587239 pcd=True subgoal_reg=0.0027858615232004753 
2026-01-21 02:40:14,049 :   113/   24 dest_loss=0.071914 future_loss=0.050835 offset_loss=0.080161 kld=0.024002 cd=0.162562 en_pos=6.531208 en_neg=6.368646 pcd=True subgoal_reg=0.0030267746832175688 
2026-01-21 02:40:29,659 :   119/   24 dest_loss=0.029427 future_loss=0.021273 offset_loss=0.026028 kld=0.024009 cd=0.044453 en_pos=6.410842 en_neg=6.366389 pcd=True subgoal_reg=0.002776625387341242 
2026-01-21 02:40:45,288 :   125/   24 dest_loss=0.034008 future_loss=0.024863 offset_loss=0.027125 kld=0.023535 cd=-0.009459 en_pos=6.441013 en_neg=6.450472 pcd=True subgoal_reg=0.0028853160563021103 
2026-01-21 02:41:00,955 :   131/   24 dest_loss=0.027341 future_loss=0.019271 offset_loss=0.023748 kld=0.025359 cd=-0.234013 en_pos=6.289807 en_neg=6.523821 pcd=True subgoal_reg=0.0028493176641783205 
2026-01-21 02:41:16,600 :   137/   24 dest_loss=0.030785 future_loss=0.021867 offset_loss=0.025374 kld=0.023782 cd=-0.276349 en_pos=6.328871 en_neg=6.605220 pcd=True subgoal_reg=0.002717204945973878 
2026-01-21 02:41:32,043 :   143/   24 dest_loss=0.038331 future_loss=0.024722 offset_loss=0.034622 kld=0.023557 cd=0.045561 en_pos=6.610767 en_neg=6.565206 pcd=True subgoal_reg=0.0032724818393242553 
2026-01-21 02:41:47,683 :   149/   24 dest_loss=0.033914 future_loss=0.021862 offset_loss=0.031947 kld=0.023989 cd=-0.042498 en_pos=6.417456 en_neg=6.459954 pcd=True subgoal_reg=0.002990476360156112 
2026-01-21 02:42:03,296 :   155/   24 dest_loss=0.059679 future_loss=0.038353 offset_loss=0.069690 kld=0.023643 cd=-0.074854 en_pos=6.462895 en_neg=6.537749 pcd=True subgoal_reg=0.00308367511402244 
2026-01-21 02:42:18,924 :   161/   24 dest_loss=0.036293 future_loss=0.026383 offset_loss=0.028864 kld=0.023393 cd=-0.120231 en_pos=6.164702 en_neg=6.284933 pcd=True subgoal_reg=0.002797458700316756 
2026-01-21 02:42:34,546 :   167/   24 dest_loss=0.031026 future_loss=0.023140 offset_loss=0.025073 kld=0.025748 cd=-0.164508 en_pos=6.400173 en_neg=6.564682 pcd=True subgoal_reg=0.002663575041543737 
2026-01-21 02:42:50,137 :   173/   24 dest_loss=0.034004 future_loss=0.025247 offset_loss=0.026625 kld=0.023507 cd=-0.038510 en_pos=6.365574 en_neg=6.404084 pcd=True subgoal_reg=0.0025438408633559444 
2026-01-21 02:43:05,823 :   179/   24 dest_loss=0.033715 future_loss=0.025603 offset_loss=0.025272 kld=0.024054 cd=-0.006555 en_pos=6.472670 en_neg=6.479225 pcd=True subgoal_reg=0.0025823663488853854 
2026-01-21 02:43:21,432 :   185/   24 dest_loss=0.078128 future_loss=0.063599 offset_loss=0.050515 kld=0.023775 cd=-0.090225 en_pos=6.503337 en_neg=6.593562 pcd=True subgoal_reg=0.003142241326793382 
2026-01-21 02:43:37,052 :   191/   24 dest_loss=0.032825 future_loss=0.025469 offset_loss=0.021669 kld=0.023099 cd=0.268324 en_pos=6.689670 en_neg=6.421346 pcd=True subgoal_reg=0.003010810835482316 
2026-01-21 02:43:52,672 :   197/   24 dest_loss=0.028682 future_loss=0.020691 offset_loss=0.024973 kld=0.024161 cd=-0.043989 en_pos=6.437598 en_neg=6.481587 pcd=True subgoal_reg=0.003100800294068993 
2026-01-21 02:44:08,225 :   203/   24 dest_loss=0.034327 future_loss=0.024554 offset_loss=0.027598 kld=0.023541 cd=0.134993 en_pos=6.641672 en_neg=6.506680 pcd=True subgoal_reg=0.003221751143360694 
2026-01-21 02:44:23,841 :   209/   24 dest_loss=0.156635 future_loss=0.123267 offset_loss=0.100892 kld=0.026522 cd=-0.154730 en_pos=6.370669 en_neg=6.525399 pcd=True subgoal_reg=0.00290815548829692 
2026-01-21 02:44:39,417 :   215/   24 dest_loss=0.097249 future_loss=0.071113 offset_loss=0.077837 kld=0.025422 cd=-0.060288 en_pos=6.461788 en_neg=6.522076 pcd=True subgoal_reg=0.0031082549159363237 
2026-01-21 02:44:55,133 :   221/   24 dest_loss=0.036610 future_loss=0.026252 offset_loss=0.029110 kld=0.023202 cd=-0.021696 en_pos=6.467396 en_neg=6.489092 pcd=True subgoal_reg=0.0028248698701287996 
2026-01-21 02:45:11,018 :   227/   24 dest_loss=0.031529 future_loss=0.023229 offset_loss=0.023727 kld=0.023864 cd=0.125465 en_pos=6.443890 en_neg=6.318425 pcd=True subgoal_reg=0.002892640897603392 
2026-01-21 02:45:26,644 :   233/   24 dest_loss=0.022684 future_loss=0.017504 offset_loss=0.020531 kld=0.024513 cd=-0.076035 en_pos=6.470481 en_neg=6.546516 pcd=True subgoal_reg=0.0029702555096153558 
2026-01-21 02:45:42,263 :   239/   24 dest_loss=0.031379 future_loss=0.023360 offset_loss=0.026314 kld=0.024909 cd=-0.049188 en_pos=6.354486 en_neg=6.403673 pcd=True subgoal_reg=0.0027559380457023823 
2026-01-21 02:45:57,907 :   245/   24 dest_loss=0.034146 future_loss=0.024980 offset_loss=0.026634 kld=0.024878 cd=0.122467 en_pos=6.546903 en_neg=6.424436 pcd=True subgoal_reg=0.002657943954648288 
2026-01-21 02:46:13,467 :   251/   24 dest_loss=0.037608 future_loss=0.027685 offset_loss=0.028604 kld=0.024907 cd=0.177126 en_pos=6.725678 en_neg=6.548552 pcd=True subgoal_reg=0.0032551704240718175 
2026-01-21 02:46:29,166 :   257/   24 dest_loss=0.032935 future_loss=0.024090 offset_loss=0.025799 kld=0.023186 cd=0.045832 en_pos=6.646057 en_neg=6.600226 pcd=True subgoal_reg=0.0027404337036189344 
2026-01-21 02:46:44,835 :   263/   24 dest_loss=0.029791 future_loss=0.021228 offset_loss=0.024743 kld=0.023995 cd=0.066015 en_pos=6.580372 en_neg=6.514356 pcd=True subgoal_reg=0.002836293467700515 
2026-01-21 02:47:00,494 :   269/   24 dest_loss=0.104407 future_loss=0.072670 offset_loss=0.094458 kld=0.025153 cd=0.207110 en_pos=6.616710 en_neg=6.409600 pcd=True subgoal_reg=0.0031223981818490083 
2026-01-21 02:47:16,150 :   275/   24 dest_loss=0.035530 future_loss=0.025071 offset_loss=0.029436 kld=0.024310 cd=-0.274208 en_pos=6.367249 en_neg=6.641457 pcd=True subgoal_reg=0.003019879365894605 
2026-01-21 02:47:31,768 :   281/   24 dest_loss=0.030431 future_loss=0.022477 offset_loss=0.024371 kld=0.024540 cd=-0.300300 en_pos=6.284775 en_neg=6.585075 pcd=True subgoal_reg=0.002735401518740014 
2026-01-21 02:47:47,432 :   287/   24 dest_loss=0.035089 future_loss=0.026378 offset_loss=0.027367 kld=0.024238 cd=0.049026 en_pos=6.445074 en_neg=6.396048 pcd=True subgoal_reg=0.002647309882676219 
2026-01-21 02:48:03,036 :   293/   24 dest_loss=0.032864 future_loss=0.024646 offset_loss=0.026783 kld=0.023822 cd=0.025259 en_pos=6.649923 en_neg=6.624664 pcd=True subgoal_reg=0.002813084231385408 
2026-01-21 02:48:18,458 :   299/   24 dest_loss=0.101204 future_loss=0.070658 offset_loss=0.111511 kld=0.022594 cd=-0.074384 en_pos=6.317943 en_neg=6.392326 pcd=True subgoal_reg=0.0025772262984479245 
2026-01-21 02:48:34,098 :   305/   24 dest_loss=0.026934 future_loss=0.020551 offset_loss=0.022312 kld=0.025119 cd=-0.198054 en_pos=6.391400 en_neg=6.589454 pcd=True subgoal_reg=0.002946419791972465 
2026-01-21 02:48:49,710 :   311/   24 dest_loss=0.037043 future_loss=0.026056 offset_loss=0.030026 kld=0.022696 cd=0.169899 en_pos=6.531708 en_neg=6.361809 pcd=True subgoal_reg=0.002898406778158529 
2026-01-21 02:49:05,348 :   317/   24 dest_loss=0.073550 future_loss=0.082618 offset_loss=0.042895 kld=0.024190 cd=0.073212 en_pos=6.412706 en_neg=6.339494 pcd=True subgoal_reg=0.0028157439930625596 
2026-01-21 02:49:20,936 :   323/   24 dest_loss=0.039859 future_loss=0.029065 offset_loss=0.031491 kld=0.024980 cd=-0.154085 en_pos=6.519900 en_neg=6.673985 pcd=True subgoal_reg=0.0032278267064980576 
2026-01-21 02:49:36,576 :   329/   24 dest_loss=0.031864 future_loss=0.022830 offset_loss=0.026688 kld=0.024735 cd=-0.076441 en_pos=6.514845 en_neg=6.591286 pcd=True subgoal_reg=0.0028972000627618243 
2026-01-21 02:49:52,280 :   335/   24 dest_loss=0.030844 future_loss=0.022888 offset_loss=0.024517 kld=0.023894 cd=-0.241953 en_pos=6.388462 en_neg=6.630415 pcd=True subgoal_reg=0.0027342393619714557 
2026-01-21 02:50:07,917 :   341/   24 dest_loss=0.038305 future_loss=0.027058 offset_loss=0.029316 kld=0.025775 cd=-0.166756 en_pos=6.650288 en_neg=6.817043 pcd=True subgoal_reg=0.003045233294322665 
2026-01-21 02:50:23,607 :   347/   24 dest_loss=0.033373 future_loss=0.023320 offset_loss=0.025465 kld=0.024771 cd=0.067939 en_pos=6.652647 en_neg=6.584709 pcd=True subgoal_reg=0.002985588082002876 
2026-01-21 02:50:39,248 :   353/   24 dest_loss=0.037930 future_loss=0.026883 offset_loss=0.030750 kld=0.025174 cd=-0.062458 en_pos=6.458083 en_neg=6.520541 pcd=True subgoal_reg=0.0027769555652473864 
2026-01-21 02:50:54,880 :   359/   24 dest_loss=0.036883 future_loss=0.027257 offset_loss=0.029606 kld=0.024750 cd=0.027608 en_pos=6.529289 en_neg=6.501680 pcd=True subgoal_reg=0.0028445646674072826 
2026-01-21 02:51:10,512 :   365/   24 dest_loss=0.030428 future_loss=0.022695 offset_loss=0.024852 kld=0.025123 cd=0.034758 en_pos=6.472979 en_neg=6.438221 pcd=True subgoal_reg=0.0030927940157694247 
2026-01-21 02:51:26,096 :   371/   24 dest_loss=0.030226 future_loss=0.022538 offset_loss=0.024940 kld=0.023434 cd=0.075835 en_pos=6.310405 en_neg=6.234570 pcd=True subgoal_reg=0.002564640293667676 
2026-01-21 02:51:41,509 :   377/   24 dest_loss=0.048304 future_loss=0.037319 offset_loss=0.030914 kld=0.023494 cd=0.018586 en_pos=6.498280 en_neg=6.479694 pcd=True subgoal_reg=0.002931406325341149 
2026-01-21 02:51:57,160 :   383/   24 dest_loss=0.043260 future_loss=0.032440 offset_loss=0.028638 kld=0.024175 cd=-0.553864 en_pos=6.278996 en_neg=6.832860 pcd=True subgoal_reg=0.0030077999959109533 
2026-01-21 02:52:12,779 :   389/   24 dest_loss=0.038327 future_loss=0.030029 offset_loss=0.024171 kld=0.023314 cd=-0.078167 en_pos=6.319364 en_neg=6.397531 pcd=True subgoal_reg=0.0028704856762206002 
2026-01-21 02:52:28,391 :   395/   24 dest_loss=0.033433 future_loss=0.023560 offset_loss=0.027395 kld=0.023878 cd=-0.194016 en_pos=6.413081 en_neg=6.607097 pcd=True subgoal_reg=0.002995565412596145 
2026-01-21 02:52:43,981 :   401/   24 dest_loss=0.032129 future_loss=0.023488 offset_loss=0.026919 kld=0.023371 cd=-0.074555 en_pos=6.628986 en_neg=6.703541 pcd=True subgoal_reg=0.0031274214567460668 
2026-01-21 02:52:59,551 :   407/   24 dest_loss=0.034513 future_loss=0.024857 offset_loss=0.027736 kld=0.022881 cd=-0.098858 en_pos=6.270095 en_neg=6.368953 pcd=True subgoal_reg=0.002804946944289607 
2026-01-21 02:53:15,159 :   413/   24 dest_loss=0.037125 future_loss=0.027004 offset_loss=0.029453 kld=0.023873 cd=-0.222045 en_pos=6.203146 en_neg=6.425191 pcd=True subgoal_reg=0.002911611151901335 
2026-01-21 02:53:30,764 :   419/   24 dest_loss=0.034471 future_loss=0.025437 offset_loss=0.022978 kld=0.023973 cd=0.000057 en_pos=6.383358 en_neg=6.383301 pcd=True subgoal_reg=0.002868168876417221 
2026-01-21 02:53:46,351 :   425/   24 dest_loss=0.030493 future_loss=0.021501 offset_loss=0.025344 kld=0.023168 cd=0.178632 en_pos=6.573763 en_neg=6.395131 pcd=True subgoal_reg=0.002911640451609453 
2026-01-21 02:54:02,002 :   431/   24 dest_loss=0.058887 future_loss=0.043440 offset_loss=0.050575 kld=0.024481 cd=0.211943 en_pos=6.620651 en_neg=6.408708 pcd=True subgoal_reg=0.002990371344682645 
2026-01-21 02:54:17,606 :   437/   24 dest_loss=0.036989 future_loss=0.025222 offset_loss=0.029482 kld=0.023662 cd=0.046287 en_pos=6.476384 en_neg=6.430097 pcd=True subgoal_reg=0.002940628457810646 
2026-01-21 02:54:33,268 :   443/   24 dest_loss=0.026548 future_loss=0.019219 offset_loss=0.024094 kld=0.024389 cd=-0.219138 en_pos=6.276830 en_neg=6.495968 pcd=True subgoal_reg=0.002807644554369545 
2026-01-21 02:54:48,918 :   449/   24 dest_loss=0.033539 future_loss=0.025342 offset_loss=0.027996 kld=0.025235 cd=0.320583 en_pos=6.677854 en_neg=6.357271 pcd=True subgoal_reg=0.0029724983764779023 
2026-01-21 02:55:04,904 :   455/   24 dest_loss=0.028777 future_loss=0.020667 offset_loss=0.022943 kld=0.024257 cd=-0.005708 en_pos=6.516295 en_neg=6.522003 pcd=True subgoal_reg=0.0026512637081517938 
2026-01-21 02:55:20,650 :   461/   24 dest_loss=0.034627 future_loss=0.024497 offset_loss=0.030503 kld=0.023187 cd=0.038838 en_pos=6.390557 en_neg=6.351719 pcd=True subgoal_reg=0.003019000529145735 
2026-01-21 02:55:36,254 :   467/   24 dest_loss=0.032977 future_loss=0.023490 offset_loss=0.026894 kld=0.024685 cd=-0.191090 en_pos=6.389827 en_neg=6.580918 pcd=True subgoal_reg=0.0029023338660090136 
2026-01-21 02:55:51,892 :   473/   24 dest_loss=0.028278 future_loss=0.020560 offset_loss=0.024053 kld=0.025028 cd=-0.033265 en_pos=6.453266 en_neg=6.486531 pcd=True subgoal_reg=0.0029808982868538146 
2026-01-21 02:56:07,751 :   479/   24 dest_loss=0.031935 future_loss=0.021461 offset_loss=0.031625 kld=0.023538 cd=0.028505 en_pos=6.489004 en_neg=6.460499 pcd=True subgoal_reg=0.0031155844038274058 
2026-01-21 02:56:23,406 :   485/   24 dest_loss=0.033691 future_loss=0.024392 offset_loss=0.027177 kld=0.023351 cd=0.154661 en_pos=6.488374 en_neg=6.333714 pcd=True subgoal_reg=0.002875323434613581 
2026-01-21 02:56:39,017 :   491/   24 dest_loss=0.030041 future_loss=0.021931 offset_loss=0.025908 kld=0.023869 cd=0.060663 en_pos=6.328299 en_neg=6.267636 pcd=True subgoal_reg=0.00282696296998166 
2026-01-21 02:56:54,609 :   497/   24 dest_loss=0.082100 future_loss=0.072278 offset_loss=0.064867 kld=0.024994 cd=-0.092538 en_pos=6.387524 en_neg=6.480063 pcd=True subgoal_reg=0.0030165634427668647 
2026-01-21 02:57:10,272 :   503/   24 dest_loss=0.037550 future_loss=0.026977 offset_loss=0.031065 kld=0.025791 cd=0.046753 en_pos=6.409214 en_neg=6.362461 pcd=True subgoal_reg=0.0029917125110008754 
2026-01-21 02:57:25,889 :   509/   24 dest_loss=0.193494 future_loss=0.124409 offset_loss=0.203562 kld=0.028075 cd=0.066554 en_pos=6.563382 en_neg=6.496828 pcd=True subgoal_reg=0.00303393201790832 
2026-01-21 02:59:00,566 : Train Loss 78.22339561065904
2026-01-21 02:59:00,566 : Overall Loss 17.02494893608298
2026-01-21 02:59:00,567 : Dest Loss 22.79040956107877
2026-01-21 02:59:00,567 : Val ADE 0.12396585745392465
2026-01-21 02:59:00,567 : Val FDE 0.14188223336143774
2026-01-21 02:59:00,567 : Val Best ADE 0.12119239276903074
2026-01-21 02:59:00,567 : Val Best FDE 0.14383934085083178
2026-01-21 02:59:00,567 : ----->learning rate 7.8125e-05
2026-01-21 02:59:16,436 :     5/   25 dest_loss=0.037409 future_loss=0.027008 offset_loss=0.029900 kld=0.024281 cd=-0.051055 en_pos=6.183309 en_neg=6.234364 pcd=True subgoal_reg=0.0025715151128509438 
2026-01-21 02:59:31,995 :    11/   25 dest_loss=0.037304 future_loss=0.027335 offset_loss=0.027258 kld=0.024247 cd=-0.216162 en_pos=6.535914 en_neg=6.752075 pcd=True subgoal_reg=0.0029347867429822113 
2026-01-21 02:59:47,567 :    17/   25 dest_loss=0.028841 future_loss=0.020640 offset_loss=0.024237 kld=0.025447 cd=-0.162142 en_pos=6.265327 en_neg=6.427469 pcd=True subgoal_reg=0.0027108898450584245 
2026-01-21 03:00:03,253 :    23/   25 dest_loss=0.026518 future_loss=0.020070 offset_loss=0.021098 kld=0.024827 cd=-0.294982 en_pos=6.355366 en_neg=6.650347 pcd=True subgoal_reg=0.002612843497301943 
2026-01-21 03:00:18,883 :    29/   25 dest_loss=0.086655 future_loss=0.051136 offset_loss=0.077815 kld=0.025825 cd=0.202489 en_pos=6.657487 en_neg=6.454997 pcd=True subgoal_reg=0.002663444995235229 
2026-01-21 03:00:34,485 :    35/   25 dest_loss=0.032209 future_loss=0.023837 offset_loss=0.024190 kld=0.023379 cd=-0.226435 en_pos=6.357564 en_neg=6.583999 pcd=True subgoal_reg=0.002994452751727282 
2026-01-21 03:00:50,086 :    41/   25 dest_loss=0.037950 future_loss=0.026710 offset_loss=0.031656 kld=0.023148 cd=-0.012865 en_pos=6.426441 en_neg=6.439307 pcd=True subgoal_reg=0.0028777714029302034 
2026-01-21 03:01:05,751 :    47/   25 dest_loss=0.033427 future_loss=0.024107 offset_loss=0.026026 kld=0.023631 cd=0.083257 en_pos=6.558426 en_neg=6.475169 pcd=True subgoal_reg=0.0027142005595853507 
2026-01-21 03:01:21,337 :    53/   25 dest_loss=0.038689 future_loss=0.027354 offset_loss=0.030728 kld=0.023353 cd=0.062896 en_pos=6.557770 en_neg=6.494874 pcd=True subgoal_reg=0.002839452877098237 
2026-01-21 03:01:36,925 :    59/   25 dest_loss=0.126310 future_loss=0.097649 offset_loss=0.115660 kld=0.026324 cd=-0.010179 en_pos=6.522529 en_neg=6.532708 pcd=True subgoal_reg=0.00332255823104828 
2026-01-21 03:01:52,503 :    65/   25 dest_loss=0.029787 future_loss=0.021734 offset_loss=0.022609 kld=0.023921 cd=-0.055729 en_pos=6.453478 en_neg=6.509207 pcd=True subgoal_reg=0.0026057759939229993 
2026-01-21 03:02:07,936 :    71/   25 dest_loss=0.032577 future_loss=0.024163 offset_loss=0.026146 kld=0.023992 cd=0.069081 en_pos=6.545756 en_neg=6.476675 pcd=True subgoal_reg=0.0027785531665864335 
2026-01-21 03:02:23,568 :    77/   25 dest_loss=0.033358 future_loss=0.024581 offset_loss=0.026202 kld=0.025172 cd=0.016847 en_pos=6.472201 en_neg=6.455354 pcd=True subgoal_reg=0.0029435446712221727 
2026-01-21 03:02:39,206 :    83/   25 dest_loss=0.027405 future_loss=0.020675 offset_loss=0.019763 kld=0.023346 cd=-0.015448 en_pos=6.564578 en_neg=6.580027 pcd=True subgoal_reg=0.0031763057817881593 
2026-01-21 03:02:54,844 :    89/   25 dest_loss=0.036358 future_loss=0.026209 offset_loss=0.028337 kld=0.024425 cd=-0.084813 en_pos=6.322581 en_neg=6.407394 pcd=True subgoal_reg=0.0028860134569541574 
2026-01-21 03:03:10,495 :    95/   25 dest_loss=0.026473 future_loss=0.020126 offset_loss=0.022079 kld=0.024331 cd=0.043475 en_pos=6.510712 en_neg=6.467238 pcd=True subgoal_reg=0.0028827513932303673 
2026-01-21 03:03:26,152 :   101/   25 dest_loss=0.030561 future_loss=0.023317 offset_loss=0.024501 kld=0.025233 cd=-0.033752 en_pos=6.332345 en_neg=6.366097 pcd=True subgoal_reg=0.002699900977808278 
2026-01-21 03:03:41,744 :   107/   25 dest_loss=0.066999 future_loss=0.048850 offset_loss=0.064984 kld=0.023584 cd=0.037359 en_pos=6.385427 en_neg=6.348069 pcd=True subgoal_reg=0.00272249864270969 
2026-01-21 03:03:57,378 :   113/   25 dest_loss=0.067923 future_loss=0.053577 offset_loss=0.067078 kld=0.024159 cd=-0.181682 en_pos=6.360359 en_neg=6.542041 pcd=True subgoal_reg=0.0025233113340589774 
2026-01-21 03:04:12,971 :   119/   25 dest_loss=0.102629 future_loss=0.104597 offset_loss=0.059257 kld=0.024890 cd=0.086042 en_pos=6.484486 en_neg=6.398443 pcd=True subgoal_reg=0.0027909230517901467 
2026-01-21 03:04:28,577 :   125/   25 dest_loss=0.131819 future_loss=0.101016 offset_loss=0.089349 kld=0.026697 cd=-0.152665 en_pos=6.530647 en_neg=6.683313 pcd=True subgoal_reg=0.0030888411959854693 
2026-01-21 03:04:44,180 :   131/   25 dest_loss=0.036049 future_loss=0.025426 offset_loss=0.029587 kld=0.023984 cd=0.112810 en_pos=6.545539 en_neg=6.432730 pcd=True subgoal_reg=0.002989490700669177 
2026-01-21 03:05:00,228 :   137/   25 dest_loss=0.030715 future_loss=0.022039 offset_loss=0.025374 kld=0.023255 cd=0.180377 en_pos=6.461536 en_neg=6.281159 pcd=True subgoal_reg=0.0030944268569241414 
2026-01-21 03:05:16,160 :   143/   25 dest_loss=0.035627 future_loss=0.025608 offset_loss=0.030402 kld=0.023552 cd=0.056216 en_pos=6.461150 en_neg=6.404934 pcd=True subgoal_reg=0.0031760744241098844 
2026-01-21 03:05:31,603 :   149/   25 dest_loss=0.035497 future_loss=0.025837 offset_loss=0.027938 kld=0.024166 cd=-0.164936 en_pos=6.619599 en_neg=6.784535 pcd=True subgoal_reg=0.0031771697753005404 
2026-01-21 03:05:47,192 :   155/   25 dest_loss=0.029449 future_loss=0.021160 offset_loss=0.024469 kld=0.022410 cd=0.023122 en_pos=6.342197 en_neg=6.319075 pcd=True subgoal_reg=0.0028782960537028983 
2026-01-21 03:06:02,991 :   161/   25 dest_loss=0.029679 future_loss=0.022321 offset_loss=0.023885 kld=0.024380 cd=-0.214954 en_pos=6.297756 en_neg=6.512710 pcd=True subgoal_reg=0.002991294478967707 
2026-01-21 03:06:18,607 :   167/   25 dest_loss=0.032817 future_loss=0.024156 offset_loss=0.028448 kld=0.026470 cd=0.063562 en_pos=6.838347 en_neg=6.774785 pcd=True subgoal_reg=0.003054063935655285 
2026-01-21 03:06:34,278 :   173/   25 dest_loss=0.032533 future_loss=0.023739 offset_loss=0.025984 kld=0.024287 cd=-0.090885 en_pos=6.505476 en_neg=6.596361 pcd=True subgoal_reg=0.003107516616995394 
2026-01-21 03:06:50,143 :   179/   25 dest_loss=0.032677 future_loss=0.022678 offset_loss=0.026711 kld=0.023509 cd=0.132086 en_pos=6.317973 en_neg=6.185887 pcd=True subgoal_reg=0.00297284992933763 
2026-01-21 03:07:05,796 :   185/   25 dest_loss=0.028087 future_loss=0.020490 offset_loss=0.021885 kld=0.023220 cd=0.061673 en_pos=6.412377 en_neg=6.350704 pcd=True subgoal_reg=0.002991217205417281 
2026-01-21 03:07:21,463 :   191/   25 dest_loss=0.033668 future_loss=0.024698 offset_loss=0.027010 kld=0.024499 cd=-0.213314 en_pos=6.543581 en_neg=6.756896 pcd=True subgoal_reg=0.0030123866478695494 
2026-01-21 03:07:37,042 :   197/   25 dest_loss=0.030319 future_loss=0.021662 offset_loss=0.026028 kld=0.023059 cd=-0.161044 en_pos=6.394496 en_neg=6.555541 pcd=True subgoal_reg=0.0027173577329855977 
2026-01-21 03:07:52,700 :   203/   25 dest_loss=0.039942 future_loss=0.028642 offset_loss=0.031810 kld=0.024708 cd=-0.170905 en_pos=6.545672 en_neg=6.716576 pcd=True subgoal_reg=0.003068049959590302 
2026-01-21 03:08:08,344 :   209/   25 dest_loss=0.030053 future_loss=0.022809 offset_loss=0.025329 kld=0.025247 cd=0.070015 en_pos=6.661018 en_neg=6.591004 pcd=True subgoal_reg=0.0030764587722304643 
2026-01-21 03:08:23,997 :   215/   25 dest_loss=0.029642 future_loss=0.021771 offset_loss=0.023749 kld=0.022903 cd=0.040844 en_pos=6.458369 en_neg=6.417525 pcd=True subgoal_reg=0.0024254926464005603 
2026-01-21 03:08:39,703 :   221/   25 dest_loss=0.035800 future_loss=0.026500 offset_loss=0.026736 kld=0.022753 cd=-0.171697 en_pos=6.237649 en_neg=6.409346 pcd=True subgoal_reg=0.0025543236054872904 
2026-01-21 03:08:55,142 :   227/   25 dest_loss=0.035200 future_loss=0.025526 offset_loss=0.028082 kld=0.023573 cd=0.079675 en_pos=6.379679 en_neg=6.300004 pcd=True subgoal_reg=0.002568508076361737 
2026-01-21 03:09:10,755 :   233/   25 dest_loss=0.032300 future_loss=0.024284 offset_loss=0.025766 kld=0.023798 cd=0.085517 en_pos=6.245844 en_neg=6.160327 pcd=True subgoal_reg=0.002615308812223229 
2026-01-21 03:09:26,336 :   239/   25 dest_loss=0.026028 future_loss=0.019150 offset_loss=0.020236 kld=0.023093 cd=0.071816 en_pos=6.401145 en_neg=6.329328 pcd=True subgoal_reg=0.0027241006166169824 
2026-01-21 03:09:41,932 :   245/   25 dest_loss=0.035864 future_loss=0.022726 offset_loss=0.033088 kld=0.023527 cd=0.075581 en_pos=6.533944 en_neg=6.458363 pcd=True subgoal_reg=0.0029129368607711276 
2026-01-21 03:09:57,533 :   251/   25 dest_loss=0.036222 future_loss=0.025425 offset_loss=0.029334 kld=0.023526 cd=0.096183 en_pos=6.432969 en_neg=6.336786 pcd=True subgoal_reg=0.0029532322921361747 
2026-01-21 03:10:13,155 :   257/   25 dest_loss=0.034624 future_loss=0.027711 offset_loss=0.023937 kld=0.023457 cd=0.048848 en_pos=6.409190 en_neg=6.360341 pcd=True subgoal_reg=0.0029043144326505984 
2026-01-21 03:10:28,740 :   263/   25 dest_loss=0.034483 future_loss=0.023300 offset_loss=0.026579 kld=0.023256 cd=0.144013 en_pos=6.555713 en_neg=6.411700 pcd=True subgoal_reg=0.0029497073214617446 
2026-01-21 03:10:44,334 :   269/   25 dest_loss=0.032521 future_loss=0.023148 offset_loss=0.025754 kld=0.023264 cd=-0.182611 en_pos=6.298925 en_neg=6.481536 pcd=True subgoal_reg=0.003060895925851767 
2026-01-21 03:10:59,876 :   275/   25 dest_loss=0.032125 future_loss=0.023713 offset_loss=0.025825 kld=0.023499 cd=-0.106183 en_pos=6.389320 en_neg=6.495503 pcd=True subgoal_reg=0.002896842367049969 
2026-01-21 03:11:15,485 :   281/   25 dest_loss=0.037583 future_loss=0.027939 offset_loss=0.028657 kld=0.024951 cd=0.208898 en_pos=6.700274 en_neg=6.491375 pcd=True subgoal_reg=0.0028979880863258083 
2026-01-21 03:11:31,055 :   287/   25 dest_loss=0.031944 future_loss=0.023397 offset_loss=0.025077 kld=0.024602 cd=-0.033335 en_pos=6.376234 en_neg=6.409569 pcd=True subgoal_reg=0.0029191768154003426 
2026-01-21 03:11:46,632 :   293/   25 dest_loss=0.091561 future_loss=0.062663 offset_loss=0.108379 kld=0.023885 cd=-0.242643 en_pos=6.295526 en_neg=6.538169 pcd=True subgoal_reg=0.002716711371561528 
2026-01-21 03:12:02,216 :   299/   25 dest_loss=0.034860 future_loss=0.025121 offset_loss=0.027275 kld=0.024150 cd=-0.151294 en_pos=6.371375 en_neg=6.522669 pcd=True subgoal_reg=0.0027489964432779335 
2026-01-21 03:12:17,684 :   305/   25 dest_loss=0.033963 future_loss=0.024051 offset_loss=0.027128 kld=0.024169 cd=0.074297 en_pos=6.738031 en_neg=6.663734 pcd=True subgoal_reg=0.0030835075494329484 
2026-01-21 03:12:33,284 :   311/   25 dest_loss=0.028898 future_loss=0.020859 offset_loss=0.023683 kld=0.023134 cd=0.330888 en_pos=6.684168 en_neg=6.353280 pcd=True subgoal_reg=0.0029656305100193444 
2026-01-21 03:12:48,938 :   317/   25 dest_loss=0.132915 future_loss=0.103866 offset_loss=0.083010 kld=0.025067 cd=-0.226510 en_pos=6.278460 en_neg=6.504970 pcd=True subgoal_reg=0.0031348140091328547 
2026-01-21 03:13:04,569 :   323/   25 dest_loss=0.035082 future_loss=0.025561 offset_loss=0.027551 kld=0.024273 cd=-0.019479 en_pos=6.361311 en_neg=6.380790 pcd=True subgoal_reg=0.002664109650966591 
2026-01-21 03:13:20,181 :   329/   25 dest_loss=0.038310 future_loss=0.029301 offset_loss=0.027405 kld=0.023253 cd=0.008777 en_pos=6.442554 en_neg=6.433777 pcd=True subgoal_reg=0.0027920305121758235 
2026-01-21 03:13:35,798 :   335/   25 dest_loss=0.127276 future_loss=0.088020 offset_loss=0.131226 kld=0.025342 cd=-0.177141 en_pos=6.411129 en_neg=6.588271 pcd=True subgoal_reg=0.0027761298415221285 
2026-01-21 03:13:51,422 :   341/   25 dest_loss=0.092789 future_loss=0.070402 offset_loss=0.096157 kld=0.023424 cd=-0.051970 en_pos=6.486123 en_neg=6.538093 pcd=True subgoal_reg=0.0029471628594043386 
2026-01-21 03:14:07,034 :   347/   25 dest_loss=0.029679 future_loss=0.022025 offset_loss=0.024150 kld=0.024178 cd=-0.006156 en_pos=6.274510 en_neg=6.280666 pcd=True subgoal_reg=0.002918501512553833 
2026-01-21 03:14:22,686 :   353/   25 dest_loss=0.082936 future_loss=0.076945 offset_loss=0.073589 kld=0.023772 cd=0.130871 en_pos=6.564611 en_neg=6.433740 pcd=True subgoal_reg=0.002846037894239239 
2026-01-21 03:14:38,274 :   359/   25 dest_loss=0.032572 future_loss=0.022884 offset_loss=0.026727 kld=0.025523 cd=0.487392 en_pos=6.686491 en_neg=6.199099 pcd=True subgoal_reg=0.0029558834712765194 
2026-01-21 03:14:54,120 :   365/   25 dest_loss=0.029937 future_loss=0.022075 offset_loss=0.024352 kld=0.024905 cd=0.222024 en_pos=6.611839 en_neg=6.389814 pcd=True subgoal_reg=0.0030698900374308115 
2026-01-21 03:15:10,161 :   371/   25 dest_loss=0.031938 future_loss=0.021948 offset_loss=0.027166 kld=0.023952 cd=0.267651 en_pos=6.634795 en_neg=6.367144 pcd=True subgoal_reg=0.003045853372741248 
2026-01-21 03:15:25,786 :   377/   25 dest_loss=0.126949 future_loss=0.098623 offset_loss=0.059966 kld=0.025999 cd=0.028276 en_pos=6.503819 en_neg=6.475543 pcd=True subgoal_reg=0.003208459469362656 
2026-01-21 03:15:41,195 :   383/   25 dest_loss=0.032884 future_loss=0.023365 offset_loss=0.027772 kld=0.024695 cd=0.026818 en_pos=6.476662 en_neg=6.449844 pcd=True subgoal_reg=0.002905022066635835 
2026-01-21 03:15:56,755 :   389/   25 dest_loss=0.030758 future_loss=0.021672 offset_loss=0.026507 kld=0.022462 cd=-0.103476 en_pos=6.414243 en_neg=6.517719 pcd=True subgoal_reg=0.0028004640720865927 
2026-01-21 03:16:12,429 :   395/   25 dest_loss=0.033057 future_loss=0.023164 offset_loss=0.026355 kld=0.023121 cd=0.116563 en_pos=6.397883 en_neg=6.281319 pcd=True subgoal_reg=0.0029544960566697627 
2026-01-21 03:16:28,051 :   401/   25 dest_loss=0.065285 future_loss=0.051638 offset_loss=0.034682 kld=0.023559 cd=-0.020539 en_pos=6.296660 en_neg=6.317199 pcd=True subgoal_reg=0.0029050770394895955 
2026-01-21 03:16:43,671 :   407/   25 dest_loss=0.039064 future_loss=0.026996 offset_loss=0.031320 kld=0.023816 cd=-0.066807 en_pos=6.487325 en_neg=6.554132 pcd=True subgoal_reg=0.003259546401293965 
2026-01-21 03:16:59,297 :   413/   25 dest_loss=0.033722 future_loss=0.023275 offset_loss=0.028335 kld=0.024387 cd=0.123329 en_pos=6.356896 en_neg=6.233567 pcd=True subgoal_reg=0.0029656395560437284 
2026-01-21 03:17:14,883 :   419/   25 dest_loss=0.029867 future_loss=0.021769 offset_loss=0.025024 kld=0.024668 cd=-0.077302 en_pos=6.411123 en_neg=6.488425 pcd=True subgoal_reg=0.0029818348348054136 
2026-01-21 03:17:30,468 :   425/   25 dest_loss=0.032696 future_loss=0.023816 offset_loss=0.027186 kld=0.024467 cd=0.007713 en_pos=6.644322 en_neg=6.636609 pcd=True subgoal_reg=0.0027536062239776338 
2026-01-21 03:17:46,068 :   431/   25 dest_loss=0.030739 future_loss=0.022403 offset_loss=0.025124 kld=0.023948 cd=0.128998 en_pos=6.600850 en_neg=6.471851 pcd=True subgoal_reg=0.002992546641555787 
2026-01-21 03:18:01,657 :   437/   25 dest_loss=0.160085 future_loss=0.128553 offset_loss=0.112875 kld=0.025674 cd=-0.046782 en_pos=6.414654 en_neg=6.461436 pcd=True subgoal_reg=0.003333214308422959 
2026-01-21 03:18:17,223 :   443/   25 dest_loss=0.032046 future_loss=0.020245 offset_loss=0.030546 kld=0.023537 cd=-0.150015 en_pos=6.359826 en_neg=6.509841 pcd=True subgoal_reg=0.0031809045607277793 
2026-01-21 03:18:32,814 :   449/   25 dest_loss=0.033955 future_loss=0.023953 offset_loss=0.029093 kld=0.024826 cd=-0.048528 en_pos=6.359966 en_neg=6.408494 pcd=True subgoal_reg=0.0030788166237615796 
2026-01-21 03:18:48,386 :   455/   25 dest_loss=0.037819 future_loss=0.027196 offset_loss=0.031574 kld=0.024116 cd=0.038076 en_pos=6.494887 en_neg=6.456811 pcd=True subgoal_reg=0.002853738755280177 
2026-01-21 03:19:03,794 :   461/   25 dest_loss=0.027223 future_loss=0.019719 offset_loss=0.023989 kld=0.023381 cd=-0.063883 en_pos=6.607452 en_neg=6.671335 pcd=True subgoal_reg=0.0027712882191319056 
2026-01-21 03:19:19,422 :   467/   25 dest_loss=0.030002 future_loss=0.022804 offset_loss=0.024821 kld=0.024908 cd=-0.052731 en_pos=6.279301 en_neg=6.332032 pcd=True subgoal_reg=0.002756297231900166 
2026-01-21 03:19:34,990 :   473/   25 dest_loss=0.107602 future_loss=0.090690 offset_loss=0.066827 kld=0.025696 cd=0.177391 en_pos=6.656507 en_neg=6.479116 pcd=True subgoal_reg=0.003193929969649004 
2026-01-21 03:19:50,624 :   479/   25 dest_loss=0.035459 future_loss=0.026531 offset_loss=0.023034 kld=0.024287 cd=0.142842 en_pos=6.615900 en_neg=6.473059 pcd=True subgoal_reg=0.0028630262579508823 
2026-01-21 03:20:06,239 :   485/   25 dest_loss=0.034386 future_loss=0.022495 offset_loss=0.033018 kld=0.023601 cd=0.180462 en_pos=6.483913 en_neg=6.303451 pcd=True subgoal_reg=0.0027998778179987973 
2026-01-21 03:20:21,911 :   491/   25 dest_loss=0.069449 future_loss=0.058773 offset_loss=0.052444 kld=0.025324 cd=-0.161567 en_pos=6.538127 en_neg=6.699693 pcd=True subgoal_reg=0.0028733010411960812 
2026-01-21 03:20:37,614 :   497/   25 dest_loss=0.030900 future_loss=0.022617 offset_loss=0.025647 kld=0.024833 cd=-0.057827 en_pos=6.506570 en_neg=6.564398 pcd=True subgoal_reg=0.0026980510877674807 
2026-01-21 03:20:53,230 :   503/   25 dest_loss=0.139973 future_loss=0.100582 offset_loss=0.107751 kld=0.025309 cd=-0.346120 en_pos=6.385521 en_neg=6.731641 pcd=True subgoal_reg=0.002898045808163143 
2026-01-21 03:21:08,857 :   509/   25 dest_loss=0.033808 future_loss=0.024253 offset_loss=0.026396 kld=0.022853 cd=-0.215232 en_pos=6.244223 en_neg=6.459455 pcd=True subgoal_reg=0.002597222195168654 
2026-01-21 03:22:43,957 : Train Loss 88.2394997579105
2026-01-21 03:22:43,957 : Overall Loss 18.87764464634901
2026-01-21 03:22:43,957 : Dest Loss 24.853539525441178
2026-01-21 03:22:43,957 : Val ADE 0.12461110140682112
2026-01-21 03:22:43,957 : Val FDE 0.14211302657955696
2026-01-21 03:22:43,957 : Val Best ADE 0.12119239276903074
2026-01-21 03:22:43,957 : Val Best FDE 0.14383934085083178
2026-01-21 03:22:43,957 : ----->learning rate 7.8125e-05
2026-01-21 03:22:59,792 :     5/   26 dest_loss=0.133574 future_loss=0.091743 offset_loss=0.124163 kld=0.026073 cd=-0.002054 en_pos=6.522491 en_neg=6.524545 pcd=True subgoal_reg=0.0029793084516474017 
2026-01-21 03:23:15,192 :    11/   26 dest_loss=0.030821 future_loss=0.023101 offset_loss=0.025877 kld=0.024658 cd=0.041580 en_pos=6.464961 en_neg=6.423381 pcd=True subgoal_reg=0.0027920521335817743 
2026-01-21 03:23:30,811 :    17/   26 dest_loss=0.040497 future_loss=0.030286 offset_loss=0.026080 kld=0.024183 cd=0.047725 en_pos=6.617999 en_neg=6.570273 pcd=True subgoal_reg=0.002894109549206547 
2026-01-21 03:23:46,450 :    23/   26 dest_loss=0.027366 future_loss=0.020026 offset_loss=0.022448 kld=0.025006 cd=0.213702 en_pos=6.440733 en_neg=6.227031 pcd=True subgoal_reg=0.002728606681179918 
2026-01-21 03:24:02,116 :    29/   26 dest_loss=0.038318 future_loss=0.027277 offset_loss=0.031492 kld=0.024751 cd=-0.162740 en_pos=6.267578 en_neg=6.430318 pcd=True subgoal_reg=0.0024576466092378615 
2026-01-21 03:24:17,733 :    35/   26 dest_loss=0.164254 future_loss=0.133180 offset_loss=0.110945 kld=0.027466 cd=0.007065 en_pos=6.394628 en_neg=6.387563 pcd=True subgoal_reg=0.0028371719032119795 
2026-01-21 03:24:33,393 :    41/   26 dest_loss=0.099166 future_loss=0.063022 offset_loss=0.119008 kld=0.024113 cd=-0.029946 en_pos=6.497989 en_neg=6.527935 pcd=True subgoal_reg=0.002867227858910795 
2026-01-21 03:24:48,987 :    47/   26 dest_loss=0.089038 future_loss=0.065697 offset_loss=0.102354 kld=0.023915 cd=-0.026953 en_pos=6.443750 en_neg=6.470703 pcd=True subgoal_reg=0.002766044694601041 
2026-01-21 03:25:05,206 :    53/   26 dest_loss=0.038673 future_loss=0.027052 offset_loss=0.030068 kld=0.023252 cd=-0.046233 en_pos=6.320233 en_neg=6.366466 pcd=True subgoal_reg=0.0024100634636466797 
2026-01-21 03:25:20,921 :    59/   26 dest_loss=0.031279 future_loss=0.023015 offset_loss=0.023948 kld=0.024261 cd=0.143842 en_pos=6.493479 en_neg=6.349637 pcd=True subgoal_reg=0.0026463428255281084 
2026-01-21 03:25:36,545 :    65/   26 dest_loss=0.082853 future_loss=0.064738 offset_loss=0.087187 kld=0.025122 cd=-0.081523 en_pos=6.464319 en_neg=6.545842 pcd=True subgoal_reg=0.0027443579351522237 
2026-01-21 03:25:52,191 :    71/   26 dest_loss=0.038469 future_loss=0.028025 offset_loss=0.028195 kld=0.025735 cd=0.025917 en_pos=6.492944 en_neg=6.467027 pcd=True subgoal_reg=0.0026129987870882674 
2026-01-21 03:26:07,846 :    77/   26 dest_loss=0.037578 future_loss=0.027156 offset_loss=0.028082 kld=0.024507 cd=0.236773 en_pos=6.592262 en_neg=6.355489 pcd=True subgoal_reg=0.0030241531235169162 
2026-01-21 03:26:23,449 :    83/   26 dest_loss=0.031976 future_loss=0.025468 offset_loss=0.021204 kld=0.023863 cd=0.075172 en_pos=6.751727 en_neg=6.676555 pcd=True subgoal_reg=0.002733374937489746 
2026-01-21 03:26:38,853 :    89/   26 dest_loss=0.031421 future_loss=0.023642 offset_loss=0.023117 kld=0.024188 cd=0.001843 en_pos=6.606981 en_neg=6.605138 pcd=True subgoal_reg=0.00281970196663373 
2026-01-21 03:26:54,442 :    95/   26 dest_loss=0.034966 future_loss=0.025986 offset_loss=0.027148 kld=0.023480 cd=0.224055 en_pos=6.394173 en_neg=6.170118 pcd=True subgoal_reg=0.002913690872820364 
2026-01-21 03:27:10,050 :   101/   26 dest_loss=0.037029 future_loss=0.026975 offset_loss=0.029972 kld=0.024630 cd=-0.080545 en_pos=6.386458 en_neg=6.467003 pcd=True subgoal_reg=0.0030958507824276516 
2026-01-21 03:27:25,645 :   107/   26 dest_loss=0.083020 future_loss=0.054617 offset_loss=0.092096 kld=0.025628 cd=-0.188088 en_pos=6.371147 en_neg=6.559235 pcd=True subgoal_reg=0.003212854060383753 
2026-01-21 03:27:41,233 :   113/   26 dest_loss=0.035510 future_loss=0.026009 offset_loss=0.027252 kld=0.023196 cd=-0.113797 en_pos=6.366173 en_neg=6.479970 pcd=True subgoal_reg=0.002776496891688859 
2026-01-21 03:27:56,820 :   119/   26 dest_loss=0.035318 future_loss=0.023544 offset_loss=0.031180 kld=0.023547 cd=-0.045246 en_pos=6.516385 en_neg=6.561631 pcd=True subgoal_reg=0.0029083743295156596 
2026-01-21 03:28:12,449 :   125/   26 dest_loss=0.036777 future_loss=0.026227 offset_loss=0.028429 kld=0.024698 cd=0.009424 en_pos=6.565343 en_neg=6.555919 pcd=True subgoal_reg=0.002837432841651115 
2026-01-21 03:28:28,036 :   131/   26 dest_loss=0.026825 future_loss=0.018975 offset_loss=0.022283 kld=0.024788 cd=0.104011 en_pos=6.479001 en_neg=6.374989 pcd=True subgoal_reg=0.0030038081757657363 
2026-01-21 03:28:43,695 :   137/   26 dest_loss=0.032692 future_loss=0.023790 offset_loss=0.026906 kld=0.024340 cd=-0.049989 en_pos=6.315279 en_neg=6.365268 pcd=True subgoal_reg=0.002935595907989307 
2026-01-21 03:28:59,353 :   143/   26 dest_loss=0.033788 future_loss=0.024693 offset_loss=0.025788 kld=0.023334 cd=-0.118681 en_pos=6.414380 en_neg=6.533062 pcd=True subgoal_reg=0.002697427786811441 
2026-01-21 03:29:14,996 :   149/   26 dest_loss=0.115758 future_loss=0.117390 offset_loss=0.074450 kld=0.026217 cd=-0.047566 en_pos=6.560106 en_neg=6.607673 pcd=True subgoal_reg=0.002874942456360664 
2026-01-21 03:29:30,632 :   155/   26 dest_loss=0.037781 future_loss=0.027684 offset_loss=0.029972 kld=0.024508 cd=-0.027906 en_pos=6.263515 en_neg=6.291421 pcd=True subgoal_reg=0.002523954905712626 
2026-01-21 03:29:46,274 :   161/   26 dest_loss=0.033437 future_loss=0.022449 offset_loss=0.029496 kld=0.023660 cd=0.153474 en_pos=6.427074 en_neg=6.273601 pcd=True subgoal_reg=0.0028548051298574162 
2026-01-21 03:30:01,745 :   167/   26 dest_loss=0.133074 future_loss=0.079033 offset_loss=0.142993 kld=0.025019 cd=0.170247 en_pos=6.495315 en_neg=6.325068 pcd=True subgoal_reg=0.0031259332074526033 
2026-01-21 03:30:17,380 :   173/   26 dest_loss=0.085032 future_loss=0.067281 offset_loss=0.083334 kld=0.024606 cd=0.018452 en_pos=6.495435 en_neg=6.476984 pcd=True subgoal_reg=0.0030759896757210723 
2026-01-21 03:30:32,976 :   179/   26 dest_loss=0.031890 future_loss=0.022402 offset_loss=0.025823 kld=0.023865 cd=-0.012598 en_pos=6.507487 en_neg=6.520086 pcd=True subgoal_reg=0.002946767537682652 
2026-01-21 03:30:48,595 :   185/   26 dest_loss=0.109804 future_loss=0.079469 offset_loss=0.123286 kld=0.024260 cd=-0.064610 en_pos=6.442676 en_neg=6.507286 pcd=True subgoal_reg=0.0029593769620673473 
2026-01-21 03:31:04,183 :   191/   26 dest_loss=0.030971 future_loss=0.022965 offset_loss=0.024388 kld=0.024075 cd=-0.062190 en_pos=6.439043 en_neg=6.501233 pcd=True subgoal_reg=0.0028850579285478535 
2026-01-21 03:31:19,800 :   197/   26 dest_loss=0.035878 future_loss=0.025754 offset_loss=0.027436 kld=0.023488 cd=-0.133303 en_pos=6.399257 en_neg=6.532559 pcd=True subgoal_reg=0.0026831512696192067 
2026-01-21 03:31:35,420 :   203/   26 dest_loss=0.034189 future_loss=0.024018 offset_loss=0.028253 kld=0.023177 cd=-0.055560 en_pos=6.339894 en_neg=6.395454 pcd=True subgoal_reg=0.0026153882931242776 
2026-01-21 03:31:51,155 :   209/   26 dest_loss=0.032694 future_loss=0.024381 offset_loss=0.027326 kld=0.024237 cd=0.295250 en_pos=6.440156 en_neg=6.144906 pcd=True subgoal_reg=0.002906911978042094 
2026-01-21 03:32:06,790 :   215/   26 dest_loss=0.131169 future_loss=0.122963 offset_loss=0.067460 kld=0.025688 cd=0.185465 en_pos=6.561077 en_neg=6.375612 pcd=True subgoal_reg=0.0029650411473065245 
2026-01-21 03:32:22,404 :   221/   26 dest_loss=0.038503 future_loss=0.027574 offset_loss=0.031157 kld=0.023353 cd=0.003644 en_pos=6.578975 en_neg=6.575332 pcd=True subgoal_reg=0.002970602752569037 
2026-01-21 03:32:38,050 :   227/   26 dest_loss=0.090178 future_loss=0.051483 offset_loss=0.090132 kld=0.024568 cd=-0.011759 en_pos=6.570125 en_neg=6.581884 pcd=True subgoal_reg=0.0031465393827922834 
2026-01-21 03:32:53,712 :   233/   26 dest_loss=0.033792 future_loss=0.024056 offset_loss=0.028736 kld=0.025085 cd=0.005202 en_pos=6.496174 en_neg=6.490973 pcd=True subgoal_reg=0.003192739351834565 
2026-01-21 03:33:09,388 :   239/   26 dest_loss=0.030858 future_loss=0.022950 offset_loss=0.026767 kld=0.024146 cd=-0.420574 en_pos=6.204900 en_neg=6.625473 pcd=True subgoal_reg=0.002833071564303694 
2026-01-21 03:33:24,758 :   245/   26 dest_loss=0.036556 future_loss=0.026328 offset_loss=0.030346 kld=0.023911 cd=-0.157489 en_pos=6.375443 en_neg=6.532931 pcd=True subgoal_reg=0.002830991412585324 
2026-01-21 03:33:40,387 :   251/   26 dest_loss=0.035421 future_loss=0.024890 offset_loss=0.029075 kld=0.025318 cd=-0.050565 en_pos=6.514429 en_neg=6.564994 pcd=True subgoal_reg=0.0029911697123508937 
2026-01-21 03:33:56,131 :   257/   26 dest_loss=0.036682 future_loss=0.026035 offset_loss=0.030204 kld=0.024940 cd=-0.043062 en_pos=6.531720 en_neg=6.574783 pcd=True subgoal_reg=0.002933274629889016 
2026-01-21 03:34:11,729 :   263/   26 dest_loss=0.035489 future_loss=0.025897 offset_loss=0.029647 kld=0.023969 cd=-0.132893 en_pos=6.242730 en_neg=6.375623 pcd=True subgoal_reg=0.0026238966129797712 
2026-01-21 03:34:27,334 :   269/   26 dest_loss=0.034148 future_loss=0.022803 offset_loss=0.028091 kld=0.023359 cd=-0.132375 en_pos=6.407303 en_neg=6.539678 pcd=True subgoal_reg=0.0027035536934752035 
2026-01-21 03:34:42,969 :   275/   26 dest_loss=0.033518 future_loss=0.023575 offset_loss=0.028197 kld=0.024613 cd=-0.116675 en_pos=6.283309 en_neg=6.399984 pcd=True subgoal_reg=0.0029467565483551434 
2026-01-21 03:34:58,953 :   281/   26 dest_loss=0.032771 future_loss=0.022460 offset_loss=0.028599 kld=0.023005 cd=0.063182 en_pos=6.431858 en_neg=6.368676 pcd=True subgoal_reg=0.0029750967632336837 
2026-01-21 03:35:14,893 :   287/   26 dest_loss=0.030990 future_loss=0.021619 offset_loss=0.027336 kld=0.024596 cd=-0.014952 en_pos=6.522558 en_neg=6.537510 pcd=True subgoal_reg=0.0031135882132537485 
2026-01-21 03:35:30,534 :   293/   26 dest_loss=0.033333 future_loss=0.023653 offset_loss=0.029105 kld=0.024084 cd=0.058557 en_pos=6.512487 en_neg=6.453929 pcd=True subgoal_reg=0.0029424521936098364 
2026-01-21 03:35:46,120 :   299/   26 dest_loss=0.038909 future_loss=0.026998 offset_loss=0.030159 kld=0.023391 cd=0.217248 en_pos=6.617042 en_neg=6.399794 pcd=True subgoal_reg=0.002995208797473173 
2026-01-21 03:36:01,777 :   305/   26 dest_loss=0.033497 future_loss=0.024063 offset_loss=0.028512 kld=0.024059 cd=-0.105944 en_pos=6.218488 en_neg=6.324432 pcd=True subgoal_reg=0.002497232184115283 
2026-01-21 03:36:17,439 :   311/   26 dest_loss=0.028587 future_loss=0.020097 offset_loss=0.025138 kld=0.023166 cd=0.066245 en_pos=6.438280 en_neg=6.372035 pcd=True subgoal_reg=0.0026662024345725207 
2026-01-21 03:36:33,057 :   317/   26 dest_loss=0.028478 future_loss=0.020550 offset_loss=0.023896 kld=0.022767 cd=-0.129337 en_pos=6.391591 en_neg=6.520929 pcd=True subgoal_reg=0.0026097016495336407 
2026-01-21 03:36:48,449 :   323/   26 dest_loss=0.030032 future_loss=0.022198 offset_loss=0.025411 kld=0.023586 cd=0.074946 en_pos=6.449682 en_neg=6.374737 pcd=True subgoal_reg=0.002720091722207411 
2026-01-21 03:37:04,111 :   329/   26 dest_loss=0.032334 future_loss=0.022989 offset_loss=0.025844 kld=0.024396 cd=0.101063 en_pos=6.653184 en_neg=6.552121 pcd=True subgoal_reg=0.0030880657306271092 
2026-01-21 03:37:19,737 :   335/   26 dest_loss=0.031539 future_loss=0.022344 offset_loss=0.025919 kld=0.022769 cd=0.063544 en_pos=6.318248 en_neg=6.254704 pcd=True subgoal_reg=0.0028856715326345795 
2026-01-21 03:37:35,279 :   341/   26 dest_loss=0.102962 future_loss=0.094778 offset_loss=0.088143 kld=0.024434 cd=-0.180948 en_pos=6.274689 en_neg=6.455637 pcd=True subgoal_reg=0.0030329007140495095 
2026-01-21 03:37:50,934 :   347/   26 dest_loss=0.026937 future_loss=0.019299 offset_loss=0.024681 kld=0.024560 cd=-0.034746 en_pos=6.357825 en_neg=6.392571 pcd=True subgoal_reg=0.002860792496284425 
2026-01-21 03:38:06,580 :   353/   26 dest_loss=0.029058 future_loss=0.020391 offset_loss=0.026208 kld=0.023067 cd=-0.221171 en_pos=6.361432 en_neg=6.582603 pcd=True subgoal_reg=0.002731865631239021 
2026-01-21 03:38:22,158 :   359/   26 dest_loss=0.028890 future_loss=0.020317 offset_loss=0.025011 kld=0.024143 cd=0.018932 en_pos=6.385515 en_neg=6.366583 pcd=True subgoal_reg=0.00297328050482802 
2026-01-21 03:38:37,786 :   365/   26 dest_loss=0.033937 future_loss=0.023728 offset_loss=0.027667 kld=0.023484 cd=0.119819 en_pos=6.486423 en_neg=6.366604 pcd=True subgoal_reg=0.002996778406867147 
2026-01-21 03:38:53,435 :   371/   26 dest_loss=0.088934 future_loss=0.078771 offset_loss=0.061684 kld=0.024880 cd=-0.065758 en_pos=6.488253 en_neg=6.554010 pcd=True subgoal_reg=0.0027919168908233077 
2026-01-21 03:39:09,045 :   377/   26 dest_loss=0.036688 future_loss=0.026099 offset_loss=0.030106 kld=0.022712 cd=-0.174632 en_pos=6.151044 en_neg=6.325675 pcd=True subgoal_reg=0.0026527736137656297 
2026-01-21 03:39:24,662 :   383/   26 dest_loss=0.034485 future_loss=0.024095 offset_loss=0.029292 kld=0.023993 cd=0.005531 en_pos=6.553285 en_neg=6.547754 pcd=True subgoal_reg=0.0027111924984114097 
2026-01-21 03:39:40,226 :   389/   26 dest_loss=0.029102 future_loss=0.021439 offset_loss=0.024491 kld=0.024282 cd=0.116653 en_pos=6.479157 en_neg=6.362503 pcd=True subgoal_reg=0.002902430402933801 
2026-01-21 03:39:55,884 :   395/   26 dest_loss=0.033003 future_loss=0.024394 offset_loss=0.027688 kld=0.024299 cd=0.055049 en_pos=6.402140 en_neg=6.347090 pcd=True subgoal_reg=0.0029361823822105543 
2026-01-21 03:40:11,284 :   401/   26 dest_loss=0.033789 future_loss=0.022903 offset_loss=0.029765 kld=0.023533 cd=0.195193 en_pos=6.558085 en_neg=6.362892 pcd=True subgoal_reg=0.002927171887132228 
2026-01-21 03:40:26,876 :   407/   26 dest_loss=0.034931 future_loss=0.025228 offset_loss=0.028127 kld=0.024331 cd=-0.170529 en_pos=6.285494 en_neg=6.456023 pcd=True subgoal_reg=0.002911268324947696 
2026-01-21 03:40:42,496 :   413/   26 dest_loss=0.033293 future_loss=0.023745 offset_loss=0.028245 kld=0.025882 cd=0.089442 en_pos=6.529436 en_neg=6.439994 pcd=True subgoal_reg=0.0029239631614805545 
2026-01-21 03:40:58,129 :   419/   26 dest_loss=0.036494 future_loss=0.026328 offset_loss=0.029492 kld=0.024920 cd=0.039592 en_pos=6.473087 en_neg=6.433495 pcd=True subgoal_reg=0.0028607941637468102 
2026-01-21 03:41:13,723 :   425/   26 dest_loss=0.027631 future_loss=0.020017 offset_loss=0.024506 kld=0.025417 cd=0.022408 en_pos=6.601402 en_neg=6.578994 pcd=True subgoal_reg=0.0029515596188956694 
2026-01-21 03:41:29,308 :   431/   26 dest_loss=0.124717 future_loss=0.108131 offset_loss=0.084253 kld=0.024831 cd=0.007231 en_pos=6.315315 en_neg=6.308084 pcd=True subgoal_reg=0.0028145151711379108 
2026-01-21 03:41:44,878 :   437/   26 dest_loss=0.031601 future_loss=0.022923 offset_loss=0.027342 kld=0.023820 cd=-0.059451 en_pos=6.455160 en_neg=6.514611 pcd=True subgoal_reg=0.0025634648563461716 
2026-01-21 03:42:00,540 :   443/   26 dest_loss=0.034227 future_loss=0.024500 offset_loss=0.027541 kld=0.024927 cd=-0.113327 en_pos=6.349443 en_neg=6.462770 pcd=True subgoal_reg=0.0027859052070858437 
2026-01-21 03:42:16,120 :   449/   26 dest_loss=0.033102 future_loss=0.023573 offset_loss=0.026687 kld=0.023648 cd=-0.229696 en_pos=6.347859 en_neg=6.577555 pcd=True subgoal_reg=0.003010390159828563 
2026-01-21 03:42:31,725 :   455/   26 dest_loss=0.032491 future_loss=0.023537 offset_loss=0.026641 kld=0.023472 cd=-0.145426 en_pos=6.268009 en_neg=6.413434 pcd=True subgoal_reg=0.0025825887348233136 
2026-01-21 03:42:47,382 :   461/   26 dest_loss=0.124048 future_loss=0.104532 offset_loss=0.075494 kld=0.024628 cd=-0.390426 en_pos=6.157861 en_neg=6.548287 pcd=True subgoal_reg=0.0025933784492508842 
2026-01-21 03:43:02,947 :   467/   26 dest_loss=0.029236 future_loss=0.020811 offset_loss=0.024168 kld=0.023210 cd=-0.141275 en_pos=6.357597 en_neg=6.498872 pcd=True subgoal_reg=0.0026328891106438363 
2026-01-21 03:43:18,509 :   473/   26 dest_loss=0.030637 future_loss=0.022411 offset_loss=0.020101 kld=0.023881 cd=-0.115181 en_pos=6.481728 en_neg=6.596909 pcd=True subgoal_reg=0.002943106144162012 
2026-01-21 03:43:33,903 :   479/   26 dest_loss=0.037800 future_loss=0.025410 offset_loss=0.035039 kld=0.023255 cd=0.000294 en_pos=6.260274 en_neg=6.259979 pcd=True subgoal_reg=0.002558112112891764 
2026-01-21 03:43:49,525 :   485/   26 dest_loss=0.035029 future_loss=0.025312 offset_loss=0.028199 kld=0.024911 cd=-0.130142 en_pos=6.566816 en_neg=6.696958 pcd=True subgoal_reg=0.003007977924270962 
2026-01-21 03:44:05,142 :   491/   26 dest_loss=0.039563 future_loss=0.028088 offset_loss=0.030402 kld=0.024725 cd=-0.156797 en_pos=6.511708 en_neg=6.668505 pcd=True subgoal_reg=0.003176187026459568 
2026-01-21 03:44:20,747 :   497/   26 dest_loss=0.053712 future_loss=0.037167 offset_loss=0.057098 kld=0.022467 cd=-0.282348 en_pos=6.382700 en_neg=6.665047 pcd=True subgoal_reg=0.002931285920444207 
2026-01-21 03:44:36,366 :   503/   26 dest_loss=0.032344 future_loss=0.023754 offset_loss=0.027453 kld=0.024088 cd=-0.040024 en_pos=6.344226 en_neg=6.384250 pcd=True subgoal_reg=0.002475873032059016 
2026-01-21 03:44:52,202 :   509/   26 dest_loss=0.034824 future_loss=0.025927 offset_loss=0.020936 kld=0.023794 cd=0.193634 en_pos=6.653767 en_neg=6.460133 pcd=True subgoal_reg=0.002949995483019807 
2026-01-21 03:46:27,714 : Train Loss 83.14484126605005
2026-01-21 03:46:27,715 : Overall Loss 16.4553992399108
2026-01-21 03:46:27,715 : Dest Loss 22.003594685830972
2026-01-21 03:46:27,715 : Val ADE 0.12278979021817589
2026-01-21 03:46:27,715 : Val FDE 0.1423578138507945
2026-01-21 03:46:27,715 : Val Best ADE 0.12119239276903074
2026-01-21 03:46:27,715 : Val Best FDE 0.14383934085083178
2026-01-21 03:46:27,716 : ----->learning rate 7.8125e-05
2026-01-21 03:46:43,478 :     5/   27 dest_loss=0.036663 future_loss=0.026350 offset_loss=0.029728 kld=0.024244 cd=0.025571 en_pos=6.506550 en_neg=6.480978 pcd=True subgoal_reg=0.0027149346890917823 
2026-01-21 03:46:59,077 :    11/   27 dest_loss=0.034535 future_loss=0.025130 offset_loss=0.027428 kld=0.023654 cd=-0.051565 en_pos=6.317750 en_neg=6.369315 pcd=True subgoal_reg=0.0025485160357110515 
2026-01-21 03:47:14,511 :    17/   27 dest_loss=0.037003 future_loss=0.026423 offset_loss=0.028490 kld=0.023790 cd=-0.038985 en_pos=6.503641 en_neg=6.542625 pcd=True subgoal_reg=0.0028903314955434556 
2026-01-21 03:47:30,085 :    23/   27 dest_loss=0.032470 future_loss=0.024507 offset_loss=0.021498 kld=0.024148 cd=-0.013848 en_pos=6.494869 en_neg=6.508716 pcd=True subgoal_reg=0.0027281837170672644 
2026-01-21 03:47:45,607 :    29/   27 dest_loss=0.037090 future_loss=0.024707 offset_loss=0.031990 kld=0.023162 cd=-0.046024 en_pos=6.446684 en_neg=6.492709 pcd=True subgoal_reg=0.00279177858832067 
2026-01-21 03:48:01,194 :    35/   27 dest_loss=0.028785 future_loss=0.020753 offset_loss=0.024020 kld=0.024994 cd=0.039906 en_pos=6.443601 en_neg=6.403696 pcd=True subgoal_reg=0.002990065959692695 
2026-01-21 03:48:16,762 :    41/   27 dest_loss=0.032023 future_loss=0.024270 offset_loss=0.025476 kld=0.024427 cd=-0.196568 en_pos=6.277419 en_neg=6.473986 pcd=True subgoal_reg=0.0028368034254585787 
2026-01-21 03:48:32,359 :    47/   27 dest_loss=0.034671 future_loss=0.025032 offset_loss=0.026508 kld=0.024571 cd=0.128535 en_pos=6.663187 en_neg=6.534652 pcd=True subgoal_reg=0.003164038859608401 
2026-01-21 03:48:47,924 :    53/   27 dest_loss=0.029384 future_loss=0.022397 offset_loss=0.023691 kld=0.024729 cd=-0.000454 en_pos=6.471566 en_neg=6.472021 pcd=True subgoal_reg=0.0029933066923342523 
2026-01-21 03:49:03,457 :    59/   27 dest_loss=0.033815 future_loss=0.024415 offset_loss=0.027433 kld=0.024978 cd=-0.415114 en_pos=6.357886 en_neg=6.773000 pcd=True subgoal_reg=0.0029108036721985416 
2026-01-21 03:49:19,068 :    65/   27 dest_loss=0.119902 future_loss=0.120475 offset_loss=0.064893 kld=0.025461 cd=0.163712 en_pos=6.395296 en_neg=6.231584 pcd=True subgoal_reg=0.0027377955670971786 
2026-01-21 03:49:34,651 :    71/   27 dest_loss=0.026315 future_loss=0.018624 offset_loss=0.022863 kld=0.023402 cd=-0.184025 en_pos=6.291673 en_neg=6.475698 pcd=True subgoal_reg=0.0028736990481480346 
2026-01-21 03:49:50,229 :    77/   27 dest_loss=0.033277 future_loss=0.023119 offset_loss=0.027035 kld=0.025643 cd=0.010800 en_pos=6.533372 en_neg=6.522572 pcd=True subgoal_reg=0.003320880401949891 
2026-01-21 03:50:05,849 :    83/   27 dest_loss=0.034682 future_loss=0.024866 offset_loss=0.028931 kld=0.023518 cd=-0.084793 en_pos=6.359649 en_neg=6.444443 pcd=True subgoal_reg=0.00303102198158199 
2026-01-21 03:50:21,177 :    89/   27 dest_loss=0.030415 future_loss=0.022796 offset_loss=0.024215 kld=0.023654 cd=-0.135166 en_pos=6.659632 en_neg=6.794798 pcd=True subgoal_reg=0.002977627016984443 
2026-01-21 03:50:36,810 :    95/   27 dest_loss=0.032806 future_loss=0.021150 offset_loss=0.032462 kld=0.023557 cd=-0.020765 en_pos=6.494695 en_neg=6.515460 pcd=True subgoal_reg=0.0029845041264829906 
2026-01-21 03:50:52,383 :   101/   27 dest_loss=0.035704 future_loss=0.026137 offset_loss=0.027758 kld=0.023767 cd=-0.134269 en_pos=6.201117 en_neg=6.335387 pcd=True subgoal_reg=0.0025434341525657754 
2026-01-21 03:51:08,020 :   107/   27 dest_loss=0.028759 future_loss=0.021608 offset_loss=0.022994 kld=0.025666 cd=0.132714 en_pos=6.576848 en_neg=6.444134 pcd=True subgoal_reg=0.002800967722749757 
2026-01-21 03:51:23,544 :   113/   27 dest_loss=0.029222 future_loss=0.020173 offset_loss=0.025265 kld=0.023670 cd=-0.087981 en_pos=6.583752 en_neg=6.671732 pcd=True subgoal_reg=0.0030805767206422844 
2026-01-21 03:51:39,131 :   119/   27 dest_loss=0.122291 future_loss=0.096921 offset_loss=0.063399 kld=0.024375 cd=0.121661 en_pos=6.563431 en_neg=6.441770 pcd=True subgoal_reg=0.0026390220048447687 
2026-01-21 03:51:54,700 :   125/   27 dest_loss=0.040928 future_loss=0.030521 offset_loss=0.026765 kld=0.024001 cd=0.093980 en_pos=6.728003 en_neg=6.634023 pcd=True subgoal_reg=0.0030845878968862196 
2026-01-21 03:52:10,265 :   131/   27 dest_loss=0.031953 future_loss=0.023312 offset_loss=0.026286 kld=0.023803 cd=0.119765 en_pos=6.591768 en_neg=6.472003 pcd=True subgoal_reg=0.002717243134651618 
2026-01-21 03:52:25,816 :   137/   27 dest_loss=0.030499 future_loss=0.022497 offset_loss=0.024074 kld=0.023892 cd=-0.241096 en_pos=6.448304 en_neg=6.689399 pcd=True subgoal_reg=0.0028597039928499827 
2026-01-21 03:52:41,341 :   143/   27 dest_loss=0.036268 future_loss=0.026104 offset_loss=0.029471 kld=0.025356 cd=-0.222867 en_pos=6.384035 en_neg=6.606902 pcd=True subgoal_reg=0.0030276970393742194 
2026-01-21 03:52:56,947 :   149/   27 dest_loss=0.102865 future_loss=0.077981 offset_loss=0.065302 kld=0.024877 cd=-0.160389 en_pos=6.356319 en_neg=6.516709 pcd=True subgoal_reg=0.0029821481752303636 
2026-01-21 03:53:12,573 :   155/   27 dest_loss=0.027832 future_loss=0.019990 offset_loss=0.023270 kld=0.023834 cd=0.291191 en_pos=6.502041 en_neg=6.210851 pcd=True subgoal_reg=0.0027220063847978853 
2026-01-21 03:53:28,142 :   161/   27 dest_loss=0.097134 future_loss=0.091994 offset_loss=0.101835 kld=0.023217 cd=-0.195998 en_pos=6.519791 en_neg=6.715788 pcd=True subgoal_reg=0.0025983865078183285 
2026-01-21 03:53:43,562 :   167/   27 dest_loss=0.034546 future_loss=0.025773 offset_loss=0.025250 kld=0.024756 cd=0.272756 en_pos=6.583949 en_neg=6.311193 pcd=True subgoal_reg=0.0027094143050263053 
2026-01-21 03:53:59,160 :   173/   27 dest_loss=0.037071 future_loss=0.027595 offset_loss=0.026670 kld=0.024504 cd=0.004830 en_pos=6.294700 en_neg=6.289870 pcd=True subgoal_reg=0.002696070998181754 
2026-01-21 03:54:14,778 :   179/   27 dest_loss=0.032438 future_loss=0.024076 offset_loss=0.020425 kld=0.023293 cd=0.047888 en_pos=6.393126 en_neg=6.345238 pcd=True subgoal_reg=0.0026365536654805112 
2026-01-21 03:54:30,400 :   185/   27 dest_loss=0.037992 future_loss=0.027718 offset_loss=0.028735 kld=0.024631 cd=-0.022716 en_pos=6.425768 en_neg=6.448484 pcd=True subgoal_reg=0.0027944059241482664 
2026-01-21 03:54:45,946 :   191/   27 dest_loss=0.033456 future_loss=0.024932 offset_loss=0.024567 kld=0.023219 cd=-0.019802 en_pos=6.400095 en_neg=6.419898 pcd=True subgoal_reg=0.0026819313702655073 
2026-01-21 03:55:02,122 :   197/   27 dest_loss=0.035596 future_loss=0.025976 offset_loss=0.026229 kld=0.024364 cd=0.034135 en_pos=6.405698 en_neg=6.371563 pcd=True subgoal_reg=0.002840956483634045 
2026-01-21 03:55:17,861 :   203/   27 dest_loss=0.028827 future_loss=0.022389 offset_loss=0.023507 kld=0.022656 cd=0.088959 en_pos=6.565129 en_neg=6.476170 pcd=True subgoal_reg=0.002784795727467291 
2026-01-21 03:55:33,490 :   209/   27 dest_loss=0.042914 future_loss=0.031915 offset_loss=0.033825 kld=0.024603 cd=0.140852 en_pos=6.488388 en_neg=6.347535 pcd=True subgoal_reg=0.0029085560402870962 
2026-01-21 03:55:48,994 :   215/   27 dest_loss=0.036716 future_loss=0.026396 offset_loss=0.027451 kld=0.023767 cd=-0.013774 en_pos=6.513466 en_neg=6.527240 pcd=True subgoal_reg=0.0030860726093909713 
2026-01-21 03:56:04,562 :   221/   27 dest_loss=0.038844 future_loss=0.027936 offset_loss=0.029288 kld=0.026202 cd=-0.059024 en_pos=6.509821 en_neg=6.568845 pcd=True subgoal_reg=0.0029660752213309634 
2026-01-21 03:56:20,187 :   227/   27 dest_loss=0.033643 future_loss=0.024922 offset_loss=0.028030 kld=0.024561 cd=0.027283 en_pos=6.233348 en_neg=6.206065 pcd=True subgoal_reg=0.0027051909877586298 
2026-01-21 03:56:35,800 :   233/   27 dest_loss=0.034084 future_loss=0.024481 offset_loss=0.026155 kld=0.024953 cd=0.067117 en_pos=6.399574 en_neg=6.332457 pcd=True subgoal_reg=0.0028275640191259767 
2026-01-21 03:56:51,347 :   239/   27 dest_loss=0.043371 future_loss=0.032953 offset_loss=0.026694 kld=0.023960 cd=-0.248946 en_pos=6.413967 en_neg=6.662913 pcd=True subgoal_reg=0.0029043599338004853 
2026-01-21 03:57:06,728 :   245/   27 dest_loss=0.033317 future_loss=0.023188 offset_loss=0.025234 kld=0.023015 cd=0.111237 en_pos=6.427380 en_neg=6.316142 pcd=True subgoal_reg=0.0029740740909425145 
2026-01-21 03:57:22,293 :   251/   27 dest_loss=0.030954 future_loss=0.022292 offset_loss=0.025171 kld=0.024428 cd=-0.028956 en_pos=6.393749 en_neg=6.422706 pcd=True subgoal_reg=0.0026109510027617615 
2026-01-21 03:57:37,821 :   257/   27 dest_loss=0.033299 future_loss=0.024676 offset_loss=0.025671 kld=0.024332 cd=-0.232272 en_pos=6.403872 en_neg=6.636144 pcd=True subgoal_reg=0.0026403588323201947 
2026-01-21 03:57:53,439 :   263/   27 dest_loss=0.034998 future_loss=0.025986 offset_loss=0.026358 kld=0.024447 cd=0.262178 en_pos=6.658759 en_neg=6.396581 pcd=True subgoal_reg=0.0028700656782206114 
2026-01-21 03:58:09,021 :   269/   27 dest_loss=0.031674 future_loss=0.024530 offset_loss=0.024587 kld=0.023674 cd=0.029305 en_pos=6.250919 en_neg=6.221614 pcd=True subgoal_reg=0.00235390844278145 
2026-01-21 03:58:24,618 :   275/   27 dest_loss=0.036299 future_loss=0.027572 offset_loss=0.028814 kld=0.024237 cd=0.281970 en_pos=6.594112 en_neg=6.312142 pcd=True subgoal_reg=0.002918930652777448 
2026-01-21 03:58:40,177 :   281/   27 dest_loss=0.032772 future_loss=0.024818 offset_loss=0.023832 kld=0.023362 cd=0.399567 en_pos=6.726433 en_neg=6.326865 pcd=True subgoal_reg=0.002936620663048754 
2026-01-21 03:58:55,737 :   287/   27 dest_loss=0.034198 future_loss=0.024693 offset_loss=0.027860 kld=0.023517 cd=0.141270 en_pos=6.345223 en_neg=6.203953 pcd=True subgoal_reg=0.0030693299027808574 
2026-01-21 03:59:11,372 :   293/   27 dest_loss=0.032149 future_loss=0.023221 offset_loss=0.026318 kld=0.023567 cd=0.022839 en_pos=6.465375 en_neg=6.442537 pcd=True subgoal_reg=0.0029746563144432804 
2026-01-21 03:59:26,929 :   299/   27 dest_loss=0.030493 future_loss=0.021909 offset_loss=0.024729 kld=0.023390 cd=-0.048980 en_pos=6.361758 en_neg=6.410739 pcd=True subgoal_reg=0.002835893428983924 
2026-01-21 03:59:42,543 :   305/   27 dest_loss=0.030745 future_loss=0.022441 offset_loss=0.024426 kld=0.024643 cd=0.127259 en_pos=6.453768 en_neg=6.326509 pcd=True subgoal_reg=0.0029473108927430564 
2026-01-21 03:59:58,210 :   311/   27 dest_loss=0.039731 future_loss=0.028522 offset_loss=0.031076 kld=0.025115 cd=0.181175 en_pos=6.553449 en_neg=6.372274 pcd=True subgoal_reg=0.002805762885681977 
2026-01-21 04:00:13,802 :   317/   27 dest_loss=0.029571 future_loss=0.020811 offset_loss=0.023959 kld=0.023039 cd=-0.146656 en_pos=6.347655 en_neg=6.494311 pcd=True subgoal_reg=0.002852149350362458 
2026-01-21 04:00:29,202 :   323/   27 dest_loss=0.090360 future_loss=0.073121 offset_loss=0.092193 kld=0.024588 cd=-0.012293 en_pos=6.435429 en_neg=6.447722 pcd=True subgoal_reg=0.0028846393556347404 
2026-01-21 04:00:44,803 :   329/   27 dest_loss=0.062822 future_loss=0.049547 offset_loss=0.074161 kld=0.024277 cd=0.087687 en_pos=6.606519 en_neg=6.518832 pcd=True subgoal_reg=0.0030267243371542366 
2026-01-21 04:01:00,412 :   335/   27 dest_loss=0.035520 future_loss=0.026432 offset_loss=0.025852 kld=0.023268 cd=0.288216 en_pos=6.400187 en_neg=6.111971 pcd=True subgoal_reg=0.0027099417396667528 
2026-01-21 04:01:16,045 :   341/   27 dest_loss=0.031106 future_loss=0.022122 offset_loss=0.025167 kld=0.023171 cd=-0.094362 en_pos=6.439933 en_neg=6.534295 pcd=True subgoal_reg=0.0025353222176675815 
2026-01-21 04:01:31,609 :   347/   27 dest_loss=0.040920 future_loss=0.031295 offset_loss=0.025012 kld=0.024156 cd=0.002086 en_pos=6.603831 en_neg=6.601744 pcd=True subgoal_reg=0.002841086242642543 
2026-01-21 04:01:47,234 :   353/   27 dest_loss=0.169026 future_loss=0.137188 offset_loss=0.145076 kld=0.026439 cd=-0.119061 en_pos=6.520032 en_neg=6.639093 pcd=True subgoal_reg=0.002805999001256694 
2026-01-21 04:02:02,871 :   359/   27 dest_loss=0.034032 future_loss=0.024596 offset_loss=0.026956 kld=0.025128 cd=0.031358 en_pos=6.495625 en_neg=6.464267 pcd=True subgoal_reg=0.0028663408668146433 
2026-01-21 04:02:18,470 :   365/   27 dest_loss=0.033541 future_loss=0.023717 offset_loss=0.026652 kld=0.023822 cd=-0.040995 en_pos=6.587905 en_neg=6.628900 pcd=True subgoal_reg=0.0028752504236139054 
2026-01-21 04:02:34,113 :   371/   27 dest_loss=0.028040 future_loss=0.021514 offset_loss=0.023327 kld=0.024214 cd=-0.181521 en_pos=6.317682 en_neg=6.499202 pcd=True subgoal_reg=0.0026175911223137523 
2026-01-21 04:02:49,780 :   377/   27 dest_loss=0.085115 future_loss=0.059900 offset_loss=0.114330 kld=0.024333 cd=-0.045058 en_pos=6.484486 en_neg=6.529544 pcd=True subgoal_reg=0.003498738052860656 
2026-01-21 04:03:05,370 :   383/   27 dest_loss=0.031902 future_loss=0.023703 offset_loss=0.023366 kld=0.023264 cd=-0.148660 en_pos=6.406644 en_neg=6.555305 pcd=True subgoal_reg=0.0026361492944599356 
2026-01-21 04:03:21,000 :   389/   27 dest_loss=0.029218 future_loss=0.021421 offset_loss=0.020744 kld=0.023485 cd=-0.109559 en_pos=6.520834 en_neg=6.630393 pcd=True subgoal_reg=0.002872972714949848 
2026-01-21 04:03:36,585 :   395/   27 dest_loss=0.031713 future_loss=0.022846 offset_loss=0.023320 kld=0.023375 cd=0.045232 en_pos=6.348738 en_neg=6.303506 pcd=True subgoal_reg=0.0025416220465806485 
2026-01-21 04:03:51,957 :   401/   27 dest_loss=0.036510 future_loss=0.025232 offset_loss=0.026350 kld=0.023698 cd=-0.028740 en_pos=6.430694 en_neg=6.459435 pcd=True subgoal_reg=0.003010106276789475 
2026-01-21 04:04:07,539 :   407/   27 dest_loss=0.173568 future_loss=0.154089 offset_loss=0.085388 kld=0.025941 cd=-0.075337 en_pos=6.275110 en_neg=6.350447 pcd=True subgoal_reg=0.0027106053910239034 
2026-01-21 04:04:23,145 :   413/   27 dest_loss=0.117621 future_loss=0.096878 offset_loss=0.070107 kld=0.024330 cd=-0.109212 en_pos=6.405119 en_neg=6.514331 pcd=True subgoal_reg=0.0027303683983098525 
2026-01-21 04:04:38,742 :   419/   27 dest_loss=0.082488 future_loss=0.071808 offset_loss=0.059167 kld=0.025332 cd=0.201320 en_pos=6.547876 en_neg=6.346555 pcd=True subgoal_reg=0.0031098734350803806 
2026-01-21 04:04:54,621 :   425/   27 dest_loss=0.067978 future_loss=0.043654 offset_loss=0.067807 kld=0.023926 cd=0.416373 en_pos=6.619934 en_neg=6.203561 pcd=True subgoal_reg=0.002995153010470519 
2026-01-21 04:05:10,680 :   431/   27 dest_loss=0.030239 future_loss=0.022360 offset_loss=0.025523 kld=0.025164 cd=-0.076963 en_pos=6.527106 en_neg=6.604069 pcd=True subgoal_reg=0.0033522681665851903 
2026-01-21 04:05:26,316 :   437/   27 dest_loss=0.032797 future_loss=0.024484 offset_loss=0.027190 kld=0.024058 cd=0.040103 en_pos=6.448358 en_neg=6.408256 pcd=True subgoal_reg=0.0027865727880269303 
2026-01-21 04:05:41,915 :   443/   27 dest_loss=0.034705 future_loss=0.024134 offset_loss=0.026978 kld=0.023342 cd=0.088602 en_pos=6.512385 en_neg=6.423783 pcd=True subgoal_reg=0.0028580426718103303 
2026-01-21 04:05:57,532 :   449/   27 dest_loss=0.034834 future_loss=0.025298 offset_loss=0.027602 kld=0.024331 cd=0.197663 en_pos=6.736566 en_neg=6.538903 pcd=True subgoal_reg=0.0031581401404059115 
2026-01-21 04:06:13,115 :   455/   27 dest_loss=0.029950 future_loss=0.022467 offset_loss=0.023218 kld=0.024915 cd=0.086726 en_pos=6.517124 en_neg=6.430398 pcd=True subgoal_reg=0.0030670143184187058 
2026-01-21 04:06:28,738 :   461/   27 dest_loss=0.032104 future_loss=0.023511 offset_loss=0.025845 kld=0.023669 cd=0.029602 en_pos=6.472745 en_neg=6.443144 pcd=True subgoal_reg=0.0025107920886138285 
2026-01-21 04:06:44,325 :   467/   27 dest_loss=0.033343 future_loss=0.024895 offset_loss=0.026422 kld=0.024446 cd=0.001569 en_pos=6.413909 en_neg=6.412340 pcd=True subgoal_reg=0.002530482405802349 
2026-01-21 04:06:59,933 :   473/   27 dest_loss=0.148339 future_loss=0.133681 offset_loss=0.107323 kld=0.024241 cd=-0.141041 en_pos=6.343692 en_neg=6.484732 pcd=True subgoal_reg=0.0024896837071273683 
2026-01-21 04:07:15,343 :   479/   27 dest_loss=0.029122 future_loss=0.021480 offset_loss=0.022485 kld=0.023770 cd=0.155794 en_pos=6.497863 en_neg=6.342069 pcd=True subgoal_reg=0.002835839208620422 
2026-01-21 04:07:30,965 :   485/   27 dest_loss=0.129836 future_loss=0.097865 offset_loss=0.089274 kld=0.026024 cd=0.206553 en_pos=6.489271 en_neg=6.282717 pcd=True subgoal_reg=0.0028000124859727388 
2026-01-21 04:07:46,570 :   491/   27 dest_loss=0.028737 future_loss=0.020647 offset_loss=0.023281 kld=0.025571 cd=0.337424 en_pos=6.710464 en_neg=6.373041 pcd=True subgoal_reg=0.0029987231185963996 
2026-01-21 04:08:02,183 :   497/   27 dest_loss=0.036909 future_loss=0.026294 offset_loss=0.028002 kld=0.024081 cd=-0.099831 en_pos=6.341455 en_neg=6.441286 pcd=True subgoal_reg=0.0028592080889096013 
2026-01-21 04:08:17,829 :   503/   27 dest_loss=0.030120 future_loss=0.022193 offset_loss=0.024512 kld=0.023936 cd=-0.112762 en_pos=6.425693 en_neg=6.538454 pcd=True subgoal_reg=0.0024241367458658113 
2026-01-21 04:08:33,459 :   509/   27 dest_loss=0.037516 future_loss=0.027333 offset_loss=0.029050 kld=0.024374 cd=-0.010509 en_pos=6.198117 en_neg=6.208625 pcd=True subgoal_reg=0.0026120897890281256 
2026-01-21 04:10:08,643 : Train Loss 97.2019087873232
2026-01-21 04:10:08,643 : Overall Loss 18.361330385365136
2026-01-21 04:10:08,644 : Dest Loss 24.41539775562245
2026-01-21 04:10:08,644 : Val ADE 0.11865852588670045
2026-01-21 04:10:08,644 : Val FDE 0.14391011551876862
2026-01-21 04:10:08,644 : Val Best ADE 0.11865852588670045
2026-01-21 04:10:08,644 : Val Best FDE 0.14391011551876862
2026-01-21 04:10:08,644 : ----->learning rate 7.8125e-05
2026-01-21 04:10:24,361 :     5/   28 dest_loss=0.035251 future_loss=0.026008 offset_loss=0.025790 kld=0.025331 cd=-0.144007 en_pos=6.490134 en_neg=6.634142 pcd=True subgoal_reg=0.002710474844994434 
2026-01-21 04:10:39,889 :    11/   28 dest_loss=0.036483 future_loss=0.027853 offset_loss=0.023873 kld=0.023904 cd=0.003865 en_pos=6.542395 en_neg=6.538529 pcd=True subgoal_reg=0.0025887610729767134 
2026-01-21 04:10:55,406 :    17/   28 dest_loss=0.033199 future_loss=0.024082 offset_loss=0.025139 kld=0.024026 cd=0.080179 en_pos=6.452629 en_neg=6.372450 pcd=True subgoal_reg=0.002505157543603212 
2026-01-21 04:11:10,960 :    23/   28 dest_loss=0.029712 future_loss=0.020162 offset_loss=0.025563 kld=0.023754 cd=-0.066585 en_pos=6.494385 en_neg=6.560970 pcd=True subgoal_reg=0.0030008153428393003 
2026-01-21 04:11:26,275 :    29/   28 dest_loss=0.037975 future_loss=0.027326 offset_loss=0.028273 kld=0.023204 cd=-0.111833 en_pos=6.311910 en_neg=6.423743 pcd=True subgoal_reg=0.002662263677838957 
2026-01-21 04:11:41,882 :    35/   28 dest_loss=0.033636 future_loss=0.024657 offset_loss=0.028124 kld=0.023904 cd=-0.048182 en_pos=6.230146 en_neg=6.278329 pcd=True subgoal_reg=0.002726983860984308 
2026-01-21 04:11:57,507 :    41/   28 dest_loss=0.036056 future_loss=0.026038 offset_loss=0.029632 kld=0.024270 cd=0.217075 en_pos=6.564114 en_neg=6.347039 pcd=True subgoal_reg=0.0026479712200870027 
2026-01-21 04:12:13,082 :    47/   28 dest_loss=0.031667 future_loss=0.023226 offset_loss=0.024830 kld=0.024824 cd=-0.051801 en_pos=6.370545 en_neg=6.422346 pcd=True subgoal_reg=0.002871685765852704 
2026-01-21 04:12:28,725 :    53/   28 dest_loss=0.031383 future_loss=0.023019 offset_loss=0.025235 kld=0.024810 cd=-0.063921 en_pos=6.494112 en_neg=6.558033 pcd=True subgoal_reg=0.0028511081295837445 
2026-01-21 04:12:44,366 :    59/   28 dest_loss=0.140314 future_loss=0.126110 offset_loss=0.071376 kld=0.026952 cd=0.113583 en_pos=6.495054 en_neg=6.381472 pcd=True subgoal_reg=0.0032746929249359118 
2026-01-21 04:13:00,034 :    65/   28 dest_loss=0.037909 future_loss=0.025944 offset_loss=0.032279 kld=0.023786 cd=-0.279944 en_pos=6.297819 en_neg=6.577763 pcd=True subgoal_reg=0.0030206628291958304 
2026-01-21 04:13:15,660 :    71/   28 dest_loss=0.032048 future_loss=0.023445 offset_loss=0.023301 kld=0.023359 cd=-0.374894 en_pos=6.322904 en_neg=6.697798 pcd=True subgoal_reg=0.0029202284517901656 
2026-01-21 04:13:31,224 :    77/   28 dest_loss=0.037814 future_loss=0.027840 offset_loss=0.030801 kld=0.025205 cd=-0.130384 en_pos=6.281829 en_neg=6.412213 pcd=True subgoal_reg=0.002836369571582248 
2026-01-21 04:13:46,864 :    83/   28 dest_loss=0.029215 future_loss=0.021375 offset_loss=0.022958 kld=0.023557 cd=0.112777 en_pos=6.444705 en_neg=6.331928 pcd=True subgoal_reg=0.002842905480841468 
2026-01-21 04:14:02,457 :    89/   28 dest_loss=0.033398 future_loss=0.023974 offset_loss=0.026794 kld=0.023147 cd=0.123075 en_pos=6.579020 en_neg=6.455945 pcd=True subgoal_reg=0.0029673545523672767 
2026-01-21 04:14:18,080 :    95/   28 dest_loss=0.032718 future_loss=0.022256 offset_loss=0.028854 kld=0.022875 cd=0.069966 en_pos=6.306038 en_neg=6.236072 pcd=True subgoal_reg=0.002763506884228427 
2026-01-21 04:14:33,617 :   101/   28 dest_loss=0.033228 future_loss=0.023453 offset_loss=0.025837 kld=0.023779 cd=0.139708 en_pos=6.545011 en_neg=6.405303 pcd=True subgoal_reg=0.003051800326372719 
2026-01-21 04:14:49,041 :   107/   28 dest_loss=0.031382 future_loss=0.020319 offset_loss=0.030785 kld=0.023316 cd=0.176212 en_pos=6.427185 en_neg=6.250973 pcd=True subgoal_reg=0.002971903204329865 
2026-01-21 04:15:05,250 :   113/   28 dest_loss=0.175922 future_loss=0.135234 offset_loss=0.151486 kld=0.025715 cd=0.063203 en_pos=6.498906 en_neg=6.435703 pcd=True subgoal_reg=0.0029317688083040395 
2026-01-21 04:15:20,994 :   119/   28 dest_loss=0.037293 future_loss=0.027282 offset_loss=0.029196 kld=0.024839 cd=0.121004 en_pos=6.562728 en_neg=6.441724 pcd=True subgoal_reg=0.00292068566631492 
2026-01-21 04:15:36,586 :   125/   28 dest_loss=0.033179 future_loss=0.024644 offset_loss=0.026977 kld=0.024071 cd=-0.021736 en_pos=6.561503 en_neg=6.583239 pcd=True subgoal_reg=0.002910715015739275 
2026-01-21 04:15:52,207 :   131/   28 dest_loss=0.036797 future_loss=0.028137 offset_loss=0.022834 kld=0.024239 cd=-0.092895 en_pos=6.554966 en_neg=6.647862 pcd=True subgoal_reg=0.00290854516727472 
2026-01-21 04:16:07,752 :   137/   28 dest_loss=0.030923 future_loss=0.022195 offset_loss=0.023826 kld=0.023312 cd=0.083989 en_pos=6.570028 en_neg=6.486039 pcd=True subgoal_reg=0.0032201095021741205 
2026-01-21 04:16:23,299 :   143/   28 dest_loss=0.035881 future_loss=0.025041 offset_loss=0.027182 kld=0.024577 cd=0.160503 en_pos=6.560048 en_neg=6.399545 pcd=True subgoal_reg=0.002884850106545594 
2026-01-21 04:16:38,908 :   149/   28 dest_loss=0.029791 future_loss=0.021215 offset_loss=0.023077 kld=0.023708 cd=0.000540 en_pos=6.546392 en_neg=6.545852 pcd=True subgoal_reg=0.0027688492711779146 
2026-01-21 04:16:54,514 :   155/   28 dest_loss=0.148359 future_loss=0.085693 offset_loss=0.150499 kld=0.024769 cd=-0.076070 en_pos=6.373792 en_neg=6.449862 pcd=True subgoal_reg=0.0028758266066596172 
2026-01-21 04:17:10,089 :   161/   28 dest_loss=0.030668 future_loss=0.022655 offset_loss=0.023815 kld=0.024922 cd=0.040125 en_pos=6.630116 en_neg=6.589990 pcd=True subgoal_reg=0.002898888364732996 
2026-01-21 04:17:25,709 :   167/   28 dest_loss=0.031873 future_loss=0.023837 offset_loss=0.026969 kld=0.024487 cd=0.151274 en_pos=6.486659 en_neg=6.335386 pcd=True subgoal_reg=0.0025532823535180296 
2026-01-21 04:17:41,331 :   173/   28 dest_loss=0.034370 future_loss=0.026344 offset_loss=0.026888 kld=0.024142 cd=0.083440 en_pos=6.339686 en_neg=6.256246 pcd=True subgoal_reg=0.002579204685070213 
2026-01-21 04:17:56,939 :   179/   28 dest_loss=0.145763 future_loss=0.111592 offset_loss=0.081298 kld=0.026901 cd=-0.229539 en_pos=6.373450 en_neg=6.602989 pcd=True subgoal_reg=0.002656323449593159 
2026-01-21 04:18:12,280 :   185/   28 dest_loss=0.031004 future_loss=0.023872 offset_loss=0.024546 kld=0.024783 cd=0.094612 en_pos=6.593598 en_neg=6.498986 pcd=True subgoal_reg=0.002751899920528887 
2026-01-21 04:18:27,905 :   191/   28 dest_loss=0.038557 future_loss=0.027950 offset_loss=0.028197 kld=0.023139 cd=-0.212093 en_pos=6.413801 en_neg=6.625894 pcd=True subgoal_reg=0.0029051574471843497 
2026-01-21 04:18:43,510 :   197/   28 dest_loss=0.030005 future_loss=0.022419 offset_loss=0.023947 kld=0.024075 cd=-0.240359 en_pos=6.306822 en_neg=6.547180 pcd=True subgoal_reg=0.0027010594751738994 
2026-01-21 04:18:59,124 :   203/   28 dest_loss=0.029844 future_loss=0.021712 offset_loss=0.022501 kld=0.023440 cd=-0.033745 en_pos=6.409781 en_neg=6.443525 pcd=True subgoal_reg=0.002935497707367108 
2026-01-21 04:19:14,692 :   209/   28 dest_loss=0.027368 future_loss=0.020180 offset_loss=0.021839 kld=0.024432 cd=0.127141 en_pos=6.538207 en_neg=6.411067 pcd=True subgoal_reg=0.0026398347190646747 
2026-01-21 04:19:30,262 :   215/   28 dest_loss=0.033415 future_loss=0.024970 offset_loss=0.025822 kld=0.024944 cd=0.015839 en_pos=6.405385 en_neg=6.389546 pcd=True subgoal_reg=0.002848963856455479 
2026-01-21 04:19:45,831 :   221/   28 dest_loss=0.033925 future_loss=0.024969 offset_loss=0.025843 kld=0.024324 cd=-0.330404 en_pos=6.379491 en_neg=6.709895 pcd=True subgoal_reg=0.0027934124928554608 
2026-01-21 04:20:01,478 :   227/   28 dest_loss=0.069294 future_loss=0.051188 offset_loss=0.086575 kld=0.022951 cd=0.177151 en_pos=6.671233 en_neg=6.494082 pcd=True subgoal_reg=0.0027486982552952432 
2026-01-21 04:20:17,086 :   233/   28 dest_loss=0.035094 future_loss=0.024803 offset_loss=0.026293 kld=0.025255 cd=0.216281 en_pos=6.505388 en_neg=6.289107 pcd=True subgoal_reg=0.003060624724209657 
2026-01-21 04:20:32,657 :   239/   28 dest_loss=0.057796 future_loss=0.049117 offset_loss=0.041621 kld=0.024839 cd=0.188989 en_pos=6.724465 en_neg=6.535476 pcd=True subgoal_reg=0.002870822478208516 
2026-01-21 04:20:48,313 :   245/   28 dest_loss=0.030071 future_loss=0.022333 offset_loss=0.023801 kld=0.024846 cd=0.146018 en_pos=6.476342 en_neg=6.330324 pcd=True subgoal_reg=0.0026591169923692684 
2026-01-21 04:21:03,889 :   251/   28 dest_loss=0.027521 future_loss=0.021087 offset_loss=0.022533 kld=0.024720 cd=0.122373 en_pos=6.618824 en_neg=6.496451 pcd=True subgoal_reg=0.0029495023454860474 
2026-01-21 04:21:19,451 :   257/   28 dest_loss=0.027581 future_loss=0.019760 offset_loss=0.021792 kld=0.023232 cd=0.067565 en_pos=6.467078 en_neg=6.399513 pcd=True subgoal_reg=0.0027210303505370383 
2026-01-21 04:21:34,844 :   263/   28 dest_loss=0.086359 future_loss=0.071671 offset_loss=0.040805 kld=0.024937 cd=-0.257636 en_pos=6.220853 en_neg=6.478489 pcd=True subgoal_reg=0.0027870021499148607 
2026-01-21 04:21:50,429 :   269/   28 dest_loss=0.040232 future_loss=0.029695 offset_loss=0.031325 kld=0.024448 cd=0.019177 en_pos=6.291494 en_neg=6.272318 pcd=True subgoal_reg=0.00276587853726254 
2026-01-21 04:22:05,975 :   275/   28 dest_loss=0.037290 future_loss=0.026465 offset_loss=0.027450 kld=0.023591 cd=0.071493 en_pos=6.514099 en_neg=6.442606 pcd=True subgoal_reg=0.002881203569599465 
2026-01-21 04:22:21,567 :   281/   28 dest_loss=0.101411 future_loss=0.064447 offset_loss=0.118620 kld=0.024779 cd=-0.144232 en_pos=6.534922 en_neg=6.679154 pcd=True subgoal_reg=0.0030469176058529135 
2026-01-21 04:22:37,162 :   287/   28 dest_loss=0.029211 future_loss=0.020750 offset_loss=0.023379 kld=0.023919 cd=-0.130070 en_pos=6.526119 en_neg=6.656189 pcd=True subgoal_reg=0.0029751833594909016 
2026-01-21 04:22:52,759 :   293/   28 dest_loss=0.034954 future_loss=0.022637 offset_loss=0.031788 kld=0.023044 cd=-0.032597 en_pos=6.317776 en_neg=6.350373 pcd=True subgoal_reg=0.0029396320649175993 
2026-01-21 04:23:08,360 :   299/   28 dest_loss=0.034270 future_loss=0.023363 offset_loss=0.027629 kld=0.023255 cd=0.135140 en_pos=6.383976 en_neg=6.248837 pcd=True subgoal_reg=0.002598541322478095 
2026-01-21 04:23:23,986 :   305/   28 dest_loss=0.029742 future_loss=0.021676 offset_loss=0.024434 kld=0.022838 cd=-0.258046 en_pos=6.346835 en_neg=6.604882 pcd=True subgoal_reg=0.0024958113785888696 
2026-01-21 04:23:39,624 :   311/   28 dest_loss=0.154156 future_loss=0.145252 offset_loss=0.078468 kld=0.025201 cd=0.046348 en_pos=6.454321 en_neg=6.407973 pcd=True subgoal_reg=0.002472824929431218 
2026-01-21 04:23:55,252 :   317/   28 dest_loss=0.034264 future_loss=0.024891 offset_loss=0.025628 kld=0.024199 cd=0.006051 en_pos=6.391525 en_neg=6.385474 pcd=True subgoal_reg=0.0025288591955671983 
2026-01-21 04:24:10,886 :   323/   28 dest_loss=0.034099 future_loss=0.024229 offset_loss=0.026240 kld=0.023683 cd=-0.013362 en_pos=6.588782 en_neg=6.602144 pcd=True subgoal_reg=0.002866662370475042 
2026-01-21 04:24:26,642 :   329/   28 dest_loss=0.038166 future_loss=0.027671 offset_loss=0.029148 kld=0.023669 cd=0.015969 en_pos=6.314528 en_neg=6.298559 pcd=True subgoal_reg=0.0025525044620313382 
2026-01-21 04:24:42,211 :   335/   28 dest_loss=0.037731 future_loss=0.026808 offset_loss=0.027286 kld=0.023272 cd=-0.240218 en_pos=6.296315 en_neg=6.536533 pcd=True subgoal_reg=0.002546745597238143 
2026-01-21 04:24:57,946 :   341/   28 dest_loss=0.027981 future_loss=0.020752 offset_loss=0.021466 kld=0.023441 cd=0.044562 en_pos=6.593796 en_neg=6.549235 pcd=True subgoal_reg=0.003047247271152024 
2026-01-21 04:25:13,899 :   347/   28 dest_loss=0.034117 future_loss=0.023500 offset_loss=0.026050 kld=0.024295 cd=-0.062422 en_pos=6.354857 en_neg=6.417278 pcd=True subgoal_reg=0.0031212798172590432 
2026-01-21 04:25:29,534 :   353/   28 dest_loss=0.035095 future_loss=0.025787 offset_loss=0.026691 kld=0.024336 cd=-0.029585 en_pos=6.304226 en_neg=6.333811 pcd=True subgoal_reg=0.0027294956024838273 
2026-01-21 04:25:45,165 :   359/   28 dest_loss=0.068482 future_loss=0.059728 offset_loss=0.038785 kld=0.023774 cd=0.003643 en_pos=6.356543 en_neg=6.352899 pcd=True subgoal_reg=0.0025129890790046372 
2026-01-21 04:26:00,817 :   365/   28 dest_loss=0.036294 future_loss=0.026364 offset_loss=0.028312 kld=0.025575 cd=0.023776 en_pos=6.568098 en_neg=6.544323 pcd=True subgoal_reg=0.0030205760366103923 
2026-01-21 04:26:16,447 :   371/   28 dest_loss=0.033778 future_loss=0.024799 offset_loss=0.024814 kld=0.024929 cd=0.193550 en_pos=6.575731 en_neg=6.382181 pcd=True subgoal_reg=0.0029688148813441866 
2026-01-21 04:26:32,102 :   377/   28 dest_loss=0.031753 future_loss=0.022931 offset_loss=0.023030 kld=0.024107 cd=-0.048432 en_pos=6.347290 en_neg=6.395722 pcd=True subgoal_reg=0.0028593362810017645 
2026-01-21 04:26:47,683 :   383/   28 dest_loss=0.033742 future_loss=0.024693 offset_loss=0.022491 kld=0.023949 cd=0.166258 en_pos=6.601416 en_neg=6.435158 pcd=True subgoal_reg=0.0030671927811238677 
2026-01-21 04:27:03,349 :   389/   28 dest_loss=0.039307 future_loss=0.028052 offset_loss=0.030259 kld=0.024708 cd=0.317786 en_pos=6.693959 en_neg=6.376173 pcd=True subgoal_reg=0.003006277167712632 
2026-01-21 04:27:19,001 :   395/   28 dest_loss=0.032068 future_loss=0.023727 offset_loss=0.025679 kld=0.023675 cd=-0.017113 en_pos=6.564563 en_neg=6.581676 pcd=True subgoal_reg=0.0028978435664092856 
2026-01-21 04:27:34,668 :   401/   28 dest_loss=0.033038 future_loss=0.021966 offset_loss=0.030079 kld=0.023974 cd=-0.010388 en_pos=6.510310 en_neg=6.520699 pcd=True subgoal_reg=0.0030536072465346753 
2026-01-21 04:27:50,306 :   407/   28 dest_loss=0.041002 future_loss=0.028998 offset_loss=0.030319 kld=0.023490 cd=0.036329 en_pos=6.537993 en_neg=6.501664 pcd=True subgoal_reg=0.0028282796043456117 
2026-01-21 04:28:05,917 :   413/   28 dest_loss=0.029820 future_loss=0.020994 offset_loss=0.022209 kld=0.023490 cd=0.096146 en_pos=6.570429 en_neg=6.474283 pcd=True subgoal_reg=0.002976576652971472 
2026-01-21 04:28:21,306 :   419/   28 dest_loss=0.036353 future_loss=0.025287 offset_loss=0.028653 kld=0.023611 cd=-0.204718 en_pos=6.486358 en_neg=6.691076 pcd=True subgoal_reg=0.0032852936357822757 
2026-01-21 04:28:36,942 :   425/   28 dest_loss=0.036640 future_loss=0.027021 offset_loss=0.030030 kld=0.024403 cd=0.056156 en_pos=6.451504 en_neg=6.395348 pcd=True subgoal_reg=0.002742383598474395 
2026-01-21 04:28:52,548 :   431/   28 dest_loss=0.036171 future_loss=0.024364 offset_loss=0.032152 kld=0.023614 cd=0.068274 en_pos=6.529465 en_neg=6.461191 pcd=True subgoal_reg=0.0030561303666992463 
2026-01-21 04:29:08,197 :   437/   28 dest_loss=0.034848 future_loss=0.024878 offset_loss=0.027994 kld=0.025606 cd=-0.064670 en_pos=6.417639 en_neg=6.482309 pcd=True subgoal_reg=0.0029352870131356683 
2026-01-21 04:29:23,819 :   443/   28 dest_loss=0.029173 future_loss=0.020249 offset_loss=0.024739 kld=0.025188 cd=-0.064299 en_pos=6.563062 en_neg=6.627361 pcd=True subgoal_reg=0.0031603035911797204 
2026-01-21 04:29:39,423 :   449/   28 dest_loss=0.038798 future_loss=0.029411 offset_loss=0.027329 kld=0.023686 cd=0.135551 en_pos=6.858676 en_neg=6.723125 pcd=True subgoal_reg=0.003095179955427848 
2026-01-21 04:29:55,136 :   455/   28 dest_loss=0.031898 future_loss=0.021228 offset_loss=0.027124 kld=0.023153 cd=0.246666 en_pos=6.539589 en_neg=6.292923 pcd=True subgoal_reg=0.0030977626336951033 
2026-01-21 04:30:10,732 :   461/   28 dest_loss=0.036936 future_loss=0.025688 offset_loss=0.029129 kld=0.025685 cd=-0.070069 en_pos=6.420581 en_neg=6.490649 pcd=True subgoal_reg=0.002860599109675167 
2026-01-21 04:30:26,362 :   467/   28 dest_loss=0.030087 future_loss=0.021557 offset_loss=0.024910 kld=0.024093 cd=-0.085696 en_pos=6.494927 en_neg=6.580623 pcd=True subgoal_reg=0.0031004103238803675 
2026-01-21 04:30:41,955 :   473/   28 dest_loss=0.046551 future_loss=0.031770 offset_loss=0.037116 kld=0.023652 cd=0.011927 en_pos=6.463344 en_neg=6.451417 pcd=True subgoal_reg=0.0029940116372197886 
2026-01-21 04:30:57,544 :   479/   28 dest_loss=0.038842 future_loss=0.027948 offset_loss=0.030271 kld=0.024662 cd=-0.028765 en_pos=6.632172 en_neg=6.660938 pcd=True subgoal_reg=0.003117125891835048 
2026-01-21 04:31:13,192 :   485/   28 dest_loss=0.030248 future_loss=0.021662 offset_loss=0.026142 kld=0.023534 cd=-0.216645 en_pos=6.302950 en_neg=6.519595 pcd=True subgoal_reg=0.0026721628517891007 
2026-01-21 04:31:28,791 :   491/   28 dest_loss=0.035066 future_loss=0.025414 offset_loss=0.026705 kld=0.024170 cd=0.012703 en_pos=6.504695 en_neg=6.491992 pcd=True subgoal_reg=0.0030446968156380926 
2026-01-21 04:31:44,162 :   497/   28 dest_loss=0.036483 future_loss=0.025558 offset_loss=0.028756 kld=0.024179 cd=-0.165971 en_pos=6.288447 en_neg=6.454418 pcd=True subgoal_reg=0.0027704655679219974 
2026-01-21 04:31:59,811 :   503/   28 dest_loss=0.086478 future_loss=0.066650 offset_loss=0.062201 kld=0.023672 cd=0.018218 en_pos=6.447941 en_neg=6.429723 pcd=True subgoal_reg=0.002492271714504783 
2026-01-21 04:32:15,401 :   509/   28 dest_loss=0.042707 future_loss=0.028537 offset_loss=0.035550 kld=0.023419 cd=0.135242 en_pos=6.429217 en_neg=6.293975 pcd=True subgoal_reg=0.002986652591899216 
2026-01-21 04:33:50,693 : Train Loss 85.18889204747242
2026-01-21 04:33:50,693 : Overall Loss 17.483253226560414
2026-01-21 04:33:50,694 : Dest Loss 23.289562188643647
2026-01-21 04:33:50,694 : Val ADE 0.12221462258038901
2026-01-21 04:33:50,694 : Val FDE 0.14138341639644803
2026-01-21 04:33:50,694 : Val Best ADE 0.11865852588670045
2026-01-21 04:33:50,694 : Val Best FDE 0.14391011551876862
2026-01-21 04:33:50,694 : ----->learning rate 3.90625e-05
2026-01-21 04:34:06,422 :     5/   29 dest_loss=0.036445 future_loss=0.026994 offset_loss=0.029610 kld=0.024238 cd=0.067013 en_pos=6.508465 en_neg=6.441452 pcd=True subgoal_reg=0.0027502270114316205 
2026-01-21 04:34:21,979 :    11/   29 dest_loss=0.034306 future_loss=0.022658 offset_loss=0.029990 kld=0.023295 cd=0.053634 en_pos=6.422399 en_neg=6.368765 pcd=True subgoal_reg=0.003001283486952372 
2026-01-21 04:34:37,519 :    17/   29 dest_loss=0.038388 future_loss=0.027713 offset_loss=0.030685 kld=0.024100 cd=-0.110325 en_pos=6.302893 en_neg=6.413219 pcd=True subgoal_reg=0.002680748835199748 
2026-01-21 04:34:53,277 :    23/   29 dest_loss=0.029707 future_loss=0.021114 offset_loss=0.023994 kld=0.025745 cd=-0.097051 en_pos=6.467978 en_neg=6.565029 pcd=True subgoal_reg=0.0030075033843342995 
2026-01-21 04:35:09,321 :    29/   29 dest_loss=0.081898 future_loss=0.053327 offset_loss=0.093094 kld=0.024196 cd=0.269181 en_pos=6.570394 en_neg=6.301213 pcd=True subgoal_reg=0.00296994898935757 
2026-01-21 04:35:24,942 :    35/   29 dest_loss=0.036005 future_loss=0.025898 offset_loss=0.027584 kld=0.023815 cd=-0.173371 en_pos=6.376968 en_neg=6.550338 pcd=True subgoal_reg=0.0027244923192716623 
2026-01-21 04:35:40,463 :    41/   29 dest_loss=0.078099 future_loss=0.055658 offset_loss=0.083574 kld=0.023535 cd=0.148708 en_pos=6.418329 en_neg=6.269621 pcd=True subgoal_reg=0.0028010148896599084 
2026-01-21 04:35:56,035 :    47/   29 dest_loss=0.119524 future_loss=0.095111 offset_loss=0.090429 kld=0.025746 cd=0.070852 en_pos=6.509587 en_neg=6.438734 pcd=True subgoal_reg=0.0026565127638128044 
2026-01-21 04:36:11,626 :    53/   29 dest_loss=0.035396 future_loss=0.025912 offset_loss=0.025969 kld=0.024808 cd=-0.160799 en_pos=6.389114 en_neg=6.549913 pcd=True subgoal_reg=0.0026843825911694154 
2026-01-21 04:36:27,240 :    59/   29 dest_loss=0.101886 future_loss=0.082242 offset_loss=0.072439 kld=0.024172 cd=-0.021048 en_pos=6.406040 en_neg=6.427087 pcd=True subgoal_reg=0.0025860490788193764 
2026-01-21 04:36:42,798 :    65/   29 dest_loss=0.035699 future_loss=0.026803 offset_loss=0.028033 kld=0.024667 cd=-0.043010 en_pos=6.284134 en_neg=6.327144 pcd=True subgoal_reg=0.0028026346751785776 
2026-01-21 04:36:58,379 :    71/   29 dest_loss=0.035237 future_loss=0.026008 offset_loss=0.027156 kld=0.024391 cd=0.355624 en_pos=6.539378 en_neg=6.183754 pcd=True subgoal_reg=0.0028845823720163835 
2026-01-21 04:37:13,971 :    77/   29 dest_loss=0.038312 future_loss=0.028351 offset_loss=0.029147 kld=0.025164 cd=-0.161305 en_pos=6.559515 en_neg=6.720820 pcd=True subgoal_reg=0.002919192354510214 
2026-01-21 04:37:29,520 :    83/   29 dest_loss=0.107096 future_loss=0.087198 offset_loss=0.103888 kld=0.024702 cd=0.016195 en_pos=6.477786 en_neg=6.461591 pcd=True subgoal_reg=0.002960563779518699 
2026-01-21 04:37:45,024 :    89/   29 dest_loss=0.025628 future_loss=0.018704 offset_loss=0.020323 kld=0.023926 cd=-0.014509 en_pos=6.573199 en_neg=6.587708 pcd=True subgoal_reg=0.0028931189475815532 
2026-01-21 04:38:00,581 :    95/   29 dest_loss=0.176355 future_loss=0.118787 offset_loss=0.147957 kld=0.024275 cd=0.073049 en_pos=6.407985 en_neg=6.334936 pcd=True subgoal_reg=0.002926758144201683 
2026-01-21 04:38:16,188 :   101/   29 dest_loss=0.025541 future_loss=0.019515 offset_loss=0.020983 kld=0.024561 cd=0.036407 en_pos=6.446389 en_neg=6.409982 pcd=True subgoal_reg=0.002679827269893795 
2026-01-21 04:38:31,807 :   107/   29 dest_loss=0.031741 future_loss=0.023958 offset_loss=0.025348 kld=0.024306 cd=0.109922 en_pos=6.477748 en_neg=6.367826 pcd=True subgoal_reg=0.00277988362656022 
2026-01-21 04:38:47,473 :   113/   29 dest_loss=0.028783 future_loss=0.021447 offset_loss=0.023047 kld=0.024979 cd=0.140833 en_pos=6.535216 en_neg=6.394382 pcd=True subgoal_reg=0.002636149437560532 
2026-01-21 04:39:02,880 :   119/   29 dest_loss=0.031995 future_loss=0.024042 offset_loss=0.026019 kld=0.023876 cd=-0.200194 en_pos=6.353716 en_neg=6.553910 pcd=True subgoal_reg=0.0029669357471172088 
2026-01-21 04:39:18,492 :   125/   29 dest_loss=0.030562 future_loss=0.023057 offset_loss=0.023465 kld=0.024150 cd=0.134443 en_pos=6.537055 en_neg=6.402612 pcd=True subgoal_reg=0.0029189695015405777 
2026-01-21 04:39:34,070 :   131/   29 dest_loss=0.038200 future_loss=0.029366 offset_loss=0.023187 kld=0.024013 cd=-0.076895 en_pos=6.375326 en_neg=6.452221 pcd=True subgoal_reg=0.0027778482167182357 
2026-01-21 04:39:49,680 :   137/   29 dest_loss=0.034155 future_loss=0.024820 offset_loss=0.025563 kld=0.024222 cd=0.006591 en_pos=6.555953 en_neg=6.549361 pcd=True subgoal_reg=0.0029452930980776075 
2026-01-21 04:40:05,302 :   143/   29 dest_loss=0.031776 future_loss=0.023635 offset_loss=0.024798 kld=0.023084 cd=0.096917 en_pos=6.525727 en_neg=6.428810 pcd=True subgoal_reg=0.0027294753889714036 
2026-01-21 04:40:20,935 :   149/   29 dest_loss=0.035163 future_loss=0.022140 offset_loss=0.031435 kld=0.023126 cd=0.055872 en_pos=6.397407 en_neg=6.341535 pcd=True subgoal_reg=0.002901885036000444 
2026-01-21 04:40:36,610 :   155/   29 dest_loss=0.033545 future_loss=0.023678 offset_loss=0.026032 kld=0.023304 cd=-0.142777 en_pos=6.279738 en_neg=6.422514 pcd=True subgoal_reg=0.00293469528535313 
2026-01-21 04:40:52,221 :   161/   29 dest_loss=0.040432 future_loss=0.028360 offset_loss=0.030794 kld=0.023748 cd=0.085218 en_pos=6.503054 en_neg=6.417836 pcd=True subgoal_reg=0.0032685771728057614 
2026-01-21 04:41:07,818 :   167/   29 dest_loss=0.025414 future_loss=0.018515 offset_loss=0.021366 kld=0.023101 cd=0.083574 en_pos=6.524338 en_neg=6.440764 pcd=True subgoal_reg=0.002764001648585172 
2026-01-21 04:41:23,459 :   173/   29 dest_loss=0.035442 future_loss=0.025423 offset_loss=0.026548 kld=0.024499 cd=-0.007731 en_pos=6.591381 en_neg=6.599112 pcd=True subgoal_reg=0.0029595475817225476 
2026-01-21 04:41:39,076 :   179/   29 dest_loss=0.039382 future_loss=0.029269 offset_loss=0.025903 kld=0.023312 cd=0.029682 en_pos=6.397376 en_neg=6.367694 pcd=True subgoal_reg=0.002492246179306712 
2026-01-21 04:41:54,673 :   185/   29 dest_loss=0.028736 future_loss=0.021447 offset_loss=0.023205 kld=0.024412 cd=0.127255 en_pos=6.514068 en_neg=6.386814 pcd=True subgoal_reg=0.0027254580916888007 
2026-01-21 04:42:10,313 :   191/   29 dest_loss=0.032469 future_loss=0.022732 offset_loss=0.029317 kld=0.023925 cd=-0.135274 en_pos=6.239080 en_neg=6.374354 pcd=True subgoal_reg=0.002667831045306689 
2026-01-21 04:42:25,754 :   197/   29 dest_loss=0.027328 future_loss=0.019787 offset_loss=0.021938 kld=0.024418 cd=-0.058727 en_pos=6.508048 en_neg=6.566774 pcd=True subgoal_reg=0.0028761343850985293 
2026-01-21 04:42:41,373 :   203/   29 dest_loss=0.028062 future_loss=0.020680 offset_loss=0.023055 kld=0.025545 cd=-0.207332 en_pos=6.397995 en_neg=6.605328 pcd=True subgoal_reg=0.002905981576375067 
2026-01-21 04:42:57,025 :   209/   29 dest_loss=0.035502 future_loss=0.026199 offset_loss=0.027315 kld=0.025195 cd=0.136697 en_pos=6.464869 en_neg=6.328173 pcd=True subgoal_reg=0.002845412714325377 
2026-01-21 04:43:12,692 :   215/   29 dest_loss=0.147527 future_loss=0.121370 offset_loss=0.102982 kld=0.026317 cd=0.178394 en_pos=6.681776 en_neg=6.503382 pcd=True subgoal_reg=0.0028826657262387713 
2026-01-21 04:43:28,371 :   221/   29 dest_loss=0.031551 future_loss=0.023981 offset_loss=0.021918 kld=0.023206 cd=-0.019660 en_pos=6.592857 en_neg=6.612516 pcd=True subgoal_reg=0.00263756053521116 
2026-01-21 04:43:44,027 :   227/   29 dest_loss=0.126345 future_loss=0.101356 offset_loss=0.099619 kld=0.024672 cd=0.011160 en_pos=6.598019 en_neg=6.586859 pcd=True subgoal_reg=0.003492817426346468 
2026-01-21 04:43:59,636 :   233/   29 dest_loss=0.029121 future_loss=0.021640 offset_loss=0.023325 kld=0.024649 cd=0.107721 en_pos=6.515116 en_neg=6.407395 pcd=True subgoal_reg=0.002790381918564213 
2026-01-21 04:44:15,197 :   239/   29 dest_loss=0.034588 future_loss=0.025022 offset_loss=0.025906 kld=0.023722 cd=-0.070558 en_pos=6.364201 en_neg=6.434759 pcd=True subgoal_reg=0.002572641829468792 
2026-01-21 04:44:30,801 :   245/   29 dest_loss=0.028660 future_loss=0.021429 offset_loss=0.021986 kld=0.023270 cd=0.063356 en_pos=6.600509 en_neg=6.537153 pcd=True subgoal_reg=0.002750883234831339 
2026-01-21 04:44:46,439 :   251/   29 dest_loss=0.036381 future_loss=0.025690 offset_loss=0.028872 kld=0.023180 cd=0.084200 en_pos=6.480860 en_neg=6.396659 pcd=True subgoal_reg=0.002787794071383654 
2026-01-21 04:45:02,618 :   257/   29 dest_loss=0.028497 future_loss=0.020824 offset_loss=0.023840 kld=0.023296 cd=-0.216017 en_pos=6.346248 en_neg=6.562264 pcd=True subgoal_reg=0.0025376837835255897 
2026-01-21 04:45:18,375 :   263/   29 dest_loss=0.034121 future_loss=0.023857 offset_loss=0.027149 kld=0.024967 cd=-0.049762 en_pos=6.295159 en_neg=6.344921 pcd=True subgoal_reg=0.0027141015050918876 
2026-01-21 04:45:33,962 :   269/   29 dest_loss=0.038139 future_loss=0.027486 offset_loss=0.030269 kld=0.023019 cd=0.026891 en_pos=6.432562 en_neg=6.405670 pcd=True subgoal_reg=0.0028113410800851045 
2026-01-21 04:45:49,367 :   275/   29 dest_loss=0.040565 future_loss=0.027444 offset_loss=0.030408 kld=0.024039 cd=0.003076 en_pos=6.419266 en_neg=6.416190 pcd=True subgoal_reg=0.0028955505663437317 
2026-01-21 04:46:05,014 :   281/   29 dest_loss=0.030229 future_loss=0.022596 offset_loss=0.024291 kld=0.024952 cd=0.100698 en_pos=6.415052 en_neg=6.314354 pcd=True subgoal_reg=0.002646043535648729 
2026-01-21 04:46:20,653 :   287/   29 dest_loss=0.029381 future_loss=0.022442 offset_loss=0.021949 kld=0.022950 cd=0.027201 en_pos=6.432262 en_neg=6.405061 pcd=True subgoal_reg=0.0025990977967991066 
2026-01-21 04:46:36,280 :   293/   29 dest_loss=0.035445 future_loss=0.025659 offset_loss=0.028070 kld=0.024655 cd=-0.018678 en_pos=6.358836 en_neg=6.377514 pcd=True subgoal_reg=0.0028269471303814585 
2026-01-21 04:46:51,883 :   299/   29 dest_loss=0.030068 future_loss=0.021534 offset_loss=0.024560 kld=0.024616 cd=-0.262286 en_pos=6.281542 en_neg=6.543827 pcd=True subgoal_reg=0.002868442491521051 
2026-01-21 04:47:07,446 :   305/   29 dest_loss=0.029407 future_loss=0.022326 offset_loss=0.024398 kld=0.024240 cd=-0.112463 en_pos=6.576739 en_neg=6.689202 pcd=True subgoal_reg=0.0028653178584149156 
2026-01-21 04:47:23,022 :   311/   29 dest_loss=0.030196 future_loss=0.022029 offset_loss=0.024409 kld=0.025221 cd=0.075216 en_pos=6.561798 en_neg=6.486582 pcd=True subgoal_reg=0.0029925700367603833 
2026-01-21 04:47:38,557 :   317/   29 dest_loss=0.092767 future_loss=0.055618 offset_loss=0.079509 kld=0.024488 cd=0.073135 en_pos=6.512268 en_neg=6.439133 pcd=True subgoal_reg=0.0029222913574297885 
2026-01-21 04:47:54,165 :   323/   29 dest_loss=0.056840 future_loss=0.049482 offset_loss=0.040006 kld=0.024475 cd=-0.017003 en_pos=6.416328 en_neg=6.433331 pcd=True subgoal_reg=0.0026730685148205536 
2026-01-21 04:48:09,725 :   329/   29 dest_loss=0.031852 future_loss=0.023298 offset_loss=0.025418 kld=0.024284 cd=0.114224 en_pos=6.535348 en_neg=6.421124 pcd=True subgoal_reg=0.0027058133682857297 
2026-01-21 04:48:25,308 :   335/   29 dest_loss=0.037181 future_loss=0.026831 offset_loss=0.029442 kld=0.024234 cd=-0.206082 en_pos=6.309083 en_neg=6.515165 pcd=True subgoal_reg=0.0029356103300589 
2026-01-21 04:48:40,898 :   341/   29 dest_loss=0.035992 future_loss=0.024580 offset_loss=0.031818 kld=0.022731 cd=-0.073675 en_pos=6.120953 en_neg=6.194628 pcd=True subgoal_reg=0.0026037339141140236 
2026-01-21 04:48:56,501 :   347/   29 dest_loss=0.051195 future_loss=0.058400 offset_loss=0.043210 kld=0.023919 cd=0.214975 en_pos=6.637926 en_neg=6.422951 pcd=True subgoal_reg=0.002910369386686023 
2026-01-21 04:49:11,882 :   353/   29 dest_loss=0.031450 future_loss=0.023171 offset_loss=0.026079 kld=0.024444 cd=-0.216963 en_pos=6.328317 en_neg=6.545279 pcd=True subgoal_reg=0.002837070644915848 
2026-01-21 04:49:27,476 :   359/   29 dest_loss=0.034224 future_loss=0.026509 offset_loss=0.022421 kld=0.023659 cd=0.035017 en_pos=6.614364 en_neg=6.579347 pcd=True subgoal_reg=0.0028351122026125876 
2026-01-21 04:49:43,052 :   365/   29 dest_loss=0.034147 future_loss=0.024964 offset_loss=0.028615 kld=0.024977 cd=0.108826 en_pos=6.526849 en_neg=6.418023 pcd=True subgoal_reg=0.003014594489786627 
2026-01-21 04:49:58,607 :   371/   29 dest_loss=0.036433 future_loss=0.026666 offset_loss=0.028472 kld=0.023689 cd=0.058164 en_pos=6.466965 en_neg=6.408801 pcd=True subgoal_reg=0.0030427031674129506 
2026-01-21 04:50:14,184 :   377/   29 dest_loss=0.034403 future_loss=0.023145 offset_loss=0.030706 kld=0.023268 cd=-0.083629 en_pos=6.361994 en_neg=6.445623 pcd=True subgoal_reg=0.002958180690802388 
2026-01-21 04:50:29,837 :   383/   29 dest_loss=0.158123 future_loss=0.103403 offset_loss=0.173526 kld=0.024589 cd=0.123151 en_pos=6.571983 en_neg=6.448832 pcd=True subgoal_reg=0.003238830843512007 
2026-01-21 04:50:45,543 :   389/   29 dest_loss=0.033032 future_loss=0.024251 offset_loss=0.026712 kld=0.023558 cd=-0.239608 en_pos=6.314435 en_neg=6.554043 pcd=True subgoal_reg=0.0027626799878414836 
2026-01-21 04:51:01,157 :   395/   29 dest_loss=0.033076 future_loss=0.021347 offset_loss=0.030887 kld=0.022936 cd=-0.052198 en_pos=6.308781 en_neg=6.360980 pcd=True subgoal_reg=0.003057320789928381 
2026-01-21 04:51:16,782 :   401/   29 dest_loss=0.074362 future_loss=0.062881 offset_loss=0.056847 kld=0.025848 cd=-0.251622 en_pos=6.324464 en_neg=6.576086 pcd=True subgoal_reg=0.00258335053087645 
2026-01-21 04:51:32,454 :   407/   29 dest_loss=0.034799 future_loss=0.024474 offset_loss=0.024852 kld=0.023853 cd=0.033247 en_pos=6.554383 en_neg=6.521136 pcd=True subgoal_reg=0.0033154265508029525 
2026-01-21 04:51:48,031 :   413/   29 dest_loss=0.033688 future_loss=0.022213 offset_loss=0.031190 kld=0.023152 cd=0.092112 en_pos=6.358777 en_neg=6.266665 pcd=True subgoal_reg=0.002954471420038587 
2026-01-21 04:52:03,625 :   419/   29 dest_loss=0.028682 future_loss=0.020871 offset_loss=0.022715 kld=0.024489 cd=-0.120245 en_pos=6.407179 en_neg=6.527424 pcd=True subgoal_reg=0.0029170010605080792 
2026-01-21 04:52:19,207 :   425/   29 dest_loss=0.041817 future_loss=0.040803 offset_loss=0.031713 kld=0.023806 cd=-0.058739 en_pos=6.395708 en_neg=6.454446 pcd=True subgoal_reg=0.002622621119206604 
2026-01-21 04:52:34,593 :   431/   29 dest_loss=0.034031 future_loss=0.023663 offset_loss=0.027697 kld=0.024432 cd=0.092662 en_pos=6.505593 en_neg=6.412931 pcd=True subgoal_reg=0.0030723656872372715 
2026-01-21 04:52:50,144 :   437/   29 dest_loss=0.074490 future_loss=0.083447 offset_loss=0.046752 kld=0.024058 cd=-0.146425 en_pos=6.286442 en_neg=6.432867 pcd=True subgoal_reg=0.0024882583584295978 
2026-01-21 04:53:05,743 :   443/   29 dest_loss=0.028853 future_loss=0.021398 offset_loss=0.022965 kld=0.023700 cd=-0.083772 en_pos=6.469603 en_neg=6.553375 pcd=True subgoal_reg=0.002899020548751484 
2026-01-21 04:53:21,320 :   449/   29 dest_loss=0.028349 future_loss=0.021168 offset_loss=0.024237 kld=0.024279 cd=0.027847 en_pos=6.426543 en_neg=6.398697 pcd=True subgoal_reg=0.0027618285150974716 
2026-01-21 04:53:36,894 :   455/   29 dest_loss=0.125281 future_loss=0.095288 offset_loss=0.089926 kld=0.025819 cd=0.198460 en_pos=6.718943 en_neg=6.520483 pcd=True subgoal_reg=0.0029372012520011105 
2026-01-21 04:53:52,521 :   461/   29 dest_loss=0.032356 future_loss=0.022739 offset_loss=0.026906 kld=0.023404 cd=-0.289347 en_pos=6.203136 en_neg=6.492483 pcd=True subgoal_reg=0.002630985515711025 
2026-01-21 04:54:08,123 :   467/   29 dest_loss=0.029437 future_loss=0.021299 offset_loss=0.023431 kld=0.023493 cd=0.042644 en_pos=6.481339 en_neg=6.438695 pcd=True subgoal_reg=0.0027482879676660275 
2026-01-21 04:54:23,808 :   473/   29 dest_loss=0.090743 future_loss=0.066436 offset_loss=0.077173 kld=0.024223 cd=-0.143839 en_pos=6.426177 en_neg=6.570015 pcd=True subgoal_reg=0.0026946359256977185 
2026-01-21 04:54:39,359 :   479/   29 dest_loss=0.034010 future_loss=0.023614 offset_loss=0.026496 kld=0.023869 cd=-0.035989 en_pos=6.562116 en_neg=6.598105 pcd=True subgoal_reg=0.0031920266972624623 
2026-01-21 04:54:55,337 :   485/   29 dest_loss=0.035721 future_loss=0.025380 offset_loss=0.026838 kld=0.023845 cd=0.067717 en_pos=6.502172 en_neg=6.434455 pcd=True subgoal_reg=0.002884445211331017 
2026-01-21 04:55:11,289 :   491/   29 dest_loss=0.028067 future_loss=0.021110 offset_loss=0.022001 kld=0.024311 cd=-0.136242 en_pos=6.382276 en_neg=6.518518 pcd=True subgoal_reg=0.002561318562118332 
2026-01-21 04:55:26,893 :   497/   29 dest_loss=0.031984 future_loss=0.021351 offset_loss=0.029346 kld=0.023759 cd=0.028837 en_pos=6.444289 en_neg=6.415452 pcd=True subgoal_reg=0.0027010644375490647 
2026-01-21 04:55:42,551 :   503/   29 dest_loss=0.049091 future_loss=0.038014 offset_loss=0.039028 kld=0.023629 cd=-0.068832 en_pos=6.462718 en_neg=6.531551 pcd=True subgoal_reg=0.0029324218231229805 
2026-01-21 04:55:57,985 :   509/   29 dest_loss=0.028163 future_loss=0.020114 offset_loss=0.022996 kld=0.023240 cd=-0.060591 en_pos=6.618718 en_neg=6.679309 pcd=True subgoal_reg=0.002992004324099254 
2026-01-21 04:57:32,837 : Train Loss 86.82249673415305
2026-01-21 04:57:32,837 : Overall Loss 16.963209216487673
2026-01-21 04:57:32,837 : Dest Loss 22.640988995163987
2026-01-21 04:57:32,837 : Val ADE 0.12236139942401389
2026-01-21 04:57:32,837 : Val FDE 0.14156363099043112
2026-01-21 04:57:32,837 : Val Best ADE 0.11865852588670045
2026-01-21 04:57:32,837 : Val Best FDE 0.14391011551876862
2026-01-21 04:57:32,837 : ----->learning rate 3.90625e-05
2026-01-21 04:57:48,726 :     5/   30 dest_loss=0.032910 future_loss=0.023644 offset_loss=0.026736 kld=0.023390 cd=-0.130727 en_pos=6.216914 en_neg=6.347641 pcd=True subgoal_reg=0.0030813137416680816 
2026-01-21 04:58:04,325 :    11/   30 dest_loss=0.032540 future_loss=0.022289 offset_loss=0.027414 kld=0.023878 cd=-0.227121 en_pos=6.358878 en_neg=6.585999 pcd=True subgoal_reg=0.002874614817745651 
2026-01-21 04:58:19,925 :    17/   30 dest_loss=0.079267 future_loss=0.052687 offset_loss=0.095059 kld=0.025306 cd=-0.289799 en_pos=6.510060 en_neg=6.799859 pcd=True subgoal_reg=0.0030415970926473256 
2026-01-21 04:58:35,517 :    23/   30 dest_loss=0.034637 future_loss=0.025308 offset_loss=0.028582 kld=0.024545 cd=0.129255 en_pos=6.487836 en_neg=6.358582 pcd=True subgoal_reg=0.002907295116286346 
2026-01-21 04:58:51,092 :    29/   30 dest_loss=0.030274 future_loss=0.021718 offset_loss=0.024906 kld=0.023258 cd=-0.106730 en_pos=6.431970 en_neg=6.538700 pcd=True subgoal_reg=0.0028085540400799597 
2026-01-21 04:59:06,677 :    35/   30 dest_loss=0.031084 future_loss=0.023370 offset_loss=0.023533 kld=0.023387 cd=0.053164 en_pos=6.505378 en_neg=6.452214 pcd=True subgoal_reg=0.002924444180375659 
2026-01-21 04:59:22,008 :    41/   30 dest_loss=0.033073 future_loss=0.023334 offset_loss=0.026007 kld=0.023634 cd=0.090582 en_pos=6.568449 en_neg=6.477867 pcd=True subgoal_reg=0.002932770650391563 
2026-01-21 04:59:37,519 :    47/   30 dest_loss=0.030714 future_loss=0.022271 offset_loss=0.025594 kld=0.024581 cd=0.106877 en_pos=6.457990 en_neg=6.351113 pcd=True subgoal_reg=0.0027387185547046106 
2026-01-21 04:59:53,108 :    53/   30 dest_loss=0.031335 future_loss=0.022861 offset_loss=0.023196 kld=0.023370 cd=0.047977 en_pos=6.448574 en_neg=6.400597 pcd=True subgoal_reg=0.0027391910193628223 
2026-01-21 05:00:08,624 :    59/   30 dest_loss=0.031724 future_loss=0.022183 offset_loss=0.025161 kld=0.023243 cd=-0.033446 en_pos=6.501176 en_neg=6.534622 pcd=True subgoal_reg=0.002848705183798983 
2026-01-21 05:00:24,233 :    65/   30 dest_loss=0.027421 future_loss=0.019619 offset_loss=0.022541 kld=0.022643 cd=-0.025349 en_pos=6.390665 en_neg=6.416014 pcd=True subgoal_reg=0.002783701324554867 
2026-01-21 05:00:39,856 :    71/   30 dest_loss=0.033370 future_loss=0.022191 offset_loss=0.030530 kld=0.023510 cd=-0.012792 en_pos=6.470808 en_neg=6.483600 pcd=True subgoal_reg=0.003090290394770034 
2026-01-21 05:00:55,483 :    77/   30 dest_loss=0.033865 future_loss=0.024410 offset_loss=0.027042 kld=0.023141 cd=-0.030452 en_pos=6.320177 en_neg=6.350629 pcd=True subgoal_reg=0.0028842169594099657 
2026-01-21 05:01:11,050 :    83/   30 dest_loss=0.033809 future_loss=0.023532 offset_loss=0.025561 kld=0.023918 cd=0.069839 en_pos=6.540731 en_neg=6.470892 pcd=True subgoal_reg=0.0029746537490145187 
2026-01-21 05:01:26,630 :    89/   30 dest_loss=0.032144 future_loss=0.022647 offset_loss=0.025477 kld=0.023452 cd=-0.141743 en_pos=6.396895 en_neg=6.538638 pcd=True subgoal_reg=0.003062773066758166 
2026-01-21 05:01:42,249 :    95/   30 dest_loss=0.105511 future_loss=0.070612 offset_loss=0.071413 kld=0.025142 cd=0.086467 en_pos=6.591837 en_neg=6.505369 pcd=True subgoal_reg=0.003025088085036308 
2026-01-21 05:01:57,844 :   101/   30 dest_loss=0.129309 future_loss=0.112116 offset_loss=0.090077 kld=0.025541 cd=-0.065139 en_pos=6.510904 en_neg=6.576043 pcd=True subgoal_reg=0.0031210550852200578 
2026-01-21 05:02:13,384 :   107/   30 dest_loss=0.038099 future_loss=0.026706 offset_loss=0.031579 kld=0.025131 cd=-0.383844 en_pos=6.282689 en_neg=6.666533 pcd=True subgoal_reg=0.002988908572547552 
2026-01-21 05:02:28,812 :   113/   30 dest_loss=0.156049 future_loss=0.109426 offset_loss=0.109362 kld=0.026170 cd=0.033905 en_pos=6.609742 en_neg=6.575836 pcd=True subgoal_reg=0.0028580276232638615 
2026-01-21 05:02:44,385 :   119/   30 dest_loss=0.033468 future_loss=0.025615 offset_loss=0.024021 kld=0.023198 cd=-0.267977 en_pos=6.360154 en_neg=6.628131 pcd=True subgoal_reg=0.002649856482076812 
2026-01-21 05:03:00,008 :   125/   30 dest_loss=0.035112 future_loss=0.025236 offset_loss=0.028221 kld=0.024007 cd=-0.139786 en_pos=6.324808 en_neg=6.464594 pcd=True subgoal_reg=0.0028207659386036894 
2026-01-21 05:03:15,614 :   131/   30 dest_loss=0.067660 future_loss=0.065480 offset_loss=0.042217 kld=0.025426 cd=-0.025385 en_pos=6.547455 en_neg=6.572840 pcd=True subgoal_reg=0.002902355502477113 
2026-01-21 05:03:31,196 :   137/   30 dest_loss=0.034157 future_loss=0.023542 offset_loss=0.028147 kld=0.022846 cd=0.008873 en_pos=6.352343 en_neg=6.343469 pcd=True subgoal_reg=0.0028721785967326073 
2026-01-21 05:03:46,725 :   143/   30 dest_loss=0.026165 future_loss=0.019253 offset_loss=0.022375 kld=0.024247 cd=-0.066665 en_pos=6.466744 en_neg=6.533409 pcd=True subgoal_reg=0.002955742902521245 
2026-01-21 05:04:02,337 :   149/   30 dest_loss=0.028240 future_loss=0.020371 offset_loss=0.022786 kld=0.024642 cd=0.014357 en_pos=6.295981 en_neg=6.281625 pcd=True subgoal_reg=0.0028143062352427354 
2026-01-21 05:04:17,849 :   155/   30 dest_loss=0.031537 future_loss=0.022260 offset_loss=0.025261 kld=0.024510 cd=-0.159450 en_pos=6.299149 en_neg=6.458598 pcd=True subgoal_reg=0.002783948445488545 
2026-01-21 05:04:33,416 :   161/   30 dest_loss=0.031687 future_loss=0.022964 offset_loss=0.026241 kld=0.024534 cd=-0.227849 en_pos=6.219746 en_neg=6.447595 pcd=True subgoal_reg=0.0025556689920966007 
2026-01-21 05:04:48,962 :   167/   30 dest_loss=0.028413 future_loss=0.019712 offset_loss=0.023448 kld=0.023139 cd=-0.020382 en_pos=6.313317 en_neg=6.333700 pcd=True subgoal_reg=0.00263776733503282 
2026-01-21 05:05:05,250 :   173/   30 dest_loss=0.108430 future_loss=0.094258 offset_loss=0.081044 kld=0.024226 cd=0.031863 en_pos=6.386968 en_neg=6.355105 pcd=True subgoal_reg=0.0026854005910383126 
2026-01-21 05:05:20,974 :   179/   30 dest_loss=0.083298 future_loss=0.070173 offset_loss=0.050799 kld=0.024653 cd=0.057775 en_pos=6.359407 en_neg=6.301632 pcd=True subgoal_reg=0.002923370152098874 
2026-01-21 05:05:36,521 :   185/   30 dest_loss=0.029692 future_loss=0.021929 offset_loss=0.023914 kld=0.024495 cd=0.114015 en_pos=6.412893 en_neg=6.298879 pcd=True subgoal_reg=0.0030048156834911626 
2026-01-21 05:05:51,960 :   191/   30 dest_loss=0.035145 future_loss=0.024930 offset_loss=0.029135 kld=0.024498 cd=0.134161 en_pos=6.460264 en_neg=6.326103 pcd=True subgoal_reg=0.002808974847128602 
2026-01-21 05:06:07,525 :   197/   30 dest_loss=0.027701 future_loss=0.020309 offset_loss=0.023526 kld=0.023155 cd=0.172332 en_pos=6.611017 en_neg=6.438685 pcd=True subgoal_reg=0.0025967340889333926 
2026-01-21 05:06:23,093 :   203/   30 dest_loss=0.031831 future_loss=0.023777 offset_loss=0.022223 kld=0.023395 cd=0.075213 en_pos=6.524361 en_neg=6.449148 pcd=True subgoal_reg=0.002844630190690662 
2026-01-21 05:06:38,695 :   209/   30 dest_loss=0.033306 future_loss=0.024141 offset_loss=0.027331 kld=0.024997 cd=-0.093130 en_pos=6.341021 en_neg=6.434151 pcd=True subgoal_reg=0.0026871066121784692 
2026-01-21 05:06:54,309 :   215/   30 dest_loss=0.029822 future_loss=0.021690 offset_loss=0.024598 kld=0.024160 cd=0.068684 en_pos=6.377129 en_neg=6.308445 pcd=True subgoal_reg=0.0027301060019353047 
2026-01-21 05:07:09,935 :   221/   30 dest_loss=0.035923 future_loss=0.025991 offset_loss=0.028013 kld=0.024504 cd=-0.083826 en_pos=6.401684 en_neg=6.485510 pcd=True subgoal_reg=0.0027425739582564116 
2026-01-21 05:07:25,542 :   227/   30 dest_loss=0.036330 future_loss=0.025929 offset_loss=0.028150 kld=0.022723 cd=0.027376 en_pos=6.386963 en_neg=6.359587 pcd=True subgoal_reg=0.002694610356201875 
2026-01-21 05:07:41,111 :   233/   30 dest_loss=0.035724 future_loss=0.025162 offset_loss=0.029454 kld=0.023426 cd=-0.039804 en_pos=6.427041 en_neg=6.466845 pcd=True subgoal_reg=0.0026210508778672916 
2026-01-21 05:07:56,822 :   239/   30 dest_loss=0.030675 future_loss=0.022026 offset_loss=0.025328 kld=0.024657 cd=0.086169 en_pos=6.522772 en_neg=6.436603 pcd=True subgoal_reg=0.0027854714956585653 
2026-01-21 05:08:12,421 :   245/   30 dest_loss=0.040251 future_loss=0.027099 offset_loss=0.054049 kld=0.024461 cd=-0.152522 en_pos=6.488626 en_neg=6.641148 pcd=True subgoal_reg=0.002895238798657174 
2026-01-21 05:08:27,977 :   251/   30 dest_loss=0.024510 future_loss=0.018045 offset_loss=0.019991 kld=0.024047 cd=-0.282008 en_pos=6.180085 en_neg=6.462093 pcd=True subgoal_reg=0.0025924675769237945 
2026-01-21 05:08:43,584 :   257/   30 dest_loss=0.035060 future_loss=0.024879 offset_loss=0.029404 kld=0.022925 cd=0.132247 en_pos=6.495162 en_neg=6.362915 pcd=True subgoal_reg=0.0027984003616596874 
2026-01-21 05:08:59,180 :   263/   30 dest_loss=0.029866 future_loss=0.020758 offset_loss=0.024611 kld=0.022989 cd=-0.017415 en_pos=6.464388 en_neg=6.481803 pcd=True subgoal_reg=0.002810713359708208 
2026-01-21 05:09:14,589 :   269/   30 dest_loss=0.034462 future_loss=0.025356 offset_loss=0.023488 kld=0.023351 cd=-0.217634 en_pos=6.393028 en_neg=6.610662 pcd=True subgoal_reg=0.0028277055952497794 
2026-01-21 05:09:30,270 :   275/   30 dest_loss=0.034038 future_loss=0.023822 offset_loss=0.026501 kld=0.024200 cd=0.076864 en_pos=6.490006 en_neg=6.413143 pcd=True subgoal_reg=0.0029588643319657442 
2026-01-21 05:09:45,840 :   281/   30 dest_loss=0.028834 future_loss=0.020035 offset_loss=0.022936 kld=0.024645 cd=0.119019 en_pos=6.552023 en_neg=6.433003 pcd=True subgoal_reg=0.0032592465639158796 
2026-01-21 05:10:01,504 :   287/   30 dest_loss=0.032501 future_loss=0.023681 offset_loss=0.025693 kld=0.023321 cd=-0.010144 en_pos=6.477376 en_neg=6.487520 pcd=True subgoal_reg=0.0027284773704768354 
2026-01-21 05:10:17,095 :   293/   30 dest_loss=0.025955 future_loss=0.018025 offset_loss=0.021818 kld=0.023369 cd=-0.130920 en_pos=6.600936 en_neg=6.731856 pcd=True subgoal_reg=0.0027520802603067307 
2026-01-21 05:10:32,727 :   299/   30 dest_loss=0.062956 future_loss=0.048917 offset_loss=0.064458 kld=0.023979 cd=-0.131839 en_pos=6.483507 en_neg=6.615346 pcd=True subgoal_reg=0.0028967270971055567 
2026-01-21 05:10:48,337 :   305/   30 dest_loss=0.037941 future_loss=0.027340 offset_loss=0.029391 kld=0.025719 cd=-0.054882 en_pos=6.373957 en_neg=6.428839 pcd=True subgoal_reg=0.002816459058999115 
2026-01-21 05:11:03,942 :   311/   30 dest_loss=0.031046 future_loss=0.021682 offset_loss=0.024940 kld=0.023752 cd=-0.138004 en_pos=6.149820 en_neg=6.287824 pcd=True subgoal_reg=0.0028548608179536825 
2026-01-21 05:11:19,584 :   317/   30 dest_loss=0.037609 future_loss=0.027465 offset_loss=0.028998 kld=0.023183 cd=-0.006348 en_pos=6.306284 en_neg=6.312632 pcd=True subgoal_reg=0.002574528885685621 
2026-01-21 05:11:35,184 :   323/   30 dest_loss=0.031826 future_loss=0.023074 offset_loss=0.024888 kld=0.023517 cd=-0.320442 en_pos=6.366228 en_neg=6.686669 pcd=True subgoal_reg=0.0027663710302010093 
2026-01-21 05:11:50,867 :   329/   30 dest_loss=0.020992 future_loss=0.014929 offset_loss=0.018488 kld=0.022952 cd=-0.227752 en_pos=6.359733 en_neg=6.587485 pcd=True subgoal_reg=0.0025759175333855003 
2026-01-21 05:12:06,496 :   335/   30 dest_loss=0.031392 future_loss=0.021032 offset_loss=0.029456 kld=0.023497 cd=-0.223717 en_pos=6.375861 en_neg=6.599578 pcd=True subgoal_reg=0.0025715990088873136 
2026-01-21 05:12:22,072 :   341/   30 dest_loss=0.035686 future_loss=0.026050 offset_loss=0.029090 kld=0.024576 cd=-0.155990 en_pos=6.422567 en_neg=6.578557 pcd=True subgoal_reg=0.0026302954266683933 
2026-01-21 05:12:37,472 :   347/   30 dest_loss=0.064462 future_loss=0.048662 offset_loss=0.037370 kld=0.024577 cd=0.148330 en_pos=6.573940 en_neg=6.425611 pcd=True subgoal_reg=0.0027452490773395063 
2026-01-21 05:12:53,156 :   353/   30 dest_loss=0.058396 future_loss=0.033465 offset_loss=0.068101 kld=0.024051 cd=0.113522 en_pos=6.450748 en_neg=6.337226 pcd=True subgoal_reg=0.002616033657413252 
2026-01-21 05:13:08,719 :   359/   30 dest_loss=0.037739 future_loss=0.026269 offset_loss=0.029900 kld=0.023200 cd=-0.035813 en_pos=6.554903 en_neg=6.590716 pcd=True subgoal_reg=0.0026494784974413687 
2026-01-21 05:13:24,374 :   365/   30 dest_loss=0.032702 future_loss=0.022940 offset_loss=0.024823 kld=0.022951 cd=-0.001236 en_pos=6.236466 en_neg=6.237701 pcd=True subgoal_reg=0.002613361832384896 
2026-01-21 05:13:39,983 :   371/   30 dest_loss=0.137667 future_loss=0.124245 offset_loss=0.095043 kld=0.025837 cd=-0.231927 en_pos=6.292184 en_neg=6.524111 pcd=True subgoal_reg=0.0029122492181212277 
2026-01-21 05:13:55,587 :   377/   30 dest_loss=0.098574 future_loss=0.105307 offset_loss=0.072173 kld=0.025576 cd=0.178026 en_pos=6.622354 en_neg=6.444327 pcd=True subgoal_reg=0.0028450683420322385 
2026-01-21 05:14:11,219 :   383/   30 dest_loss=0.033448 future_loss=0.023952 offset_loss=0.026598 kld=0.024505 cd=-0.034470 en_pos=6.366221 en_neg=6.400691 pcd=True subgoal_reg=0.0026977614690439173 
2026-01-21 05:14:26,779 :   389/   30 dest_loss=0.031120 future_loss=0.021921 offset_loss=0.024552 kld=0.023559 cd=-0.059993 en_pos=6.375152 en_neg=6.435145 pcd=True subgoal_reg=0.0029171154857779297 
2026-01-21 05:14:42,387 :   395/   30 dest_loss=0.030654 future_loss=0.021626 offset_loss=0.025376 kld=0.024775 cd=-0.036833 en_pos=6.339353 en_neg=6.376185 pcd=True subgoal_reg=0.0028024995559912617 
2026-01-21 05:14:58,321 :   401/   30 dest_loss=0.028981 future_loss=0.020944 offset_loss=0.023703 kld=0.024090 cd=0.131298 en_pos=6.350804 en_neg=6.219506 pcd=True subgoal_reg=0.0026190369619964494 
2026-01-21 05:15:14,207 :   407/   30 dest_loss=0.031350 future_loss=0.022175 offset_loss=0.026301 kld=0.024266 cd=-0.036145 en_pos=6.494406 en_neg=6.530551 pcd=True subgoal_reg=0.0029815181998930906 
2026-01-21 05:15:29,786 :   413/   30 dest_loss=0.035387 future_loss=0.025286 offset_loss=0.028852 kld=0.024574 cd=0.209272 en_pos=6.533605 en_neg=6.324333 pcd=True subgoal_reg=0.0028284094659459394 
2026-01-21 05:15:45,403 :   419/   30 dest_loss=0.026217 future_loss=0.018404 offset_loss=0.021414 kld=0.023395 cd=-0.239899 en_pos=6.388637 en_neg=6.628536 pcd=True subgoal_reg=0.002816295280692105 
2026-01-21 05:16:00,810 :   425/   30 dest_loss=0.028020 future_loss=0.019701 offset_loss=0.024486 kld=0.023067 cd=0.069683 en_pos=6.463842 en_neg=6.394159 pcd=True subgoal_reg=0.003059303154837292 
2026-01-21 05:16:16,428 :   431/   30 dest_loss=0.026993 future_loss=0.019368 offset_loss=0.022986 kld=0.024051 cd=0.065256 en_pos=6.331759 en_neg=6.266504 pcd=True subgoal_reg=0.002940245159872228 
2026-01-21 05:16:31,934 :   437/   30 dest_loss=0.032939 future_loss=0.023439 offset_loss=0.027199 kld=0.024623 cd=0.222128 en_pos=6.398067 en_neg=6.175939 pcd=True subgoal_reg=0.003011430078379735 
2026-01-21 05:16:47,469 :   443/   30 dest_loss=0.033714 future_loss=0.023166 offset_loss=0.027168 kld=0.023547 cd=-0.016413 en_pos=6.372650 en_neg=6.389064 pcd=True subgoal_reg=0.003174279568817662 
2026-01-21 05:17:03,014 :   449/   30 dest_loss=0.030012 future_loss=0.019032 offset_loss=0.028624 kld=0.023703 cd=-0.105364 en_pos=6.387495 en_neg=6.492859 pcd=True subgoal_reg=0.002792539845735549 
2026-01-21 05:17:18,599 :   455/   30 dest_loss=0.186338 future_loss=0.132117 offset_loss=0.170245 kld=0.025990 cd=0.151265 en_pos=6.704179 en_neg=6.552914 pcd=True subgoal_reg=0.003513991361158336 
2026-01-21 05:17:34,142 :   461/   30 dest_loss=0.031673 future_loss=0.019927 offset_loss=0.030098 kld=0.023810 cd=0.126787 en_pos=6.435230 en_neg=6.308443 pcd=True subgoal_reg=0.0031413268495342796 
2026-01-21 05:17:49,686 :   467/   30 dest_loss=0.035928 future_loss=0.025380 offset_loss=0.028256 kld=0.023958 cd=-0.226195 en_pos=6.177143 en_neg=6.403338 pcd=True subgoal_reg=0.002519657934498628 
2026-01-21 05:18:05,240 :   473/   30 dest_loss=0.032555 future_loss=0.023403 offset_loss=0.027240 kld=0.025629 cd=-0.194561 en_pos=6.407262 en_neg=6.601823 pcd=True subgoal_reg=0.002905272852522051 
2026-01-21 05:18:20,777 :   479/   30 dest_loss=0.026375 future_loss=0.018902 offset_loss=0.023041 kld=0.025222 cd=0.205648 en_pos=6.565305 en_neg=6.359657 pcd=True subgoal_reg=0.002853941790944743 
2026-01-21 05:18:36,407 :   485/   30 dest_loss=0.033566 future_loss=0.024590 offset_loss=0.025286 kld=0.023436 cd=-0.212860 en_pos=6.424339 en_neg=6.637200 pcd=True subgoal_reg=0.002710837158925535 
2026-01-21 05:18:51,993 :   491/   30 dest_loss=0.032495 future_loss=0.023223 offset_loss=0.025920 kld=0.023589 cd=-0.051318 en_pos=6.258625 en_neg=6.309942 pcd=True subgoal_reg=0.002764795781897163 
2026-01-21 05:19:07,666 :   497/   30 dest_loss=0.110889 future_loss=0.067845 offset_loss=0.091438 kld=0.023396 cd=-0.141889 en_pos=6.475428 en_neg=6.617317 pcd=True subgoal_reg=0.0028767927423544583 
2026-01-21 05:19:23,028 :   503/   30 dest_loss=0.036967 future_loss=0.026391 offset_loss=0.029051 kld=0.023475 cd=-0.073526 en_pos=6.401837 en_neg=6.475362 pcd=True subgoal_reg=0.002820698574350078 
2026-01-21 05:19:38,659 :   509/   30 dest_loss=0.053238 future_loss=0.038063 offset_loss=0.042958 kld=0.024160 cd=-0.404629 en_pos=6.234023 en_neg=6.638652 pcd=True subgoal_reg=0.002716103717446886 
2026-01-21 05:21:13,687 : Train Loss 78.77256656073602
2026-01-21 05:21:13,687 : Overall Loss 16.96828105977094
2026-01-21 05:21:13,687 : Dest Loss 22.575503718441517
2026-01-21 05:21:13,687 : Val ADE 0.12242001150234325
2026-01-21 05:21:13,687 : Val FDE 0.14156913693994244
2026-01-21 05:21:13,687 : Val Best ADE 0.11865852588670045
2026-01-21 05:21:13,687 : Val Best FDE 0.14391011551876862
2026-01-21 05:21:13,687 : ----->learning rate 3.90625e-05
2026-01-21 05:21:29,426 :     5/   31 dest_loss=0.036508 future_loss=0.025065 offset_loss=0.029198 kld=0.022972 cd=0.030295 en_pos=6.463540 en_neg=6.433245 pcd=True subgoal_reg=0.0026877181753300217 
2026-01-21 05:21:44,972 :    11/   31 dest_loss=0.032083 future_loss=0.022352 offset_loss=0.025069 kld=0.024313 cd=0.103940 en_pos=6.495350 en_neg=6.391411 pcd=True subgoal_reg=0.0029738438075724754 
2026-01-21 05:22:00,560 :    17/   31 dest_loss=0.036786 future_loss=0.026996 offset_loss=0.030181 kld=0.024661 cd=-0.027546 en_pos=6.477488 en_neg=6.505034 pcd=True subgoal_reg=0.002697075428104648 
2026-01-21 05:22:16,101 :    23/   31 dest_loss=0.033728 future_loss=0.024500 offset_loss=0.026801 kld=0.023737 cd=-0.286959 en_pos=6.227079 en_neg=6.514038 pcd=True subgoal_reg=0.0025526164108672913 
2026-01-21 05:22:31,742 :    29/   31 dest_loss=0.031645 future_loss=0.022598 offset_loss=0.024634 kld=0.023811 cd=0.113873 en_pos=6.710815 en_neg=6.596942 pcd=True subgoal_reg=0.0028327496538926335 
2026-01-21 05:22:47,345 :    35/   31 dest_loss=0.028902 future_loss=0.020730 offset_loss=0.023929 kld=0.024494 cd=0.222693 en_pos=6.552984 en_neg=6.330290 pcd=True subgoal_reg=0.0028230022674462915 
2026-01-21 05:23:02,931 :    41/   31 dest_loss=0.044742 future_loss=0.029837 offset_loss=0.034127 kld=0.023751 cd=-0.077214 en_pos=6.358798 en_neg=6.436012 pcd=True subgoal_reg=0.0030777776988121603 
2026-01-21 05:23:18,520 :    47/   31 dest_loss=0.034266 future_loss=0.024643 offset_loss=0.027369 kld=0.024037 cd=0.137151 en_pos=6.504759 en_neg=6.367608 pcd=True subgoal_reg=0.0027186715182096386 
2026-01-21 05:23:34,092 :    53/   31 dest_loss=0.036347 future_loss=0.026436 offset_loss=0.029283 kld=0.024192 cd=-0.044237 en_pos=6.334248 en_neg=6.378485 pcd=True subgoal_reg=0.0027938265927143855 
2026-01-21 05:23:49,535 :    59/   31 dest_loss=0.036488 future_loss=0.026436 offset_loss=0.030248 kld=0.024828 cd=-0.070012 en_pos=6.390633 en_neg=6.460645 pcd=True subgoal_reg=0.0027648968682440532 
2026-01-21 05:24:05,132 :    65/   31 dest_loss=0.031161 future_loss=0.021638 offset_loss=0.025318 kld=0.025065 cd=-0.165986 en_pos=6.474890 en_neg=6.640876 pcd=True subgoal_reg=0.00279426300165789 
2026-01-21 05:24:20,739 :    71/   31 dest_loss=0.147190 future_loss=0.121175 offset_loss=0.120633 kld=0.024379 cd=0.124502 en_pos=6.403317 en_neg=6.278815 pcd=True subgoal_reg=0.00278609352604352 
2026-01-21 05:24:36,334 :    77/   31 dest_loss=0.029944 future_loss=0.022767 offset_loss=0.022324 kld=0.023442 cd=0.081186 en_pos=6.597989 en_neg=6.516803 pcd=True subgoal_reg=0.002869431176329253 
2026-01-21 05:24:52,192 :    83/   31 dest_loss=0.033701 future_loss=0.025119 offset_loss=0.022046 kld=0.023670 cd=0.108521 en_pos=6.600482 en_neg=6.491961 pcd=True subgoal_reg=0.0030796902831491764 
2026-01-21 05:25:08,309 :    89/   31 dest_loss=0.035890 future_loss=0.026147 offset_loss=0.027838 kld=0.022619 cd=-0.125506 en_pos=6.281322 en_neg=6.406828 pcd=True subgoal_reg=0.00255280792555383 
2026-01-21 05:25:23,888 :    95/   31 dest_loss=0.033452 future_loss=0.024080 offset_loss=0.027707 kld=0.024797 cd=0.185203 en_pos=6.509963 en_neg=6.324760 pcd=True subgoal_reg=0.003015138760748152 
2026-01-21 05:25:39,463 :   101/   31 dest_loss=0.032712 future_loss=0.022373 offset_loss=0.026138 kld=0.023373 cd=-0.127255 en_pos=6.462011 en_neg=6.589265 pcd=True subgoal_reg=0.0029966911431571278 
2026-01-21 05:25:55,037 :   107/   31 dest_loss=0.082690 future_loss=0.064735 offset_loss=0.067646 kld=0.023448 cd=0.192373 en_pos=6.484712 en_neg=6.292339 pcd=True subgoal_reg=0.0029889244417092994 
2026-01-21 05:26:10,577 :   113/   31 dest_loss=0.034072 future_loss=0.024273 offset_loss=0.027835 kld=0.023217 cd=-0.041458 en_pos=6.480949 en_neg=6.522407 pcd=True subgoal_reg=0.0027064428819256548 
2026-01-21 05:26:26,150 :   119/   31 dest_loss=0.102082 future_loss=0.082331 offset_loss=0.075279 kld=0.024082 cd=-0.166074 en_pos=6.191558 en_neg=6.357632 pcd=True subgoal_reg=0.0027100947359212134 
2026-01-21 05:26:41,661 :   125/   31 dest_loss=0.029650 future_loss=0.020833 offset_loss=0.025881 kld=0.023131 cd=-0.226658 en_pos=6.254824 en_neg=6.481482 pcd=True subgoal_reg=0.0027466077658755087 
2026-01-21 05:26:57,215 :   131/   31 dest_loss=0.031397 future_loss=0.022053 offset_loss=0.026557 kld=0.024308 cd=-0.017390 en_pos=6.343803 en_neg=6.361192 pcd=True subgoal_reg=0.0028587628331059756 
2026-01-21 05:27:12,576 :   137/   31 dest_loss=0.028807 future_loss=0.020018 offset_loss=0.025372 kld=0.022904 cd=0.146263 en_pos=6.499309 en_neg=6.353047 pcd=True subgoal_reg=0.002872934057493118 
2026-01-21 05:27:28,192 :   143/   31 dest_loss=0.027141 future_loss=0.017337 offset_loss=0.025771 kld=0.022949 cd=0.025653 en_pos=6.535293 en_neg=6.509641 pcd=True subgoal_reg=0.0030203013872516686 
2026-01-21 05:27:43,797 :   149/   31 dest_loss=0.034717 future_loss=0.024589 offset_loss=0.028568 kld=0.022769 cd=0.053787 en_pos=6.317239 en_neg=6.263452 pcd=True subgoal_reg=0.0027028824562051537 
2026-01-21 05:27:59,330 :   155/   31 dest_loss=0.036303 future_loss=0.025590 offset_loss=0.028196 kld=0.023308 cd=-0.014563 en_pos=6.471045 en_neg=6.485608 pcd=True subgoal_reg=0.0029760664226857816 
2026-01-21 05:28:14,873 :   161/   31 dest_loss=0.079801 future_loss=0.068082 offset_loss=0.054510 kld=0.023654 cd=0.101350 en_pos=6.325043 en_neg=6.223693 pcd=True subgoal_reg=0.0027973527018845265 
2026-01-21 05:28:30,463 :   167/   31 dest_loss=0.028404 future_loss=0.020277 offset_loss=0.022956 kld=0.022809 cd=0.267250 en_pos=6.653350 en_neg=6.386100 pcd=True subgoal_reg=0.002689355266763416 
2026-01-21 05:28:46,001 :   173/   31 dest_loss=0.040078 future_loss=0.028490 offset_loss=0.031160 kld=0.024794 cd=-0.251284 en_pos=6.380182 en_neg=6.631467 pcd=True subgoal_reg=0.0027799208155672335 
2026-01-21 05:29:01,554 :   179/   31 dest_loss=0.031349 future_loss=0.021778 offset_loss=0.025651 kld=0.023292 cd=-0.025589 en_pos=6.448274 en_neg=6.473863 pcd=True subgoal_reg=0.0026991750405578217 
2026-01-21 05:29:17,131 :   185/   31 dest_loss=0.147164 future_loss=0.117096 offset_loss=0.102478 kld=0.026459 cd=-0.024036 en_pos=6.406582 en_neg=6.430619 pcd=True subgoal_reg=0.0028620576481627096 
2026-01-21 05:29:32,726 :   191/   31 dest_loss=0.037963 future_loss=0.027051 offset_loss=0.029594 kld=0.023827 cd=-0.075648 en_pos=6.468450 en_neg=6.544099 pcd=True subgoal_reg=0.002635881211558102 
2026-01-21 05:29:48,294 :   197/   31 dest_loss=0.031967 future_loss=0.021587 offset_loss=0.029234 kld=0.023675 cd=-0.106591 en_pos=6.421432 en_neg=6.528023 pcd=True subgoal_reg=0.0030109891282566795 
2026-01-21 05:30:03,927 :   203/   31 dest_loss=0.024744 future_loss=0.018642 offset_loss=0.018978 kld=0.023123 cd=0.082628 en_pos=6.538906 en_neg=6.456278 pcd=True subgoal_reg=0.0027466517630452053 
2026-01-21 05:30:19,522 :   209/   31 dest_loss=0.040796 future_loss=0.028281 offset_loss=0.030691 kld=0.023013 cd=-0.066779 en_pos=6.340724 en_neg=6.407503 pcd=True subgoal_reg=0.002813698908877122 
2026-01-21 05:30:34,950 :   215/   31 dest_loss=0.032782 future_loss=0.023644 offset_loss=0.025304 kld=0.023406 cd=-0.054921 en_pos=6.464835 en_neg=6.519756 pcd=True subgoal_reg=0.0027441696971188547 
2026-01-21 05:30:50,548 :   221/   31 dest_loss=0.035435 future_loss=0.024476 offset_loss=0.028759 kld=0.023919 cd=0.161058 en_pos=6.513682 en_neg=6.352623 pcd=True subgoal_reg=0.002857856015677053 
2026-01-21 05:31:06,168 :   227/   31 dest_loss=0.030439 future_loss=0.021476 offset_loss=0.025351 kld=0.023695 cd=0.010772 en_pos=6.388902 en_neg=6.378129 pcd=True subgoal_reg=0.002775043690549801 
2026-01-21 05:31:21,764 :   233/   31 dest_loss=0.030963 future_loss=0.022252 offset_loss=0.024845 kld=0.023563 cd=0.097470 en_pos=6.466422 en_neg=6.368952 pcd=True subgoal_reg=0.002603120233732198 
2026-01-21 05:31:37,321 :   239/   31 dest_loss=0.034344 future_loss=0.024256 offset_loss=0.028532 kld=0.022967 cd=-0.143371 en_pos=6.373102 en_neg=6.516473 pcd=True subgoal_reg=0.0025385916955125206 
2026-01-21 05:31:52,883 :   245/   31 dest_loss=0.032379 future_loss=0.021127 offset_loss=0.028924 kld=0.023415 cd=0.034687 en_pos=6.292629 en_neg=6.257942 pcd=True subgoal_reg=0.0028074747549286143 
2026-01-21 05:32:08,459 :   251/   31 dest_loss=0.029138 future_loss=0.020333 offset_loss=0.022298 kld=0.023311 cd=0.022708 en_pos=6.564877 en_neg=6.542168 pcd=True subgoal_reg=0.0028468259109011634 
2026-01-21 05:32:24,059 :   257/   31 dest_loss=0.029069 future_loss=0.020951 offset_loss=0.022269 kld=0.023068 cd=0.141508 en_pos=6.402683 en_neg=6.261175 pcd=True subgoal_reg=0.002304983981004574 
2026-01-21 05:32:39,648 :   263/   31 dest_loss=0.033541 future_loss=0.025461 offset_loss=0.021878 kld=0.023142 cd=-0.051174 en_pos=6.445558 en_neg=6.496732 pcd=True subgoal_reg=0.002529078205203575 
2026-01-21 05:32:55,247 :   269/   31 dest_loss=0.083428 future_loss=0.091577 offset_loss=0.062815 kld=0.024182 cd=-0.083484 en_pos=6.266939 en_neg=6.350423 pcd=True subgoal_reg=0.002570209276078591 
2026-01-21 05:33:11,043 :   275/   31 dest_loss=0.034058 future_loss=0.024418 offset_loss=0.025554 kld=0.023070 cd=0.290426 en_pos=6.678370 en_neg=6.387945 pcd=True subgoal_reg=0.0028626090014452843 
2026-01-21 05:33:26,768 :   281/   31 dest_loss=0.027176 future_loss=0.020549 offset_loss=0.022450 kld=0.024810 cd=-0.041250 en_pos=6.478464 en_neg=6.519714 pcd=True subgoal_reg=0.0029511327224751244 
2026-01-21 05:33:42,334 :   287/   31 dest_loss=0.114421 future_loss=0.081514 offset_loss=0.099686 kld=0.024462 cd=0.202048 en_pos=6.502855 en_neg=6.300807 pcd=True subgoal_reg=0.0032692665204973057 
2026-01-21 05:33:57,830 :   293/   31 dest_loss=0.032626 future_loss=0.023745 offset_loss=0.026595 kld=0.023916 cd=-0.182383 en_pos=6.247447 en_neg=6.429830 pcd=True subgoal_reg=0.002637929360178858 
2026-01-21 05:34:13,407 :   299/   31 dest_loss=0.030040 future_loss=0.020636 offset_loss=0.024438 kld=0.023810 cd=0.020205 en_pos=6.635881 en_neg=6.615676 pcd=True subgoal_reg=0.003167720617056192 
2026-01-21 05:34:29,020 :   305/   31 dest_loss=0.035364 future_loss=0.025365 offset_loss=0.028666 kld=0.024519 cd=0.065692 en_pos=6.594099 en_neg=6.528406 pcd=True subgoal_reg=0.002845669932650405 
2026-01-21 05:34:44,609 :   311/   31 dest_loss=0.028321 future_loss=0.019854 offset_loss=0.024139 kld=0.023803 cd=0.076174 en_pos=6.376895 en_neg=6.300722 pcd=True subgoal_reg=0.0027409779513904472 
2026-01-21 05:35:00,620 :   317/   31 dest_loss=0.031382 future_loss=0.021798 offset_loss=0.025857 kld=0.023958 cd=0.196245 en_pos=6.293097 en_neg=6.096852 pcd=True subgoal_reg=0.0026741828405701332 
2026-01-21 05:35:16,450 :   323/   31 dest_loss=0.041085 future_loss=0.029677 offset_loss=0.032831 kld=0.024734 cd=0.207429 en_pos=6.520969 en_neg=6.313540 pcd=True subgoal_reg=0.002754263619312995 
2026-01-21 05:35:32,013 :   329/   31 dest_loss=0.124613 future_loss=0.087410 offset_loss=0.108555 kld=0.023334 cd=0.081470 en_pos=6.438455 en_neg=6.356985 pcd=True subgoal_reg=0.0026341904673788472 
2026-01-21 05:35:47,678 :   335/   31 dest_loss=0.036191 future_loss=0.023760 offset_loss=0.032491 kld=0.023976 cd=0.195248 en_pos=6.617509 en_neg=6.422262 pcd=True subgoal_reg=0.0029043892827521622 
2026-01-21 05:36:03,250 :   341/   31 dest_loss=0.034553 future_loss=0.025362 offset_loss=0.027394 kld=0.023912 cd=0.092493 en_pos=6.489358 en_neg=6.396865 pcd=True subgoal_reg=0.002637298105785732 
2026-01-21 05:36:18,784 :   347/   31 dest_loss=0.030004 future_loss=0.022012 offset_loss=0.024795 kld=0.025587 cd=0.058120 en_pos=6.488113 en_neg=6.429993 pcd=True subgoal_reg=0.002808141611341972 
2026-01-21 05:36:34,407 :   353/   31 dest_loss=0.031095 future_loss=0.022509 offset_loss=0.024557 kld=0.024107 cd=-0.101844 en_pos=6.159817 en_neg=6.261661 pcd=True subgoal_reg=0.002433671386812445 
2026-01-21 05:36:50,026 :   359/   31 dest_loss=0.033710 future_loss=0.023772 offset_loss=0.026140 kld=0.023392 cd=0.023673 en_pos=6.360887 en_neg=6.337214 pcd=True subgoal_reg=0.0027078511133562713 
2026-01-21 05:37:05,552 :   365/   31 dest_loss=0.026412 future_loss=0.018772 offset_loss=0.021782 kld=0.022874 cd=-0.242832 en_pos=6.416337 en_neg=6.659169 pcd=True subgoal_reg=0.002653571895079261 
2026-01-21 05:37:20,912 :   371/   31 dest_loss=0.035290 future_loss=0.025665 offset_loss=0.027906 kld=0.025647 cd=-0.196011 en_pos=6.275286 en_neg=6.471297 pcd=True subgoal_reg=0.003195112629553207 
2026-01-21 05:37:36,473 :   377/   31 dest_loss=0.056201 future_loss=0.062242 offset_loss=0.038759 kld=0.023796 cd=-0.033371 en_pos=6.555314 en_neg=6.588685 pcd=True subgoal_reg=0.0028942119158943836 
2026-01-21 05:37:52,064 :   383/   31 dest_loss=0.027381 future_loss=0.019979 offset_loss=0.023212 kld=0.024542 cd=0.026722 en_pos=6.494535 en_neg=6.467813 pcd=True subgoal_reg=0.0028799762942618074 
2026-01-21 05:38:07,617 :   389/   31 dest_loss=0.032213 future_loss=0.022869 offset_loss=0.025758 kld=0.024664 cd=-0.026328 en_pos=6.356888 en_neg=6.383216 pcd=True subgoal_reg=0.003018848289865686 
2026-01-21 05:38:23,164 :   395/   31 dest_loss=0.025743 future_loss=0.018733 offset_loss=0.021359 kld=0.024097 cd=0.277123 en_pos=6.530136 en_neg=6.253012 pcd=True subgoal_reg=0.0026882066281631607 
2026-01-21 05:38:38,769 :   401/   31 dest_loss=0.033682 future_loss=0.023690 offset_loss=0.026031 kld=0.022629 cd=0.140823 en_pos=6.506645 en_neg=6.365822 pcd=True subgoal_reg=0.002536840612948766 
2026-01-21 05:38:54,397 :   407/   31 dest_loss=0.034924 future_loss=0.025004 offset_loss=0.027330 kld=0.024190 cd=0.177722 en_pos=6.687170 en_neg=6.509448 pcd=True subgoal_reg=0.0028982770865734926 
2026-01-21 05:39:09,942 :   413/   31 dest_loss=0.032157 future_loss=0.023347 offset_loss=0.027375 kld=0.023253 cd=-0.168700 en_pos=6.347857 en_neg=6.516557 pcd=True subgoal_reg=0.0026318517789493895 
2026-01-21 05:39:25,535 :   419/   31 dest_loss=0.031749 future_loss=0.022299 offset_loss=0.027397 kld=0.023561 cd=0.009608 en_pos=6.340046 en_neg=6.330438 pcd=True subgoal_reg=0.002684484512900911 
2026-01-21 05:39:41,120 :   425/   31 dest_loss=0.035143 future_loss=0.026073 offset_loss=0.021811 kld=0.023907 cd=0.294634 en_pos=6.681136 en_neg=6.386501 pcd=True subgoal_reg=0.0029468634381791554 
2026-01-21 05:39:56,777 :   431/   31 dest_loss=0.028338 future_loss=0.019379 offset_loss=0.023502 kld=0.023089 cd=-0.014461 en_pos=6.388576 en_neg=6.403037 pcd=True subgoal_reg=0.002662462380230857 
2026-01-21 05:40:12,414 :   437/   31 dest_loss=0.080655 future_loss=0.050456 offset_loss=0.052160 kld=0.026147 cd=0.266176 en_pos=6.615901 en_neg=6.349725 pcd=True subgoal_reg=0.0030583210838331155 
2026-01-21 05:40:28,020 :   443/   31 dest_loss=0.141177 future_loss=0.097834 offset_loss=0.086200 kld=0.025825 cd=0.141496 en_pos=6.496524 en_neg=6.355029 pcd=True subgoal_reg=0.0033291826101958487 
2026-01-21 05:40:43,459 :   449/   31 dest_loss=0.032260 future_loss=0.021804 offset_loss=0.026178 kld=0.023961 cd=0.046679 en_pos=6.679810 en_neg=6.633131 pcd=True subgoal_reg=0.003295835938418145 
2026-01-21 05:40:59,055 :   455/   31 dest_loss=0.030705 future_loss=0.022346 offset_loss=0.026306 kld=0.024091 cd=0.007022 en_pos=6.542367 en_neg=6.535345 pcd=True subgoal_reg=0.0029635163030057145 
2026-01-21 05:41:14,609 :   461/   31 dest_loss=0.034130 future_loss=0.024228 offset_loss=0.028920 kld=0.024387 cd=-0.004454 en_pos=6.316421 en_neg=6.320875 pcd=True subgoal_reg=0.002640512132422134 
2026-01-21 05:41:30,193 :   467/   31 dest_loss=0.026945 future_loss=0.018269 offset_loss=0.027791 kld=0.023211 cd=0.245149 en_pos=6.590318 en_neg=6.345168 pcd=True subgoal_reg=0.002551393804852254 
2026-01-21 05:41:45,785 :   473/   31 dest_loss=0.033699 future_loss=0.024678 offset_loss=0.027227 kld=0.023116 cd=0.052001 en_pos=6.400971 en_neg=6.348970 pcd=True subgoal_reg=0.002538501979175266 
2026-01-21 05:42:01,395 :   479/   31 dest_loss=0.026472 future_loss=0.018846 offset_loss=0.022110 kld=0.023146 cd=-0.259010 en_pos=6.405168 en_neg=6.664177 pcd=True subgoal_reg=0.0025366155857166253 
2026-01-21 05:42:17,018 :   485/   31 dest_loss=0.264891 future_loss=0.182132 offset_loss=0.167690 kld=0.027274 cd=0.092393 en_pos=6.428476 en_neg=6.336083 pcd=True subgoal_reg=0.0028924305069086263 
2026-01-21 05:42:32,652 :   491/   31 dest_loss=0.033187 future_loss=0.023699 offset_loss=0.024728 kld=0.023025 cd=0.061921 en_pos=6.345932 en_neg=6.284011 pcd=True subgoal_reg=0.002697265179874673 
2026-01-21 05:42:48,197 :   497/   31 dest_loss=0.032065 future_loss=0.022787 offset_loss=0.025091 kld=0.022890 cd=-0.000080 en_pos=6.362237 en_neg=6.362317 pcd=True subgoal_reg=0.002578524184238325 
2026-01-21 05:43:03,839 :   503/   31 dest_loss=0.032697 future_loss=0.022726 offset_loss=0.026703 kld=0.023616 cd=-0.053963 en_pos=6.535347 en_neg=6.589310 pcd=True subgoal_reg=0.002660209657389872 
2026-01-21 05:43:19,446 :   509/   31 dest_loss=0.037192 future_loss=0.026671 offset_loss=0.028946 kld=0.025437 cd=-0.165693 en_pos=6.515039 en_neg=6.680731 pcd=True subgoal_reg=0.0030312738473860425 
2026-01-21 05:44:54,634 : Train Loss 89.26950106985377
2026-01-21 05:44:54,634 : Overall Loss 17.538716604890485
2026-01-21 05:44:54,634 : Dest Loss 23.350717030458792
2026-01-21 05:44:54,634 : Val ADE 0.12265155177209336
2026-01-21 05:44:54,634 : Val FDE 0.14190213340188168
2026-01-21 05:44:54,634 : Val Best ADE 0.11865852588670045
2026-01-21 05:44:54,634 : Val Best FDE 0.14391011551876862
2026-01-21 05:44:54,635 : ----->learning rate 3.90625e-05
2026-01-21 05:45:10,933 :     5/   32 dest_loss=0.035414 future_loss=0.024907 offset_loss=0.027940 kld=0.023937 cd=-0.076156 en_pos=6.501036 en_neg=6.577192 pcd=True subgoal_reg=0.002718473043676597 
2026-01-21 05:45:26,555 :    11/   32 dest_loss=0.028794 future_loss=0.020417 offset_loss=0.024390 kld=0.022778 cd=-0.080785 en_pos=6.346667 en_neg=6.427452 pcd=True subgoal_reg=0.002476266279356556 
2026-01-21 05:45:42,170 :    17/   32 dest_loss=0.031727 future_loss=0.020372 offset_loss=0.028481 kld=0.023166 cd=-0.098931 en_pos=6.439091 en_neg=6.538022 pcd=True subgoal_reg=0.002631868474158418 
2026-01-21 05:45:57,756 :    23/   32 dest_loss=0.027860 future_loss=0.020221 offset_loss=0.023447 kld=0.024994 cd=0.093852 en_pos=6.427816 en_neg=6.333964 pcd=True subgoal_reg=0.002860821789569086 
2026-01-21 05:46:13,301 :    29/   32 dest_loss=0.031457 future_loss=0.021273 offset_loss=0.027290 kld=0.023824 cd=0.066829 en_pos=6.574107 en_neg=6.507278 pcd=True subgoal_reg=0.0028882288031480663 
2026-01-21 05:46:28,842 :    35/   32 dest_loss=0.091525 future_loss=0.070887 offset_loss=0.078063 kld=0.025717 cd=-0.029695 en_pos=6.450917 en_neg=6.480612 pcd=True subgoal_reg=0.0028052587610952052 
2026-01-21 05:46:44,427 :    41/   32 dest_loss=0.028167 future_loss=0.020704 offset_loss=0.023771 kld=0.024465 cd=-0.100256 en_pos=6.326791 en_neg=6.427047 pcd=True subgoal_reg=0.0026603302340789245 
2026-01-21 05:47:00,025 :    47/   32 dest_loss=0.026740 future_loss=0.019071 offset_loss=0.022017 kld=0.024612 cd=0.081944 en_pos=6.593055 en_neg=6.511111 pcd=True subgoal_reg=0.002720417062349996 
2026-01-21 05:47:15,578 :    53/   32 dest_loss=0.033994 future_loss=0.024197 offset_loss=0.026797 kld=0.023725 cd=0.000971 en_pos=6.448659 en_neg=6.447689 pcd=True subgoal_reg=0.0029467373809117323 
2026-01-21 05:47:31,198 :    59/   32 dest_loss=0.104735 future_loss=0.086931 offset_loss=0.063429 kld=0.025592 cd=0.054800 en_pos=6.579584 en_neg=6.524784 pcd=True subgoal_reg=0.002718867348686226 
2026-01-21 05:47:46,798 :    65/   32 dest_loss=0.031832 future_loss=0.022450 offset_loss=0.026240 kld=0.022799 cd=0.077978 en_pos=6.431724 en_neg=6.353745 pcd=True subgoal_reg=0.002574862453164616 
2026-01-21 05:48:02,180 :    71/   32 dest_loss=0.032038 future_loss=0.022969 offset_loss=0.025682 kld=0.024384 cd=0.017041 en_pos=6.423153 en_neg=6.406112 pcd=True subgoal_reg=0.0028692017536287116 
2026-01-21 05:48:17,782 :    77/   32 dest_loss=0.101314 future_loss=0.076148 offset_loss=0.081329 kld=0.023291 cd=0.034663 en_pos=6.587586 en_neg=6.552923 pcd=True subgoal_reg=0.0028870912269886966 
2026-01-21 05:48:33,397 :    83/   32 dest_loss=0.035559 future_loss=0.025996 offset_loss=0.023283 kld=0.023760 cd=-0.168449 en_pos=6.366180 en_neg=6.534629 pcd=True subgoal_reg=0.0029632852656194244 
2026-01-21 05:48:49,015 :    89/   32 dest_loss=0.028242 future_loss=0.020833 offset_loss=0.024391 kld=0.025843 cd=-0.135267 en_pos=6.474882 en_neg=6.610149 pcd=True subgoal_reg=0.002952215222537066 
2026-01-21 05:49:04,617 :    95/   32 dest_loss=0.032232 future_loss=0.023111 offset_loss=0.025969 kld=0.024238 cd=-0.029544 en_pos=6.446885 en_neg=6.476429 pcd=True subgoal_reg=0.0026415753660434986 
2026-01-21 05:49:20,190 :   101/   32 dest_loss=0.027053 future_loss=0.019430 offset_loss=0.022188 kld=0.022915 cd=0.179385 en_pos=6.270332 en_neg=6.090948 pcd=True subgoal_reg=0.0025182742008109387 
2026-01-21 05:49:35,777 :   107/   32 dest_loss=0.034194 future_loss=0.024221 offset_loss=0.027136 kld=0.023926 cd=0.173478 en_pos=6.481200 en_neg=6.307722 pcd=True subgoal_reg=0.0028552420404736514 
2026-01-21 05:49:51,355 :   113/   32 dest_loss=0.031379 future_loss=0.021356 offset_loss=0.025447 kld=0.023201 cd=-0.080556 en_pos=6.348568 en_neg=6.429124 pcd=True subgoal_reg=0.0027798094456835073 
2026-01-21 05:50:06,942 :   119/   32 dest_loss=0.032542 future_loss=0.025280 offset_loss=0.021151 kld=0.023659 cd=0.012830 en_pos=6.503063 en_neg=6.490233 pcd=True subgoal_reg=0.002699378143119528 
2026-01-21 05:50:22,586 :   125/   32 dest_loss=0.095200 future_loss=0.071042 offset_loss=0.104459 kld=0.025235 cd=0.041336 en_pos=6.483384 en_neg=6.442048 pcd=True subgoal_reg=0.002603618814223677 
2026-01-21 05:50:38,162 :   131/   32 dest_loss=0.032728 future_loss=0.023877 offset_loss=0.026551 kld=0.025127 cd=-0.007067 en_pos=6.376696 en_neg=6.383764 pcd=True subgoal_reg=0.002729434647287596 
2026-01-21 05:50:53,759 :   137/   32 dest_loss=0.035040 future_loss=0.025737 offset_loss=0.028911 kld=0.025230 cd=0.028743 en_pos=6.644104 en_neg=6.615360 pcd=True subgoal_reg=0.0030867043836279354 
2026-01-21 05:51:09,340 :   143/   32 dest_loss=0.028484 future_loss=0.020876 offset_loss=0.023591 kld=0.024389 cd=0.137143 en_pos=6.433101 en_neg=6.295958 pcd=True subgoal_reg=0.0027604651658171744 
2026-01-21 05:51:24,707 :   149/   32 dest_loss=0.160885 future_loss=0.140501 offset_loss=0.140263 kld=0.026087 cd=-0.207031 en_pos=6.367942 en_neg=6.574974 pcd=True subgoal_reg=0.003035888565033225 
2026-01-21 05:51:40,307 :   155/   32 dest_loss=0.032787 future_loss=0.023110 offset_loss=0.025537 kld=0.023329 cd=-0.112989 en_pos=6.457051 en_neg=6.570041 pcd=True subgoal_reg=0.0026994066819371176 
2026-01-21 05:51:55,876 :   161/   32 dest_loss=0.159827 future_loss=0.126389 offset_loss=0.108226 kld=0.024493 cd=-0.186740 en_pos=6.241774 en_neg=6.428514 pcd=True subgoal_reg=0.0027036953428044037 
2026-01-21 05:52:11,488 :   167/   32 dest_loss=0.028516 future_loss=0.020334 offset_loss=0.022881 kld=0.024686 cd=-0.144487 en_pos=6.497332 en_neg=6.641819 pcd=True subgoal_reg=0.002933619321604433 
2026-01-21 05:52:27,107 :   173/   32 dest_loss=0.036408 future_loss=0.024981 offset_loss=0.028210 kld=0.024073 cd=-0.154789 en_pos=6.445169 en_neg=6.599958 pcd=True subgoal_reg=0.0027628564268046447 
2026-01-21 05:52:42,712 :   179/   32 dest_loss=0.031261 future_loss=0.022069 offset_loss=0.025095 kld=0.023965 cd=-0.033075 en_pos=6.338008 en_neg=6.371084 pcd=True subgoal_reg=0.002658505215332855 
2026-01-21 05:52:58,268 :   185/   32 dest_loss=0.035570 future_loss=0.025342 offset_loss=0.028611 kld=0.025685 cd=-0.216045 en_pos=6.313445 en_neg=6.529489 pcd=True subgoal_reg=0.0028506869341099568 
2026-01-21 05:53:13,854 :   191/   32 dest_loss=0.030864 future_loss=0.021224 offset_loss=0.027599 kld=0.023161 cd=0.053933 en_pos=6.454767 en_neg=6.400834 pcd=True subgoal_reg=0.0025375019013030332 
2026-01-21 05:53:29,397 :   197/   32 dest_loss=0.030598 future_loss=0.022090 offset_loss=0.024960 kld=0.023957 cd=-0.070793 en_pos=6.514419 en_neg=6.585211 pcd=True subgoal_reg=0.0028095698711162603 
2026-01-21 05:53:44,953 :   203/   32 dest_loss=0.031491 future_loss=0.023264 offset_loss=0.026014 kld=0.024545 cd=0.008664 en_pos=6.385799 en_neg=6.377135 pcd=True subgoal_reg=0.002631655299271297 
2026-01-21 05:54:00,521 :   209/   32 dest_loss=0.032441 future_loss=0.024563 offset_loss=0.019764 kld=0.023459 cd=-0.158130 en_pos=6.461575 en_neg=6.619705 pcd=True subgoal_reg=0.0026088710940839407 
2026-01-21 05:54:16,079 :   215/   32 dest_loss=0.035092 future_loss=0.025204 offset_loss=0.026342 kld=0.024098 cd=-0.105979 en_pos=6.409397 en_neg=6.515376 pcd=True subgoal_reg=0.002743508734134053 
2026-01-21 05:54:31,654 :   221/   32 dest_loss=0.030451 future_loss=0.021737 offset_loss=0.024901 kld=0.023237 cd=0.007713 en_pos=6.460243 en_neg=6.452530 pcd=True subgoal_reg=0.0023985881194299305 
2026-01-21 05:54:47,031 :   227/   32 dest_loss=0.031746 future_loss=0.022746 offset_loss=0.025799 kld=0.024364 cd=0.244844 en_pos=6.510930 en_neg=6.266086 pcd=True subgoal_reg=0.002733451433446693 
2026-01-21 05:55:03,174 :   233/   32 dest_loss=0.030754 future_loss=0.022322 offset_loss=0.024058 kld=0.023013 cd=0.243511 en_pos=6.449101 en_neg=6.205590 pcd=True subgoal_reg=0.0028188858803142123 
2026-01-21 05:55:19,016 :   239/   32 dest_loss=0.030469 future_loss=0.021606 offset_loss=0.025146 kld=0.023097 cd=0.144708 en_pos=6.650522 en_neg=6.505814 pcd=True subgoal_reg=0.002492766525523855 
2026-01-21 05:55:34,551 :   245/   32 dest_loss=0.041778 future_loss=0.029332 offset_loss=0.031927 kld=0.024298 cd=-0.039644 en_pos=6.635403 en_neg=6.675046 pcd=True subgoal_reg=0.003246669183475567 
2026-01-21 05:55:50,126 :   251/   32 dest_loss=0.032863 future_loss=0.023533 offset_loss=0.026716 kld=0.026002 cd=-0.057969 en_pos=6.610833 en_neg=6.668802 pcd=True subgoal_reg=0.002770462835153641 
2026-01-21 05:56:05,857 :   257/   32 dest_loss=0.033197 future_loss=0.024350 offset_loss=0.027250 kld=0.024057 cd=-0.234315 en_pos=6.381474 en_neg=6.615789 pcd=True subgoal_reg=0.002796265615493717 
2026-01-21 05:56:21,585 :   263/   32 dest_loss=0.030420 future_loss=0.019777 offset_loss=0.028572 kld=0.023482 cd=0.014436 en_pos=6.408544 en_neg=6.394108 pcd=True subgoal_reg=0.00278254923260908 
2026-01-21 05:56:37,269 :   269/   32 dest_loss=0.028902 future_loss=0.020487 offset_loss=0.023615 kld=0.023141 cd=-0.103865 en_pos=6.456475 en_neg=6.560341 pcd=True subgoal_reg=0.002597991961988909 
2026-01-21 05:56:52,924 :   275/   32 dest_loss=0.026263 future_loss=0.018430 offset_loss=0.021064 kld=0.022745 cd=-0.071150 en_pos=6.418380 en_neg=6.489529 pcd=True subgoal_reg=0.002667843217027826 
2026-01-21 05:57:08,599 :   281/   32 dest_loss=0.032927 future_loss=0.023799 offset_loss=0.026649 kld=0.024154 cd=0.085091 en_pos=6.428761 en_neg=6.343670 pcd=True subgoal_reg=0.0025746176485275983 
2026-01-21 05:57:24,307 :   287/   32 dest_loss=0.036602 future_loss=0.026010 offset_loss=0.029057 kld=0.023886 cd=0.089283 en_pos=6.469747 en_neg=6.380464 pcd=True subgoal_reg=0.002798160473696503 
2026-01-21 05:57:39,999 :   293/   32 dest_loss=0.034566 future_loss=0.024994 offset_loss=0.027534 kld=0.024567 cd=-0.177581 en_pos=6.347221 en_neg=6.524802 pcd=True subgoal_reg=0.0026362273609947845 
2026-01-21 05:57:55,719 :   299/   32 dest_loss=0.035586 future_loss=0.025657 offset_loss=0.027529 kld=0.024122 cd=-0.080561 en_pos=6.442240 en_neg=6.522801 pcd=True subgoal_reg=0.002612259969388749 
2026-01-21 05:58:11,173 :   305/   32 dest_loss=0.107441 future_loss=0.084848 offset_loss=0.097167 kld=0.024312 cd=0.041632 en_pos=6.331042 en_neg=6.289411 pcd=True subgoal_reg=0.002622993848086206 
2026-01-21 05:58:26,829 :   311/   32 dest_loss=0.031877 future_loss=0.022884 offset_loss=0.025183 kld=0.025328 cd=0.136674 en_pos=6.495252 en_neg=6.358578 pcd=True subgoal_reg=0.0029007505404599287 
2026-01-21 05:58:42,578 :   317/   32 dest_loss=0.079546 future_loss=0.051694 offset_loss=0.085167 kld=0.023973 cd=-0.046022 en_pos=6.384120 en_neg=6.430141 pcd=True subgoal_reg=0.003104053100427307 
2026-01-21 05:58:58,328 :   323/   32 dest_loss=0.034239 future_loss=0.024791 offset_loss=0.026323 kld=0.024441 cd=0.011482 en_pos=6.293859 en_neg=6.282377 pcd=True subgoal_reg=0.002654982667461905 
2026-01-21 05:59:14,020 :   329/   32 dest_loss=0.031471 future_loss=0.022123 offset_loss=0.025157 kld=0.023643 cd=0.101054 en_pos=6.563948 en_neg=6.462895 pcd=True subgoal_reg=0.00264709879388929 
2026-01-21 05:59:29,701 :   335/   32 dest_loss=0.036030 future_loss=0.026472 offset_loss=0.028318 kld=0.023985 cd=0.000369 en_pos=6.315407 en_neg=6.315039 pcd=True subgoal_reg=0.0025825382157730315 
2026-01-21 05:59:45,365 :   341/   32 dest_loss=0.033390 future_loss=0.023810 offset_loss=0.025731 kld=0.024825 cd=-0.264759 en_pos=6.254376 en_neg=6.519135 pcd=True subgoal_reg=0.002588109353213599 
2026-01-21 06:00:01,079 :   347/   32 dest_loss=0.034078 future_loss=0.023758 offset_loss=0.025785 kld=0.023890 cd=-0.260886 en_pos=6.290271 en_neg=6.551157 pcd=True subgoal_reg=0.0026770534385505973 
2026-01-21 06:00:16,678 :   353/   32 dest_loss=0.029466 future_loss=0.021389 offset_loss=0.023521 kld=0.026130 cd=-0.087667 en_pos=6.418664 en_neg=6.506331 pcd=True subgoal_reg=0.0026261219419596374 
2026-01-21 06:00:32,372 :   359/   32 dest_loss=0.033205 future_loss=0.023559 offset_loss=0.025951 kld=0.023210 cd=0.146654 en_pos=6.475296 en_neg=6.328642 pcd=True subgoal_reg=0.0025287460017994695 
2026-01-21 06:00:48,009 :   365/   32 dest_loss=0.030825 future_loss=0.021758 offset_loss=0.025192 kld=0.023337 cd=-0.111293 en_pos=6.231365 en_neg=6.342658 pcd=True subgoal_reg=0.002559477260994443 
2026-01-21 06:01:03,648 :   371/   32 dest_loss=0.030308 future_loss=0.022034 offset_loss=0.022960 kld=0.022595 cd=0.100261 en_pos=6.416683 en_neg=6.316422 pcd=True subgoal_reg=0.0026807244919152553 
2026-01-21 06:01:19,385 :   377/   32 dest_loss=0.152745 future_loss=0.147655 offset_loss=0.092343 kld=0.027361 cd=0.107897 en_pos=6.487439 en_neg=6.379542 pcd=True subgoal_reg=0.0029091803175548634 
2026-01-21 06:01:34,855 :   383/   32 dest_loss=0.031168 future_loss=0.022102 offset_loss=0.024322 kld=0.025699 cd=-0.051674 en_pos=6.500577 en_neg=6.552252 pcd=True subgoal_reg=0.002933683015177563 
2026-01-21 06:01:50,543 :   389/   32 dest_loss=0.039445 future_loss=0.027527 offset_loss=0.030420 kld=0.023894 cd=-0.148632 en_pos=6.356226 en_neg=6.504858 pcd=True subgoal_reg=0.0027278182291126615 
2026-01-21 06:02:06,178 :   395/   32 dest_loss=0.032623 future_loss=0.023252 offset_loss=0.025624 kld=0.022833 cd=0.192970 en_pos=6.441609 en_neg=6.248638 pcd=True subgoal_reg=0.0025334205166779923 
2026-01-21 06:02:21,824 :   401/   32 dest_loss=0.033508 future_loss=0.024357 offset_loss=0.027643 kld=0.024603 cd=-0.155775 en_pos=6.452121 en_neg=6.607897 pcd=True subgoal_reg=0.0029564491708879456 
2026-01-21 06:02:37,520 :   407/   32 dest_loss=0.026640 future_loss=0.019571 offset_loss=0.021677 kld=0.024313 cd=0.179960 en_pos=6.578177 en_neg=6.398217 pcd=True subgoal_reg=0.002869067085410993 
2026-01-21 06:02:53,175 :   413/   32 dest_loss=0.038777 future_loss=0.027188 offset_loss=0.030814 kld=0.023741 cd=-0.129484 en_pos=6.549474 en_neg=6.678959 pcd=True subgoal_reg=0.0030519172392530656 
2026-01-21 06:03:08,876 :   419/   32 dest_loss=0.045223 future_loss=0.029287 offset_loss=0.039285 kld=0.023893 cd=0.154783 en_pos=6.443349 en_neg=6.288566 pcd=True subgoal_reg=0.003118982018392151 
2026-01-21 06:03:24,564 :   425/   32 dest_loss=0.036493 future_loss=0.024046 offset_loss=0.034683 kld=0.023728 cd=-0.166900 en_pos=6.213513 en_neg=6.380414 pcd=True subgoal_reg=0.002548423592249195 
2026-01-21 06:03:40,208 :   431/   32 dest_loss=0.032142 future_loss=0.022028 offset_loss=0.024859 kld=0.023441 cd=-0.133438 en_pos=6.494728 en_neg=6.628166 pcd=True subgoal_reg=0.00288909161077851 
2026-01-21 06:03:55,882 :   437/   32 dest_loss=0.033471 future_loss=0.023675 offset_loss=0.026803 kld=0.023785 cd=0.236320 en_pos=6.422987 en_neg=6.186667 pcd=True subgoal_reg=0.002724027136278888 
2026-01-21 06:04:11,550 :   443/   32 dest_loss=0.027003 future_loss=0.020038 offset_loss=0.022461 kld=0.023541 cd=0.030679 en_pos=6.262156 en_neg=6.231478 pcd=True subgoal_reg=0.002533315708857658 
2026-01-21 06:04:27,290 :   449/   32 dest_loss=0.181815 future_loss=0.139427 offset_loss=0.162926 kld=0.024067 cd=-0.175430 en_pos=6.394531 en_neg=6.569960 pcd=True subgoal_reg=0.0028826207459279377 
2026-01-21 06:04:42,994 :   455/   32 dest_loss=0.035679 future_loss=0.025684 offset_loss=0.029038 kld=0.024722 cd=0.047927 en_pos=6.446503 en_neg=6.398576 pcd=True subgoal_reg=0.0029693524085204087 
2026-01-21 06:04:58,906 :   461/   32 dest_loss=0.043820 future_loss=0.030839 offset_loss=0.033635 kld=0.024391 cd=0.188382 en_pos=6.390695 en_neg=6.202313 pcd=True subgoal_reg=0.0026054690870669192 
2026-01-21 06:05:14,915 :   467/   32 dest_loss=0.034565 future_loss=0.025140 offset_loss=0.027994 kld=0.023880 cd=0.152584 en_pos=6.487355 en_neg=6.334771 pcd=True subgoal_reg=0.002644419088195158 
2026-01-21 06:05:30,610 :   473/   32 dest_loss=0.038592 future_loss=0.028026 offset_loss=0.029430 kld=0.024425 cd=0.126158 en_pos=6.546922 en_neg=6.420764 pcd=True subgoal_reg=0.0029502301097235504 
2026-01-21 06:05:46,289 :   479/   32 dest_loss=0.031858 future_loss=0.023438 offset_loss=0.025935 kld=0.024960 cd=0.246240 en_pos=6.468966 en_neg=6.222726 pcd=True subgoal_reg=0.0028339651393384027 
2026-01-21 06:06:02,044 :   485/   32 dest_loss=0.140099 future_loss=0.130073 offset_loss=0.081232 kld=0.024894 cd=0.018773 en_pos=6.212700 en_neg=6.193927 pcd=True subgoal_reg=0.0026439993274640743 
2026-01-21 06:06:17,686 :   491/   32 dest_loss=0.031847 future_loss=0.021390 offset_loss=0.029335 kld=0.023110 cd=-0.091651 en_pos=6.368188 en_neg=6.459839 pcd=True subgoal_reg=0.002528558921361189 
2026-01-21 06:06:33,272 :   497/   32 dest_loss=0.078802 future_loss=0.070046 offset_loss=0.068463 kld=0.026328 cd=0.091652 en_pos=6.511408 en_neg=6.419756 pcd=True subgoal_reg=0.002896313280638009 
2026-01-21 06:06:48,818 :   503/   32 dest_loss=0.028365 future_loss=0.020449 offset_loss=0.022403 kld=0.025421 cd=-0.139066 en_pos=6.228825 en_neg=6.367891 pcd=True subgoal_reg=0.002752924171705003 
2026-01-21 06:07:04,415 :   509/   32 dest_loss=0.029177 future_loss=0.020255 offset_loss=0.023677 kld=0.023945 cd=-0.228680 en_pos=6.361921 en_neg=6.590601 pcd=True subgoal_reg=0.002979609046125472 
2026-01-21 06:08:39,527 : Train Loss 88.83436341034387
2026-01-21 06:08:39,527 : Overall Loss 17.53439910764293
2026-01-21 06:08:39,527 : Dest Loss 23.648428671516307
2026-01-21 06:08:39,527 : Val ADE 0.12118975334035757
2026-01-21 06:08:39,527 : Val FDE 0.1417918558541964
2026-01-21 06:08:39,527 : Val Best ADE 0.11865852588670045
2026-01-21 06:08:39,527 : Val Best FDE 0.14391011551876862
2026-01-21 06:08:39,527 : ----->learning rate 1.953125e-05
2026-01-21 06:08:55,238 :     5/   33 dest_loss=0.033155 future_loss=0.023165 offset_loss=0.026025 kld=0.024047 cd=0.114070 en_pos=6.575948 en_neg=6.461878 pcd=True subgoal_reg=0.002942239854704572 
2026-01-21 06:09:10,617 :    11/   33 dest_loss=0.034522 future_loss=0.024157 offset_loss=0.026741 kld=0.024613 cd=0.165859 en_pos=6.486162 en_neg=6.320303 pcd=True subgoal_reg=0.0026418159000808003 
2026-01-21 06:09:26,184 :    17/   33 dest_loss=0.033269 future_loss=0.023200 offset_loss=0.026834 kld=0.023350 cd=0.045445 en_pos=6.474103 en_neg=6.428658 pcd=True subgoal_reg=0.003015225054867771 
2026-01-21 06:09:41,754 :    23/   33 dest_loss=0.029215 future_loss=0.020962 offset_loss=0.024439 kld=0.023879 cd=0.035818 en_pos=6.318141 en_neg=6.282322 pcd=True subgoal_reg=0.002511867716719733 
2026-01-21 06:09:57,351 :    29/   33 dest_loss=0.037216 future_loss=0.026022 offset_loss=0.030138 kld=0.023434 cd=-0.020333 en_pos=6.452371 en_neg=6.472705 pcd=True subgoal_reg=0.0027413284089449035 
2026-01-21 06:10:12,891 :    35/   33 dest_loss=0.028310 future_loss=0.020704 offset_loss=0.022953 kld=0.024409 cd=0.003105 en_pos=6.513267 en_neg=6.510161 pcd=True subgoal_reg=0.002783399985172512 
2026-01-21 06:10:28,470 :    41/   33 dest_loss=0.030930 future_loss=0.022637 offset_loss=0.024816 kld=0.024418 cd=0.042350 en_pos=6.436402 en_neg=6.394051 pcd=True subgoal_reg=0.0026144642171581816 
2026-01-21 06:10:44,041 :    47/   33 dest_loss=0.038439 future_loss=0.027753 offset_loss=0.028660 kld=0.025582 cd=-0.201235 en_pos=6.493783 en_neg=6.695018 pcd=True subgoal_reg=0.002740873890784682 
2026-01-21 06:10:59,646 :    53/   33 dest_loss=0.036204 future_loss=0.026606 offset_loss=0.027144 kld=0.023643 cd=-0.178561 en_pos=6.281716 en_neg=6.460278 pcd=True subgoal_reg=0.0024646728620637123 
2026-01-21 06:11:15,288 :    59/   33 dest_loss=0.031003 future_loss=0.022290 offset_loss=0.024625 kld=0.025301 cd=0.084915 en_pos=6.480864 en_neg=6.395949 pcd=True subgoal_reg=0.0028081775782139995 
2026-01-21 06:11:30,900 :    65/   33 dest_loss=0.033384 future_loss=0.023404 offset_loss=0.025363 kld=0.024535 cd=-0.177357 en_pos=6.355751 en_neg=6.533108 pcd=True subgoal_reg=0.0026863007216216296 
2026-01-21 06:11:46,514 :    71/   33 dest_loss=0.106723 future_loss=0.090552 offset_loss=0.095005 kld=0.025151 cd=-0.308336 en_pos=6.329802 en_neg=6.638138 pcd=True subgoal_reg=0.0027208352258561103 
2026-01-21 06:12:02,144 :    77/   33 dest_loss=0.034674 future_loss=0.024704 offset_loss=0.027014 kld=0.024147 cd=-0.017538 en_pos=6.420752 en_neg=6.438291 pcd=True subgoal_reg=0.002554156439410467 
2026-01-21 06:12:17,740 :    83/   33 dest_loss=0.031608 future_loss=0.023157 offset_loss=0.021553 kld=0.023147 cd=-0.020441 en_pos=6.514795 en_neg=6.535236 pcd=True subgoal_reg=0.0026657472468043057 
2026-01-21 06:12:33,184 :    89/   33 dest_loss=0.033155 future_loss=0.024099 offset_loss=0.023615 kld=0.023859 cd=0.158503 en_pos=6.648796 en_neg=6.490293 pcd=True subgoal_reg=0.002831764858411921 
2026-01-21 06:12:48,686 :    95/   33 dest_loss=0.035273 future_loss=0.025543 offset_loss=0.026808 kld=0.024663 cd=0.280146 en_pos=6.577296 en_neg=6.297151 pcd=True subgoal_reg=0.0026563453179823107 
2026-01-21 06:13:04,297 :   101/   33 dest_loss=0.037259 future_loss=0.026998 offset_loss=0.027956 kld=0.024839 cd=0.307872 en_pos=6.453549 en_neg=6.145677 pcd=True subgoal_reg=0.0030960764978043864 
2026-01-21 06:13:19,889 :   107/   33 dest_loss=0.029114 future_loss=0.020707 offset_loss=0.022819 kld=0.023176 cd=0.047960 en_pos=6.577153 en_neg=6.529192 pcd=True subgoal_reg=0.0027135388037510142 
2026-01-21 06:13:35,459 :   113/   33 dest_loss=0.040103 future_loss=0.029542 offset_loss=0.031002 kld=0.024475 cd=0.163393 en_pos=6.459269 en_neg=6.295876 pcd=True subgoal_reg=0.0028239277177000335 
2026-01-21 06:13:51,028 :   119/   33 dest_loss=0.028765 future_loss=0.021745 offset_loss=0.023009 kld=0.024961 cd=-0.061483 en_pos=6.393902 en_neg=6.455385 pcd=True subgoal_reg=0.0026904851458022165 
2026-01-21 06:14:06,640 :   125/   33 dest_loss=0.028816 future_loss=0.021014 offset_loss=0.024125 kld=0.025140 cd=-0.167055 en_pos=6.421005 en_neg=6.588060 pcd=True subgoal_reg=0.0027598436853869474 
2026-01-21 06:14:22,245 :   131/   33 dest_loss=0.033475 future_loss=0.024489 offset_loss=0.027234 kld=0.023257 cd=-0.113855 en_pos=6.592850 en_neg=6.706705 pcd=True subgoal_reg=0.0026982299921177295 
2026-01-21 06:14:37,804 :   137/   33 dest_loss=0.028349 future_loss=0.021221 offset_loss=0.022749 kld=0.024763 cd=0.005107 en_pos=6.353533 en_neg=6.348425 pcd=True subgoal_reg=0.002660406151199613 
2026-01-21 06:14:53,616 :   143/   33 dest_loss=0.035298 future_loss=0.025859 offset_loss=0.028597 kld=0.024343 cd=-0.152212 en_pos=6.402897 en_neg=6.555109 pcd=True subgoal_reg=0.002672825297916702 
2026-01-21 06:15:09,617 :   149/   33 dest_loss=0.032054 future_loss=0.021971 offset_loss=0.025075 kld=0.023292 cd=0.110769 en_pos=6.556199 en_neg=6.445429 pcd=True subgoal_reg=0.002898894295195885 
2026-01-21 06:15:25,229 :   155/   33 dest_loss=0.059839 future_loss=0.043507 offset_loss=0.073880 kld=0.023389 cd=-0.137016 en_pos=6.385678 en_neg=6.522694 pcd=True subgoal_reg=0.0025667651455559557 
2026-01-21 06:15:40,794 :   161/   33 dest_loss=0.034949 future_loss=0.025243 offset_loss=0.027197 kld=0.023557 cd=-0.016772 en_pos=6.522955 en_neg=6.539727 pcd=True subgoal_reg=0.0027266657912611916 
2026-01-21 06:15:56,190 :   167/   33 dest_loss=0.035240 future_loss=0.024781 offset_loss=0.027990 kld=0.023439 cd=-0.328806 en_pos=6.125315 en_neg=6.454121 pcd=True subgoal_reg=0.002427033393735741 
2026-01-21 06:16:11,793 :   173/   33 dest_loss=0.032018 future_loss=0.023263 offset_loss=0.025962 kld=0.024094 cd=0.154443 en_pos=6.585031 en_neg=6.430588 pcd=True subgoal_reg=0.0027249587175976393 
2026-01-21 06:16:27,371 :   179/   33 dest_loss=0.037306 future_loss=0.025832 offset_loss=0.028995 kld=0.024308 cd=-0.059878 en_pos=6.394520 en_neg=6.454399 pcd=True subgoal_reg=0.0028743980121654408 
2026-01-21 06:16:42,955 :   185/   33 dest_loss=0.034196 future_loss=0.025194 offset_loss=0.023782 kld=0.023012 cd=-0.069086 en_pos=6.563965 en_neg=6.633052 pcd=True subgoal_reg=0.0028076029814452733 
2026-01-21 06:16:58,500 :   191/   33 dest_loss=0.035226 future_loss=0.025922 offset_loss=0.026819 kld=0.024006 cd=-0.096166 en_pos=6.264787 en_neg=6.360953 pcd=True subgoal_reg=0.0024971210737912758 
2026-01-21 06:17:14,087 :   197/   33 dest_loss=0.030408 future_loss=0.021921 offset_loss=0.023763 kld=0.023046 cd=-0.228788 en_pos=6.355338 en_neg=6.584125 pcd=True subgoal_reg=0.002686571571493616 
2026-01-21 06:17:29,649 :   203/   33 dest_loss=0.034055 future_loss=0.024186 offset_loss=0.026251 kld=0.024529 cd=-0.046338 en_pos=6.466282 en_neg=6.512620 pcd=True subgoal_reg=0.002622881365199796 
2026-01-21 06:17:45,227 :   209/   33 dest_loss=0.035384 future_loss=0.025555 offset_loss=0.027585 kld=0.024592 cd=0.110635 en_pos=6.500653 en_neg=6.390018 pcd=True subgoal_reg=0.0029888711994327734 
2026-01-21 06:18:00,775 :   215/   33 dest_loss=0.133144 future_loss=0.120555 offset_loss=0.083754 kld=0.024440 cd=-0.096680 en_pos=6.470822 en_neg=6.567501 pcd=True subgoal_reg=0.002940498607952188 
2026-01-21 06:18:16,395 :   221/   33 dest_loss=0.028774 future_loss=0.020876 offset_loss=0.021652 kld=0.022706 cd=-0.213364 en_pos=6.314033 en_neg=6.527397 pcd=True subgoal_reg=0.0026806283157598935 
2026-01-21 06:18:32,047 :   227/   33 dest_loss=0.148406 future_loss=0.106676 offset_loss=0.079679 kld=0.025126 cd=-0.040763 en_pos=6.422067 en_neg=6.462829 pcd=True subgoal_reg=0.0024583164323289156 
2026-01-21 06:18:47,644 :   233/   33 dest_loss=0.028557 future_loss=0.020245 offset_loss=0.023481 kld=0.022441 cd=0.249403 en_pos=6.529513 en_neg=6.280110 pcd=True subgoal_reg=0.0026324524726597633 
2026-01-21 06:19:03,256 :   239/   33 dest_loss=0.028427 future_loss=0.020315 offset_loss=0.023152 kld=0.022952 cd=0.132020 en_pos=6.468943 en_neg=6.336922 pcd=True subgoal_reg=0.002743926147044101 
2026-01-21 06:19:18,626 :   245/   33 dest_loss=0.033449 future_loss=0.023986 offset_loss=0.024147 kld=0.023093 cd=0.035577 en_pos=6.424696 en_neg=6.389119 pcd=True subgoal_reg=0.002715834925972305 
2026-01-21 06:19:34,222 :   251/   33 dest_loss=0.040309 future_loss=0.026861 offset_loss=0.035101 kld=0.023948 cd=0.150062 en_pos=6.661977 en_neg=6.511916 pcd=True subgoal_reg=0.0029480989138630995 
2026-01-21 06:19:49,800 :   257/   33 dest_loss=0.050081 future_loss=0.038146 offset_loss=0.047999 kld=0.024416 cd=0.157235 en_pos=6.531857 en_neg=6.374622 pcd=True subgoal_reg=0.0027129998425157605 
2026-01-21 06:20:05,446 :   263/   33 dest_loss=0.029562 future_loss=0.021170 offset_loss=0.023835 kld=0.023786 cd=0.162751 en_pos=6.604244 en_neg=6.441493 pcd=True subgoal_reg=0.0026290045349777235 
2026-01-21 06:20:21,069 :   269/   33 dest_loss=0.029504 future_loss=0.021194 offset_loss=0.022796 kld=0.024262 cd=-0.285465 en_pos=6.245735 en_neg=6.531199 pcd=True subgoal_reg=0.0028238096555915798 
2026-01-21 06:20:36,656 :   275/   33 dest_loss=0.036799 future_loss=0.026638 offset_loss=0.027991 kld=0.024908 cd=-0.085014 en_pos=6.488337 en_neg=6.573351 pcd=True subgoal_reg=0.002794277271431818 
2026-01-21 06:20:52,402 :   281/   33 dest_loss=0.027669 future_loss=0.020416 offset_loss=0.021862 kld=0.024143 cd=0.001285 en_pos=6.403600 en_neg=6.402315 pcd=True subgoal_reg=0.0025110674610827463 
2026-01-21 06:21:07,973 :   287/   33 dest_loss=0.030678 future_loss=0.022347 offset_loss=0.024033 kld=0.024809 cd=0.084534 en_pos=6.485030 en_neg=6.400496 pcd=True subgoal_reg=0.002842062306344985 
2026-01-21 06:21:23,561 :   293/   33 dest_loss=0.034784 future_loss=0.025730 offset_loss=0.023965 kld=0.023055 cd=0.240399 en_pos=6.572808 en_neg=6.332409 pcd=True subgoal_reg=0.0026184811151908393 
2026-01-21 06:21:39,186 :   299/   33 dest_loss=0.031646 future_loss=0.022309 offset_loss=0.025209 kld=0.023307 cd=0.234941 en_pos=6.582408 en_neg=6.347467 pcd=True subgoal_reg=0.0027933539067081866 
2026-01-21 06:21:54,772 :   305/   33 dest_loss=0.032255 future_loss=0.023605 offset_loss=0.025228 kld=0.022912 cd=0.101928 en_pos=6.477577 en_neg=6.375649 pcd=True subgoal_reg=0.0024291633298883786 
2026-01-21 06:22:10,370 :   311/   33 dest_loss=0.114570 future_loss=0.080692 offset_loss=0.108589 kld=0.024095 cd=-0.206265 en_pos=6.279433 en_neg=6.485698 pcd=True subgoal_reg=0.0024275407561554375 
2026-01-21 06:22:25,988 :   317/   33 dest_loss=0.034413 future_loss=0.025160 offset_loss=0.026480 kld=0.024769 cd=0.050052 en_pos=6.509141 en_neg=6.459089 pcd=True subgoal_reg=0.0027489677622098987 
2026-01-21 06:22:41,427 :   323/   33 dest_loss=0.030106 future_loss=0.021597 offset_loss=0.024566 kld=0.024114 cd=0.119117 en_pos=6.368352 en_neg=6.249235 pcd=True subgoal_reg=0.0026711820360110937 
2026-01-21 06:22:57,125 :   329/   33 dest_loss=0.040607 future_loss=0.028913 offset_loss=0.031508 kld=0.024117 cd=0.024294 en_pos=6.558208 en_neg=6.533914 pcd=True subgoal_reg=0.0031535620678659693 
2026-01-21 06:23:12,782 :   335/   33 dest_loss=0.030351 future_loss=0.022110 offset_loss=0.024163 kld=0.023712 cd=-0.112187 en_pos=6.362454 en_neg=6.474641 pcd=True subgoal_reg=0.0026883837230328063 
2026-01-21 06:23:28,414 :   341/   33 dest_loss=0.037599 future_loss=0.026599 offset_loss=0.029060 kld=0.023317 cd=-0.121711 en_pos=6.311311 en_neg=6.433022 pcd=True subgoal_reg=0.0029275109639634866 
2026-01-21 06:23:44,004 :   347/   33 dest_loss=0.027833 future_loss=0.020095 offset_loss=0.022792 kld=0.024855 cd=-0.195367 en_pos=6.416383 en_neg=6.611750 pcd=True subgoal_reg=0.0028314138381196167 
2026-01-21 06:23:59,644 :   353/   33 dest_loss=0.062671 future_loss=0.041648 offset_loss=0.048764 kld=0.023500 cd=0.103986 en_pos=6.512469 en_neg=6.408483 pcd=True subgoal_reg=0.002799500790192217 
2026-01-21 06:24:15,231 :   359/   33 dest_loss=0.025609 future_loss=0.018954 offset_loss=0.021687 kld=0.024914 cd=0.161257 en_pos=6.580179 en_neg=6.418923 pcd=True subgoal_reg=0.00289885867694347 
2026-01-21 06:24:30,831 :   365/   33 dest_loss=0.030143 future_loss=0.022047 offset_loss=0.026152 kld=0.025795 cd=0.233770 en_pos=6.677359 en_neg=6.443589 pcd=True subgoal_reg=0.0028679945432249364 
2026-01-21 06:24:46,429 :   371/   33 dest_loss=0.027190 future_loss=0.019504 offset_loss=0.022272 kld=0.024753 cd=0.141136 en_pos=6.462923 en_neg=6.321787 pcd=True subgoal_reg=0.002814215497676954 
2026-01-21 06:25:02,593 :   377/   33 dest_loss=0.033087 future_loss=0.024286 offset_loss=0.026760 kld=0.025009 cd=-0.201857 en_pos=6.312022 en_neg=6.513879 pcd=True subgoal_reg=0.002710168822268251 
2026-01-21 06:25:18,384 :   383/   33 dest_loss=0.032442 future_loss=0.022221 offset_loss=0.026129 kld=0.022788 cd=-0.009631 en_pos=6.405814 en_neg=6.415445 pcd=True subgoal_reg=0.0026309295953560324 
2026-01-21 06:25:34,017 :   389/   33 dest_loss=0.028294 future_loss=0.019606 offset_loss=0.023586 kld=0.023032 cd=-0.072890 en_pos=6.332734 en_neg=6.405624 pcd=True subgoal_reg=0.002831255890542916 
2026-01-21 06:25:49,689 :   395/   33 dest_loss=0.032753 future_loss=0.023349 offset_loss=0.025040 kld=0.023505 cd=0.105172 en_pos=6.545477 en_neg=6.440305 pcd=True subgoal_reg=0.00285563003568354 
2026-01-21 06:26:05,115 :   401/   33 dest_loss=0.033951 future_loss=0.024504 offset_loss=0.026959 kld=0.025023 cd=-0.099221 en_pos=6.354814 en_neg=6.454034 pcd=True subgoal_reg=0.002728339103791914 
2026-01-21 06:26:20,724 :   407/   33 dest_loss=0.035816 future_loss=0.025265 offset_loss=0.029546 kld=0.024661 cd=0.315715 en_pos=6.724149 en_neg=6.408433 pcd=True subgoal_reg=0.0029017232954873275 
2026-01-21 06:26:36,327 :   413/   33 dest_loss=0.038364 future_loss=0.027020 offset_loss=0.028970 kld=0.024469 cd=0.132588 en_pos=6.448784 en_neg=6.316196 pcd=True subgoal_reg=0.002826940603177823 
2026-01-21 06:26:51,931 :   419/   33 dest_loss=0.073076 future_loss=0.052855 offset_loss=0.090080 kld=0.023440 cd=-0.021073 en_pos=6.534021 en_neg=6.555094 pcd=True subgoal_reg=0.00271658390050567 
2026-01-21 06:27:07,557 :   425/   33 dest_loss=0.031225 future_loss=0.021762 offset_loss=0.026368 kld=0.023414 cd=0.013416 en_pos=6.432377 en_neg=6.418961 pcd=True subgoal_reg=0.0027752100925055334 
2026-01-21 06:27:23,139 :   431/   33 dest_loss=0.034078 future_loss=0.024319 offset_loss=0.027310 kld=0.023941 cd=0.021196 en_pos=6.503841 en_neg=6.482645 pcd=True subgoal_reg=0.002781238680755657 
2026-01-21 06:27:38,767 :   437/   33 dest_loss=0.033973 future_loss=0.024892 offset_loss=0.023543 kld=0.023820 cd=0.012843 en_pos=6.548931 en_neg=6.536088 pcd=True subgoal_reg=0.003018164992357418 
2026-01-21 06:27:54,367 :   443/   33 dest_loss=0.034634 future_loss=0.024577 offset_loss=0.027822 kld=0.023735 cd=0.149031 en_pos=6.493592 en_neg=6.344562 pcd=True subgoal_reg=0.0027870449511002973 
2026-01-21 06:28:09,968 :   449/   33 dest_loss=0.030897 future_loss=0.021919 offset_loss=0.026108 kld=0.024589 cd=0.026734 en_pos=6.399867 en_neg=6.373133 pcd=True subgoal_reg=0.0026732747631434822 
2026-01-21 06:28:25,553 :   455/   33 dest_loss=0.029002 future_loss=0.021010 offset_loss=0.023102 kld=0.024520 cd=-0.239204 en_pos=6.262648 en_neg=6.501852 pcd=True subgoal_reg=0.0027070035879144362 
2026-01-21 06:28:41,133 :   461/   33 dest_loss=0.036077 future_loss=0.025885 offset_loss=0.027628 kld=0.023522 cd=0.076513 en_pos=6.560758 en_neg=6.484245 pcd=True subgoal_reg=0.002636561242100278 
2026-01-21 06:28:56,724 :   467/   33 dest_loss=0.028778 future_loss=0.021190 offset_loss=0.023986 kld=0.024274 cd=0.016238 en_pos=6.550656 en_neg=6.534417 pcd=True subgoal_reg=0.0029299133896454454 
2026-01-21 06:29:12,316 :   473/   33 dest_loss=0.031796 future_loss=0.022999 offset_loss=0.025500 kld=0.023247 cd=-0.197484 en_pos=6.520579 en_neg=6.718064 pcd=True subgoal_reg=0.0026952651284527502 
2026-01-21 06:29:27,719 :   479/   33 dest_loss=0.032821 future_loss=0.023344 offset_loss=0.025998 kld=0.024792 cd=-0.166788 en_pos=6.363889 en_neg=6.530677 pcd=True subgoal_reg=0.0028421351076141897 
2026-01-21 06:29:43,346 :   485/   33 dest_loss=0.067533 future_loss=0.054101 offset_loss=0.068092 kld=0.024718 cd=0.161120 en_pos=6.605556 en_neg=6.444436 pcd=True subgoal_reg=0.0030340821393492474 
2026-01-21 06:29:59,172 :   491/   33 dest_loss=0.026727 future_loss=0.019465 offset_loss=0.021785 kld=0.023631 cd=0.292927 en_pos=6.694370 en_neg=6.401443 pcd=True subgoal_reg=0.0027167648328835646 
2026-01-21 06:30:15,200 :   497/   33 dest_loss=0.035230 future_loss=0.025559 offset_loss=0.028442 kld=0.024680 cd=0.077062 en_pos=6.364758 en_neg=6.287697 pcd=True subgoal_reg=0.002835670491872447 
2026-01-21 06:30:30,762 :   503/   33 dest_loss=0.034648 future_loss=0.024909 offset_loss=0.027533 kld=0.022865 cd=-0.163369 en_pos=6.244033 en_neg=6.407402 pcd=True subgoal_reg=0.0027331951680419934 
2026-01-21 06:30:46,321 :   509/   33 dest_loss=0.032185 future_loss=0.022592 offset_loss=0.026030 kld=0.023449 cd=0.002911 en_pos=6.527493 en_neg=6.524583 pcd=True subgoal_reg=0.0028944416457237004 
2026-01-21 06:32:21,483 : Train Loss 87.31893055890806
2026-01-21 06:32:21,484 : Overall Loss 16.722575466936195
2026-01-21 06:32:21,484 : Dest Loss 22.359251545041893
2026-01-21 06:32:21,484 : Val ADE 0.12029683093508112
2026-01-21 06:32:21,484 : Val FDE 0.14176349502507346
2026-01-21 06:32:21,484 : Val Best ADE 0.11865852588670045
2026-01-21 06:32:21,485 : Val Best FDE 0.14391011551876862
2026-01-21 06:32:21,485 : ----->learning rate 1.953125e-05
2026-01-21 06:32:37,234 :     5/   34 dest_loss=0.030519 future_loss=0.022053 offset_loss=0.021614 kld=0.023138 cd=0.019023 en_pos=6.534095 en_neg=6.515072 pcd=True subgoal_reg=0.0028989912701177013 
2026-01-21 06:32:52,831 :    11/   34 dest_loss=0.027719 future_loss=0.019378 offset_loss=0.022268 kld=0.023429 cd=-0.262962 en_pos=6.385043 en_neg=6.648005 pcd=True subgoal_reg=0.002884639610078558 
2026-01-21 06:33:08,226 :    17/   34 dest_loss=0.031828 future_loss=0.024547 offset_loss=0.019991 kld=0.024638 cd=0.104702 en_pos=6.718472 en_neg=6.613770 pcd=True subgoal_reg=0.00289947592339871 
2026-01-21 06:33:23,761 :    23/   34 dest_loss=0.033086 future_loss=0.022836 offset_loss=0.027226 kld=0.023446 cd=0.025086 en_pos=6.442581 en_neg=6.417494 pcd=True subgoal_reg=0.0025960551134888024 
2026-01-21 06:33:39,372 :    29/   34 dest_loss=0.036774 future_loss=0.026316 offset_loss=0.029164 kld=0.024930 cd=-0.174785 en_pos=6.413488 en_neg=6.588273 pcd=True subgoal_reg=0.002731863482148981 
2026-01-21 06:33:55,000 :    35/   34 dest_loss=0.026359 future_loss=0.019716 offset_loss=0.019443 kld=0.023146 cd=-0.279980 en_pos=6.391108 en_neg=6.671088 pcd=True subgoal_reg=0.002702668833121826 
2026-01-21 06:34:10,550 :    41/   34 dest_loss=0.037773 future_loss=0.026838 offset_loss=0.029544 kld=0.023865 cd=0.134754 en_pos=6.585035 en_neg=6.450281 pcd=True subgoal_reg=0.002691198368027308 
2026-01-21 06:34:26,138 :    47/   34 dest_loss=0.031519 future_loss=0.022622 offset_loss=0.024486 kld=0.025009 cd=-0.057642 en_pos=6.384339 en_neg=6.441981 pcd=True subgoal_reg=0.002689029692349739 
2026-01-21 06:34:41,713 :    53/   34 dest_loss=0.037249 future_loss=0.027423 offset_loss=0.028937 kld=0.025293 cd=0.076474 en_pos=6.530806 en_neg=6.454332 pcd=True subgoal_reg=0.002714874581734909 
2026-01-21 06:34:57,799 :    59/   34 dest_loss=0.034609 future_loss=0.025439 offset_loss=0.026183 kld=0.023359 cd=-0.044831 en_pos=6.462324 en_neg=6.507155 pcd=True subgoal_reg=0.0026600875936849963 
2026-01-21 06:35:13,790 :    65/   34 dest_loss=0.029471 future_loss=0.021220 offset_loss=0.023857 kld=0.022718 cd=0.167680 en_pos=6.572473 en_neg=6.404793 pcd=True subgoal_reg=0.0027103999102745403 
2026-01-21 06:35:29,416 :    71/   34 dest_loss=0.031652 future_loss=0.022404 offset_loss=0.024453 kld=0.024483 cd=0.208263 en_pos=6.602738 en_neg=6.394474 pcd=True subgoal_reg=0.002801447065452393 
2026-01-21 06:35:45,032 :    77/   34 dest_loss=0.126270 future_loss=0.111176 offset_loss=0.116500 kld=0.025568 cd=0.066996 en_pos=6.561194 en_neg=6.494198 pcd=True subgoal_reg=0.002854152559297278 
2026-01-21 06:36:00,635 :    83/   34 dest_loss=0.032529 future_loss=0.023368 offset_loss=0.024193 kld=0.024262 cd=0.209717 en_pos=6.674811 en_neg=6.465094 pcd=True subgoal_reg=0.003084229689700663 
2026-01-21 06:36:16,042 :    89/   34 dest_loss=0.036707 future_loss=0.026749 offset_loss=0.028574 kld=0.024338 cd=-0.123506 en_pos=6.244444 en_neg=6.367950 pcd=True subgoal_reg=0.002593430808996327 
2026-01-21 06:36:31,659 :    95/   34 dest_loss=0.033611 future_loss=0.024059 offset_loss=0.026563 kld=0.024679 cd=-0.081693 en_pos=6.190747 en_neg=6.272440 pcd=True subgoal_reg=0.0028534504058565268 
2026-01-21 06:36:47,253 :   101/   34 dest_loss=0.033675 future_loss=0.024877 offset_loss=0.026150 kld=0.023819 cd=0.278629 en_pos=6.398734 en_neg=6.120105 pcd=True subgoal_reg=0.002803063866643212 
2026-01-21 06:37:02,891 :   107/   34 dest_loss=0.035566 future_loss=0.025869 offset_loss=0.028091 kld=0.023935 cd=-0.037968 en_pos=6.434367 en_neg=6.472335 pcd=True subgoal_reg=0.0028140854154392143 
2026-01-21 06:37:18,519 :   113/   34 dest_loss=0.031212 future_loss=0.022251 offset_loss=0.023951 kld=0.023006 cd=0.046678 en_pos=6.494910 en_neg=6.448232 pcd=True subgoal_reg=0.0027372838693230012 
2026-01-21 06:37:34,173 :   119/   34 dest_loss=0.040163 future_loss=0.028354 offset_loss=0.032215 kld=0.023485 cd=-0.066433 en_pos=6.265387 en_neg=6.331821 pcd=True subgoal_reg=0.0026893374277026155 
2026-01-21 06:37:49,868 :   125/   34 dest_loss=0.029994 future_loss=0.020626 offset_loss=0.025706 kld=0.023260 cd=-0.087828 en_pos=6.305145 en_neg=6.392973 pcd=True subgoal_reg=0.0028060830343189435 
2026-01-21 06:38:05,479 :   131/   34 dest_loss=0.033460 future_loss=0.024120 offset_loss=0.025781 kld=0.024067 cd=-0.173375 en_pos=6.357071 en_neg=6.530446 pcd=True subgoal_reg=0.002777478198767932 
2026-01-21 06:38:21,091 :   137/   34 dest_loss=0.033807 future_loss=0.025204 offset_loss=0.026471 kld=0.023991 cd=-0.115830 en_pos=6.332423 en_neg=6.448253 pcd=True subgoal_reg=0.0027553754539134385 
2026-01-21 06:38:36,743 :   143/   34 dest_loss=0.109914 future_loss=0.101345 offset_loss=0.086323 kld=0.025363 cd=-0.092016 en_pos=6.426750 en_neg=6.518766 pcd=True subgoal_reg=0.0027073760732298454 
2026-01-21 06:38:52,394 :   149/   34 dest_loss=0.039991 future_loss=0.028727 offset_loss=0.030312 kld=0.023777 cd=-0.161918 en_pos=6.338703 en_neg=6.500621 pcd=True subgoal_reg=0.0027006772621283263 
2026-01-21 06:39:08,035 :   155/   34 dest_loss=0.035471 future_loss=0.025098 offset_loss=0.027221 kld=0.023070 cd=-0.058268 en_pos=6.254458 en_neg=6.312726 pcd=True subgoal_reg=0.0025858396975770304 
2026-01-21 06:39:23,659 :   161/   34 dest_loss=0.032354 future_loss=0.023050 offset_loss=0.025392 kld=0.024352 cd=-0.004687 en_pos=6.685195 en_neg=6.689883 pcd=True subgoal_reg=0.002983807113297704 
2026-01-21 06:39:39,120 :   167/   34 dest_loss=0.117071 future_loss=0.111126 offset_loss=0.070264 kld=0.025487 cd=-0.205085 en_pos=6.564375 en_neg=6.769460 pcd=True subgoal_reg=0.002803244121646755 
2026-01-21 06:39:54,787 :   173/   34 dest_loss=0.037348 future_loss=0.026678 offset_loss=0.030530 kld=0.024439 cd=0.096718 en_pos=6.392822 en_neg=6.296103 pcd=True subgoal_reg=0.002662771899300238 
2026-01-21 06:40:10,397 :   179/   34 dest_loss=0.030977 future_loss=0.022305 offset_loss=0.025502 kld=0.023666 cd=0.114323 en_pos=6.449205 en_neg=6.334882 pcd=True subgoal_reg=0.0025624308577882463 
2026-01-21 06:40:26,025 :   185/   34 dest_loss=0.032723 future_loss=0.020363 offset_loss=0.030393 kld=0.023663 cd=0.093147 en_pos=6.481323 en_neg=6.388177 pcd=True subgoal_reg=0.0030787279786218527 
2026-01-21 06:40:41,722 :   191/   34 dest_loss=0.038438 future_loss=0.026090 offset_loss=0.030119 kld=0.024032 cd=-0.134851 en_pos=6.380526 en_neg=6.515377 pcd=True subgoal_reg=0.0027929286270999315 
2026-01-21 06:40:57,329 :   197/   34 dest_loss=0.035231 future_loss=0.024215 offset_loss=0.026861 kld=0.023776 cd=0.152887 en_pos=6.607046 en_neg=6.454158 pcd=True subgoal_reg=0.0028246569396849063 
2026-01-21 06:41:12,972 :   203/   34 dest_loss=0.027051 future_loss=0.019325 offset_loss=0.022422 kld=0.023139 cd=0.028545 en_pos=6.350719 en_neg=6.322174 pcd=True subgoal_reg=0.002683496343199673 
2026-01-21 06:41:28,544 :   209/   34 dest_loss=0.031079 future_loss=0.022940 offset_loss=0.025427 kld=0.024149 cd=-0.297032 en_pos=6.374282 en_neg=6.671314 pcd=True subgoal_reg=0.0028695478392767055 
2026-01-21 06:41:44,223 :   215/   34 dest_loss=0.032556 future_loss=0.022240 offset_loss=0.027940 kld=0.022772 cd=-0.081698 en_pos=6.365951 en_neg=6.447649 pcd=True subgoal_reg=0.0026529550304339204 
2026-01-21 06:41:59,866 :   221/   34 dest_loss=0.122361 future_loss=0.100711 offset_loss=0.100769 kld=0.024768 cd=-0.172275 en_pos=6.335998 en_neg=6.508273 pcd=True subgoal_reg=0.002955291980388343 
2026-01-21 06:42:15,492 :   227/   34 dest_loss=0.122511 future_loss=0.079991 offset_loss=0.142292 kld=0.024261 cd=0.017841 en_pos=6.586485 en_neg=6.568644 pcd=True subgoal_reg=0.0026960690226077474 
2026-01-21 06:42:31,187 :   233/   34 dest_loss=0.029922 future_loss=0.021711 offset_loss=0.025040 kld=0.024067 cd=0.150873 en_pos=6.507594 en_neg=6.356722 pcd=True subgoal_reg=0.0027257469534358314 
2026-01-21 06:42:46,817 :   239/   34 dest_loss=0.067625 future_loss=0.059511 offset_loss=0.064874 kld=0.023510 cd=-0.253324 en_pos=6.249502 en_neg=6.502826 pcd=True subgoal_reg=0.0027547883449998535 
2026-01-21 06:43:02,260 :   245/   34 dest_loss=0.027719 future_loss=0.020342 offset_loss=0.022148 kld=0.024435 cd=-0.158214 en_pos=6.397024 en_neg=6.555238 pcd=True subgoal_reg=0.002763530542110674 
2026-01-21 06:43:17,884 :   251/   34 dest_loss=0.031852 future_loss=0.022527 offset_loss=0.025463 kld=0.024334 cd=0.055416 en_pos=6.415384 en_neg=6.359969 pcd=True subgoal_reg=0.002548652251367502 
2026-01-21 06:43:33,462 :   257/   34 dest_loss=0.032196 future_loss=0.022685 offset_loss=0.024667 kld=0.023354 cd=0.159364 en_pos=6.659487 en_neg=6.500123 pcd=True subgoal_reg=0.002802289269981573 
2026-01-21 06:43:49,105 :   263/   34 dest_loss=0.039191 future_loss=0.027449 offset_loss=0.030761 kld=0.024587 cd=0.257626 en_pos=6.487318 en_neg=6.229693 pcd=True subgoal_reg=0.0027830751656915806 
2026-01-21 06:44:04,758 :   269/   34 dest_loss=0.029545 future_loss=0.020976 offset_loss=0.024343 kld=0.023991 cd=-0.127027 en_pos=6.388735 en_neg=6.515762 pcd=True subgoal_reg=0.0027215556050817144 
2026-01-21 06:44:20,356 :   275/   34 dest_loss=0.032375 future_loss=0.021575 offset_loss=0.026014 kld=0.023269 cd=0.093103 en_pos=6.420498 en_neg=6.327394 pcd=True subgoal_reg=0.0028769511573693246 
2026-01-21 06:44:35,964 :   281/   34 dest_loss=0.034621 future_loss=0.023678 offset_loss=0.027487 kld=0.022914 cd=-0.108663 en_pos=6.270386 en_neg=6.379049 pcd=True subgoal_reg=0.0025481428445893574 
2026-01-21 06:44:51,764 :   287/   34 dest_loss=0.034096 future_loss=0.024183 offset_loss=0.027458 kld=0.024054 cd=-0.318268 en_pos=6.292464 en_neg=6.610733 pcd=True subgoal_reg=0.0029033558778259476 
2026-01-21 06:45:07,965 :   293/   34 dest_loss=0.028344 future_loss=0.019058 offset_loss=0.022696 kld=0.024818 cd=0.319712 en_pos=6.633349 en_neg=6.313636 pcd=True subgoal_reg=0.0029779675715594436 
2026-01-21 06:45:23,576 :   299/   34 dest_loss=0.036972 future_loss=0.026146 offset_loss=0.028593 kld=0.025058 cd=-0.220606 en_pos=6.279928 en_neg=6.500533 pcd=True subgoal_reg=0.002919851679288767 
2026-01-21 06:45:39,187 :   305/   34 dest_loss=0.029051 future_loss=0.020965 offset_loss=0.023348 kld=0.024218 cd=-0.080171 en_pos=6.483238 en_neg=6.563409 pcd=True subgoal_reg=0.0030522238410839943 
2026-01-21 06:45:54,813 :   311/   34 dest_loss=0.037638 future_loss=0.027164 offset_loss=0.029780 kld=0.024818 cd=0.081552 en_pos=6.477567 en_neg=6.396015 pcd=True subgoal_reg=0.0029272333314136947 
2026-01-21 06:46:10,391 :   317/   34 dest_loss=0.027274 future_loss=0.019802 offset_loss=0.021584 kld=0.023438 cd=-0.101978 en_pos=6.383473 en_neg=6.485451 pcd=True subgoal_reg=0.002612466182762297 
2026-01-21 06:46:25,732 :   323/   34 dest_loss=0.036171 future_loss=0.025537 offset_loss=0.027744 kld=0.023168 cd=-0.154272 en_pos=6.339356 en_neg=6.493629 pcd=True subgoal_reg=0.0026120852727004543 
2026-01-21 06:46:41,363 :   329/   34 dest_loss=0.089392 future_loss=0.052446 offset_loss=0.081738 kld=0.023360 cd=-0.043381 en_pos=6.369765 en_neg=6.413146 pcd=True subgoal_reg=0.002561980113653483 
2026-01-21 06:46:56,946 :   335/   34 dest_loss=0.030769 future_loss=0.023032 offset_loss=0.024735 kld=0.025186 cd=0.081005 en_pos=6.408836 en_neg=6.327831 pcd=True subgoal_reg=0.0025517130315199396 
2026-01-21 06:47:12,583 :   341/   34 dest_loss=0.028297 future_loss=0.019964 offset_loss=0.023291 kld=0.025134 cd=-0.192605 en_pos=6.458338 en_neg=6.650943 pcd=True subgoal_reg=0.0029333025559890374 
2026-01-21 06:47:28,144 :   347/   34 dest_loss=0.033356 future_loss=0.023981 offset_loss=0.026207 kld=0.023889 cd=0.132246 en_pos=6.437690 en_neg=6.305444 pcd=True subgoal_reg=0.002582446845534717 
2026-01-21 06:47:43,714 :   353/   34 dest_loss=0.039818 future_loss=0.028621 offset_loss=0.027567 kld=0.023795 cd=0.052638 en_pos=6.475890 en_neg=6.423252 pcd=True subgoal_reg=0.00286129860005245 
2026-01-21 06:47:59,291 :   359/   34 dest_loss=0.030998 future_loss=0.022087 offset_loss=0.026072 kld=0.024282 cd=-0.047551 en_pos=6.290306 en_neg=6.337857 pcd=True subgoal_reg=0.002744729266676588 
2026-01-21 06:48:14,871 :   365/   34 dest_loss=0.029593 future_loss=0.021729 offset_loss=0.023841 kld=0.023679 cd=-0.304998 en_pos=6.393570 en_neg=6.698568 pcd=True subgoal_reg=0.0024876569552446637 
2026-01-21 06:48:30,453 :   371/   34 dest_loss=0.031145 future_loss=0.022398 offset_loss=0.025310 kld=0.024710 cd=0.175359 en_pos=6.474267 en_neg=6.298908 pcd=True subgoal_reg=0.002887926872467202 
2026-01-21 06:48:46,056 :   377/   34 dest_loss=0.035481 future_loss=0.024887 offset_loss=0.029436 kld=0.023082 cd=0.039052 en_pos=6.371906 en_neg=6.332854 pcd=True subgoal_reg=0.002367302326984226 
2026-01-21 06:49:01,655 :   383/   34 dest_loss=0.036657 future_loss=0.028692 offset_loss=0.023549 kld=0.023435 cd=0.139928 en_pos=6.454934 en_neg=6.315005 pcd=True subgoal_reg=0.0026863647670238152 
2026-01-21 06:49:17,254 :   389/   34 dest_loss=0.027273 future_loss=0.019590 offset_loss=0.021632 kld=0.023503 cd=-0.098027 en_pos=6.262297 en_neg=6.360324 pcd=True subgoal_reg=0.002453735360212684 
2026-01-21 06:49:32,850 :   395/   34 dest_loss=0.034414 future_loss=0.025080 offset_loss=0.027146 kld=0.025573 cd=-0.269032 en_pos=6.487478 en_neg=6.756510 pcd=True subgoal_reg=0.0030571261051291912 
2026-01-21 06:49:48,195 :   401/   34 dest_loss=0.037151 future_loss=0.025082 offset_loss=0.030995 kld=0.022707 cd=-0.110880 en_pos=6.459154 en_neg=6.570033 pcd=True subgoal_reg=0.002654363450271086 
2026-01-21 06:50:03,826 :   407/   34 dest_loss=0.033331 future_loss=0.022461 offset_loss=0.027421 kld=0.023264 cd=-0.025756 en_pos=6.402576 en_neg=6.428332 pcd=True subgoal_reg=0.0029074071012467353 
2026-01-21 06:50:19,421 :   413/   34 dest_loss=0.035447 future_loss=0.024733 offset_loss=0.027214 kld=0.023878 cd=0.083769 en_pos=6.547446 en_neg=6.463677 pcd=True subgoal_reg=0.0032073859012885612 
2026-01-21 06:50:34,973 :   419/   34 dest_loss=0.144490 future_loss=0.111069 offset_loss=0.125661 kld=0.024634 cd=0.033993 en_pos=6.344921 en_neg=6.310928 pcd=True subgoal_reg=0.0029122876457518534 
2026-01-21 06:50:50,575 :   425/   34 dest_loss=0.033380 future_loss=0.024176 offset_loss=0.026397 kld=0.025870 cd=0.149351 en_pos=6.614518 en_neg=6.465167 pcd=True subgoal_reg=0.002879971188991112 
2026-01-21 06:51:06,297 :   431/   34 dest_loss=0.028081 future_loss=0.019878 offset_loss=0.023850 kld=0.023555 cd=0.136235 en_pos=6.676000 en_neg=6.539765 pcd=True subgoal_reg=0.0029895753295988868 
2026-01-21 06:51:21,921 :   437/   34 dest_loss=0.030597 future_loss=0.022504 offset_loss=0.024369 kld=0.025674 cd=0.156611 en_pos=6.661247 en_neg=6.504636 pcd=True subgoal_reg=0.002840329710604258 
2026-01-21 06:51:37,497 :   443/   34 dest_loss=0.034607 future_loss=0.026201 offset_loss=0.022418 kld=0.023653 cd=0.176538 en_pos=6.499321 en_neg=6.322783 pcd=True subgoal_reg=0.002690106432562082 
2026-01-21 06:51:53,053 :   449/   34 dest_loss=0.034503 future_loss=0.024125 offset_loss=0.026650 kld=0.024149 cd=-0.003454 en_pos=6.392270 en_neg=6.395725 pcd=True subgoal_reg=0.002685848767515769 
2026-01-21 06:52:08,664 :   455/   34 dest_loss=0.029858 future_loss=0.021381 offset_loss=0.023091 kld=0.024164 cd=-0.097202 en_pos=6.146149 en_neg=6.243350 pcd=True subgoal_reg=0.002578082702656918 
2026-01-21 06:52:24,292 :   461/   34 dest_loss=0.032652 future_loss=0.024078 offset_loss=0.025890 kld=0.025356 cd=0.148786 en_pos=6.613166 en_neg=6.464380 pcd=True subgoal_reg=0.003012225817662499 
2026-01-21 06:52:39,919 :   467/   34 dest_loss=0.032321 future_loss=0.023162 offset_loss=0.026077 kld=0.023436 cd=0.100524 en_pos=6.386230 en_neg=6.285706 pcd=True subgoal_reg=0.002694845819891707 
2026-01-21 06:52:55,548 :   473/   34 dest_loss=0.031492 future_loss=0.021943 offset_loss=0.025424 kld=0.022688 cd=0.011000 en_pos=6.312115 en_neg=6.301115 pcd=True subgoal_reg=0.002594330301038953 
2026-01-21 06:53:10,937 :   479/   34 dest_loss=0.033412 future_loss=0.023582 offset_loss=0.026152 kld=0.023090 cd=0.279874 en_pos=6.556985 en_neg=6.277111 pcd=True subgoal_reg=0.002651071986669974 
2026-01-21 06:53:26,533 :   485/   34 dest_loss=0.029013 future_loss=0.020508 offset_loss=0.022980 kld=0.023305 cd=-0.039749 en_pos=6.490608 en_neg=6.530357 pcd=True subgoal_reg=0.002853953115768086 
2026-01-21 06:53:42,221 :   491/   34 dest_loss=0.033592 future_loss=0.023344 offset_loss=0.027345 kld=0.023026 cd=-0.097346 en_pos=6.341107 en_neg=6.438453 pcd=True subgoal_reg=0.002618112918278382 
2026-01-21 06:53:57,863 :   497/   34 dest_loss=0.031387 future_loss=0.022901 offset_loss=0.026140 kld=0.024863 cd=-0.144410 en_pos=6.363808 en_neg=6.508218 pcd=True subgoal_reg=0.0027418334956195575 
2026-01-21 06:54:13,475 :   503/   34 dest_loss=0.027562 future_loss=0.020226 offset_loss=0.023701 kld=0.024017 cd=-0.068058 en_pos=6.372662 en_neg=6.440720 pcd=True subgoal_reg=0.002513171787315091 
2026-01-21 06:54:29,128 :   509/   34 dest_loss=0.038384 future_loss=0.027823 offset_loss=0.029343 kld=0.023308 cd=-0.070147 en_pos=6.186433 en_neg=6.256580 pcd=True subgoal_reg=0.0026547996877439566 
2026-01-21 06:56:05,271 : Train Loss 90.66716276836672
2026-01-21 06:56:05,272 : Overall Loss 17.509039085580884
2026-01-21 06:56:05,272 : Dest Loss 23.234006776579278
2026-01-21 06:56:05,272 : Val ADE 0.12103293760933902
2026-01-21 06:56:05,272 : Val FDE 0.1415743890031641
2026-01-21 06:56:05,272 : Val Best ADE 0.11865852588670045
2026-01-21 06:56:05,272 : Val Best FDE 0.14391011551876862
2026-01-21 06:56:05,272 : ----->learning rate 1.953125e-05
2026-01-21 06:56:21,204 :     5/   35 dest_loss=0.106439 future_loss=0.066891 offset_loss=0.121804 kld=0.025715 cd=-0.016598 en_pos=6.543020 en_neg=6.559617 pcd=True subgoal_reg=0.002908581041876179 
2026-01-21 06:56:36,777 :    11/   35 dest_loss=0.033000 future_loss=0.023983 offset_loss=0.025717 kld=0.024538 cd=-0.334272 en_pos=6.236209 en_neg=6.570481 pcd=True subgoal_reg=0.0030017967375038784 
2026-01-21 06:56:52,351 :    17/   35 dest_loss=0.031859 future_loss=0.023494 offset_loss=0.025672 kld=0.023597 cd=0.094463 en_pos=6.393639 en_neg=6.299176 pcd=True subgoal_reg=0.0025756538023374515 
2026-01-21 06:57:07,936 :    23/   35 dest_loss=0.040031 future_loss=0.027691 offset_loss=0.030408 kld=0.024900 cd=0.247863 en_pos=6.662073 en_neg=6.414210 pcd=True subgoal_reg=0.0031120871491944887 
2026-01-21 06:57:23,297 :    29/   35 dest_loss=0.029803 future_loss=0.021376 offset_loss=0.023797 kld=0.024141 cd=-0.358483 en_pos=6.131010 en_neg=6.489493 pcd=True subgoal_reg=0.0026786207523756132 
2026-01-21 06:57:38,926 :    35/   35 dest_loss=0.034614 future_loss=0.024701 offset_loss=0.027918 kld=0.024512 cd=0.020458 en_pos=6.551888 en_neg=6.531430 pcd=True subgoal_reg=0.002722821717471492 
2026-01-21 06:57:54,546 :    41/   35 dest_loss=0.035316 future_loss=0.024786 offset_loss=0.029043 kld=0.022766 cd=-0.151458 en_pos=6.248333 en_neg=6.399791 pcd=True subgoal_reg=0.0025350996340542994 
2026-01-21 06:58:10,086 :    47/   35 dest_loss=0.038310 future_loss=0.027207 offset_loss=0.029509 kld=0.023169 cd=-0.061648 en_pos=6.330283 en_neg=6.391931 pcd=True subgoal_reg=0.002603460059293821 
2026-01-21 06:58:25,667 :    53/   35 dest_loss=0.032546 future_loss=0.023289 offset_loss=0.027014 kld=0.024641 cd=-0.184716 en_pos=6.499321 en_neg=6.684037 pcd=True subgoal_reg=0.002745485921298825 
2026-01-21 06:58:41,254 :    59/   35 dest_loss=0.087624 future_loss=0.071144 offset_loss=0.102374 kld=0.024262 cd=-0.213765 en_pos=6.187345 en_neg=6.401109 pcd=True subgoal_reg=0.0029551907478432365 
2026-01-21 06:58:56,899 :    65/   35 dest_loss=0.030913 future_loss=0.021734 offset_loss=0.023683 kld=0.023575 cd=0.072335 en_pos=6.576938 en_neg=6.504604 pcd=True subgoal_reg=0.0028102354946680673 
2026-01-21 06:59:12,480 :    71/   35 dest_loss=0.162496 future_loss=0.129961 offset_loss=0.161151 kld=0.025354 cd=-0.159910 en_pos=6.346064 en_neg=6.505974 pcd=True subgoal_reg=0.002833349988991511 
2026-01-21 06:59:28,059 :    77/   35 dest_loss=0.031619 future_loss=0.022476 offset_loss=0.026242 kld=0.025257 cd=-0.143709 en_pos=6.355709 en_neg=6.499417 pcd=True subgoal_reg=0.002813088162998058 
2026-01-21 06:59:43,605 :    83/   35 dest_loss=0.094064 future_loss=0.055595 offset_loss=0.077605 kld=0.026093 cd=0.167309 en_pos=6.585012 en_neg=6.417703 pcd=True subgoal_reg=0.003073072223231677 
2026-01-21 06:59:59,280 :    89/   35 dest_loss=0.030072 future_loss=0.022062 offset_loss=0.023711 kld=0.023220 cd=-0.096820 en_pos=6.343020 en_neg=6.439840 pcd=True subgoal_reg=0.0026675214132197405 
2026-01-21 07:00:14,831 :    95/   35 dest_loss=0.031955 future_loss=0.022610 offset_loss=0.025388 kld=0.023218 cd=-0.043150 en_pos=6.332229 en_neg=6.375378 pcd=True subgoal_reg=0.002695096107482177 
2026-01-21 07:00:30,390 :   101/   35 dest_loss=0.035314 future_loss=0.025146 offset_loss=0.028400 kld=0.024998 cd=-0.012688 en_pos=6.565419 en_neg=6.578107 pcd=True subgoal_reg=0.002724651913615548 
2026-01-21 07:00:45,722 :   107/   35 dest_loss=0.029951 future_loss=0.020955 offset_loss=0.024648 kld=0.023091 cd=0.023179 en_pos=6.496060 en_neg=6.472881 pcd=True subgoal_reg=0.0028053767326141374 
2026-01-21 07:01:01,303 :   113/   35 dest_loss=0.034060 future_loss=0.024903 offset_loss=0.027717 kld=0.023358 cd=0.092121 en_pos=6.396618 en_neg=6.304498 pcd=True subgoal_reg=0.0026760362011861204 
2026-01-21 07:01:16,925 :   119/   35 dest_loss=0.032845 future_loss=0.024140 offset_loss=0.027252 kld=0.024698 cd=0.070451 en_pos=6.551249 en_neg=6.480798 pcd=True subgoal_reg=0.0029064002623413517 
2026-01-21 07:01:32,634 :   125/   35 dest_loss=0.086689 future_loss=0.068167 offset_loss=0.115972 kld=0.023877 cd=-0.064771 en_pos=6.427873 en_neg=6.492643 pcd=True subgoal_reg=0.002867314092622122 
2026-01-21 07:01:48,258 :   131/   35 dest_loss=0.099670 future_loss=0.094848 offset_loss=0.111289 kld=0.024931 cd=-0.192563 en_pos=6.342354 en_neg=6.534917 pcd=True subgoal_reg=0.0028170158083918755 
2026-01-21 07:02:03,866 :   137/   35 dest_loss=0.032070 future_loss=0.023027 offset_loss=0.024545 kld=0.024767 cd=0.003710 en_pos=6.550750 en_neg=6.547039 pcd=True subgoal_reg=0.0027287616282354243 
2026-01-21 07:02:19,495 :   143/   35 dest_loss=0.159025 future_loss=0.103348 offset_loss=0.168437 kld=0.023405 cd=0.034416 en_pos=6.547642 en_neg=6.513225 pcd=True subgoal_reg=0.0029555473126613744 
2026-01-21 07:02:35,142 :   149/   35 dest_loss=0.031969 future_loss=0.022462 offset_loss=0.026100 kld=0.024496 cd=0.307739 en_pos=6.592691 en_neg=6.284952 pcd=True subgoal_reg=0.0026910482760240015 
2026-01-21 07:02:50,785 :   155/   35 dest_loss=0.070358 future_loss=0.059595 offset_loss=0.055180 kld=0.024539 cd=0.128531 en_pos=6.534078 en_neg=6.405547 pcd=True subgoal_reg=0.002654659443318159 
2026-01-21 07:03:06,397 :   161/   35 dest_loss=0.033601 future_loss=0.023741 offset_loss=0.025655 kld=0.025030 cd=0.151316 en_pos=6.661181 en_neg=6.509865 pcd=True subgoal_reg=0.003009224094853837 
2026-01-21 07:03:21,948 :   167/   35 dest_loss=0.033728 future_loss=0.023995 offset_loss=0.027232 kld=0.023521 cd=0.089066 en_pos=6.533433 en_neg=6.444368 pcd=True subgoal_reg=0.003031339299410512 
2026-01-21 07:03:37,531 :   173/   35 dest_loss=0.031750 future_loss=0.022908 offset_loss=0.025311 kld=0.024722 cd=-0.020566 en_pos=6.466614 en_neg=6.487180 pcd=True subgoal_reg=0.0026861389089628007 
2026-01-21 07:03:53,133 :   179/   35 dest_loss=0.132601 future_loss=0.121897 offset_loss=0.071048 kld=0.025130 cd=-0.083907 en_pos=6.364703 en_neg=6.448610 pcd=True subgoal_reg=0.0026200485744428516 
2026-01-21 07:04:08,529 :   185/   35 dest_loss=0.038106 future_loss=0.026320 offset_loss=0.029635 kld=0.023259 cd=-0.284630 en_pos=6.147611 en_neg=6.432241 pcd=True subgoal_reg=0.0027319937065552915 
2026-01-21 07:04:24,131 :   191/   35 dest_loss=0.078224 future_loss=0.061606 offset_loss=0.054655 kld=0.026240 cd=0.113883 en_pos=6.532014 en_neg=6.418131 pcd=True subgoal_reg=0.0026133796332265527 
2026-01-21 07:04:39,702 :   197/   35 dest_loss=0.199211 future_loss=0.117512 offset_loss=0.195020 kld=0.025400 cd=-0.307113 en_pos=6.386655 en_neg=6.693769 pcd=True subgoal_reg=0.0029840229139869536 
2026-01-21 07:04:55,613 :   203/   35 dest_loss=0.077344 future_loss=0.047586 offset_loss=0.076083 kld=0.025398 cd=0.209053 en_pos=6.379899 en_neg=6.170846 pcd=True subgoal_reg=0.002771983853551634 
2026-01-21 07:05:11,559 :   209/   35 dest_loss=0.032000 future_loss=0.022406 offset_loss=0.025365 kld=0.025512 cd=0.067513 en_pos=6.614245 en_neg=6.546733 pcd=True subgoal_reg=0.0032528711399267265 
2026-01-21 07:05:27,198 :   215/   35 dest_loss=0.075146 future_loss=0.064789 offset_loss=0.080131 kld=0.021691 cd=-0.046491 en_pos=6.457304 en_neg=6.503795 pcd=True subgoal_reg=0.002600696753609428 
2026-01-21 07:05:42,814 :   221/   35 dest_loss=0.035029 future_loss=0.024794 offset_loss=0.026357 kld=0.023133 cd=-0.059096 en_pos=6.239884 en_neg=6.298980 pcd=True subgoal_reg=0.002740692610880434 
2026-01-21 07:05:58,500 :   227/   35 dest_loss=0.033437 future_loss=0.021427 offset_loss=0.029542 kld=0.022927 cd=-0.038794 en_pos=6.313976 en_neg=6.352770 pcd=True subgoal_reg=0.002549677799175489 
2026-01-21 07:06:14,169 :   233/   35 dest_loss=0.037750 future_loss=0.028438 offset_loss=0.029967 kld=0.023887 cd=-0.096415 en_pos=6.455328 en_neg=6.551743 pcd=True subgoal_reg=0.0026672055610402782 
2026-01-21 07:06:29,757 :   239/   35 dest_loss=0.035002 future_loss=0.025865 offset_loss=0.027992 kld=0.025243 cd=-0.113740 en_pos=6.285030 en_neg=6.398769 pcd=True subgoal_reg=0.0026233691616329973 
2026-01-21 07:06:45,335 :   245/   35 dest_loss=0.033008 future_loss=0.024260 offset_loss=0.025922 kld=0.024648 cd=-0.270496 en_pos=6.408495 en_neg=6.678990 pcd=True subgoal_reg=0.0026654797544505837 
2026-01-21 07:07:00,944 :   251/   35 dest_loss=0.029652 future_loss=0.021224 offset_loss=0.023945 kld=0.023165 cd=-0.093696 en_pos=6.390112 en_neg=6.483808 pcd=True subgoal_reg=0.0026722525726326062 
2026-01-21 07:07:16,525 :   257/   35 dest_loss=0.034623 future_loss=0.025273 offset_loss=0.026845 kld=0.023490 cd=0.260408 en_pos=6.441954 en_neg=6.181546 pcd=True subgoal_reg=0.00233409852411255 
2026-01-21 07:07:31,910 :   263/   35 dest_loss=0.029074 future_loss=0.020568 offset_loss=0.023201 kld=0.024097 cd=0.048464 en_pos=6.390485 en_neg=6.342021 pcd=True subgoal_reg=0.002917708666527579 
2026-01-21 07:07:47,516 :   269/   35 dest_loss=0.031687 future_loss=0.021328 offset_loss=0.028755 kld=0.023181 cd=0.098871 en_pos=6.506584 en_neg=6.407713 pcd=True subgoal_reg=0.002629120191601434 
2026-01-21 07:08:03,077 :   275/   35 dest_loss=0.031971 future_loss=0.021014 offset_loss=0.029517 kld=0.023995 cd=-0.015654 en_pos=6.497546 en_neg=6.513200 pcd=True subgoal_reg=0.0029767249177114962 
2026-01-21 07:08:18,710 :   281/   35 dest_loss=0.035030 future_loss=0.025391 offset_loss=0.026977 kld=0.024772 cd=-0.190829 en_pos=6.310688 en_neg=6.501517 pcd=True subgoal_reg=0.002689382889839391 
2026-01-21 07:08:34,284 :   287/   35 dest_loss=0.033673 future_loss=0.024006 offset_loss=0.025396 kld=0.023300 cd=-0.157571 en_pos=6.467109 en_neg=6.624680 pcd=True subgoal_reg=0.00271887331707929 
2026-01-21 07:08:49,938 :   293/   35 dest_loss=0.033467 future_loss=0.025448 offset_loss=0.022377 kld=0.024144 cd=-0.110420 en_pos=6.421359 en_neg=6.531779 pcd=True subgoal_reg=0.002920915253884871 
2026-01-21 07:09:05,500 :   299/   35 dest_loss=0.143100 future_loss=0.096769 offset_loss=0.102694 kld=0.026508 cd=-0.285959 en_pos=6.380966 en_neg=6.666925 pcd=True subgoal_reg=0.002929196059370539 
2026-01-21 07:09:21,069 :   305/   35 dest_loss=0.034102 future_loss=0.023517 offset_loss=0.026937 kld=0.023389 cd=0.204657 en_pos=6.534320 en_neg=6.329663 pcd=True subgoal_reg=0.003247138251627003 
2026-01-21 07:09:36,701 :   311/   35 dest_loss=0.120679 future_loss=0.084496 offset_loss=0.133728 kld=0.022452 cd=0.191604 en_pos=6.556817 en_neg=6.365212 pcd=True subgoal_reg=0.0029221862880374795 
2026-01-21 07:09:52,311 :   317/   35 dest_loss=0.024284 future_loss=0.017382 offset_loss=0.020648 kld=0.022821 cd=0.014362 en_pos=6.360957 en_neg=6.346595 pcd=True subgoal_reg=0.0024957919027240594 
2026-01-21 07:10:07,872 :   323/   35 dest_loss=0.137078 future_loss=0.104514 offset_loss=0.106343 kld=0.025752 cd=-0.045763 en_pos=6.371040 en_neg=6.416803 pcd=True subgoal_reg=0.0027197615494656503 
2026-01-21 07:10:23,455 :   329/   35 dest_loss=0.028532 future_loss=0.020807 offset_loss=0.023329 kld=0.023788 cd=0.058869 en_pos=6.433036 en_neg=6.374167 pcd=True subgoal_reg=0.00265171998915388 
2026-01-21 07:10:39,024 :   335/   35 dest_loss=0.035632 future_loss=0.026219 offset_loss=0.026198 kld=0.024287 cd=-0.166202 en_pos=6.391725 en_neg=6.557927 pcd=True subgoal_reg=0.0025428708386922368 
2026-01-21 07:10:54,436 :   341/   35 dest_loss=0.033752 future_loss=0.024327 offset_loss=0.025097 kld=0.023224 cd=-0.180971 en_pos=6.489917 en_neg=6.670887 pcd=True subgoal_reg=0.00266843628586304 
2026-01-21 07:11:10,051 :   347/   35 dest_loss=0.041353 future_loss=0.029714 offset_loss=0.031764 kld=0.025216 cd=-0.225604 en_pos=6.441335 en_neg=6.666939 pcd=True subgoal_reg=0.002890629323547985 
2026-01-21 07:11:25,598 :   353/   35 dest_loss=0.025725 future_loss=0.019428 offset_loss=0.020551 kld=0.023841 cd=0.033898 en_pos=6.413320 en_neg=6.379422 pcd=True subgoal_reg=0.0023650192205203918 
2026-01-21 07:11:41,151 :   359/   35 dest_loss=0.029996 future_loss=0.021623 offset_loss=0.023520 kld=0.022982 cd=-0.153096 en_pos=6.333324 en_neg=6.486420 pcd=True subgoal_reg=0.0024645393158383272 
2026-01-21 07:11:56,790 :   365/   35 dest_loss=0.030541 future_loss=0.021340 offset_loss=0.024792 kld=0.023312 cd=0.062054 en_pos=6.584999 en_neg=6.522945 pcd=True subgoal_reg=0.0028334415475655436 
2026-01-21 07:12:12,416 :   371/   35 dest_loss=0.032104 future_loss=0.023863 offset_loss=0.025191 kld=0.024621 cd=-0.029477 en_pos=6.447467 en_neg=6.476944 pcd=True subgoal_reg=0.002711998085684372 
2026-01-21 07:12:28,085 :   377/   35 dest_loss=0.033873 future_loss=0.024629 offset_loss=0.024445 kld=0.023656 cd=-0.152125 en_pos=6.431399 en_neg=6.583523 pcd=True subgoal_reg=0.0028909858528538388 
2026-01-21 07:12:43,714 :   383/   35 dest_loss=0.036541 future_loss=0.026163 offset_loss=0.028497 kld=0.024253 cd=-0.199957 en_pos=6.307131 en_neg=6.507087 pcd=True subgoal_reg=0.002783702710284684 
2026-01-21 07:12:59,337 :   389/   35 dest_loss=0.031425 future_loss=0.023007 offset_loss=0.023170 kld=0.023090 cd=-0.018901 en_pos=6.323195 en_neg=6.342096 pcd=True subgoal_reg=0.0024655358385609733 
2026-01-21 07:13:14,905 :   395/   35 dest_loss=0.030319 future_loss=0.022156 offset_loss=0.023572 kld=0.023916 cd=-0.130565 en_pos=6.338239 en_neg=6.468805 pcd=True subgoal_reg=0.002684133006998127 
2026-01-21 07:13:30,483 :   401/   35 dest_loss=0.025238 future_loss=0.018317 offset_loss=0.021040 kld=0.022762 cd=-0.407324 en_pos=6.122057 en_neg=6.529381 pcd=True subgoal_reg=0.0025182956748777273 
2026-01-21 07:13:46,054 :   407/   35 dest_loss=0.031087 future_loss=0.020932 offset_loss=0.028270 kld=0.023322 cd=-0.073904 en_pos=6.296607 en_neg=6.370510 pcd=True subgoal_reg=0.002804819976778046 
2026-01-21 07:14:01,630 :   413/   35 dest_loss=0.180140 future_loss=0.133659 offset_loss=0.200396 kld=0.024154 cd=-0.373164 en_pos=6.455207 en_neg=6.828371 pcd=True subgoal_reg=0.003143263475729983 
2026-01-21 07:14:17,018 :   419/   35 dest_loss=0.030618 future_loss=0.022836 offset_loss=0.023824 kld=0.024010 cd=-0.182572 en_pos=6.328055 en_neg=6.510627 pcd=True subgoal_reg=0.0028145959821358445 
2026-01-21 07:14:32,621 :   425/   35 dest_loss=0.033393 future_loss=0.024188 offset_loss=0.024158 kld=0.023093 cd=0.058834 en_pos=6.403862 en_neg=6.345027 pcd=True subgoal_reg=0.0027812289555849564 
2026-01-21 07:14:48,246 :   431/   35 dest_loss=0.036891 future_loss=0.027200 offset_loss=0.028182 kld=0.023984 cd=-0.324773 en_pos=6.335076 en_neg=6.659849 pcd=True subgoal_reg=0.0027756661270723023 
2026-01-21 07:15:04,409 :   437/   35 dest_loss=0.033933 future_loss=0.024165 offset_loss=0.027487 kld=0.023574 cd=0.073477 en_pos=6.458975 en_neg=6.385498 pcd=True subgoal_reg=0.003028637964475339 
2026-01-21 07:15:20,106 :   443/   35 dest_loss=0.031294 future_loss=0.021786 offset_loss=0.025345 kld=0.023782 cd=-0.098596 en_pos=6.446930 en_neg=6.545526 pcd=True subgoal_reg=0.003011193958101007 
2026-01-21 07:15:35,686 :   449/   35 dest_loss=0.034588 future_loss=0.022365 offset_loss=0.030889 kld=0.023709 cd=-0.191391 en_pos=6.468804 en_neg=6.660194 pcd=True subgoal_reg=0.002712910672539613 
2026-01-21 07:15:51,328 :   455/   35 dest_loss=0.030774 future_loss=0.021388 offset_loss=0.026938 kld=0.023295 cd=0.012321 en_pos=6.406070 en_neg=6.393750 pcd=True subgoal_reg=0.002598934198039711 
2026-01-21 07:16:06,902 :   461/   35 dest_loss=0.040889 future_loss=0.029486 offset_loss=0.030938 kld=0.024129 cd=-0.006590 en_pos=6.482249 en_neg=6.488840 pcd=True subgoal_reg=0.002837564798017512 
2026-01-21 07:16:22,473 :   467/   35 dest_loss=0.026472 future_loss=0.020417 offset_loss=0.020671 kld=0.023902 cd=-0.051629 en_pos=6.419404 en_neg=6.471033 pcd=True subgoal_reg=0.0027415881349581576 
2026-01-21 07:16:38,080 :   473/   35 dest_loss=0.030286 future_loss=0.021699 offset_loss=0.023161 kld=0.023489 cd=-0.058851 en_pos=6.527220 en_neg=6.586071 pcd=True subgoal_reg=0.002439559310560538 
2026-01-21 07:16:53,648 :   479/   35 dest_loss=0.041104 future_loss=0.031159 offset_loss=0.026025 kld=0.023751 cd=-0.045867 en_pos=6.527705 en_neg=6.573572 pcd=True subgoal_reg=0.0027411769404546236 
2026-01-21 07:17:09,202 :   485/   35 dest_loss=0.120896 future_loss=0.104638 offset_loss=0.119672 kld=0.025478 cd=0.121055 en_pos=6.494518 en_neg=6.373463 pcd=True subgoal_reg=0.003055444971811336 
2026-01-21 07:17:24,730 :   491/   35 dest_loss=0.150868 future_loss=0.108358 offset_loss=0.179170 kld=0.024916 cd=-0.054188 en_pos=6.442758 en_neg=6.496946 pcd=True subgoal_reg=0.0029946696221089834 
2026-01-21 07:17:40,039 :   497/   35 dest_loss=0.029289 future_loss=0.020576 offset_loss=0.023944 kld=0.023394 cd=0.280813 en_pos=6.566845 en_neg=6.286032 pcd=True subgoal_reg=0.0026705310913669234 
2026-01-21 07:17:55,614 :   503/   35 dest_loss=0.034461 future_loss=0.024314 offset_loss=0.026088 kld=0.024324 cd=0.089265 en_pos=6.507899 en_neg=6.418634 pcd=True subgoal_reg=0.002871887198485002 
2026-01-21 07:18:11,183 :   509/   35 dest_loss=0.026705 future_loss=0.019647 offset_loss=0.022026 kld=0.024393 cd=-0.168693 en_pos=6.380927 en_neg=6.549620 pcd=True subgoal_reg=0.0028310423552793448 
2026-01-21 07:19:46,255 : Train Loss 88.90801794332407
2026-01-21 07:19:46,256 : Overall Loss 17.794286363525924
2026-01-21 07:19:46,256 : Dest Loss 23.944437585272567
2026-01-21 07:19:46,256 : Val ADE 0.11957397303959147
2026-01-21 07:19:46,256 : Val FDE 0.14163756894537674
2026-01-21 07:19:46,256 : Val Best ADE 0.11865852588670045
2026-01-21 07:19:46,256 : Val Best FDE 0.14391011551876862
2026-01-21 07:19:46,256 : ----->learning rate 1.953125e-05
2026-01-21 07:20:02,033 :     5/   36 dest_loss=0.030226 future_loss=0.021341 offset_loss=0.023391 kld=0.023346 cd=-0.167711 en_pos=6.545460 en_neg=6.713171 pcd=True subgoal_reg=0.0027252729826319332 
2026-01-21 07:20:17,547 :    11/   36 dest_loss=0.032170 future_loss=0.022949 offset_loss=0.025137 kld=0.023494 cd=0.110917 en_pos=6.435487 en_neg=6.324570 pcd=True subgoal_reg=0.0027435987310230393 
2026-01-21 07:20:33,154 :    17/   36 dest_loss=0.127959 future_loss=0.102005 offset_loss=0.095081 kld=0.025052 cd=-0.092745 en_pos=6.667726 en_neg=6.760471 pcd=True subgoal_reg=0.0028328141351329997 
2026-01-21 07:20:48,697 :    23/   36 dest_loss=0.034002 future_loss=0.024260 offset_loss=0.026986 kld=0.023078 cd=-0.298632 en_pos=6.312563 en_neg=6.611195 pcd=True subgoal_reg=0.0026121238663873803 
2026-01-21 07:21:04,311 :    29/   36 dest_loss=0.038874 future_loss=0.027657 offset_loss=0.029194 kld=0.024450 cd=0.082784 en_pos=6.504788 en_neg=6.422004 pcd=True subgoal_reg=0.002795125033749166 
2026-01-21 07:21:19,893 :    35/   36 dest_loss=0.034924 future_loss=0.024555 offset_loss=0.027246 kld=0.024081 cd=0.173569 en_pos=6.557336 en_neg=6.383767 pcd=True subgoal_reg=0.002946011464341145 
2026-01-21 07:21:35,272 :    41/   36 dest_loss=0.029120 future_loss=0.020955 offset_loss=0.023446 kld=0.023393 cd=0.005617 en_pos=6.410687 en_neg=6.405070 pcd=True subgoal_reg=0.002585713022072278 
2026-01-21 07:21:50,883 :    47/   36 dest_loss=0.033524 future_loss=0.023399 offset_loss=0.026264 kld=0.023264 cd=-0.152917 en_pos=6.603693 en_neg=6.756610 pcd=True subgoal_reg=0.0027677136944412343 
2026-01-21 07:22:06,465 :    53/   36 dest_loss=0.031323 future_loss=0.022293 offset_loss=0.025194 kld=0.023584 cd=-0.368134 en_pos=6.138598 en_neg=6.506732 pcd=True subgoal_reg=0.0026801750441140123 
2026-01-21 07:22:22,075 :    59/   36 dest_loss=0.088345 future_loss=0.059285 offset_loss=0.093627 kld=0.023491 cd=0.038516 en_pos=6.462403 en_neg=6.423887 pcd=True subgoal_reg=0.0030165365103950086 
2026-01-21 07:22:37,616 :    65/   36 dest_loss=0.030582 future_loss=0.021625 offset_loss=0.024144 kld=0.024945 cd=0.052078 en_pos=6.267675 en_neg=6.215597 pcd=True subgoal_reg=0.002877813145767518 
2026-01-21 07:22:53,204 :    71/   36 dest_loss=0.032751 future_loss=0.023248 offset_loss=0.025919 kld=0.023493 cd=0.273027 en_pos=6.663644 en_neg=6.390616 pcd=True subgoal_reg=0.002757863544046103 
2026-01-21 07:23:08,747 :    77/   36 dest_loss=0.029970 future_loss=0.021673 offset_loss=0.024357 kld=0.024364 cd=-0.194361 en_pos=6.273876 en_neg=6.468237 pcd=True subgoal_reg=0.0027127109744426625 
2026-01-21 07:23:24,395 :    83/   36 dest_loss=0.028461 future_loss=0.019231 offset_loss=0.023927 kld=0.023699 cd=-0.015331 en_pos=6.576223 en_neg=6.591554 pcd=True subgoal_reg=0.00336462932969409 
2026-01-21 07:23:40,023 :    89/   36 dest_loss=0.029514 future_loss=0.021298 offset_loss=0.023370 kld=0.024715 cd=-0.321580 en_pos=6.383353 en_neg=6.704933 pcd=True subgoal_reg=0.0027567800490699793 
2026-01-21 07:23:55,633 :    95/   36 dest_loss=0.033006 future_loss=0.023287 offset_loss=0.025902 kld=0.023153 cd=0.101502 en_pos=6.486215 en_neg=6.384713 pcd=True subgoal_reg=0.0028327882362945106 
2026-01-21 07:24:11,205 :   101/   36 dest_loss=0.031515 future_loss=0.023602 offset_loss=0.024239 kld=0.024270 cd=0.136315 en_pos=6.476896 en_neg=6.340581 pcd=True subgoal_reg=0.002680813559755221 
2026-01-21 07:24:26,747 :   107/   36 dest_loss=0.033148 future_loss=0.023232 offset_loss=0.026365 kld=0.023298 cd=0.131143 en_pos=6.551792 en_neg=6.420648 pcd=True subgoal_reg=0.002889589545995443 
2026-01-21 07:24:42,344 :   113/   36 dest_loss=0.033429 future_loss=0.024062 offset_loss=0.026401 kld=0.024721 cd=-0.161448 en_pos=6.367778 en_neg=6.529226 pcd=True subgoal_reg=0.002787089079328362 
2026-01-21 07:24:58,183 :   119/   36 dest_loss=0.027361 future_loss=0.018580 offset_loss=0.023233 kld=0.023149 cd=-0.043606 en_pos=6.303206 en_neg=6.346812 pcd=True subgoal_reg=0.0026153230393469815 
2026-01-21 07:25:14,106 :   125/   36 dest_loss=0.025783 future_loss=0.018643 offset_loss=0.021207 kld=0.023889 cd=-0.108015 en_pos=6.391617 en_neg=6.499631 pcd=True subgoal_reg=0.0027095363804498476 
2026-01-21 07:25:29,702 :   131/   36 dest_loss=0.106989 future_loss=0.095515 offset_loss=0.069253 kld=0.025190 cd=0.174396 en_pos=6.428281 en_neg=6.253886 pcd=True subgoal_reg=0.003090492438558178 
2026-01-21 07:25:45,326 :   137/   36 dest_loss=0.029548 future_loss=0.021063 offset_loss=0.024286 kld=0.024498 cd=0.171315 en_pos=6.480187 en_neg=6.308872 pcd=True subgoal_reg=0.002732011678542382 
2026-01-21 07:26:00,927 :   143/   36 dest_loss=0.030806 future_loss=0.022320 offset_loss=0.026160 kld=0.023720 cd=-0.071958 en_pos=6.448470 en_neg=6.520429 pcd=True subgoal_reg=0.00274952678760756 
2026-01-21 07:26:16,513 :   149/   36 dest_loss=0.034252 future_loss=0.024524 offset_loss=0.025909 kld=0.023287 cd=-0.049185 en_pos=6.124369 en_neg=6.173554 pcd=True subgoal_reg=0.00254707667367515 
2026-01-21 07:26:32,064 :   155/   36 dest_loss=0.032473 future_loss=0.022497 offset_loss=0.026921 kld=0.023047 cd=-0.085726 en_pos=6.319152 en_neg=6.404877 pcd=True subgoal_reg=0.0027283683375645238 
2026-01-21 07:26:47,688 :   161/   36 dest_loss=0.036071 future_loss=0.026035 offset_loss=0.027505 kld=0.024089 cd=-0.019735 en_pos=6.281402 en_neg=6.301137 pcd=True subgoal_reg=0.002793539588069411 
2026-01-21 07:27:03,287 :   167/   36 dest_loss=0.034579 future_loss=0.025691 offset_loss=0.029157 kld=0.024885 cd=-0.322419 en_pos=6.214396 en_neg=6.536815 pcd=True subgoal_reg=0.0026859878471486515 
2026-01-21 07:27:18,894 :   173/   36 dest_loss=0.029208 future_loss=0.021551 offset_loss=0.024367 kld=0.024624 cd=0.075473 en_pos=6.448564 en_neg=6.373091 pcd=True subgoal_reg=0.0030653265067335294 
2026-01-21 07:27:34,464 :   179/   36 dest_loss=0.037077 future_loss=0.026229 offset_loss=0.029073 kld=0.023092 cd=-0.024313 en_pos=6.234179 en_neg=6.258493 pcd=True subgoal_reg=0.0027848527129052487 
2026-01-21 07:27:50,109 :   185/   36 dest_loss=0.033046 future_loss=0.024261 offset_loss=0.025912 kld=0.024004 cd=-0.036287 en_pos=6.427523 en_neg=6.463810 pcd=True subgoal_reg=0.002811247788519912 
2026-01-21 07:28:05,711 :   191/   36 dest_loss=0.033789 future_loss=0.024766 offset_loss=0.025315 kld=0.023051 cd=0.066942 en_pos=6.436071 en_neg=6.369130 pcd=True subgoal_reg=0.0026899594541128268 
2026-01-21 07:28:21,150 :   197/   36 dest_loss=0.029843 future_loss=0.021465 offset_loss=0.024287 kld=0.023342 cd=-0.036832 en_pos=6.375750 en_neg=6.412582 pcd=True subgoal_reg=0.0027258447927332157 
2026-01-21 07:28:36,679 :   203/   36 dest_loss=0.145813 future_loss=0.093745 offset_loss=0.104523 kld=0.025259 cd=0.037215 en_pos=6.306393 en_neg=6.269178 pcd=True subgoal_reg=0.002825538311166529 
2026-01-21 07:28:52,296 :   209/   36 dest_loss=0.109002 future_loss=0.070783 offset_loss=0.123680 kld=0.024357 cd=0.134032 en_pos=6.506444 en_neg=6.372412 pcd=True subgoal_reg=0.0027233731860074745 
2026-01-21 07:29:07,967 :   215/   36 dest_loss=0.031486 future_loss=0.021463 offset_loss=0.025050 kld=0.023390 cd=-0.124015 en_pos=6.407363 en_neg=6.531378 pcd=True subgoal_reg=0.002714466698569515 
2026-01-21 07:29:23,630 :   221/   36 dest_loss=0.067957 future_loss=0.055162 offset_loss=0.063189 kld=0.022097 cd=0.150808 en_pos=6.580769 en_neg=6.429961 pcd=True subgoal_reg=0.0027196263322158618 
2026-01-21 07:29:39,213 :   227/   36 dest_loss=0.031093 future_loss=0.022149 offset_loss=0.025399 kld=0.023120 cd=-0.133545 en_pos=6.407674 en_neg=6.541218 pcd=True subgoal_reg=0.002572497922743955 
2026-01-21 07:29:54,851 :   233/   36 dest_loss=0.033487 future_loss=0.023114 offset_loss=0.026883 kld=0.023481 cd=0.050989 en_pos=6.511450 en_neg=6.460460 pcd=True subgoal_reg=0.0029319201434775677 
2026-01-21 07:30:10,469 :   239/   36 dest_loss=0.037893 future_loss=0.026933 offset_loss=0.029452 kld=0.023074 cd=0.004776 en_pos=6.297709 en_neg=6.292933 pcd=True subgoal_reg=0.002498751558810211 
2026-01-21 07:30:26,074 :   245/   36 dest_loss=0.035141 future_loss=0.026929 offset_loss=0.021496 kld=0.023311 cd=-0.030753 en_pos=6.527810 en_neg=6.558564 pcd=True subgoal_reg=0.0026370815790872333 
2026-01-21 07:30:41,653 :   251/   36 dest_loss=0.028484 future_loss=0.020074 offset_loss=0.022318 kld=0.025253 cd=0.016477 en_pos=6.444228 en_neg=6.427751 pcd=True subgoal_reg=0.0029358009082374025 
2026-01-21 07:30:57,292 :   257/   36 dest_loss=0.034567 future_loss=0.025296 offset_loss=0.027150 kld=0.024662 cd=-0.153579 en_pos=6.296189 en_neg=6.449768 pcd=True subgoal_reg=0.002770572684684545 
2026-01-21 07:31:12,890 :   263/   36 dest_loss=0.033638 future_loss=0.024117 offset_loss=0.026331 kld=0.024289 cd=-0.170927 en_pos=6.338979 en_neg=6.509906 pcd=True subgoal_reg=0.002753480439834518 
2026-01-21 07:31:28,475 :   269/   36 dest_loss=0.033259 future_loss=0.023991 offset_loss=0.026196 kld=0.023416 cd=0.012829 en_pos=6.469493 en_neg=6.456663 pcd=True subgoal_reg=0.0027679106935931015 
2026-01-21 07:31:43,872 :   275/   36 dest_loss=0.037458 future_loss=0.026724 offset_loss=0.029692 kld=0.024396 cd=-0.051244 en_pos=6.568286 en_neg=6.619530 pcd=True subgoal_reg=0.0028381042062851185 
2026-01-21 07:31:59,481 :   281/   36 dest_loss=0.034226 future_loss=0.024063 offset_loss=0.027323 kld=0.023622 cd=0.050330 en_pos=6.491838 en_neg=6.441508 pcd=True subgoal_reg=0.002586709684558754 
2026-01-21 07:32:15,071 :   287/   36 dest_loss=0.155637 future_loss=0.097426 offset_loss=0.161294 kld=0.023715 cd=0.067221 en_pos=6.408287 en_neg=6.341066 pcd=True subgoal_reg=0.0027207358863034713 
2026-01-21 07:32:30,721 :   293/   36 dest_loss=0.091739 future_loss=0.055096 offset_loss=0.080907 kld=0.025879 cd=-0.037346 en_pos=6.515754 en_neg=6.553100 pcd=True subgoal_reg=0.002815048831995122 
2026-01-21 07:32:46,386 :   299/   36 dest_loss=0.029404 future_loss=0.022151 offset_loss=0.023969 kld=0.024018 cd=-0.009704 en_pos=6.281704 en_neg=6.291408 pcd=True subgoal_reg=0.0026664004104944563 
2026-01-21 07:33:02,046 :   305/   36 dest_loss=0.028742 future_loss=0.021377 offset_loss=0.023014 kld=0.024025 cd=-0.030489 en_pos=6.342773 en_neg=6.373262 pcd=True subgoal_reg=0.002842472207859355 
2026-01-21 07:33:17,650 :   311/   36 dest_loss=0.035390 future_loss=0.022697 offset_loss=0.030988 kld=0.023712 cd=0.238255 en_pos=6.527479 en_neg=6.289224 pcd=True subgoal_reg=0.0029767202220073543 
2026-01-21 07:33:33,271 :   317/   36 dest_loss=0.083119 future_loss=0.060228 offset_loss=0.093852 kld=0.023470 cd=-0.001096 en_pos=6.486162 en_neg=6.487258 pcd=True subgoal_reg=0.0027333751011794126 
2026-01-21 07:33:48,918 :   323/   36 dest_loss=0.116003 future_loss=0.128039 offset_loss=0.074179 kld=0.025435 cd=0.006680 en_pos=6.566964 en_neg=6.560284 pcd=True subgoal_reg=0.0029595428704131932 
2026-01-21 07:34:04,531 :   329/   36 dest_loss=0.031223 future_loss=0.022639 offset_loss=0.023873 kld=0.023398 cd=0.093436 en_pos=6.564515 en_neg=6.471080 pcd=True subgoal_reg=0.0027484661370211416 
2026-01-21 07:34:20,147 :   335/   36 dest_loss=0.031552 future_loss=0.022534 offset_loss=0.024093 kld=0.024012 cd=-0.024662 en_pos=6.463040 en_neg=6.487702 pcd=True subgoal_reg=0.0028995699816096046 
2026-01-21 07:34:35,775 :   341/   36 dest_loss=0.031335 future_loss=0.023591 offset_loss=0.024952 kld=0.024550 cd=0.185770 en_pos=6.631976 en_neg=6.446206 pcd=True subgoal_reg=0.0028026540230795824 
2026-01-21 07:34:51,644 :   347/   36 dest_loss=0.029976 future_loss=0.021281 offset_loss=0.023667 kld=0.024029 cd=-0.139272 en_pos=6.304271 en_neg=6.443543 pcd=True subgoal_reg=0.00262536016961771 
2026-01-21 07:35:07,601 :   353/   36 dest_loss=0.043026 future_loss=0.030163 offset_loss=0.044288 kld=0.023282 cd=-0.017598 en_pos=6.399285 en_neg=6.416883 pcd=True subgoal_reg=0.002532857145269032 
2026-01-21 07:35:23,203 :   359/   36 dest_loss=0.032550 future_loss=0.022512 offset_loss=0.025945 kld=0.024986 cd=0.038469 en_pos=6.628119 en_neg=6.589650 pcd=True subgoal_reg=0.0029722871365629425 
2026-01-21 07:35:38,799 :   365/   36 dest_loss=0.033776 future_loss=0.026284 offset_loss=0.022332 kld=0.023858 cd=0.094708 en_pos=6.590493 en_neg=6.495784 pcd=True subgoal_reg=0.0025043311754916336 
2026-01-21 07:35:54,364 :   371/   36 dest_loss=0.029718 future_loss=0.021959 offset_loss=0.023748 kld=0.023409 cd=0.016305 en_pos=6.649381 en_neg=6.633076 pcd=True subgoal_reg=0.0029180375809877922 
2026-01-21 07:36:10,043 :   377/   36 dest_loss=0.032877 future_loss=0.022005 offset_loss=0.025219 kld=0.023808 cd=0.182573 en_pos=6.542717 en_neg=6.360145 pcd=True subgoal_reg=0.0030866556707051782 
2026-01-21 07:36:25,651 :   383/   36 dest_loss=0.061234 future_loss=0.043095 offset_loss=0.047202 kld=0.023410 cd=-0.073733 en_pos=6.444360 en_neg=6.518094 pcd=True subgoal_reg=0.0028277255896204004 
2026-01-21 07:36:41,241 :   389/   36 dest_loss=0.032872 future_loss=0.024538 offset_loss=0.026515 kld=0.024162 cd=0.031688 en_pos=6.253589 en_neg=6.221900 pcd=True subgoal_reg=0.0025022230739018504 
2026-01-21 07:36:56,861 :   395/   36 dest_loss=0.033650 future_loss=0.023887 offset_loss=0.025527 kld=0.024011 cd=0.353889 en_pos=6.540333 en_neg=6.186444 pcd=True subgoal_reg=0.0025183345523996257 
2026-01-21 07:37:12,476 :   401/   36 dest_loss=0.062030 future_loss=0.046153 offset_loss=0.047682 kld=0.024821 cd=0.146491 en_pos=6.537668 en_neg=6.391177 pcd=True subgoal_reg=0.003084050112489516 
2026-01-21 07:37:28,036 :   407/   36 dest_loss=0.169766 future_loss=0.115548 offset_loss=0.146540 kld=0.023263 cd=-0.289097 en_pos=6.365680 en_neg=6.654777 pcd=True subgoal_reg=0.002788576019959246 
2026-01-21 07:37:43,656 :   413/   36 dest_loss=0.122957 future_loss=0.101940 offset_loss=0.055110 kld=0.023843 cd=-0.236776 en_pos=6.298764 en_neg=6.535540 pcd=True subgoal_reg=0.0026793686439954547 
2026-01-21 07:37:59,255 :   419/   36 dest_loss=0.028276 future_loss=0.020758 offset_loss=0.023696 kld=0.024634 cd=-0.052252 en_pos=6.441205 en_neg=6.493457 pcd=True subgoal_reg=0.0025631104364954513 
2026-01-21 07:38:14,887 :   425/   36 dest_loss=0.038399 future_loss=0.028170 offset_loss=0.030826 kld=0.024623 cd=-0.205647 en_pos=6.343070 en_neg=6.548717 pcd=True subgoal_reg=0.0027579433034423985 
2026-01-21 07:38:30,276 :   431/   36 dest_loss=0.027489 future_loss=0.018228 offset_loss=0.024278 kld=0.023150 cd=0.083783 en_pos=6.461935 en_neg=6.378152 pcd=True subgoal_reg=0.0026976466964794025 
2026-01-21 07:38:45,841 :   437/   36 dest_loss=0.030790 future_loss=0.022617 offset_loss=0.025233 kld=0.022593 cd=-0.153844 en_pos=6.194446 en_neg=6.348290 pcd=True subgoal_reg=0.0025126108522438902 
2026-01-21 07:39:01,412 :   443/   36 dest_loss=0.035386 future_loss=0.024356 offset_loss=0.027081 kld=0.023334 cd=0.013223 en_pos=6.623278 en_neg=6.610055 pcd=True subgoal_reg=0.0028956819038867495 
2026-01-21 07:39:17,017 :   449/   36 dest_loss=0.074864 future_loss=0.068151 offset_loss=0.056362 kld=0.024361 cd=0.050853 en_pos=6.426036 en_neg=6.375183 pcd=True subgoal_reg=0.002618270073775114 
2026-01-21 07:39:32,583 :   455/   36 dest_loss=0.029780 future_loss=0.021309 offset_loss=0.023906 kld=0.023273 cd=0.136603 en_pos=6.571306 en_neg=6.434702 pcd=True subgoal_reg=0.0029728076409292186 
2026-01-21 07:39:48,243 :   461/   36 dest_loss=0.031314 future_loss=0.023269 offset_loss=0.025794 kld=0.024441 cd=-0.084649 en_pos=6.227156 en_neg=6.311804 pcd=True subgoal_reg=0.00275473080723418 
2026-01-21 07:40:03,843 :   467/   36 dest_loss=0.031502 future_loss=0.022625 offset_loss=0.024555 kld=0.023668 cd=-0.004645 en_pos=6.440708 en_neg=6.445353 pcd=True subgoal_reg=0.002859008755780868 
2026-01-21 07:40:19,393 :   473/   36 dest_loss=0.069855 future_loss=0.058565 offset_loss=0.080045 kld=0.023672 cd=0.110581 en_pos=6.504938 en_neg=6.394357 pcd=True subgoal_reg=0.0028183098872172595 
2026-01-21 07:40:35,001 :   479/   36 dest_loss=0.107335 future_loss=0.073239 offset_loss=0.080760 kld=0.023734 cd=-0.321017 en_pos=6.493391 en_neg=6.814408 pcd=True subgoal_reg=0.0032963493338908608 
2026-01-21 07:40:50,631 :   485/   36 dest_loss=0.025058 future_loss=0.018502 offset_loss=0.021310 kld=0.022524 cd=0.147739 en_pos=6.430251 en_neg=6.282512 pcd=True subgoal_reg=0.002389773043540518 
2026-01-21 07:41:06,257 :   491/   36 dest_loss=0.030619 future_loss=0.021923 offset_loss=0.024764 kld=0.024100 cd=0.147961 en_pos=6.456594 en_neg=6.308633 pcd=True subgoal_reg=0.002705623733890869 
2026-01-21 07:41:21,849 :   497/   36 dest_loss=0.028465 future_loss=0.020868 offset_loss=0.024283 kld=0.024695 cd=-0.207151 en_pos=6.222633 en_neg=6.429785 pcd=True subgoal_reg=0.002681145516295989 
2026-01-21 07:41:37,358 :   503/   36 dest_loss=0.039530 future_loss=0.027232 offset_loss=0.029673 kld=0.023882 cd=0.074659 en_pos=6.529498 en_neg=6.454838 pcd=True subgoal_reg=0.0029396984868376155 
2026-01-21 07:41:52,785 :   509/   36 dest_loss=0.031368 future_loss=0.022621 offset_loss=0.021184 kld=0.023608 cd=0.089991 en_pos=6.556728 en_neg=6.466737 pcd=True subgoal_reg=0.002991879701144573 
2026-01-21 07:43:27,667 : Train Loss 86.96841152971807
2026-01-21 07:43:27,668 : Overall Loss 17.20981117547937
2026-01-21 07:43:27,668 : Dest Loss 22.92346737250925
2026-01-21 07:43:27,668 : Val ADE 0.12047590854712209
2026-01-21 07:43:27,668 : Val FDE 0.14158909526622926
2026-01-21 07:43:27,668 : Val Best ADE 0.11865852588670045
2026-01-21 07:43:27,668 : Val Best FDE 0.14391011551876862
2026-01-21 07:43:27,668 : ----->learning rate 9.765625e-06
2026-01-21 07:43:43,351 :     5/   37 dest_loss=0.029666 future_loss=0.020988 offset_loss=0.023963 kld=0.023018 cd=0.094005 en_pos=6.500388 en_neg=6.406383 pcd=True subgoal_reg=0.0026962287049660076 
2026-01-21 07:43:58,934 :    11/   37 dest_loss=0.028884 future_loss=0.021442 offset_loss=0.023950 kld=0.024656 cd=-0.106248 en_pos=6.392609 en_neg=6.498857 pcd=True subgoal_reg=0.0028080638339866206 
2026-01-21 07:44:14,493 :    17/   37 dest_loss=0.031845 future_loss=0.022704 offset_loss=0.025576 kld=0.023257 cd=0.093329 en_pos=6.473085 en_neg=6.379756 pcd=True subgoal_reg=0.0028044561633736127 
2026-01-21 07:44:30,040 :    23/   37 dest_loss=0.025764 future_loss=0.018959 offset_loss=0.021778 kld=0.024333 cd=0.139701 en_pos=6.356537 en_neg=6.216836 pcd=True subgoal_reg=0.0026783542419034053 
2026-01-21 07:44:45,627 :    29/   37 dest_loss=0.032174 future_loss=0.021368 offset_loss=0.027463 kld=0.023125 cd=0.102840 en_pos=6.448629 en_neg=6.345789 pcd=True subgoal_reg=0.0026278960130118522 
2026-01-21 07:45:01,753 :    35/   37 dest_loss=0.032148 future_loss=0.023201 offset_loss=0.024574 kld=0.022734 cd=-0.069456 en_pos=6.389809 en_neg=6.459266 pcd=True subgoal_reg=0.0027717408733378916 
2026-01-21 07:45:17,516 :    41/   37 dest_loss=0.031091 future_loss=0.022542 offset_loss=0.024901 kld=0.022866 cd=-0.088877 en_pos=6.498067 en_neg=6.586944 pcd=True subgoal_reg=0.002477565009901084 
2026-01-21 07:45:32,965 :    47/   37 dest_loss=0.035003 future_loss=0.027711 offset_loss=0.023608 kld=0.023665 cd=-0.208838 en_pos=6.317662 en_neg=6.526501 pcd=True subgoal_reg=0.0027372780179796196 
2026-01-21 07:45:48,576 :    53/   37 dest_loss=0.127449 future_loss=0.083591 offset_loss=0.113920 kld=0.025567 cd=-0.113307 en_pos=6.405834 en_neg=6.519141 pcd=True subgoal_reg=0.0029268819286716635 
2026-01-21 07:46:04,177 :    59/   37 dest_loss=0.031738 future_loss=0.022513 offset_loss=0.024833 kld=0.022877 cd=0.258585 en_pos=6.512398 en_neg=6.253813 pcd=True subgoal_reg=0.0026849841309601634 
2026-01-21 07:46:19,776 :    65/   37 dest_loss=0.031450 future_loss=0.022270 offset_loss=0.025456 kld=0.024189 cd=0.047866 en_pos=6.481614 en_neg=6.433748 pcd=True subgoal_reg=0.00298873655167426 
2026-01-21 07:46:35,394 :    71/   37 dest_loss=0.028507 future_loss=0.019868 offset_loss=0.022176 kld=0.022894 cd=0.171646 en_pos=6.797661 en_neg=6.626015 pcd=True subgoal_reg=0.0026560872753046937 
2026-01-21 07:46:50,986 :    77/   37 dest_loss=0.035015 future_loss=0.024778 offset_loss=0.027795 kld=0.023974 cd=-0.057880 en_pos=6.224115 en_neg=6.281994 pcd=True subgoal_reg=0.0025681564207892405 
2026-01-21 07:47:06,517 :    83/   37 dest_loss=0.030725 future_loss=0.021870 offset_loss=0.024070 kld=0.023039 cd=-0.065083 en_pos=6.326109 en_neg=6.391192 pcd=True subgoal_reg=0.0026589153417627123 
2026-01-21 07:47:22,061 :    89/   37 dest_loss=0.033181 future_loss=0.024500 offset_loss=0.026491 kld=0.024128 cd=-0.051588 en_pos=6.216285 en_neg=6.267873 pcd=True subgoal_reg=0.0029518877702346203 
2026-01-21 07:47:37,667 :    95/   37 dest_loss=0.038630 future_loss=0.028119 offset_loss=0.028524 kld=0.023325 cd=0.076119 en_pos=6.428139 en_neg=6.352019 pcd=True subgoal_reg=0.0025235565761750713 
2026-01-21 07:47:53,269 :   101/   37 dest_loss=0.030489 future_loss=0.021876 offset_loss=0.025739 kld=0.023942 cd=-0.175436 en_pos=6.616560 en_neg=6.791996 pcd=True subgoal_reg=0.002764542298320645 
2026-01-21 07:48:08,817 :   107/   37 dest_loss=0.034631 future_loss=0.024131 offset_loss=0.027037 kld=0.023351 cd=-0.138368 en_pos=6.517968 en_neg=6.656336 pcd=True subgoal_reg=0.002962679997532044 
2026-01-21 07:48:24,369 :   113/   37 dest_loss=0.029338 future_loss=0.021161 offset_loss=0.023420 kld=0.023087 cd=0.067641 en_pos=6.273732 en_neg=6.206092 pcd=True subgoal_reg=0.0027046559938054228 
2026-01-21 07:48:40,005 :   119/   37 dest_loss=0.030852 future_loss=0.022683 offset_loss=0.024047 kld=0.024505 cd=-0.023794 en_pos=6.220617 en_neg=6.244411 pcd=True subgoal_reg=0.00265548824913099 
2026-01-21 07:48:55,414 :   125/   37 dest_loss=0.033523 future_loss=0.023560 offset_loss=0.025863 kld=0.023196 cd=-0.025040 en_pos=6.478911 en_neg=6.503951 pcd=True subgoal_reg=0.0027333130315077983 
2026-01-21 07:49:11,060 :   131/   37 dest_loss=0.033280 future_loss=0.023851 offset_loss=0.026375 kld=0.025239 cd=0.052006 en_pos=6.541626 en_neg=6.489620 pcd=True subgoal_reg=0.0031435495624809436 
2026-01-21 07:49:26,685 :   137/   37 dest_loss=0.028963 future_loss=0.020761 offset_loss=0.022547 kld=0.023290 cd=-0.002197 en_pos=6.494989 en_neg=6.497186 pcd=True subgoal_reg=0.00288303798044495 
2026-01-21 07:49:42,236 :   143/   37 dest_loss=0.034522 future_loss=0.023883 offset_loss=0.027465 kld=0.022541 cd=-0.133058 en_pos=6.274953 en_neg=6.408011 pcd=True subgoal_reg=0.002611796705889565 
2026-01-21 07:49:57,858 :   149/   37 dest_loss=0.095752 future_loss=0.078332 offset_loss=0.101720 kld=0.026737 cd=0.014518 en_pos=6.670408 en_neg=6.655890 pcd=True subgoal_reg=0.003053199117547148 
2026-01-21 07:50:13,463 :   155/   37 dest_loss=0.097903 future_loss=0.071285 offset_loss=0.071331 kld=0.023246 cd=-0.086831 en_pos=6.455838 en_neg=6.542669 pcd=True subgoal_reg=0.002767360463682583 
2026-01-21 07:50:28,992 :   161/   37 dest_loss=0.030870 future_loss=0.022012 offset_loss=0.024285 kld=0.023413 cd=0.243699 en_pos=6.476033 en_neg=6.232333 pcd=True subgoal_reg=0.0025484537479035776 
2026-01-21 07:50:44,646 :   167/   37 dest_loss=0.027963 future_loss=0.020394 offset_loss=0.022604 kld=0.023908 cd=-0.241587 en_pos=6.305410 en_neg=6.546997 pcd=True subgoal_reg=0.002462439238281142 
2026-01-21 07:51:00,326 :   173/   37 dest_loss=0.151701 future_loss=0.125021 offset_loss=0.159850 kld=0.026681 cd=0.034395 en_pos=6.620950 en_neg=6.586555 pcd=True subgoal_reg=0.0030990380705963813 
2026-01-21 07:51:15,986 :   179/   37 dest_loss=0.030941 future_loss=0.022800 offset_loss=0.024914 kld=0.025398 cd=0.128391 en_pos=6.384860 en_neg=6.256469 pcd=True subgoal_reg=0.0025816664119743555 
2026-01-21 07:51:31,621 :   185/   37 dest_loss=0.120864 future_loss=0.111363 offset_loss=0.096502 kld=0.025051 cd=-0.002424 en_pos=6.446174 en_neg=6.448598 pcd=True subgoal_reg=0.0028966733650665215 
2026-01-21 07:51:47,206 :   191/   37 dest_loss=0.061956 future_loss=0.048108 offset_loss=0.082643 kld=0.023960 cd=0.019791 en_pos=6.477296 en_neg=6.457505 pcd=True subgoal_reg=0.002836907225365509 
2026-01-21 07:52:02,823 :   197/   37 dest_loss=0.031979 future_loss=0.023078 offset_loss=0.024514 kld=0.023114 cd=-0.085682 en_pos=6.285308 en_neg=6.370990 pcd=True subgoal_reg=0.002505651957081925 
2026-01-21 07:52:18,218 :   203/   37 dest_loss=0.075850 future_loss=0.058524 offset_loss=0.076311 kld=0.023465 cd=0.032539 en_pos=6.424374 en_neg=6.391835 pcd=True subgoal_reg=0.002681635468206104 
2026-01-21 07:52:33,770 :   209/   37 dest_loss=0.031096 future_loss=0.022545 offset_loss=0.025322 kld=0.024039 cd=-0.061742 en_pos=6.513644 en_neg=6.575386 pcd=True subgoal_reg=0.0027865018518370955 
2026-01-21 07:52:49,367 :   215/   37 dest_loss=0.030643 future_loss=0.021918 offset_loss=0.024945 kld=0.024112 cd=0.030305 en_pos=6.328224 en_neg=6.297919 pcd=True subgoal_reg=0.002688812938375854 
2026-01-21 07:53:04,922 :   221/   37 dest_loss=0.075136 future_loss=0.048340 offset_loss=0.085462 kld=0.024008 cd=0.025405 en_pos=6.403415 en_neg=6.378010 pcd=True subgoal_reg=0.0029340872916646275 
2026-01-21 07:53:20,528 :   227/   37 dest_loss=0.034529 future_loss=0.025053 offset_loss=0.027893 kld=0.023755 cd=-0.237326 en_pos=6.168966 en_neg=6.406292 pcd=True subgoal_reg=0.0024985256033714254 
2026-01-21 07:53:36,102 :   233/   37 dest_loss=0.033793 future_loss=0.023556 offset_loss=0.026897 kld=0.024966 cd=0.025601 en_pos=6.494063 en_neg=6.468462 pcd=True subgoal_reg=0.0026361336322478033 
2026-01-21 07:53:51,745 :   239/   37 dest_loss=0.033883 future_loss=0.023577 offset_loss=0.026248 kld=0.023784 cd=-0.099735 en_pos=6.489172 en_neg=6.588907 pcd=True subgoal_reg=0.00279015349001128 
2026-01-21 07:54:07,261 :   245/   37 dest_loss=0.132989 future_loss=0.093240 offset_loss=0.119677 kld=0.026831 cd=0.024254 en_pos=6.453362 en_neg=6.429107 pcd=True subgoal_reg=0.002868528228414274 
2026-01-21 07:54:22,809 :   251/   37 dest_loss=0.037460 future_loss=0.026313 offset_loss=0.028308 kld=0.023200 cd=-0.223415 en_pos=6.329694 en_neg=6.553109 pcd=True subgoal_reg=0.002730894788846652 
2026-01-21 07:54:38,337 :   257/   37 dest_loss=0.030029 future_loss=0.022207 offset_loss=0.024022 kld=0.023477 cd=-0.075329 en_pos=6.491191 en_neg=6.566519 pcd=True subgoal_reg=0.002796421627669129 
2026-01-21 07:54:54,160 :   263/   37 dest_loss=0.031265 future_loss=0.022324 offset_loss=0.024503 kld=0.023760 cd=-0.045858 en_pos=6.275361 en_neg=6.321219 pcd=True subgoal_reg=0.0028637159621396763 
2026-01-21 07:55:10,222 :   269/   37 dest_loss=0.032327 future_loss=0.024200 offset_loss=0.021904 kld=0.023678 cd=0.011745 en_pos=6.542563 en_neg=6.530818 pcd=True subgoal_reg=0.002796284058807854 
2026-01-21 07:55:25,816 :   275/   37 dest_loss=0.028834 future_loss=0.020284 offset_loss=0.023372 kld=0.023404 cd=0.267844 en_pos=6.458624 en_neg=6.190779 pcd=True subgoal_reg=0.0027291745114741365 
2026-01-21 07:55:41,175 :   281/   37 dest_loss=0.031436 future_loss=0.020539 offset_loss=0.028210 kld=0.023911 cd=0.110595 en_pos=6.484337 en_neg=6.373743 pcd=True subgoal_reg=0.0027849083808564766 
2026-01-21 07:55:56,758 :   287/   37 dest_loss=0.040089 future_loss=0.029335 offset_loss=0.031421 kld=0.024226 cd=0.136454 en_pos=6.277601 en_neg=6.141147 pcd=True subgoal_reg=0.0029485999504027458 
2026-01-21 07:56:12,369 :   293/   37 dest_loss=0.036372 future_loss=0.026633 offset_loss=0.028413 kld=0.024869 cd=-0.031358 en_pos=6.308486 en_neg=6.339844 pcd=True subgoal_reg=0.002778270347150033 
2026-01-21 07:56:28,003 :   299/   37 dest_loss=0.027712 future_loss=0.019944 offset_loss=0.021930 kld=0.024171 cd=0.014399 en_pos=6.380963 en_neg=6.366564 pcd=True subgoal_reg=0.0025384541511727734 
2026-01-21 07:56:43,572 :   305/   37 dest_loss=0.099076 future_loss=0.088962 offset_loss=0.080384 kld=0.023320 cd=0.101038 en_pos=6.507739 en_neg=6.406701 pcd=True subgoal_reg=0.002806222398072997 
2026-01-21 07:56:59,142 :   311/   37 dest_loss=0.032134 future_loss=0.023366 offset_loss=0.026113 kld=0.024740 cd=0.137244 en_pos=6.594207 en_neg=6.456963 pcd=True subgoal_reg=0.0029902889265094566 
2026-01-21 07:57:14,661 :   317/   37 dest_loss=0.029420 future_loss=0.020966 offset_loss=0.022821 kld=0.023428 cd=0.054633 en_pos=6.422343 en_neg=6.367710 pcd=True subgoal_reg=0.002675283933861416 
2026-01-21 07:57:30,223 :   323/   37 dest_loss=0.033990 future_loss=0.023953 offset_loss=0.026575 kld=0.023348 cd=-0.037375 en_pos=6.443153 en_neg=6.480528 pcd=True subgoal_reg=0.0025737308775403665 
2026-01-21 07:57:45,787 :   329/   37 dest_loss=0.031050 future_loss=0.022812 offset_loss=0.025462 kld=0.024411 cd=-0.011787 en_pos=6.339618 en_neg=6.351405 pcd=True subgoal_reg=0.002573359775048375 
2026-01-21 07:58:01,375 :   335/   37 dest_loss=0.037888 future_loss=0.028233 offset_loss=0.028634 kld=0.025054 cd=0.022275 en_pos=6.517712 en_neg=6.495437 pcd=True subgoal_reg=0.002733933662674248 
2026-01-21 07:58:16,931 :   341/   37 dest_loss=0.037876 future_loss=0.026662 offset_loss=0.028355 kld=0.023688 cd=0.066079 en_pos=6.444527 en_neg=6.378448 pcd=True subgoal_reg=0.0028506278575865605 
2026-01-21 07:58:32,488 :   347/   37 dest_loss=0.032006 future_loss=0.023260 offset_loss=0.024808 kld=0.024649 cd=0.213024 en_pos=6.533295 en_neg=6.320271 pcd=True subgoal_reg=0.0028176248584401136 
2026-01-21 07:58:47,997 :   353/   37 dest_loss=0.032796 future_loss=0.025022 offset_loss=0.020747 kld=0.023917 cd=-0.201563 en_pos=6.411307 en_neg=6.612870 pcd=True subgoal_reg=0.0027338954530947593 
2026-01-21 07:59:03,387 :   359/   37 dest_loss=0.080238 future_loss=0.053951 offset_loss=0.075249 kld=0.023220 cd=-0.031631 en_pos=6.392317 en_neg=6.423948 pcd=True subgoal_reg=0.0028378702114934063 
2026-01-21 07:59:18,932 :   365/   37 dest_loss=0.028626 future_loss=0.021086 offset_loss=0.022948 kld=0.023727 cd=0.220452 en_pos=6.330082 en_neg=6.109629 pcd=True subgoal_reg=0.002483223313316835 
2026-01-21 07:59:34,489 :   371/   37 dest_loss=0.038245 future_loss=0.027691 offset_loss=0.029411 kld=0.024556 cd=-0.319881 en_pos=6.382827 en_neg=6.702708 pcd=True subgoal_reg=0.002594283632875877 
2026-01-21 07:59:50,117 :   377/   37 dest_loss=0.035930 future_loss=0.026947 offset_loss=0.028872 kld=0.023615 cd=-0.259578 en_pos=6.329985 en_neg=6.589563 pcd=True subgoal_reg=0.0026213866049931206 
2026-01-21 08:00:05,718 :   383/   37 dest_loss=0.034619 future_loss=0.024438 offset_loss=0.024455 kld=0.023937 cd=0.159723 en_pos=6.618142 en_neg=6.458419 pcd=True subgoal_reg=0.0029207226246539945 
2026-01-21 08:00:21,359 :   389/   37 dest_loss=0.043896 future_loss=0.032038 offset_loss=0.048231 kld=0.024095 cd=-0.154996 en_pos=6.501231 en_neg=6.656227 pcd=True subgoal_reg=0.003034248661733998 
2026-01-21 08:00:36,928 :   395/   37 dest_loss=0.030496 future_loss=0.021789 offset_loss=0.024443 kld=0.023576 cd=0.020705 en_pos=6.350355 en_neg=6.329651 pcd=True subgoal_reg=0.0027325933443447343 
2026-01-21 08:00:52,534 :   401/   37 dest_loss=0.036767 future_loss=0.026522 offset_loss=0.027441 kld=0.022989 cd=-0.065042 en_pos=6.368543 en_neg=6.433585 pcd=True subgoal_reg=0.0024428085473546498 
2026-01-21 08:01:08,163 :   407/   37 dest_loss=0.030842 future_loss=0.020550 offset_loss=0.027963 kld=0.023164 cd=0.078843 en_pos=6.366827 en_neg=6.287984 pcd=True subgoal_reg=0.0027426977937021753 
2026-01-21 08:01:23,785 :   413/   37 dest_loss=0.031507 future_loss=0.022314 offset_loss=0.023549 kld=0.023483 cd=0.141171 en_pos=6.550147 en_neg=6.408976 pcd=True subgoal_reg=0.0030870245664732236 
2026-01-21 08:01:39,378 :   419/   37 dest_loss=0.084033 future_loss=0.070051 offset_loss=0.106317 kld=0.024425 cd=-0.014090 en_pos=6.329799 en_neg=6.343889 pcd=True subgoal_reg=0.002762190335409356 
2026-01-21 08:01:54,974 :   425/   37 dest_loss=0.030358 future_loss=0.021865 offset_loss=0.024162 kld=0.024112 cd=-0.041939 en_pos=6.392947 en_neg=6.434886 pcd=True subgoal_reg=0.002649208048275881 
2026-01-21 08:02:10,539 :   431/   37 dest_loss=0.033324 future_loss=0.024461 offset_loss=0.024980 kld=0.023405 cd=-0.015942 en_pos=6.397095 en_neg=6.413037 pcd=True subgoal_reg=0.0026430234262047876 
2026-01-21 08:02:26,010 :   437/   37 dest_loss=0.030197 future_loss=0.021680 offset_loss=0.023161 kld=0.024983 cd=-0.141164 en_pos=6.428818 en_neg=6.569981 pcd=True subgoal_reg=0.002693622152270419 
2026-01-21 08:02:41,679 :   443/   37 dest_loss=0.040804 future_loss=0.026520 offset_loss=0.034195 kld=0.023915 cd=-0.148666 en_pos=6.389001 en_neg=6.537667 pcd=True subgoal_reg=0.0029378877410442413 
2026-01-21 08:02:57,286 :   449/   37 dest_loss=0.033865 future_loss=0.023664 offset_loss=0.026078 kld=0.023334 cd=-0.123948 en_pos=6.385419 en_neg=6.509367 pcd=True subgoal_reg=0.0027189114938056484 
2026-01-21 08:03:12,848 :   455/   37 dest_loss=0.033600 future_loss=0.024653 offset_loss=0.027788 kld=0.023724 cd=-0.144055 en_pos=6.267975 en_neg=6.412030 pcd=True subgoal_reg=0.0026871467306282745 
2026-01-21 08:03:28,378 :   461/   37 dest_loss=0.034592 future_loss=0.025460 offset_loss=0.027290 kld=0.023407 cd=-0.055378 en_pos=6.521808 en_neg=6.577186 pcd=True subgoal_reg=0.002627139981725652 
2026-01-21 08:03:43,948 :   467/   37 dest_loss=0.036205 future_loss=0.026740 offset_loss=0.025602 kld=0.023197 cd=-0.154066 en_pos=6.465008 en_neg=6.619074 pcd=True subgoal_reg=0.0025832337135845373 
2026-01-21 08:03:59,559 :   473/   37 dest_loss=0.029199 future_loss=0.021919 offset_loss=0.022810 kld=0.024698 cd=-0.128139 en_pos=6.414709 en_neg=6.542848 pcd=True subgoal_reg=0.002465536239216957 
2026-01-21 08:04:15,099 :   479/   37 dest_loss=0.028075 future_loss=0.020527 offset_loss=0.021624 kld=0.023421 cd=-0.309142 en_pos=6.296287 en_neg=6.605429 pcd=True subgoal_reg=0.0027868339684164927 
2026-01-21 08:04:30,610 :   485/   37 dest_loss=0.107004 future_loss=0.095953 offset_loss=0.082982 kld=0.025311 cd=0.062674 en_pos=6.270116 en_neg=6.207443 pcd=True subgoal_reg=0.0026444879639341344 
2026-01-21 08:04:46,162 :   491/   37 dest_loss=0.028528 future_loss=0.021241 offset_loss=0.022479 kld=0.022972 cd=0.074057 en_pos=6.412155 en_neg=6.338098 pcd=True subgoal_reg=0.0024406991311536246 
2026-01-21 08:05:02,272 :   497/   37 dest_loss=0.030997 future_loss=0.021781 offset_loss=0.023061 kld=0.023540 cd=0.091981 en_pos=6.558077 en_neg=6.466096 pcd=True subgoal_reg=0.0028877606022731156 
2026-01-21 08:05:18,066 :   503/   37 dest_loss=0.102585 future_loss=0.077816 offset_loss=0.104141 kld=0.025312 cd=0.023704 en_pos=6.557281 en_neg=6.533577 pcd=True subgoal_reg=0.0029146587102061024 
2026-01-21 08:05:33,626 :   509/   37 dest_loss=0.030245 future_loss=0.021198 offset_loss=0.024060 kld=0.023561 cd=-0.035179 en_pos=6.563886 en_neg=6.599066 pcd=True subgoal_reg=0.0028501908625927085 
2026-01-21 08:07:08,675 : Train Loss 82.92680307913407
2026-01-21 08:07:08,675 : Overall Loss 16.322128660113123
2026-01-21 08:07:08,675 : Dest Loss 22.040661759258864
2026-01-21 08:07:08,675 : Val ADE 0.11827046766743558
2026-01-21 08:07:08,675 : Val FDE 0.14213166484597517
2026-01-21 08:07:08,675 : Val Best ADE 0.11827046766743558
2026-01-21 08:07:08,676 : Val Best FDE 0.14213166484597517
2026-01-21 08:07:08,676 : ----->learning rate 9.765625e-06
2026-01-21 08:07:24,377 :     5/   38 dest_loss=0.034811 future_loss=0.025194 offset_loss=0.027279 kld=0.024921 cd=0.237416 en_pos=6.539397 en_neg=6.301981 pcd=True subgoal_reg=0.002702273690024408 
2026-01-21 08:07:39,917 :    11/   38 dest_loss=0.031542 future_loss=0.023614 offset_loss=0.023349 kld=0.024948 cd=-0.096065 en_pos=6.342445 en_neg=6.438510 pcd=True subgoal_reg=0.002911251478942021 
2026-01-21 08:07:55,497 :    17/   38 dest_loss=0.053202 future_loss=0.035277 offset_loss=0.059671 kld=0.024819 cd=0.019366 en_pos=6.475630 en_neg=6.456264 pcd=True subgoal_reg=0.002556842525959828 
2026-01-21 08:08:11,004 :    23/   38 dest_loss=0.034127 future_loss=0.024260 offset_loss=0.026664 kld=0.023563 cd=0.024994 en_pos=6.285226 en_neg=6.260232 pcd=True subgoal_reg=0.002655818867151268 
2026-01-21 08:08:26,486 :    29/   38 dest_loss=0.031042 future_loss=0.023557 offset_loss=0.021233 kld=0.023453 cd=0.121019 en_pos=6.473070 en_neg=6.352051 pcd=True subgoal_reg=0.002814506708682346 
2026-01-21 08:08:42,008 :    35/   38 dest_loss=0.063476 future_loss=0.050065 offset_loss=0.047801 kld=0.024119 cd=0.107722 en_pos=6.498856 en_neg=6.391134 pcd=True subgoal_reg=0.0028882420318730394 
2026-01-21 08:08:57,371 :    41/   38 dest_loss=0.033851 future_loss=0.024633 offset_loss=0.026807 kld=0.023249 cd=-0.159479 en_pos=6.438447 en_neg=6.597926 pcd=True subgoal_reg=0.002786885098676868 
2026-01-21 08:09:12,945 :    47/   38 dest_loss=0.074381 future_loss=0.048600 offset_loss=0.087096 kld=0.024200 cd=0.184838 en_pos=6.454141 en_neg=6.269303 pcd=True subgoal_reg=0.002843208713126995 
2026-01-21 08:09:28,504 :    53/   38 dest_loss=0.065685 future_loss=0.047687 offset_loss=0.058876 kld=0.024857 cd=0.115907 en_pos=6.697643 en_neg=6.581736 pcd=True subgoal_reg=0.0027064413653839015 
2026-01-21 08:09:44,053 :    59/   38 dest_loss=0.033587 future_loss=0.024630 offset_loss=0.026383 kld=0.024693 cd=-0.113704 en_pos=6.373052 en_neg=6.486756 pcd=True subgoal_reg=0.002813402615123168 
2026-01-21 08:09:59,672 :    65/   38 dest_loss=0.034207 future_loss=0.025761 offset_loss=0.022542 kld=0.024172 cd=0.018488 en_pos=6.425209 en_neg=6.406721 pcd=True subgoal_reg=0.002798144630330862 
2026-01-21 08:10:15,276 :    71/   38 dest_loss=0.034225 future_loss=0.024761 offset_loss=0.026773 kld=0.023027 cd=0.147229 en_pos=6.418059 en_neg=6.270830 pcd=True subgoal_reg=0.0023964700243625063 
2026-01-21 08:10:30,840 :    77/   38 dest_loss=0.034354 future_loss=0.026095 offset_loss=0.021664 kld=0.023989 cd=-0.073384 en_pos=6.415490 en_neg=6.488874 pcd=True subgoal_reg=0.0028333397412721355 
2026-01-21 08:10:46,439 :    83/   38 dest_loss=0.104358 future_loss=0.090566 offset_loss=0.074855 kld=0.024352 cd=-0.051623 en_pos=6.399251 en_neg=6.450874 pcd=True subgoal_reg=0.0025151538580389624 
2026-01-21 08:11:01,984 :    89/   38 dest_loss=0.032978 future_loss=0.024137 offset_loss=0.025336 kld=0.024763 cd=-0.454318 en_pos=6.280680 en_neg=6.734998 pcd=True subgoal_reg=0.0026422529245602707 
2026-01-21 08:11:17,574 :    95/   38 dest_loss=0.040714 future_loss=0.028956 offset_loss=0.029605 kld=0.024920 cd=0.162111 en_pos=6.612491 en_neg=6.450380 pcd=True subgoal_reg=0.0028370133959650734 
2026-01-21 08:11:33,161 :   101/   38 dest_loss=0.035844 future_loss=0.026125 offset_loss=0.026705 kld=0.024367 cd=-0.060986 en_pos=6.364106 en_neg=6.425092 pcd=True subgoal_reg=0.0030767736394447373 
2026-01-21 08:11:48,840 :   107/   38 dest_loss=0.031477 future_loss=0.022824 offset_loss=0.025109 kld=0.023684 cd=0.236950 en_pos=6.604886 en_neg=6.367936 pcd=True subgoal_reg=0.002351422508758376 
2026-01-21 08:12:04,523 :   113/   38 dest_loss=0.036004 future_loss=0.025876 offset_loss=0.027574 kld=0.025156 cd=-0.042977 en_pos=6.505907 en_neg=6.548884 pcd=True subgoal_reg=0.002983497207904866 
2026-01-21 08:12:19,968 :   119/   38 dest_loss=0.032189 future_loss=0.023215 offset_loss=0.024627 kld=0.024741 cd=-0.244995 en_pos=6.267648 en_neg=6.512643 pcd=True subgoal_reg=0.0029029471411966355 
2026-01-21 08:12:35,544 :   125/   38 dest_loss=0.034955 future_loss=0.026162 offset_loss=0.027262 kld=0.024799 cd=-0.285180 en_pos=6.477213 en_neg=6.762393 pcd=True subgoal_reg=0.0027696297569827057 
2026-01-21 08:12:51,122 :   131/   38 dest_loss=0.034674 future_loss=0.025506 offset_loss=0.027378 kld=0.024702 cd=0.068673 en_pos=6.484899 en_neg=6.416227 pcd=True subgoal_reg=0.002809894095660423 
2026-01-21 08:13:06,699 :   137/   38 dest_loss=0.031666 future_loss=0.021359 offset_loss=0.026667 kld=0.024208 cd=-0.285139 en_pos=6.264600 en_neg=6.549739 pcd=True subgoal_reg=0.0028413157930886473 
2026-01-21 08:13:22,326 :   143/   38 dest_loss=0.030099 future_loss=0.023029 offset_loss=0.024414 kld=0.024722 cd=-0.320912 en_pos=6.272417 en_neg=6.593329 pcd=True subgoal_reg=0.0028465028306567095 
2026-01-21 08:13:37,923 :   149/   38 dest_loss=0.034614 future_loss=0.025547 offset_loss=0.026917 kld=0.024373 cd=0.022296 en_pos=6.522962 en_neg=6.500665 pcd=True subgoal_reg=0.00279349759389314 
2026-01-21 08:13:53,538 :   155/   38 dest_loss=0.241511 future_loss=0.168931 offset_loss=0.202587 kld=0.024272 cd=-0.350429 en_pos=6.388678 en_neg=6.739107 pcd=True subgoal_reg=0.0028443641784947765 
2026-01-21 08:14:09,157 :   161/   38 dest_loss=0.065864 future_loss=0.051261 offset_loss=0.081874 kld=0.023934 cd=0.117842 en_pos=6.667821 en_neg=6.549979 pcd=True subgoal_reg=0.0028675056287219792 
2026-01-21 08:14:24,801 :   167/   38 dest_loss=0.029155 future_loss=0.021367 offset_loss=0.022072 kld=0.023529 cd=0.195470 en_pos=6.490665 en_neg=6.295194 pcd=True subgoal_reg=0.0028090850247233495 
2026-01-21 08:14:40,429 :   173/   38 dest_loss=0.033764 future_loss=0.024108 offset_loss=0.025812 kld=0.024396 cd=-0.167613 en_pos=6.300947 en_neg=6.468560 pcd=True subgoal_reg=0.0028702861887018255 
2026-01-21 08:14:56,426 :   179/   38 dest_loss=0.161542 future_loss=0.106309 offset_loss=0.133614 kld=0.025613 cd=0.060185 en_pos=6.476017 en_neg=6.415831 pcd=True subgoal_reg=0.0029140575515779724 
2026-01-21 08:15:12,300 :   185/   38 dest_loss=0.111490 future_loss=0.094175 offset_loss=0.086376 kld=0.025402 cd=-0.194759 en_pos=6.323258 en_neg=6.518016 pcd=True subgoal_reg=0.002781397599567619 
2026-01-21 08:15:27,921 :   191/   38 dest_loss=0.029142 future_loss=0.021043 offset_loss=0.023385 kld=0.023100 cd=0.245128 en_pos=6.557138 en_neg=6.312011 pcd=True subgoal_reg=0.002587934075048602 
2026-01-21 08:15:43,322 :   197/   38 dest_loss=0.030294 future_loss=0.021386 offset_loss=0.022992 kld=0.023561 cd=0.243795 en_pos=6.464168 en_neg=6.220373 pcd=True subgoal_reg=0.0027730339432887946 
2026-01-21 08:15:58,929 :   203/   38 dest_loss=0.231805 future_loss=0.171300 offset_loss=0.191598 kld=0.024576 cd=-0.340223 en_pos=6.296523 en_neg=6.636746 pcd=True subgoal_reg=0.0028584169127192395 
2026-01-21 08:16:14,469 :   209/   38 dest_loss=0.032602 future_loss=0.024151 offset_loss=0.025331 kld=0.023710 cd=0.100859 en_pos=6.481846 en_neg=6.380988 pcd=True subgoal_reg=0.0028662061088223804 
2026-01-21 08:16:30,123 :   215/   38 dest_loss=0.031731 future_loss=0.022643 offset_loss=0.024675 kld=0.023804 cd=0.101082 en_pos=6.378469 en_neg=6.277387 pcd=True subgoal_reg=0.0025214889843604435 
2026-01-21 08:16:45,773 :   221/   38 dest_loss=0.032905 future_loss=0.024148 offset_loss=0.024651 kld=0.023649 cd=0.200719 en_pos=6.518459 en_neg=6.317740 pcd=True subgoal_reg=0.002696162214108328 
2026-01-21 08:17:01,371 :   227/   38 dest_loss=0.029111 future_loss=0.021195 offset_loss=0.023151 kld=0.024745 cd=-0.263257 en_pos=6.288823 en_neg=6.552079 pcd=True subgoal_reg=0.002832055935537034 
2026-01-21 08:17:16,958 :   233/   38 dest_loss=0.036061 future_loss=0.026698 offset_loss=0.027739 kld=0.024688 cd=0.089333 en_pos=6.569656 en_neg=6.480323 pcd=True subgoal_reg=0.0027464899177840384 
2026-01-21 08:17:32,510 :   239/   38 dest_loss=0.035338 future_loss=0.025520 offset_loss=0.026498 kld=0.023224 cd=-0.007285 en_pos=6.513913 en_neg=6.521198 pcd=True subgoal_reg=0.0027212534862466604 
2026-01-21 08:17:48,021 :   245/   38 dest_loss=0.035364 future_loss=0.024518 offset_loss=0.026370 kld=0.023284 cd=-0.036107 en_pos=6.305586 en_neg=6.341692 pcd=True subgoal_reg=0.0025621376741767777 
2026-01-21 08:18:03,678 :   251/   38 dest_loss=0.034953 future_loss=0.025024 offset_loss=0.026746 kld=0.024440 cd=0.013375 en_pos=6.331715 en_neg=6.318339 pcd=True subgoal_reg=0.002644008862294072 
2026-01-21 08:18:19,292 :   257/   38 dest_loss=0.037658 future_loss=0.026782 offset_loss=0.028324 kld=0.024412 cd=0.009622 en_pos=6.475411 en_neg=6.465789 pcd=True subgoal_reg=0.00292841848833088 
2026-01-21 08:18:34,913 :   263/   38 dest_loss=0.034740 future_loss=0.025472 offset_loss=0.026420 kld=0.024975 cd=-0.261600 en_pos=6.295847 en_neg=6.557447 pcd=True subgoal_reg=0.0026431077049836114 
2026-01-21 08:18:50,523 :   269/   38 dest_loss=0.029988 future_loss=0.021168 offset_loss=0.023198 kld=0.024356 cd=-0.135841 en_pos=6.402286 en_neg=6.538127 pcd=True subgoal_reg=0.0029167897792284556 
2026-01-21 08:19:05,939 :   275/   38 dest_loss=0.036081 future_loss=0.026032 offset_loss=0.024048 kld=0.023422 cd=0.147823 en_pos=6.619718 en_neg=6.471896 pcd=True subgoal_reg=0.0028516789149885396 
2026-01-21 08:19:21,530 :   281/   38 dest_loss=0.030499 future_loss=0.021518 offset_loss=0.024060 kld=0.023433 cd=-0.001020 en_pos=6.493220 en_neg=6.494241 pcd=True subgoal_reg=0.002824787656530019 
2026-01-21 08:19:37,102 :   287/   38 dest_loss=0.100784 future_loss=0.074021 offset_loss=0.096317 kld=0.023264 cd=0.059016 en_pos=6.432366 en_neg=6.373350 pcd=True subgoal_reg=0.0027476795059584195 
2026-01-21 08:19:52,677 :   293/   38 dest_loss=0.031566 future_loss=0.022765 offset_loss=0.025024 kld=0.024901 cd=-0.011773 en_pos=6.613061 en_neg=6.624834 pcd=True subgoal_reg=0.002847249851335899 
2026-01-21 08:20:08,280 :   299/   38 dest_loss=0.070517 future_loss=0.050640 offset_loss=0.051514 kld=0.024682 cd=0.051064 en_pos=6.482013 en_neg=6.430949 pcd=True subgoal_reg=0.0028638860713420798 
2026-01-21 08:20:23,901 :   305/   38 dest_loss=0.029759 future_loss=0.021604 offset_loss=0.022928 kld=0.023217 cd=-0.070058 en_pos=6.379460 en_neg=6.449518 pcd=True subgoal_reg=0.002604782716579076 
2026-01-21 08:20:39,521 :   311/   38 dest_loss=0.095567 future_loss=0.090401 offset_loss=0.062383 kld=0.024163 cd=-0.172029 en_pos=6.338666 en_neg=6.510695 pcd=True subgoal_reg=0.002784124340682222 
2026-01-21 08:20:55,179 :   317/   38 dest_loss=0.037302 future_loss=0.027034 offset_loss=0.029200 kld=0.023278 cd=-0.082673 en_pos=6.248285 en_neg=6.330958 pcd=True subgoal_reg=0.0028060901011693977 
2026-01-21 08:21:10,923 :   323/   38 dest_loss=0.030352 future_loss=0.023063 offset_loss=0.024559 kld=0.023309 cd=-0.178888 en_pos=6.222709 en_neg=6.401597 pcd=True subgoal_reg=0.0026402556644965934 
2026-01-21 08:21:26,529 :   329/   38 dest_loss=0.029193 future_loss=0.021155 offset_loss=0.021172 kld=0.023980 cd=-0.050451 en_pos=6.460852 en_neg=6.511303 pcd=True subgoal_reg=0.0029269839861753204 
2026-01-21 08:21:42,168 :   335/   38 dest_loss=0.030032 future_loss=0.021119 offset_loss=0.025674 kld=0.023509 cd=-0.149182 en_pos=6.441481 en_neg=6.590663 pcd=True subgoal_reg=0.0027253881928364747 
2026-01-21 08:21:57,743 :   341/   38 dest_loss=0.035593 future_loss=0.026413 offset_loss=0.024725 kld=0.022713 cd=-0.013613 en_pos=6.486182 en_neg=6.499795 pcd=True subgoal_reg=0.0026954543779091006 
2026-01-21 08:22:13,336 :   347/   38 dest_loss=0.038480 future_loss=0.027886 offset_loss=0.030014 kld=0.024589 cd=-0.103525 en_pos=6.328918 en_neg=6.432443 pcd=True subgoal_reg=0.002683930288860055 
2026-01-21 08:22:28,740 :   353/   38 dest_loss=0.116650 future_loss=0.085024 offset_loss=0.120519 kld=0.022768 cd=0.142549 en_pos=6.635033 en_neg=6.492483 pcd=True subgoal_reg=0.0028060771727436724 
2026-01-21 08:22:44,319 :   359/   38 dest_loss=0.029476 future_loss=0.021255 offset_loss=0.024150 kld=0.023491 cd=-0.066356 en_pos=6.115088 en_neg=6.181444 pcd=True subgoal_reg=0.002364177944405514 
2026-01-21 08:22:59,993 :   365/   38 dest_loss=0.033114 future_loss=0.021309 offset_loss=0.029669 kld=0.023265 cd=0.132259 en_pos=6.478367 en_neg=6.346107 pcd=True subgoal_reg=0.0027949464554876003 
2026-01-21 08:23:15,563 :   371/   38 dest_loss=0.031306 future_loss=0.023052 offset_loss=0.025572 kld=0.023875 cd=-0.238363 en_pos=6.275824 en_neg=6.514187 pcd=True subgoal_reg=0.0026222758291814014 
2026-01-21 08:23:31,181 :   377/   38 dest_loss=0.027127 future_loss=0.019936 offset_loss=0.021636 kld=0.022881 cd=-0.045874 en_pos=6.409844 en_neg=6.455718 pcd=True subgoal_reg=0.0027428516750082656 
2026-01-21 08:23:46,825 :   383/   38 dest_loss=0.067818 future_loss=0.060291 offset_loss=0.074111 kld=0.025716 cd=-0.134807 en_pos=6.544171 en_neg=6.678978 pcd=True subgoal_reg=0.0027283771854823397 
2026-01-21 08:24:02,408 :   389/   38 dest_loss=0.031251 future_loss=0.022933 offset_loss=0.024093 kld=0.023568 cd=-0.060351 en_pos=6.462855 en_neg=6.523206 pcd=True subgoal_reg=0.0029447840183117165 
2026-01-21 08:24:18,010 :   395/   38 dest_loss=0.035081 future_loss=0.025486 offset_loss=0.028008 kld=0.024300 cd=0.229536 en_pos=6.517541 en_neg=6.288005 pcd=True subgoal_reg=0.0027853493349418086 
2026-01-21 08:24:33,614 :   401/   38 dest_loss=0.036811 future_loss=0.026131 offset_loss=0.027114 kld=0.024601 cd=-0.151272 en_pos=6.348721 en_neg=6.499994 pcd=True subgoal_reg=0.003001694039574083 
2026-01-21 08:24:49,224 :   407/   38 dest_loss=0.059959 future_loss=0.042403 offset_loss=0.057818 kld=0.022467 cd=-0.094142 en_pos=6.244415 en_neg=6.338557 pcd=True subgoal_reg=0.0024954197011480056 
2026-01-21 08:25:05,570 :   413/   38 dest_loss=0.028323 future_loss=0.019052 offset_loss=0.026240 kld=0.023777 cd=-0.235965 en_pos=6.252111 en_neg=6.488076 pcd=True subgoal_reg=0.0027570514997895023 
2026-01-21 08:25:21,237 :   419/   38 dest_loss=0.032928 future_loss=0.022122 offset_loss=0.025706 kld=0.024796 cd=0.056228 en_pos=6.514576 en_neg=6.458347 pcd=True subgoal_reg=0.0029098667395536792 
2026-01-21 08:25:36,876 :   425/   38 dest_loss=0.035314 future_loss=0.024778 offset_loss=0.027777 kld=0.023969 cd=-0.004528 en_pos=6.295113 en_neg=6.299641 pcd=True subgoal_reg=0.0023804057752530913 
2026-01-21 08:25:52,304 :   431/   38 dest_loss=0.030416 future_loss=0.022094 offset_loss=0.024698 kld=0.024901 cd=-0.117887 en_pos=6.415366 en_neg=6.533253 pcd=True subgoal_reg=0.0026621683788871967 
2026-01-21 08:26:07,949 :   437/   38 dest_loss=0.036171 future_loss=0.025433 offset_loss=0.027057 kld=0.023589 cd=0.147262 en_pos=6.542688 en_neg=6.395427 pcd=True subgoal_reg=0.0030000367001869212 
2026-01-21 08:26:23,531 :   443/   38 dest_loss=0.033279 future_loss=0.022933 offset_loss=0.023601 kld=0.023654 cd=-0.025783 en_pos=6.485724 en_neg=6.511507 pcd=True subgoal_reg=0.003024353177639213 
2026-01-21 08:26:39,124 :   449/   38 dest_loss=0.035164 future_loss=0.025033 offset_loss=0.027704 kld=0.023396 cd=-0.005193 en_pos=6.394496 en_neg=6.399689 pcd=True subgoal_reg=0.0026171196875600013 
2026-01-21 08:26:54,817 :   455/   38 dest_loss=0.026487 future_loss=0.018585 offset_loss=0.021270 kld=0.022917 cd=0.007739 en_pos=6.423459 en_neg=6.415720 pcd=True subgoal_reg=0.0027188122948744974 
2026-01-21 08:27:10,434 :   461/   38 dest_loss=0.030830 future_loss=0.022393 offset_loss=0.023874 kld=0.022706 cd=-0.015810 en_pos=6.451667 en_neg=6.467477 pcd=True subgoal_reg=0.0026294573590009444 
2026-01-21 08:27:26,067 :   467/   38 dest_loss=0.034972 future_loss=0.025676 offset_loss=0.026830 kld=0.024840 cd=0.087547 en_pos=6.401655 en_neg=6.314107 pcd=True subgoal_reg=0.0028354790806520308 
2026-01-21 08:27:41,658 :   473/   38 dest_loss=0.036803 future_loss=0.025265 offset_loss=0.028260 kld=0.023449 cd=-0.163714 en_pos=6.386988 en_neg=6.550702 pcd=True subgoal_reg=0.002767990017041302 
2026-01-21 08:27:57,245 :   479/   38 dest_loss=0.030839 future_loss=0.022321 offset_loss=0.024714 kld=0.022967 cd=-0.113670 en_pos=6.384867 en_neg=6.498536 pcd=True subgoal_reg=0.002599986894923515 
2026-01-21 08:28:12,832 :   485/   38 dest_loss=0.037478 future_loss=0.027047 offset_loss=0.026143 kld=0.023528 cd=-0.067954 en_pos=6.624550 en_neg=6.692505 pcd=True subgoal_reg=0.0028416844537530257 
2026-01-21 08:28:28,382 :   491/   38 dest_loss=0.081825 future_loss=0.065665 offset_loss=0.059946 kld=0.023611 cd=-0.273031 en_pos=6.378923 en_neg=6.651954 pcd=True subgoal_reg=0.0027641453171900233 
2026-01-21 08:28:44,076 :   497/   38 dest_loss=0.028159 future_loss=0.020433 offset_loss=0.022554 kld=0.024526 cd=0.055807 en_pos=6.408313 en_neg=6.352506 pcd=True subgoal_reg=0.0028302706874605526 
2026-01-21 08:28:59,744 :   503/   38 dest_loss=0.031400 future_loss=0.022867 offset_loss=0.024911 kld=0.024445 cd=0.106621 en_pos=6.421095 en_neg=6.314474 pcd=True subgoal_reg=0.002737336885726688 
2026-01-21 08:29:15,159 :   509/   38 dest_loss=0.101214 future_loss=0.087468 offset_loss=0.065686 kld=0.026074 cd=-0.021020 en_pos=6.504088 en_neg=6.525109 pcd=True subgoal_reg=0.002801985235147654 
2026-01-21 08:30:50,081 : Train Loss 90.24548706004775
2026-01-21 08:30:50,082 : Overall Loss 17.40545535140231
2026-01-21 08:30:50,082 : Dest Loss 23.36607565676826
2026-01-21 08:30:50,082 : Val ADE 0.11873767776976557
2026-01-21 08:30:50,082 : Val FDE 0.14186566128674194
2026-01-21 08:30:50,082 : Val Best ADE 0.11827046766743558
2026-01-21 08:30:50,082 : Val Best FDE 0.14213166484597517
2026-01-21 08:30:50,082 : ----->learning rate 9.765625e-06
2026-01-21 08:31:05,887 :     5/   39 dest_loss=0.038564 future_loss=0.025544 offset_loss=0.034462 kld=0.023515 cd=0.104323 en_pos=6.373771 en_neg=6.269448 pcd=True subgoal_reg=0.002719544681948023 
2026-01-21 08:31:21,478 :    11/   39 dest_loss=0.114322 future_loss=0.097001 offset_loss=0.116581 kld=0.024716 cd=-0.011460 en_pos=6.509655 en_neg=6.521116 pcd=True subgoal_reg=0.002910138971541665 
2026-01-21 08:31:36,993 :    17/   39 dest_loss=0.034971 future_loss=0.025694 offset_loss=0.027003 kld=0.023416 cd=-0.044874 en_pos=6.437606 en_neg=6.482480 pcd=True subgoal_reg=0.0025407670498560344 
2026-01-21 08:31:52,563 :    23/   39 dest_loss=0.031307 future_loss=0.023516 offset_loss=0.023431 kld=0.023503 cd=-0.011277 en_pos=6.339021 en_neg=6.350298 pcd=True subgoal_reg=0.0025671124193994647 
2026-01-21 08:32:08,050 :    29/   39 dest_loss=0.032237 future_loss=0.023105 offset_loss=0.025749 kld=0.023165 cd=-0.136799 en_pos=6.473097 en_neg=6.609896 pcd=True subgoal_reg=0.0026591797116093984 
2026-01-21 08:32:23,584 :    35/   39 dest_loss=0.030662 future_loss=0.021360 offset_loss=0.024079 kld=0.024660 cd=-0.009108 en_pos=6.525890 en_neg=6.534998 pcd=True subgoal_reg=0.002939809131957358 
2026-01-21 08:32:38,944 :    41/   39 dest_loss=0.038525 future_loss=0.027771 offset_loss=0.027962 kld=0.023592 cd=0.007218 en_pos=6.329415 en_neg=6.322197 pcd=True subgoal_reg=0.002626067313315895 
2026-01-21 08:32:54,482 :    47/   39 dest_loss=0.034495 future_loss=0.024559 offset_loss=0.027032 kld=0.024556 cd=-0.012723 en_pos=6.428001 en_neg=6.440723 pcd=True subgoal_reg=0.0028200563770490726 
2026-01-21 08:33:10,059 :    53/   39 dest_loss=0.032130 future_loss=0.021922 offset_loss=0.026874 kld=0.023437 cd=-0.289066 en_pos=6.351689 en_neg=6.640755 pcd=True subgoal_reg=0.0027219026541688333 
2026-01-21 08:33:25,601 :    59/   39 dest_loss=0.031165 future_loss=0.023003 offset_loss=0.024169 kld=0.024300 cd=-0.321915 en_pos=6.335590 en_neg=6.657505 pcd=True subgoal_reg=0.0025069377530564946 
2026-01-21 08:33:41,188 :    65/   39 dest_loss=0.096243 future_loss=0.062532 offset_loss=0.063903 kld=0.023384 cd=-0.008491 en_pos=6.352915 en_neg=6.361406 pcd=True subgoal_reg=0.002930932845451756 
2026-01-21 08:33:56,863 :    71/   39 dest_loss=0.031447 future_loss=0.022131 offset_loss=0.024901 kld=0.023332 cd=-0.046897 en_pos=6.358354 en_neg=6.405250 pcd=True subgoal_reg=0.0026311251956304383 
2026-01-21 08:34:12,433 :    77/   39 dest_loss=0.031343 future_loss=0.022613 offset_loss=0.023519 kld=0.023491 cd=0.286751 en_pos=6.645312 en_neg=6.358561 pcd=True subgoal_reg=0.002819907564539714 
2026-01-21 08:34:27,991 :    83/   39 dest_loss=0.034204 future_loss=0.024407 offset_loss=0.026763 kld=0.023323 cd=0.076248 en_pos=6.539592 en_neg=6.463344 pcd=True subgoal_reg=0.002565979374637549 
2026-01-21 08:34:43,538 :    89/   39 dest_loss=0.033027 future_loss=0.022674 offset_loss=0.025879 kld=0.024147 cd=0.159250 en_pos=6.585750 en_neg=6.426500 pcd=True subgoal_reg=0.002840223926929082 
2026-01-21 08:34:59,618 :    95/   39 dest_loss=0.032763 future_loss=0.023534 offset_loss=0.023928 kld=0.023641 cd=0.075226 en_pos=6.696210 en_neg=6.620984 pcd=True subgoal_reg=0.0028417993728543593 
2026-01-21 08:35:15,550 :   101/   39 dest_loss=0.084129 future_loss=0.049440 offset_loss=0.077741 kld=0.023621 cd=-0.139171 en_pos=6.441672 en_neg=6.580843 pcd=True subgoal_reg=0.0027343635791660425 
2026-01-21 08:35:31,163 :   107/   39 dest_loss=0.035272 future_loss=0.025160 offset_loss=0.025560 kld=0.023447 cd=0.005730 en_pos=6.399911 en_neg=6.394180 pcd=True subgoal_reg=0.0028624285211273645 
2026-01-21 08:35:46,867 :   113/   39 dest_loss=0.032068 future_loss=0.023969 offset_loss=0.026279 kld=0.024753 cd=-0.029342 en_pos=6.475857 en_neg=6.505200 pcd=True subgoal_reg=0.002683698839013755 
2026-01-21 08:36:02,294 :   119/   39 dest_loss=0.039406 future_loss=0.028553 offset_loss=0.028892 kld=0.024238 cd=-0.121295 en_pos=6.446113 en_neg=6.567409 pcd=True subgoal_reg=0.002831952542695902 
2026-01-21 08:36:17,940 :   125/   39 dest_loss=0.027867 future_loss=0.020891 offset_loss=0.022685 kld=0.025077 cd=0.073829 en_pos=6.405287 en_neg=6.331458 pcd=True subgoal_reg=0.0027222610477838486 
2026-01-21 08:36:33,553 :   131/   39 dest_loss=0.033499 future_loss=0.025755 offset_loss=0.020594 kld=0.023906 cd=0.024333 en_pos=6.602475 en_neg=6.578142 pcd=True subgoal_reg=0.002717347074341945 
2026-01-21 08:36:49,137 :   137/   39 dest_loss=0.037759 future_loss=0.027328 offset_loss=0.028758 kld=0.023376 cd=-0.313440 en_pos=6.382319 en_neg=6.695759 pcd=True subgoal_reg=0.002504310747660867 
2026-01-21 08:37:04,779 :   143/   39 dest_loss=0.029229 future_loss=0.021620 offset_loss=0.022499 kld=0.023221 cd=0.055753 en_pos=6.474203 en_neg=6.418451 pcd=True subgoal_reg=0.0025446437197076096 
2026-01-21 08:37:20,368 :   149/   39 dest_loss=0.194126 future_loss=0.140457 offset_loss=0.167021 kld=0.028201 cd=0.016173 en_pos=6.630043 en_neg=6.613871 pcd=True subgoal_reg=0.00313846964286684 
2026-01-21 08:37:35,913 :   155/   39 dest_loss=0.135524 future_loss=0.105675 offset_loss=0.092597 kld=0.023845 cd=0.004244 en_pos=6.452397 en_neg=6.448154 pcd=True subgoal_reg=0.002765711592442893 
2026-01-21 08:37:51,533 :   161/   39 dest_loss=0.029771 future_loss=0.022001 offset_loss=0.023204 kld=0.024675 cd=-0.136993 en_pos=6.417177 en_neg=6.554170 pcd=True subgoal_reg=0.002858848664754221 
2026-01-21 08:38:07,147 :   167/   39 dest_loss=0.027468 future_loss=0.019794 offset_loss=0.023123 kld=0.024894 cd=0.032405 en_pos=6.371631 en_neg=6.339226 pcd=True subgoal_reg=0.0027511181436014275 
2026-01-21 08:38:22,744 :   173/   39 dest_loss=0.030759 future_loss=0.021668 offset_loss=0.024245 kld=0.023965 cd=0.114913 en_pos=6.514336 en_neg=6.399423 pcd=True subgoal_reg=0.0027782072060438387 
2026-01-21 08:38:38,334 :   179/   39 dest_loss=0.079266 future_loss=0.069089 offset_loss=0.094642 kld=0.023311 cd=-0.260570 en_pos=6.388194 en_neg=6.648764 pcd=True subgoal_reg=0.0030862014115941075 
2026-01-21 08:38:53,911 :   185/   39 dest_loss=0.035645 future_loss=0.025251 offset_loss=0.028019 kld=0.023526 cd=0.162043 en_pos=6.544496 en_neg=6.382453 pcd=True subgoal_reg=0.002716510359784625 
2026-01-21 08:39:09,464 :   191/   39 dest_loss=0.030834 future_loss=0.022856 offset_loss=0.024557 kld=0.024689 cd=-0.035388 en_pos=6.336633 en_neg=6.372021 pcd=True subgoal_reg=0.002863212775374488 
2026-01-21 08:39:24,853 :   197/   39 dest_loss=0.054951 future_loss=0.052907 offset_loss=0.032102 kld=0.023881 cd=0.011511 en_pos=6.538989 en_neg=6.527478 pcd=True subgoal_reg=0.002664883190814111 
2026-01-21 08:39:40,424 :   203/   39 dest_loss=0.035414 future_loss=0.024354 offset_loss=0.026999 kld=0.025117 cd=-0.000744 en_pos=6.442519 en_neg=6.443263 pcd=True subgoal_reg=0.003109969067331949 
2026-01-21 08:39:56,096 :   209/   39 dest_loss=0.033455 future_loss=0.024990 offset_loss=0.026043 kld=0.025168 cd=-0.015565 en_pos=6.416540 en_neg=6.432105 pcd=True subgoal_reg=0.0027303142119026146 
2026-01-21 08:40:11,719 :   215/   39 dest_loss=0.026635 future_loss=0.018951 offset_loss=0.021374 kld=0.023539 cd=-0.125498 en_pos=6.448452 en_neg=6.573949 pcd=True subgoal_reg=0.002820695585633028 
2026-01-21 08:40:27,288 :   221/   39 dest_loss=0.029762 future_loss=0.020451 offset_loss=0.024452 kld=0.023009 cd=-0.116684 en_pos=6.492704 en_neg=6.609387 pcd=True subgoal_reg=0.0027504209956778517 
2026-01-21 08:40:42,868 :   227/   39 dest_loss=0.034843 future_loss=0.032540 offset_loss=0.040941 kld=0.023212 cd=-0.085666 en_pos=6.470852 en_neg=6.556518 pcd=True subgoal_reg=0.0025970678090574155 
2026-01-21 08:40:58,506 :   233/   39 dest_loss=0.027487 future_loss=0.019448 offset_loss=0.022068 kld=0.023068 cd=-0.074312 en_pos=6.377752 en_neg=6.452064 pcd=True subgoal_reg=0.002801552746259631 
2026-01-21 08:41:14,111 :   239/   39 dest_loss=0.031951 future_loss=0.022575 offset_loss=0.025141 kld=0.023110 cd=-0.019041 en_pos=6.372460 en_neg=6.391501 pcd=True subgoal_reg=0.0025644460508342263 
2026-01-21 08:41:29,703 :   245/   39 dest_loss=0.035311 future_loss=0.024722 offset_loss=0.026653 kld=0.023685 cd=-0.073974 en_pos=6.486906 en_neg=6.560879 pcd=True subgoal_reg=0.002637231275908798 
2026-01-21 08:41:45,325 :   251/   39 dest_loss=0.029371 future_loss=0.020787 offset_loss=0.023016 kld=0.024770 cd=-0.049844 en_pos=6.448467 en_neg=6.498311 pcd=True subgoal_reg=0.0026185097021682226 
2026-01-21 08:42:00,965 :   257/   39 dest_loss=0.033672 future_loss=0.024641 offset_loss=0.025504 kld=0.023902 cd=-0.206144 en_pos=6.367312 en_neg=6.573456 pcd=True subgoal_reg=0.0026682845881037935 
2026-01-21 08:42:16,569 :   263/   39 dest_loss=0.036541 future_loss=0.027119 offset_loss=0.023968 kld=0.023640 cd=-0.083758 en_pos=6.541594 en_neg=6.625352 pcd=True subgoal_reg=0.003085847148623289 
2026-01-21 08:42:32,208 :   269/   39 dest_loss=0.044257 future_loss=0.028981 offset_loss=0.038464 kld=0.023392 cd=-0.017059 en_pos=6.253643 en_neg=6.270702 pcd=True subgoal_reg=0.002835347276689216 
2026-01-21 08:42:47,594 :   275/   39 dest_loss=0.072873 future_loss=0.055668 offset_loss=0.096706 kld=0.025038 cd=0.334318 en_pos=6.624695 en_neg=6.290377 pcd=True subgoal_reg=0.002852819765809112 
2026-01-21 08:43:03,248 :   281/   39 dest_loss=0.030248 future_loss=0.021450 offset_loss=0.023643 kld=0.023414 cd=-0.008859 en_pos=6.366315 en_neg=6.375173 pcd=True subgoal_reg=0.002655584654047624 
2026-01-21 08:43:18,855 :   287/   39 dest_loss=0.117897 future_loss=0.080530 offset_loss=0.084329 kld=0.024542 cd=0.152956 en_pos=6.698279 en_neg=6.545324 pcd=True subgoal_reg=0.002868894313446165 
2026-01-21 08:43:34,493 :   293/   39 dest_loss=0.031842 future_loss=0.023366 offset_loss=0.025594 kld=0.024357 cd=0.133845 en_pos=6.393718 en_neg=6.259873 pcd=True subgoal_reg=0.0026968820550530865 
2026-01-21 08:43:50,127 :   299/   39 dest_loss=0.028044 future_loss=0.021449 offset_loss=0.022574 kld=0.024291 cd=0.099938 en_pos=6.449978 en_neg=6.350040 pcd=True subgoal_reg=0.0025631582068364224 
2026-01-21 08:44:05,722 :   305/   39 dest_loss=0.031149 future_loss=0.022362 offset_loss=0.024224 kld=0.023241 cd=0.138436 en_pos=6.547296 en_neg=6.408860 pcd=True subgoal_reg=0.0026759272257993573 
2026-01-21 08:44:21,344 :   311/   39 dest_loss=0.028724 future_loss=0.021724 offset_loss=0.019832 kld=0.023929 cd=-0.300133 en_pos=6.394819 en_neg=6.694952 pcd=True subgoal_reg=0.0028940402607221865 
2026-01-21 08:44:36,979 :   317/   39 dest_loss=0.036376 future_loss=0.026210 offset_loss=0.028924 kld=0.023174 cd=-0.039390 en_pos=6.267786 en_neg=6.307176 pcd=True subgoal_reg=0.002667767099141372 
2026-01-21 08:44:52,808 :   323/   39 dest_loss=0.029078 future_loss=0.020923 offset_loss=0.023294 kld=0.022458 cd=0.010530 en_pos=6.373179 en_neg=6.362649 pcd=True subgoal_reg=0.0025621137528603274 
2026-01-21 08:45:08,945 :   329/   39 dest_loss=0.041111 future_loss=0.029164 offset_loss=0.030135 kld=0.023828 cd=-0.149913 en_pos=6.284836 en_neg=6.434749 pcd=True subgoal_reg=0.0025594179698105327 
2026-01-21 08:45:24,569 :   335/   39 dest_loss=0.032124 future_loss=0.023726 offset_loss=0.025584 kld=0.023910 cd=0.001494 en_pos=6.349333 en_neg=6.347839 pcd=True subgoal_reg=0.0025486784514691194 
2026-01-21 08:45:40,148 :   341/   39 dest_loss=0.031647 future_loss=0.023206 offset_loss=0.022673 kld=0.023205 cd=-0.064521 en_pos=6.528234 en_neg=6.592755 pcd=True subgoal_reg=0.002784062195831099 
2026-01-21 08:45:55,710 :   347/   39 dest_loss=0.102095 future_loss=0.061319 offset_loss=0.082037 kld=0.025775 cd=-0.189881 en_pos=6.325276 en_neg=6.515157 pcd=True subgoal_reg=0.0027193393941854034 
2026-01-21 08:46:11,118 :   353/   39 dest_loss=0.033137 future_loss=0.024451 offset_loss=0.025899 kld=0.025000 cd=0.019680 en_pos=6.399841 en_neg=6.380161 pcd=True subgoal_reg=0.002762686105958476 
2026-01-21 08:46:26,686 :   359/   39 dest_loss=0.191782 future_loss=0.168945 offset_loss=0.150401 kld=0.028125 cd=0.219988 en_pos=6.538328 en_neg=6.318340 pcd=True subgoal_reg=0.0031338481770800466 
2026-01-21 08:46:42,271 :   365/   39 dest_loss=0.038472 future_loss=0.026066 offset_loss=0.028682 kld=0.023308 cd=-0.071512 en_pos=6.303316 en_neg=6.374828 pcd=True subgoal_reg=0.002930491329611063 
2026-01-21 08:46:57,895 :   371/   39 dest_loss=0.035013 future_loss=0.024596 offset_loss=0.027303 kld=0.023123 cd=-0.077631 en_pos=6.415091 en_neg=6.492721 pcd=True subgoal_reg=0.0028232808625205975 
2026-01-21 08:47:13,513 :   377/   39 dest_loss=0.027970 future_loss=0.020615 offset_loss=0.021905 kld=0.023166 cd=-0.075881 en_pos=6.401316 en_neg=6.477197 pcd=True subgoal_reg=0.002723269083844327 
2026-01-21 08:47:29,087 :   383/   39 dest_loss=0.029367 future_loss=0.021251 offset_loss=0.023888 kld=0.024629 cd=-0.050126 en_pos=6.598348 en_neg=6.648475 pcd=True subgoal_reg=0.0029476582545716044 
2026-01-21 08:47:44,707 :   389/   39 dest_loss=0.026416 future_loss=0.019013 offset_loss=0.021963 kld=0.022883 cd=-0.008312 en_pos=6.348753 en_neg=6.357065 pcd=True subgoal_reg=0.0024408010917764678 
2026-01-21 08:48:00,328 :   395/   39 dest_loss=0.027137 future_loss=0.019641 offset_loss=0.021725 kld=0.024922 cd=0.067039 en_pos=6.505173 en_neg=6.438135 pcd=True subgoal_reg=0.0028697546322314534 
2026-01-21 08:48:15,909 :   401/   39 dest_loss=0.027915 future_loss=0.020193 offset_loss=0.021991 kld=0.023465 cd=-0.277866 en_pos=6.308252 en_neg=6.586118 pcd=True subgoal_reg=0.002769571864292571 
2026-01-21 08:48:31,492 :   407/   39 dest_loss=0.029052 future_loss=0.020876 offset_loss=0.022899 kld=0.024090 cd=-0.096289 en_pos=6.352851 en_neg=6.449140 pcd=True subgoal_reg=0.0024338958327605243 
2026-01-21 08:48:47,088 :   413/   39 dest_loss=0.034351 future_loss=0.026051 offset_loss=0.022488 kld=0.023677 cd=0.073126 en_pos=6.471040 en_neg=6.397914 pcd=True subgoal_reg=0.0026234773845812904 
2026-01-21 08:49:02,733 :   419/   39 dest_loss=0.146263 future_loss=0.116827 offset_loss=0.130386 kld=0.026499 cd=-0.055981 en_pos=6.543304 en_neg=6.599285 pcd=True subgoal_reg=0.002796606913461433 
2026-01-21 08:49:18,317 :   425/   39 dest_loss=0.035520 future_loss=0.024885 offset_loss=0.027972 kld=0.023287 cd=-0.093331 en_pos=6.289829 en_neg=6.383160 pcd=True subgoal_reg=0.0026883230179805713 
2026-01-21 08:49:33,730 :   431/   39 dest_loss=0.149477 future_loss=0.099608 offset_loss=0.163014 kld=0.027153 cd=-0.066816 en_pos=6.456439 en_neg=6.523254 pcd=True subgoal_reg=0.0029995735774084676 
2026-01-21 08:49:49,365 :   437/   39 dest_loss=0.031161 future_loss=0.022477 offset_loss=0.024273 kld=0.023394 cd=0.020750 en_pos=6.528381 en_neg=6.507631 pcd=True subgoal_reg=0.002626043616653375 
2026-01-21 08:50:05,042 :   443/   39 dest_loss=0.038440 future_loss=0.028275 offset_loss=0.028645 kld=0.023705 cd=0.002955 en_pos=6.508728 en_neg=6.505773 pcd=True subgoal_reg=0.0025054433213779685 
2026-01-21 08:50:20,623 :   449/   39 dest_loss=0.171033 future_loss=0.136245 offset_loss=0.112280 kld=0.024451 cd=-0.117188 en_pos=6.302407 en_neg=6.419596 pcd=True subgoal_reg=0.002618584204445156 
2026-01-21 08:50:36,161 :   455/   39 dest_loss=0.040555 future_loss=0.029995 offset_loss=0.024749 kld=0.024189 cd=0.107029 en_pos=6.661979 en_neg=6.554950 pcd=True subgoal_reg=0.0028834943012686276 
2026-01-21 08:50:51,780 :   461/   39 dest_loss=0.034747 future_loss=0.025665 offset_loss=0.027088 kld=0.023864 cd=0.048152 en_pos=6.441958 en_neg=6.393805 pcd=True subgoal_reg=0.002936398274637483 
2026-01-21 08:51:07,423 :   467/   39 dest_loss=0.029576 future_loss=0.022973 offset_loss=0.019491 kld=0.023128 cd=-0.004885 en_pos=6.446342 en_neg=6.451227 pcd=True subgoal_reg=0.0026692125441936717 
2026-01-21 08:51:22,966 :   473/   39 dest_loss=0.032270 future_loss=0.022727 offset_loss=0.024138 kld=0.023116 cd=-0.269356 en_pos=6.259658 en_neg=6.529014 pcd=True subgoal_reg=0.0027377710393227815 
2026-01-21 08:51:38,566 :   479/   39 dest_loss=0.036891 future_loss=0.026458 offset_loss=0.028745 kld=0.024889 cd=0.066461 en_pos=6.491604 en_neg=6.425143 pcd=True subgoal_reg=0.0027017851051485977 
2026-01-21 08:51:54,208 :   485/   39 dest_loss=0.030490 future_loss=0.021442 offset_loss=0.024639 kld=0.022962 cd=0.045120 en_pos=6.423845 en_neg=6.378726 pcd=True subgoal_reg=0.002672790911675511 
2026-01-21 08:52:09,861 :   491/   39 dest_loss=0.031657 future_loss=0.022064 offset_loss=0.024868 kld=0.023747 cd=-0.197007 en_pos=6.388839 en_neg=6.585846 pcd=True subgoal_reg=0.002887361667632352 
2026-01-21 08:52:25,513 :   497/   39 dest_loss=0.174563 future_loss=0.122554 offset_loss=0.201028 kld=0.025420 cd=-0.202563 en_pos=6.553566 en_neg=6.756129 pcd=True subgoal_reg=0.003317649731235405 
2026-01-21 08:52:41,083 :   503/   39 dest_loss=0.031182 future_loss=0.022065 offset_loss=0.024519 kld=0.022981 cd=-0.028774 en_pos=6.389885 en_neg=6.418660 pcd=True subgoal_reg=0.002774623663155139 
2026-01-21 08:52:56,483 :   509/   39 dest_loss=0.032262 future_loss=0.023267 offset_loss=0.024376 kld=0.023277 cd=-0.051105 en_pos=6.401862 en_neg=6.452968 pcd=True subgoal_reg=0.00301248311219814 
2026-01-21 08:54:31,623 : Train Loss 89.5593024541956
2026-01-21 08:54:31,623 : Overall Loss 17.918693612781148
2026-01-21 08:54:31,623 : Dest Loss 24.06289290944159
2026-01-21 08:54:31,623 : Val ADE 0.11832037985637206
2026-01-21 08:54:31,624 : Val FDE 0.14190975189967575
2026-01-21 08:54:31,624 : Val Best ADE 0.11827046766743558
2026-01-21 08:54:31,624 : Val Best FDE 0.14213166484597517
2026-01-21 08:54:31,624 : ----->learning rate 9.765625e-06
2026-01-21 08:54:47,531 :     5/   40 dest_loss=0.029073 future_loss=0.021135 offset_loss=0.022869 kld=0.025460 cd=0.011022 en_pos=6.543247 en_neg=6.532225 pcd=True subgoal_reg=0.0028821445678047695 
2026-01-21 08:55:03,662 :    11/   40 dest_loss=0.025648 future_loss=0.019062 offset_loss=0.020547 kld=0.023677 cd=-0.033545 en_pos=6.387833 en_neg=6.421378 pcd=True subgoal_reg=0.0025976035223670975 
2026-01-21 08:55:19,346 :    17/   40 dest_loss=0.027691 future_loss=0.019691 offset_loss=0.022006 kld=0.023433 cd=0.109809 en_pos=6.602923 en_neg=6.493115 pcd=True subgoal_reg=0.002881697164954005 
2026-01-21 08:55:34,891 :    23/   40 dest_loss=0.029282 future_loss=0.020812 offset_loss=0.022046 kld=0.023252 cd=0.076594 en_pos=6.582281 en_neg=6.505688 pcd=True subgoal_reg=0.0026017519804270484 
2026-01-21 08:55:50,453 :    29/   40 dest_loss=0.030781 future_loss=0.022703 offset_loss=0.023183 kld=0.023201 cd=-0.032769 en_pos=6.313065 en_neg=6.345834 pcd=True subgoal_reg=0.002374128229196174 
2026-01-21 08:56:06,012 :    35/   40 dest_loss=0.033246 future_loss=0.023925 offset_loss=0.026034 kld=0.024078 cd=0.201100 en_pos=6.493756 en_neg=6.292656 pcd=True subgoal_reg=0.002776733950973344 
2026-01-21 08:56:21,385 :    41/   40 dest_loss=0.032931 future_loss=0.023071 offset_loss=0.026081 kld=0.024720 cd=0.061813 en_pos=6.449251 en_neg=6.387438 pcd=True subgoal_reg=0.002699071324809766 
2026-01-21 08:56:36,907 :    47/   40 dest_loss=0.029860 future_loss=0.021485 offset_loss=0.023240 kld=0.023783 cd=-0.078013 en_pos=6.454366 en_neg=6.532379 pcd=True subgoal_reg=0.0025713807555848046 
2026-01-21 08:56:52,451 :    53/   40 dest_loss=0.031267 future_loss=0.021992 offset_loss=0.024397 kld=0.024440 cd=-0.075808 en_pos=6.612157 en_neg=6.687964 pcd=True subgoal_reg=0.002899823548599096 
2026-01-21 08:57:08,074 :    59/   40 dest_loss=0.028680 future_loss=0.021016 offset_loss=0.022771 kld=0.023311 cd=-0.124849 en_pos=6.411969 en_neg=6.536817 pcd=True subgoal_reg=0.0026944927628529025 
2026-01-21 08:57:23,675 :    65/   40 dest_loss=0.034358 future_loss=0.023642 offset_loss=0.026750 kld=0.024291 cd=-0.114190 en_pos=6.384379 en_neg=6.498569 pcd=True subgoal_reg=0.002816934019094269 
2026-01-21 08:57:39,262 :    71/   40 dest_loss=0.031707 future_loss=0.022174 offset_loss=0.023845 kld=0.023419 cd=0.224521 en_pos=6.551374 en_neg=6.326853 pcd=True subgoal_reg=0.002713965345109579 
2026-01-21 08:57:54,880 :    77/   40 dest_loss=0.031212 future_loss=0.023136 offset_loss=0.024202 kld=0.023841 cd=-0.005893 en_pos=6.272947 en_neg=6.278841 pcd=True subgoal_reg=0.0026666945292860966 
2026-01-21 08:58:10,444 :    83/   40 dest_loss=0.033547 future_loss=0.024249 offset_loss=0.025754 kld=0.023146 cd=-0.175931 en_pos=6.363608 en_neg=6.539539 pcd=True subgoal_reg=0.002565433049417521 
2026-01-21 08:58:26,042 :    89/   40 dest_loss=0.031807 future_loss=0.022437 offset_loss=0.024188 kld=0.023588 cd=-0.123388 en_pos=6.602014 en_neg=6.725402 pcd=True subgoal_reg=0.002566296877194666 
2026-01-21 08:58:41,598 :    95/   40 dest_loss=0.031274 future_loss=0.023037 offset_loss=0.023759 kld=0.023234 cd=0.146116 en_pos=6.542072 en_neg=6.395956 pcd=True subgoal_reg=0.0027371860475202585 
2026-01-21 08:58:57,159 :   101/   40 dest_loss=0.037126 future_loss=0.029242 offset_loss=0.031190 kld=0.024798 cd=0.004902 en_pos=6.476114 en_neg=6.471212 pcd=True subgoal_reg=0.002644580409487338 
2026-01-21 08:59:12,729 :   107/   40 dest_loss=0.032884 future_loss=0.023665 offset_loss=0.025603 kld=0.024767 cd=0.060852 en_pos=6.484185 en_neg=6.423332 pcd=True subgoal_reg=0.002645066444121593 
2026-01-21 08:59:28,315 :   113/   40 dest_loss=0.034702 future_loss=0.024899 offset_loss=0.026272 kld=0.023444 cd=0.106084 en_pos=6.310358 en_neg=6.204273 pcd=True subgoal_reg=0.0024188838633006746 
2026-01-21 08:59:43,719 :   119/   40 dest_loss=0.031025 future_loss=0.022693 offset_loss=0.024015 kld=0.024154 cd=-0.019162 en_pos=6.613658 en_neg=6.632820 pcd=True subgoal_reg=0.002780802698019536 
2026-01-21 08:59:59,355 :   125/   40 dest_loss=0.037435 future_loss=0.026846 offset_loss=0.028369 kld=0.024623 cd=0.048769 en_pos=6.536790 en_neg=6.488021 pcd=True subgoal_reg=0.0027097865580698825 
2026-01-21 09:00:14,937 :   131/   40 dest_loss=0.030500 future_loss=0.021867 offset_loss=0.023795 kld=0.023614 cd=0.136112 en_pos=6.572660 en_neg=6.436547 pcd=True subgoal_reg=0.002569262257744135 
2026-01-21 09:00:30,536 :   137/   40 dest_loss=0.032560 future_loss=0.024379 offset_loss=0.025802 kld=0.024053 cd=0.187180 en_pos=6.450276 en_neg=6.263096 pcd=True subgoal_reg=0.0025724192565944777 
2026-01-21 09:00:46,015 :   143/   40 dest_loss=0.026232 future_loss=0.018727 offset_loss=0.020176 kld=0.022992 cd=-0.048940 en_pos=6.407183 en_neg=6.456123 pcd=True subgoal_reg=0.0027946069137753885 
2026-01-21 09:01:01,594 :   149/   40 dest_loss=0.037468 future_loss=0.026851 offset_loss=0.027986 kld=0.023205 cd=-0.033189 en_pos=6.433794 en_neg=6.466983 pcd=True subgoal_reg=0.0025141791406238494 
2026-01-21 09:01:17,224 :   155/   40 dest_loss=0.061134 future_loss=0.047269 offset_loss=0.047465 kld=0.024695 cd=-0.069429 en_pos=6.549037 en_neg=6.618466 pcd=True subgoal_reg=0.0028775504077231694 
2026-01-21 09:01:32,840 :   161/   40 dest_loss=0.034996 future_loss=0.025228 offset_loss=0.028335 kld=0.024482 cd=0.093258 en_pos=6.459186 en_neg=6.365928 pcd=True subgoal_reg=0.002532929139130024 
2026-01-21 09:01:48,441 :   167/   40 dest_loss=0.031713 future_loss=0.022111 offset_loss=0.024164 kld=0.023426 cd=0.150004 en_pos=6.468911 en_neg=6.318907 pcd=True subgoal_reg=0.002717670356245347 
2026-01-21 09:02:03,948 :   173/   40 dest_loss=0.033540 future_loss=0.024178 offset_loss=0.025920 kld=0.023427 cd=0.211966 en_pos=6.711000 en_neg=6.499034 pcd=True subgoal_reg=0.0029468664765488007 
2026-01-21 09:02:19,586 :   179/   40 dest_loss=0.030583 future_loss=0.023005 offset_loss=0.023718 kld=0.024210 cd=0.017093 en_pos=6.295294 en_neg=6.278202 pcd=True subgoal_reg=0.0026518499937203746 
2026-01-21 09:02:35,163 :   185/   40 dest_loss=0.093446 future_loss=0.065970 offset_loss=0.084224 kld=0.026580 cd=0.143146 en_pos=6.465620 en_neg=6.322474 pcd=True subgoal_reg=0.002879374864792184 
2026-01-21 09:02:50,713 :   191/   40 dest_loss=0.034391 future_loss=0.024032 offset_loss=0.026031 kld=0.023058 cd=-0.022464 en_pos=6.540324 en_neg=6.562787 pcd=True subgoal_reg=0.002786310895806997 
2026-01-21 09:03:06,065 :   197/   40 dest_loss=0.034174 future_loss=0.024440 offset_loss=0.026472 kld=0.023760 cd=-0.079332 en_pos=6.411963 en_neg=6.491295 pcd=True subgoal_reg=0.0027825100581243024 
2026-01-21 09:03:21,668 :   203/   40 dest_loss=0.028286 future_loss=0.020548 offset_loss=0.022366 kld=0.024040 cd=0.007218 en_pos=6.322644 en_neg=6.315425 pcd=True subgoal_reg=0.0026573629580544434 
2026-01-21 09:03:37,231 :   209/   40 dest_loss=0.031641 future_loss=0.021955 offset_loss=0.024917 kld=0.024381 cd=-0.074538 en_pos=6.413113 en_neg=6.487651 pcd=True subgoal_reg=0.002705207064766817 
2026-01-21 09:03:52,851 :   215/   40 dest_loss=0.034966 future_loss=0.023263 offset_loss=0.029853 kld=0.022984 cd=-0.049432 en_pos=6.280844 en_neg=6.330276 pcd=True subgoal_reg=0.0025048343663947163 
2026-01-21 09:04:08,384 :   221/   40 dest_loss=0.038852 future_loss=0.027637 offset_loss=0.030156 kld=0.025229 cd=0.212915 en_pos=6.506456 en_neg=6.293542 pcd=True subgoal_reg=0.002890628107837671 
2026-01-21 09:04:23,978 :   227/   40 dest_loss=0.035136 future_loss=0.025467 offset_loss=0.027129 kld=0.024209 cd=-0.266189 en_pos=6.237405 en_neg=6.503595 pcd=True subgoal_reg=0.0026349533380743534 
2026-01-21 09:04:39,546 :   233/   40 dest_loss=0.064309 future_loss=0.060743 offset_loss=0.056828 kld=0.025250 cd=0.010610 en_pos=6.540184 en_neg=6.529574 pcd=True subgoal_reg=0.0025967869497717914 
2026-01-21 09:04:55,375 :   239/   40 dest_loss=0.033185 future_loss=0.023658 offset_loss=0.025038 kld=0.023342 cd=0.035156 en_pos=6.353631 en_neg=6.318476 pcd=True subgoal_reg=0.0024311215114195457 
2026-01-21 09:05:11,318 :   245/   40 dest_loss=0.030952 future_loss=0.023052 offset_loss=0.024418 kld=0.024263 cd=0.057053 en_pos=6.271000 en_neg=6.213947 pcd=True subgoal_reg=0.002675469063291082 
2026-01-21 09:05:26,948 :   251/   40 dest_loss=0.030390 future_loss=0.022251 offset_loss=0.024595 kld=0.024598 cd=-0.071850 en_pos=6.484656 en_neg=6.556505 pcd=True subgoal_reg=0.0027088172650813038 
2026-01-21 09:05:42,518 :   257/   40 dest_loss=0.033047 future_loss=0.023143 offset_loss=0.025559 kld=0.024455 cd=0.147244 en_pos=6.513514 en_neg=6.366270 pcd=True subgoal_reg=0.0027518655811336317 
2026-01-21 09:05:58,136 :   263/   40 dest_loss=0.034477 future_loss=0.024848 offset_loss=0.027199 kld=0.023081 cd=0.207433 en_pos=6.571509 en_neg=6.364076 pcd=True subgoal_reg=0.0027644827403186718 
2026-01-21 09:06:13,806 :   269/   40 dest_loss=0.028903 future_loss=0.022125 offset_loss=0.022530 kld=0.023451 cd=-0.176705 en_pos=6.387043 en_neg=6.563748 pcd=True subgoal_reg=0.0027454371823428065 
2026-01-21 09:06:29,188 :   275/   40 dest_loss=0.098792 future_loss=0.070355 offset_loss=0.081629 kld=0.024805 cd=0.020594 en_pos=6.544347 en_neg=6.523753 pcd=True subgoal_reg=0.00276523718512404 
2026-01-21 09:06:44,778 :   281/   40 dest_loss=0.082184 future_loss=0.062148 offset_loss=0.061923 kld=0.024545 cd=-0.065120 en_pos=6.441670 en_neg=6.506790 pcd=True subgoal_reg=0.00289493869487906 
2026-01-21 09:07:00,402 :   287/   40 dest_loss=0.062780 future_loss=0.044920 offset_loss=0.062221 kld=0.021848 cd=0.027516 en_pos=6.514177 en_neg=6.486661 pcd=True subgoal_reg=0.0026124421789823467 
2026-01-21 09:07:16,034 :   293/   40 dest_loss=0.074195 future_loss=0.056416 offset_loss=0.052483 kld=0.024111 cd=-0.153435 en_pos=6.394404 en_neg=6.547839 pcd=True subgoal_reg=0.002836665273322143 
2026-01-21 09:07:31,644 :   299/   40 dest_loss=0.031313 future_loss=0.022094 offset_loss=0.023691 kld=0.022791 cd=-0.130081 en_pos=6.387658 en_neg=6.517739 pcd=True subgoal_reg=0.002625476550881955 
2026-01-21 09:07:47,218 :   305/   40 dest_loss=0.090004 future_loss=0.081105 offset_loss=0.049948 kld=0.023970 cd=-0.075397 en_pos=6.327145 en_neg=6.402542 pcd=True subgoal_reg=0.002695676308205399 
2026-01-21 09:08:02,842 :   311/   40 dest_loss=0.035113 future_loss=0.025672 offset_loss=0.024127 kld=0.023559 cd=-0.225150 en_pos=6.406416 en_neg=6.631566 pcd=True subgoal_reg=0.0026470266199404794 
2026-01-21 09:08:18,478 :   317/   40 dest_loss=0.072103 future_loss=0.047516 offset_loss=0.076161 kld=0.023326 cd=-0.089561 en_pos=6.426393 en_neg=6.515954 pcd=True subgoal_reg=0.0027567852561246513 
2026-01-21 09:08:34,076 :   323/   40 dest_loss=0.035053 future_loss=0.024624 offset_loss=0.026431 kld=0.025403 cd=-0.020038 en_pos=6.539585 en_neg=6.559623 pcd=True subgoal_reg=0.002917681857315343 
2026-01-21 09:08:49,694 :   329/   40 dest_loss=0.030069 future_loss=0.022013 offset_loss=0.023926 kld=0.024409 cd=0.304540 en_pos=6.726236 en_neg=6.421696 pcd=True subgoal_reg=0.0026088780316169792 
2026-01-21 09:09:05,283 :   335/   40 dest_loss=0.028396 future_loss=0.019238 offset_loss=0.024014 kld=0.023005 cd=0.404477 en_pos=6.665769 en_neg=6.261292 pcd=True subgoal_reg=0.0025643521616656837 
2026-01-21 09:09:20,901 :   341/   40 dest_loss=0.031020 future_loss=0.022554 offset_loss=0.024423 kld=0.025000 cd=-0.017330 en_pos=6.408567 en_neg=6.425897 pcd=True subgoal_reg=0.0026551412585144006 
2026-01-21 09:09:36,464 :   347/   40 dest_loss=0.031874 future_loss=0.023029 offset_loss=0.023248 kld=0.023509 cd=-0.195440 en_pos=6.234720 en_neg=6.430160 pcd=True subgoal_reg=0.0030138949111550447 
2026-01-21 09:09:51,876 :   353/   40 dest_loss=0.029306 future_loss=0.021182 offset_loss=0.022760 kld=0.024372 cd=0.172984 en_pos=6.564071 en_neg=6.391087 pcd=True subgoal_reg=0.002844282141402947 
2026-01-21 09:10:07,444 :   359/   40 dest_loss=0.029076 future_loss=0.020699 offset_loss=0.022481 kld=0.023551 cd=-0.148412 en_pos=6.484241 en_neg=6.632653 pcd=True subgoal_reg=0.002739593362998186 
2026-01-21 09:10:23,049 :   365/   40 dest_loss=0.027625 future_loss=0.020477 offset_loss=0.022987 kld=0.023415 cd=-0.170891 en_pos=6.220409 en_neg=6.391300 pcd=True subgoal_reg=0.002348111222405869 
2026-01-21 09:10:38,642 :   371/   40 dest_loss=0.033451 future_loss=0.024252 offset_loss=0.026558 kld=0.023511 cd=0.187446 en_pos=6.434124 en_neg=6.246679 pcd=True subgoal_reg=0.0027590134754775855 
2026-01-21 09:10:54,244 :   377/   40 dest_loss=0.039232 future_loss=0.027295 offset_loss=0.030449 kld=0.023414 cd=0.023567 en_pos=6.465986 en_neg=6.442419 pcd=True subgoal_reg=0.0027291979484418624 
2026-01-21 09:11:09,833 :   383/   40 dest_loss=0.032254 future_loss=0.023599 offset_loss=0.025400 kld=0.025198 cd=-0.215222 en_pos=6.508428 en_neg=6.723649 pcd=True subgoal_reg=0.0028390107220902013 
2026-01-21 09:11:25,473 :   389/   40 dest_loss=0.034996 future_loss=0.024590 offset_loss=0.025734 kld=0.022874 cd=0.089014 en_pos=6.540361 en_neg=6.451346 pcd=True subgoal_reg=0.0026163929871097762 
2026-01-21 09:11:41,108 :   395/   40 dest_loss=0.036094 future_loss=0.025898 offset_loss=0.029212 kld=0.024363 cd=-0.042268 en_pos=6.310327 en_neg=6.352595 pcd=True subgoal_reg=0.0025830816614029442 
2026-01-21 09:11:56,716 :   401/   40 dest_loss=0.030203 future_loss=0.021418 offset_loss=0.022900 kld=0.023022 cd=0.114620 en_pos=6.561326 en_neg=6.446707 pcd=True subgoal_reg=0.002782273315271865 
2026-01-21 09:12:12,373 :   407/   40 dest_loss=0.066301 future_loss=0.053318 offset_loss=0.065002 kld=0.023661 cd=0.062821 en_pos=6.506601 en_neg=6.443780 pcd=True subgoal_reg=0.0027152898977969896 
2026-01-21 09:12:28,013 :   413/   40 dest_loss=0.035074 future_loss=0.025155 offset_loss=0.026251 kld=0.024311 cd=-0.069108 en_pos=6.377066 en_neg=6.446174 pcd=True subgoal_reg=0.0028464248395089235 
2026-01-21 09:12:43,617 :   419/   40 dest_loss=0.031933 future_loss=0.023017 offset_loss=0.025263 kld=0.023040 cd=0.156934 en_pos=6.362182 en_neg=6.205249 pcd=True subgoal_reg=0.002594714598243789 
2026-01-21 09:12:59,270 :   425/   40 dest_loss=0.034235 future_loss=0.024544 offset_loss=0.026849 kld=0.024220 cd=-0.169482 en_pos=6.343016 en_neg=6.512499 pcd=True subgoal_reg=0.002891012022917192 
2026-01-21 09:13:14,725 :   431/   40 dest_loss=0.033566 future_loss=0.024296 offset_loss=0.026068 kld=0.024713 cd=-0.034687 en_pos=6.394718 en_neg=6.429405 pcd=True subgoal_reg=0.0028198506710738983 
2026-01-21 09:13:30,275 :   437/   40 dest_loss=0.059872 future_loss=0.048716 offset_loss=0.053087 kld=0.024618 cd=-0.139778 en_pos=6.471377 en_neg=6.611155 pcd=True subgoal_reg=0.0029885218236201695 
2026-01-21 09:13:45,815 :   443/   40 dest_loss=0.036049 future_loss=0.026325 offset_loss=0.023566 kld=0.023493 cd=0.257051 en_pos=6.685298 en_neg=6.428247 pcd=True subgoal_reg=0.0029384419098787973 
2026-01-21 09:14:01,414 :   449/   40 dest_loss=0.100816 future_loss=0.075892 offset_loss=0.096056 kld=0.024742 cd=-0.170543 en_pos=6.452728 en_neg=6.623272 pcd=True subgoal_reg=0.0028772516794239693 
2026-01-21 09:14:16,992 :   455/   40 dest_loss=0.031464 future_loss=0.022506 offset_loss=0.024038 kld=0.023743 cd=-0.094163 en_pos=6.414308 en_neg=6.508472 pcd=True subgoal_reg=0.002471364013338761 
2026-01-21 09:14:32,598 :   461/   40 dest_loss=0.144608 future_loss=0.118914 offset_loss=0.085323 kld=0.025885 cd=0.202975 en_pos=6.763532 en_neg=6.560557 pcd=True subgoal_reg=0.003200364614342489 
2026-01-21 09:14:48,181 :   467/   40 dest_loss=0.028520 future_loss=0.020910 offset_loss=0.022691 kld=0.024487 cd=0.212607 en_pos=6.595582 en_neg=6.382975 pcd=True subgoal_reg=0.0027893867396215685 
2026-01-21 09:15:04,371 :   473/   40 dest_loss=0.033130 future_loss=0.023973 offset_loss=0.025712 kld=0.025093 cd=-0.115900 en_pos=6.535165 en_neg=6.651066 pcd=True subgoal_reg=0.002915740435240891 
2026-01-21 09:15:20,103 :   479/   40 dest_loss=0.031008 future_loss=0.021923 offset_loss=0.024943 kld=0.023814 cd=0.056963 en_pos=6.482048 en_neg=6.425085 pcd=True subgoal_reg=0.002695458270036248 
2026-01-21 09:15:35,715 :   485/   40 dest_loss=0.032381 future_loss=0.022910 offset_loss=0.025283 kld=0.022805 cd=-0.151462 en_pos=6.295437 en_neg=6.446899 pcd=True subgoal_reg=0.0024542106593202816 
2026-01-21 09:15:51,407 :   491/   40 dest_loss=0.033633 future_loss=0.024660 offset_loss=0.027600 kld=0.023689 cd=-0.001598 en_pos=6.385654 en_neg=6.387253 pcd=True subgoal_reg=0.002589523820255963 
2026-01-21 09:16:07,001 :   497/   40 dest_loss=0.035735 future_loss=0.026230 offset_loss=0.026541 kld=0.025048 cd=0.019063 en_pos=6.515157 en_neg=6.496093 pcd=True subgoal_reg=0.002820386755706897 
2026-01-21 09:16:22,584 :   503/   40 dest_loss=0.030557 future_loss=0.020513 offset_loss=0.027469 kld=0.023267 cd=-0.000778 en_pos=6.539139 en_neg=6.539917 pcd=True subgoal_reg=0.0029587501108241264 
2026-01-21 09:16:37,932 :   509/   40 dest_loss=0.120121 future_loss=0.100943 offset_loss=0.092238 kld=0.025391 cd=0.162752 en_pos=6.508115 en_neg=6.345362 pcd=True subgoal_reg=0.002754193897387505 
2026-01-21 09:18:13,148 : Train Loss 82.01122684576968
2026-01-21 09:18:13,149 : Overall Loss 16.424292534897102
2026-01-21 09:18:13,149 : Dest Loss 22.25264160655195
2026-01-21 09:18:13,149 : Val ADE 0.11831142136235963
2026-01-21 09:18:13,149 : Val FDE 0.14188823596839348
2026-01-21 09:18:13,149 : Val Best ADE 0.11827046766743558
2026-01-21 09:18:13,149 : Val Best FDE 0.14213166484597517
2026-01-21 09:18:13,149 : ----->learning rate 4.8828125e-06
2026-01-21 09:18:29,000 :     5/   41 dest_loss=0.033320 future_loss=0.025157 offset_loss=0.022581 kld=0.023752 cd=-0.473691 en_pos=6.388230 en_neg=6.861920 pcd=True subgoal_reg=0.0027455405889611536 
2026-01-21 09:18:44,604 :    11/   41 dest_loss=0.030968 future_loss=0.021870 offset_loss=0.024648 kld=0.024165 cd=0.111706 en_pos=6.545551 en_neg=6.433845 pcd=True subgoal_reg=0.0026627662043998265 
2026-01-21 09:19:00,243 :    17/   41 dest_loss=0.030294 future_loss=0.022485 offset_loss=0.023922 kld=0.024483 cd=0.161634 en_pos=6.422254 en_neg=6.260620 pcd=True subgoal_reg=0.0027141986588873957 
2026-01-21 09:19:15,830 :    23/   41 dest_loss=0.026831 future_loss=0.020420 offset_loss=0.022376 kld=0.024930 cd=-0.076304 en_pos=6.490294 en_neg=6.566598 pcd=True subgoal_reg=0.002705704065899671 
2026-01-21 09:19:31,441 :    29/   41 dest_loss=0.030649 future_loss=0.021125 offset_loss=0.025774 kld=0.022854 cd=0.101403 en_pos=6.390879 en_neg=6.289476 pcd=True subgoal_reg=0.002466761781949125 
2026-01-21 09:19:47,059 :    35/   41 dest_loss=0.107384 future_loss=0.079392 offset_loss=0.083931 kld=0.024954 cd=-0.119680 en_pos=6.493809 en_neg=6.613490 pcd=True subgoal_reg=0.0027208930116230374 
2026-01-21 09:20:02,691 :    41/   41 dest_loss=0.032901 future_loss=0.023231 offset_loss=0.026229 kld=0.024266 cd=-0.005100 en_pos=6.478181 en_neg=6.483281 pcd=True subgoal_reg=0.0026713810827548724 
2026-01-21 09:20:18,265 :    47/   41 dest_loss=0.029078 future_loss=0.020389 offset_loss=0.023312 kld=0.022681 cd=-0.021991 en_pos=6.293424 en_neg=6.315416 pcd=True subgoal_reg=0.0026938672359615584 
2026-01-21 09:20:33,595 :    53/   41 dest_loss=0.034334 future_loss=0.025276 offset_loss=0.026028 kld=0.024164 cd=0.206735 en_pos=6.592742 en_neg=6.386007 pcd=True subgoal_reg=0.0025218292245838096 
2026-01-21 09:20:49,184 :    59/   41 dest_loss=0.117981 future_loss=0.087087 offset_loss=0.149427 kld=0.023901 cd=-0.217030 en_pos=6.303414 en_neg=6.520444 pcd=True subgoal_reg=0.002781872941199477 
2026-01-21 09:21:04,809 :    65/   41 dest_loss=0.075977 future_loss=0.062772 offset_loss=0.051121 kld=0.025071 cd=-0.007878 en_pos=6.482413 en_neg=6.490291 pcd=True subgoal_reg=0.002799289841159953 
2026-01-21 09:21:20,472 :    71/   41 dest_loss=0.027671 future_loss=0.019146 offset_loss=0.022588 kld=0.023372 cd=-0.167863 en_pos=6.519784 en_neg=6.687646 pcd=True subgoal_reg=0.0028985092113200965 
2026-01-21 09:21:36,086 :    77/   41 dest_loss=0.030362 future_loss=0.022632 offset_loss=0.024132 kld=0.023138 cd=0.093680 en_pos=6.264000 en_neg=6.170320 pcd=True subgoal_reg=0.002496300697526954 
2026-01-21 09:21:51,666 :    83/   41 dest_loss=0.033521 future_loss=0.023144 offset_loss=0.027573 kld=0.023578 cd=0.039128 en_pos=6.499398 en_neg=6.460271 pcd=True subgoal_reg=0.0029152303622697 
2026-01-21 09:22:07,236 :    89/   41 dest_loss=0.026961 future_loss=0.019659 offset_loss=0.022296 kld=0.023069 cd=-0.119614 en_pos=6.335316 en_neg=6.454930 pcd=True subgoal_reg=0.0028053982917025247 
2026-01-21 09:22:22,840 :    95/   41 dest_loss=0.033038 future_loss=0.023965 offset_loss=0.025212 kld=0.022860 cd=-0.006164 en_pos=6.429730 en_neg=6.435894 pcd=True subgoal_reg=0.0027882717798205273 
2026-01-21 09:22:38,358 :   101/   41 dest_loss=0.029724 future_loss=0.021573 offset_loss=0.023708 kld=0.024991 cd=0.189981 en_pos=6.368769 en_neg=6.178788 pcd=True subgoal_reg=0.002645606740535455 
2026-01-21 09:22:53,939 :   107/   41 dest_loss=0.031716 future_loss=0.023601 offset_loss=0.024760 kld=0.024177 cd=-0.097407 en_pos=6.191171 en_neg=6.288578 pcd=True subgoal_reg=0.0026104825960716217 
2026-01-21 09:23:09,594 :   113/   41 dest_loss=0.035767 future_loss=0.025027 offset_loss=0.026527 kld=0.024008 cd=-0.016246 en_pos=6.525462 en_neg=6.541708 pcd=True subgoal_reg=0.0029372380765107873 
2026-01-21 09:23:25,187 :   119/   41 dest_loss=0.028658 future_loss=0.021019 offset_loss=0.023720 kld=0.025118 cd=0.131591 en_pos=6.475628 en_neg=6.344037 pcd=True subgoal_reg=0.0027367365121909724 
2026-01-21 09:23:40,827 :   125/   41 dest_loss=0.040089 future_loss=0.028997 offset_loss=0.030115 kld=0.024073 cd=0.095830 en_pos=6.433129 en_neg=6.337298 pcd=True subgoal_reg=0.0027673611683455774 
2026-01-21 09:23:56,195 :   131/   41 dest_loss=0.029215 future_loss=0.022645 offset_loss=0.023530 kld=0.022888 cd=0.097310 en_pos=6.277584 en_neg=6.180273 pcd=True subgoal_reg=0.0026033167369786583 
2026-01-21 09:24:11,752 :   137/   41 dest_loss=0.032722 future_loss=0.022991 offset_loss=0.024831 kld=0.025072 cd=0.023921 en_pos=6.653080 en_neg=6.629158 pcd=True subgoal_reg=0.0030786419026951686 
2026-01-21 09:24:27,334 :   143/   41 dest_loss=0.034109 future_loss=0.024648 offset_loss=0.026242 kld=0.024244 cd=0.058399 en_pos=6.512858 en_neg=6.454459 pcd=True subgoal_reg=0.002641570322541165 
2026-01-21 09:24:42,945 :   149/   41 dest_loss=0.140028 future_loss=0.115695 offset_loss=0.112219 kld=0.024874 cd=0.016844 en_pos=6.320593 en_neg=6.303749 pcd=True subgoal_reg=0.002737091054771414 
2026-01-21 09:24:58,952 :   155/   41 dest_loss=0.030160 future_loss=0.021181 offset_loss=0.022683 kld=0.024880 cd=-0.227859 en_pos=6.527433 en_neg=6.755292 pcd=True subgoal_reg=0.002878861317642805 
2026-01-21 09:25:14,826 :   161/   41 dest_loss=0.030048 future_loss=0.022764 offset_loss=0.022509 kld=0.023274 cd=0.237857 en_pos=6.634228 en_neg=6.396371 pcd=True subgoal_reg=0.0026562277264772383 
2026-01-21 09:25:30,338 :   167/   41 dest_loss=0.027091 future_loss=0.019727 offset_loss=0.022471 kld=0.023939 cd=0.192589 en_pos=6.419141 en_neg=6.226552 pcd=True subgoal_reg=0.0026859080075276607 
2026-01-21 09:25:45,939 :   173/   41 dest_loss=0.032220 future_loss=0.022173 offset_loss=0.024186 kld=0.023399 cd=0.022718 en_pos=6.521167 en_neg=6.498449 pcd=True subgoal_reg=0.002953445185989209 
2026-01-21 09:26:01,518 :   179/   41 dest_loss=0.034088 future_loss=0.023445 offset_loss=0.026391 kld=0.023483 cd=0.066530 en_pos=6.515113 en_neg=6.448583 pcd=True subgoal_reg=0.002800254367426659 
2026-01-21 09:26:17,091 :   185/   41 dest_loss=0.030316 future_loss=0.022161 offset_loss=0.023685 kld=0.024136 cd=-0.045584 en_pos=6.507307 en_neg=6.552891 pcd=True subgoal_reg=0.0027028617572351695 
2026-01-21 09:26:32,675 :   191/   41 dest_loss=0.036421 future_loss=0.026407 offset_loss=0.028732 kld=0.024618 cd=0.127319 en_pos=6.525470 en_neg=6.398150 pcd=True subgoal_reg=0.002931262746188235 
2026-01-21 09:26:48,256 :   197/   41 dest_loss=0.032013 future_loss=0.023370 offset_loss=0.025029 kld=0.024444 cd=-0.073479 en_pos=6.259495 en_neg=6.332975 pcd=True subgoal_reg=0.002902365877825321 
2026-01-21 09:27:03,949 :   203/   41 dest_loss=0.034868 future_loss=0.025341 offset_loss=0.022617 kld=0.023145 cd=-0.019137 en_pos=6.487400 en_neg=6.506537 pcd=True subgoal_reg=0.0029702268723398725 
2026-01-21 09:27:19,400 :   209/   41 dest_loss=0.114767 future_loss=0.070382 offset_loss=0.116378 kld=0.025741 cd=-0.115905 en_pos=6.376767 en_neg=6.492673 pcd=True subgoal_reg=0.0029075824980931446 
2026-01-21 09:27:35,031 :   215/   41 dest_loss=0.035867 future_loss=0.025305 offset_loss=0.026920 kld=0.024951 cd=-0.148840 en_pos=6.318345 en_neg=6.467186 pcd=True subgoal_reg=0.002973409773741516 
2026-01-21 09:27:50,683 :   221/   41 dest_loss=0.070843 future_loss=0.063032 offset_loss=0.068499 kld=0.023422 cd=-0.295248 en_pos=6.308944 en_neg=6.604192 pcd=True subgoal_reg=0.0029031964648808493 
2026-01-21 09:28:06,338 :   227/   41 dest_loss=0.034793 future_loss=0.025772 offset_loss=0.027641 kld=0.024753 cd=-0.029005 en_pos=6.518821 en_neg=6.547826 pcd=True subgoal_reg=0.0028442228394133153 
2026-01-21 09:28:21,945 :   233/   41 dest_loss=0.035082 future_loss=0.024578 offset_loss=0.027490 kld=0.023550 cd=-0.134614 en_pos=6.255577 en_neg=6.390190 pcd=True subgoal_reg=0.0025079223784455463 
2026-01-21 09:28:37,596 :   239/   41 dest_loss=0.034395 future_loss=0.024610 offset_loss=0.026282 kld=0.024574 cd=0.117199 en_pos=6.537891 en_neg=6.420692 pcd=True subgoal_reg=0.002910017958262663 
2026-01-21 09:28:53,196 :   245/   41 dest_loss=0.031341 future_loss=0.022734 offset_loss=0.024277 kld=0.023153 cd=0.028452 en_pos=6.537746 en_neg=6.509294 pcd=True subgoal_reg=0.0025847051136698865 
2026-01-21 09:29:08,812 :   251/   41 dest_loss=0.036122 future_loss=0.024907 offset_loss=0.028695 kld=0.023877 cd=0.123418 en_pos=6.363934 en_neg=6.240516 pcd=True subgoal_reg=0.002722860441779516 
2026-01-21 09:29:24,444 :   257/   41 dest_loss=0.157887 future_loss=0.118189 offset_loss=0.133760 kld=0.022296 cd=0.323073 en_pos=6.577179 en_neg=6.254106 pcd=True subgoal_reg=0.002695455821414836 
2026-01-21 09:29:40,117 :   263/   41 dest_loss=0.034056 future_loss=0.025037 offset_loss=0.028043 kld=0.024666 cd=-0.132758 en_pos=6.332761 en_neg=6.465520 pcd=True subgoal_reg=0.002559507202934269 
2026-01-21 09:29:55,774 :   269/   41 dest_loss=0.032991 future_loss=0.023414 offset_loss=0.026108 kld=0.024877 cd=-0.088160 en_pos=6.478916 en_neg=6.567076 pcd=True subgoal_reg=0.0027991178267057857 
2026-01-21 09:30:11,392 :   275/   41 dest_loss=0.037095 future_loss=0.027498 offset_loss=0.026051 kld=0.022812 cd=-0.024010 en_pos=6.331415 en_neg=6.355426 pcd=True subgoal_reg=0.0025153987065323503 
2026-01-21 09:30:27,016 :   281/   41 dest_loss=0.035175 future_loss=0.025071 offset_loss=0.026922 kld=0.022975 cd=0.206036 en_pos=6.551568 en_neg=6.345532 pcd=True subgoal_reg=0.002860744064935603 
2026-01-21 09:30:42,418 :   287/   41 dest_loss=0.082930 future_loss=0.072133 offset_loss=0.081410 kld=0.023722 cd=0.139675 en_pos=6.731471 en_neg=6.591796 pcd=True subgoal_reg=0.002784139123267534 
2026-01-21 09:30:58,069 :   293/   41 dest_loss=0.032736 future_loss=0.023753 offset_loss=0.025565 kld=0.024662 cd=0.267022 en_pos=6.423408 en_neg=6.156386 pcd=True subgoal_reg=0.0028353416413911875 
2026-01-21 09:31:13,745 :   299/   41 dest_loss=0.039382 future_loss=0.028790 offset_loss=0.029899 kld=0.024995 cd=0.113672 en_pos=6.422757 en_neg=6.309085 pcd=True subgoal_reg=0.002681341661843631 
2026-01-21 09:31:29,365 :   305/   41 dest_loss=0.031739 future_loss=0.023493 offset_loss=0.025964 kld=0.024363 cd=-0.091191 en_pos=6.353373 en_neg=6.444565 pcd=True subgoal_reg=0.0026604388380503776 
2026-01-21 09:31:45,004 :   311/   41 dest_loss=0.043708 future_loss=0.030909 offset_loss=0.032684 kld=0.024205 cd=-0.283780 en_pos=6.248469 en_neg=6.532250 pcd=True subgoal_reg=0.0027233050829506256 
2026-01-21 09:32:00,671 :   317/   41 dest_loss=0.056531 future_loss=0.039515 offset_loss=0.074894 kld=0.023433 cd=0.274490 en_pos=6.627962 en_neg=6.353471 pcd=True subgoal_reg=0.002831480442178098 
2026-01-21 09:32:16,255 :   323/   41 dest_loss=0.027312 future_loss=0.019739 offset_loss=0.021458 kld=0.024777 cd=0.052099 en_pos=6.407235 en_neg=6.355136 pcd=True subgoal_reg=0.002946219769764883 
2026-01-21 09:32:31,942 :   329/   41 dest_loss=0.033202 future_loss=0.024633 offset_loss=0.026567 kld=0.024693 cd=-0.058011 en_pos=6.421438 en_neg=6.479449 pcd=True subgoal_reg=0.0029855374055231345 
2026-01-21 09:32:47,503 :   335/   41 dest_loss=0.125548 future_loss=0.082009 offset_loss=0.102480 kld=0.026442 cd=0.391139 en_pos=6.488975 en_neg=6.097835 pcd=True subgoal_reg=0.002959036371815999 
2026-01-21 09:33:03,123 :   341/   41 dest_loss=0.030182 future_loss=0.022089 offset_loss=0.024364 kld=0.024827 cd=-0.032291 en_pos=6.479201 en_neg=6.511492 pcd=True subgoal_reg=0.0028653369702041076 
2026-01-21 09:33:18,727 :   347/   41 dest_loss=0.029504 future_loss=0.021227 offset_loss=0.024165 kld=0.024834 cd=0.195685 en_pos=6.430993 en_neg=6.235308 pcd=True subgoal_reg=0.002672268244236875 
2026-01-21 09:33:34,326 :   353/   41 dest_loss=0.029167 future_loss=0.020438 offset_loss=0.024028 kld=0.022827 cd=-0.281606 en_pos=6.370212 en_neg=6.651818 pcd=True subgoal_reg=0.0025074264214498517 
2026-01-21 09:33:49,940 :   359/   41 dest_loss=0.051853 future_loss=0.046280 offset_loss=0.030438 kld=0.024605 cd=-0.025360 en_pos=6.530823 en_neg=6.556183 pcd=True subgoal_reg=0.002742061631887926 
2026-01-21 09:34:05,345 :   365/   41 dest_loss=0.028276 future_loss=0.020691 offset_loss=0.021781 kld=0.022940 cd=0.050370 en_pos=6.399085 en_neg=6.348715 pcd=True subgoal_reg=0.002774006812683304 
2026-01-21 09:34:20,916 :   371/   41 dest_loss=0.033971 future_loss=0.024375 offset_loss=0.026251 kld=0.022823 cd=0.163643 en_pos=6.432138 en_neg=6.268495 pcd=True subgoal_reg=0.002597865968295853 
2026-01-21 09:34:36,564 :   377/   41 dest_loss=0.099210 future_loss=0.078592 offset_loss=0.066772 kld=0.023622 cd=0.103702 en_pos=6.543399 en_neg=6.439697 pcd=True subgoal_reg=0.0029276594677144644 
2026-01-21 09:34:52,316 :   383/   41 dest_loss=0.036429 future_loss=0.024017 offset_loss=0.031835 kld=0.023409 cd=0.105593 en_pos=6.358160 en_neg=6.252567 pcd=True subgoal_reg=0.0030932107841999848 
2026-01-21 09:35:08,435 :   389/   41 dest_loss=0.035075 future_loss=0.024614 offset_loss=0.027220 kld=0.023829 cd=-0.399253 en_pos=6.141324 en_neg=6.540578 pcd=True subgoal_reg=0.0027205736686439002 
2026-01-21 09:35:24,094 :   395/   41 dest_loss=0.031432 future_loss=0.022893 offset_loss=0.024818 kld=0.024165 cd=-0.113405 en_pos=6.352554 en_neg=6.465958 pcd=True subgoal_reg=0.00243904848677766 
2026-01-21 09:35:39,634 :   401/   41 dest_loss=0.032649 future_loss=0.022386 offset_loss=0.025677 kld=0.022824 cd=0.068603 en_pos=6.399559 en_neg=6.330957 pcd=True subgoal_reg=0.0027448972032014978 
2026-01-21 09:35:55,200 :   407/   41 dest_loss=0.032518 future_loss=0.023386 offset_loss=0.025658 kld=0.023992 cd=0.057956 en_pos=6.394324 en_neg=6.336368 pcd=True subgoal_reg=0.0028280117984721726 
2026-01-21 09:36:10,797 :   413/   41 dest_loss=0.030713 future_loss=0.021790 offset_loss=0.024207 kld=0.023425 cd=-0.265851 en_pos=6.166451 en_neg=6.432302 pcd=True subgoal_reg=0.0027558429948792893 
2026-01-21 09:36:26,449 :   419/   41 dest_loss=0.036386 future_loss=0.023819 offset_loss=0.031455 kld=0.023394 cd=0.051081 en_pos=6.378484 en_neg=6.327403 pcd=True subgoal_reg=0.00273605178117395 
2026-01-21 09:36:42,052 :   425/   41 dest_loss=0.030874 future_loss=0.021447 offset_loss=0.023983 kld=0.023336 cd=0.211031 en_pos=6.559874 en_neg=6.348842 pcd=True subgoal_reg=0.0028116889802423323 
2026-01-21 09:36:57,596 :   431/   41 dest_loss=0.024663 future_loss=0.017754 offset_loss=0.020022 kld=0.023733 cd=0.009520 en_pos=6.319757 en_neg=6.310237 pcd=True subgoal_reg=0.002603778095260303 
2026-01-21 09:37:13,209 :   437/   41 dest_loss=0.029029 future_loss=0.020506 offset_loss=0.022796 kld=0.023248 cd=-0.024498 en_pos=6.392027 en_neg=6.416525 pcd=True subgoal_reg=0.0027885833868188745 
2026-01-21 09:37:28,643 :   443/   41 dest_loss=0.031426 future_loss=0.023766 offset_loss=0.024574 kld=0.023657 cd=0.329163 en_pos=6.491507 en_neg=6.162345 pcd=True subgoal_reg=0.0026204401651264446 
2026-01-21 09:37:44,176 :   449/   41 dest_loss=0.079305 future_loss=0.067591 offset_loss=0.064875 kld=0.024792 cd=0.136661 en_pos=6.560081 en_neg=6.423420 pcd=True subgoal_reg=0.0028176334145057734 
2026-01-21 09:37:59,820 :   455/   41 dest_loss=0.079138 future_loss=0.060576 offset_loss=0.085421 kld=0.024932 cd=0.020120 en_pos=6.602773 en_neg=6.582653 pcd=True subgoal_reg=0.0027665651355433096 
2026-01-21 09:38:15,437 :   461/   41 dest_loss=0.028637 future_loss=0.021168 offset_loss=0.023581 kld=0.024389 cd=0.019434 en_pos=6.329444 en_neg=6.310010 pcd=True subgoal_reg=0.0027250881493909957 
2026-01-21 09:38:31,110 :   467/   41 dest_loss=0.035167 future_loss=0.025119 offset_loss=0.026368 kld=0.024557 cd=0.193917 en_pos=6.510573 en_neg=6.316656 pcd=True subgoal_reg=0.00304301682302645 
2026-01-21 09:38:46,712 :   473/   41 dest_loss=0.031035 future_loss=0.023647 offset_loss=0.024316 kld=0.024273 cd=0.060821 en_pos=6.462996 en_neg=6.402175 pcd=True subgoal_reg=0.0025831525024894975 
2026-01-21 09:39:02,312 :   479/   41 dest_loss=0.031454 future_loss=0.022649 offset_loss=0.024291 kld=0.023121 cd=-0.274623 en_pos=6.141800 en_neg=6.416423 pcd=True subgoal_reg=0.002852068875194385 
2026-01-21 09:39:17,943 :   485/   41 dest_loss=0.038661 future_loss=0.028224 offset_loss=0.029735 kld=0.023806 cd=-0.088514 en_pos=6.431516 en_neg=6.520030 pcd=True subgoal_reg=0.002638140827850987 
2026-01-21 09:39:33,510 :   491/   41 dest_loss=0.031219 future_loss=0.021947 offset_loss=0.024508 kld=0.023418 cd=0.004696 en_pos=6.451723 en_neg=6.447027 pcd=True subgoal_reg=0.0027173323370420577 
2026-01-21 09:39:49,126 :   497/   41 dest_loss=0.090860 future_loss=0.066564 offset_loss=0.044350 kld=0.024602 cd=-0.018438 en_pos=6.446998 en_neg=6.465436 pcd=True subgoal_reg=0.0026789839145336144 
2026-01-21 09:40:04,822 :   503/   41 dest_loss=0.030741 future_loss=0.022242 offset_loss=0.024245 kld=0.023126 cd=0.319105 en_pos=6.563015 en_neg=6.243910 pcd=True subgoal_reg=0.0027055340923051847 
2026-01-21 09:40:20,441 :   509/   41 dest_loss=0.036348 future_loss=0.025518 offset_loss=0.027380 kld=0.022839 cd=-0.067989 en_pos=6.377292 en_neg=6.445281 pcd=True subgoal_reg=0.0030592915657431117 
2026-01-21 09:41:55,381 : Train Loss 90.81314806339758
2026-01-21 09:41:55,382 : Overall Loss 17.12255610153243
2026-01-21 09:41:55,382 : Dest Loss 22.770248000769566
2026-01-21 09:41:55,382 : Val ADE 0.11900367077251661
2026-01-21 09:41:55,382 : Val FDE 0.14181936097659328
2026-01-21 09:41:55,382 : Val Best ADE 0.11827046766743558
2026-01-21 09:41:55,382 : Val Best FDE 0.14213166484597517
2026-01-21 09:41:55,382 : ----->learning rate 4.8828125e-06
2026-01-21 09:42:11,185 :     5/   42 dest_loss=0.141355 future_loss=0.104165 offset_loss=0.116487 kld=0.023035 cd=0.081236 en_pos=6.448125 en_neg=6.366888 pcd=True subgoal_reg=0.002662981447542302 
2026-01-21 09:42:26,787 :    11/   42 dest_loss=0.034266 future_loss=0.026660 offset_loss=0.021647 kld=0.024512 cd=-0.096295 en_pos=6.597218 en_neg=6.693513 pcd=True subgoal_reg=0.00279638030095117 
2026-01-21 09:42:42,343 :    17/   42 dest_loss=0.037618 future_loss=0.027119 offset_loss=0.029484 kld=0.024114 cd=0.224013 en_pos=6.398231 en_neg=6.174218 pcd=True subgoal_reg=0.002473215858475954 
2026-01-21 09:42:57,950 :    23/   42 dest_loss=0.035649 future_loss=0.026139 offset_loss=0.027222 kld=0.023614 cd=0.066213 en_pos=6.578204 en_neg=6.511990 pcd=True subgoal_reg=0.0025775681109535768 
2026-01-21 09:43:13,563 :    29/   42 dest_loss=0.030770 future_loss=0.022456 offset_loss=0.024603 kld=0.024767 cd=0.024362 en_pos=6.371971 en_neg=6.347609 pcd=True subgoal_reg=0.0025361626276047843 
2026-01-21 09:43:29,195 :    35/   42 dest_loss=0.146982 future_loss=0.097310 offset_loss=0.138160 kld=0.026342 cd=0.121644 en_pos=6.611980 en_neg=6.490336 pcd=True subgoal_reg=0.003291861778888317 
2026-01-21 09:43:44,814 :    41/   42 dest_loss=0.028216 future_loss=0.020974 offset_loss=0.023219 kld=0.023674 cd=0.054735 en_pos=6.421928 en_neg=6.367193 pcd=True subgoal_reg=0.0026991071998219603 
2026-01-21 09:44:00,498 :    47/   42 dest_loss=0.035330 future_loss=0.024221 offset_loss=0.026153 kld=0.023228 cd=0.099610 en_pos=6.479855 en_neg=6.380245 pcd=True subgoal_reg=0.002788734100727515 
2026-01-21 09:44:15,863 :    53/   42 dest_loss=0.033035 future_loss=0.023189 offset_loss=0.026560 kld=0.023231 cd=0.049789 en_pos=6.347665 en_neg=6.297876 pcd=True subgoal_reg=0.0028768959506755122 
2026-01-21 09:44:31,471 :    59/   42 dest_loss=0.032746 future_loss=0.022650 offset_loss=0.025695 kld=0.023609 cd=0.107105 en_pos=6.588294 en_neg=6.481188 pcd=True subgoal_reg=0.002947541554750485 
2026-01-21 09:44:47,068 :    65/   42 dest_loss=0.033383 future_loss=0.023025 offset_loss=0.026784 kld=0.022859 cd=-0.115959 en_pos=6.321966 en_neg=6.437924 pcd=True subgoal_reg=0.002697402087800911 
2026-01-21 09:45:03,214 :    71/   42 dest_loss=0.027351 future_loss=0.019831 offset_loss=0.021417 kld=0.022890 cd=0.025724 en_pos=6.396875 en_neg=6.371151 pcd=True subgoal_reg=0.0025972002159919444 
2026-01-21 09:45:19,037 :    77/   42 dest_loss=0.032368 future_loss=0.023229 offset_loss=0.024925 kld=0.024278 cd=-0.019467 en_pos=6.392971 en_neg=6.412437 pcd=True subgoal_reg=0.00287540921509302 
2026-01-21 09:45:34,670 :    83/   42 dest_loss=0.032376 future_loss=0.023169 offset_loss=0.026681 kld=0.024211 cd=-0.093481 en_pos=6.437978 en_neg=6.531459 pcd=True subgoal_reg=0.00262578380107196 
2026-01-21 09:45:50,282 :    89/   42 dest_loss=0.033106 future_loss=0.025628 offset_loss=0.020614 kld=0.023946 cd=0.077569 en_pos=6.539232 en_neg=6.461663 pcd=True subgoal_reg=0.0027003992236502832 
2026-01-21 09:46:05,893 :    95/   42 dest_loss=0.033075 future_loss=0.022969 offset_loss=0.027196 kld=0.022935 cd=0.184391 en_pos=6.510297 en_neg=6.325905 pcd=True subgoal_reg=0.0026397676488317053 
2026-01-21 09:46:21,536 :   101/   42 dest_loss=0.034338 future_loss=0.024621 offset_loss=0.027892 kld=0.024406 cd=-0.073237 en_pos=6.240973 en_neg=6.314210 pcd=True subgoal_reg=0.002537098990532221 
2026-01-21 09:46:37,154 :   107/   42 dest_loss=0.028429 future_loss=0.020793 offset_loss=0.022338 kld=0.024884 cd=-0.214391 en_pos=6.251067 en_neg=6.465458 pcd=True subgoal_reg=0.0027339138001833247 
2026-01-21 09:46:52,751 :   113/   42 dest_loss=0.030866 future_loss=0.023808 offset_loss=0.019444 kld=0.024531 cd=-0.166474 en_pos=6.509232 en_neg=6.675706 pcd=True subgoal_reg=0.0028901073024665052 
2026-01-21 09:47:08,303 :   119/   42 dest_loss=0.028941 future_loss=0.021711 offset_loss=0.023863 kld=0.025097 cd=-0.074679 en_pos=6.467230 en_neg=6.541910 pcd=True subgoal_reg=0.002962417774654578 
2026-01-21 09:47:23,905 :   125/   42 dest_loss=0.026564 future_loss=0.019101 offset_loss=0.021997 kld=0.023321 cd=-0.029084 en_pos=6.347814 en_neg=6.376898 pcd=True subgoal_reg=0.002825550468590957 
2026-01-21 09:47:39,307 :   131/   42 dest_loss=0.036523 future_loss=0.026878 offset_loss=0.027499 kld=0.022901 cd=0.127077 en_pos=6.467007 en_neg=6.339930 pcd=True subgoal_reg=0.0026449167847345315 
2026-01-21 09:47:54,937 :   137/   42 dest_loss=0.034480 future_loss=0.025122 offset_loss=0.027068 kld=0.024575 cd=0.010372 en_pos=6.464884 en_neg=6.454512 pcd=True subgoal_reg=0.00279908208276954 
2026-01-21 09:48:10,606 :   143/   42 dest_loss=0.067433 future_loss=0.057733 offset_loss=0.058745 kld=0.023469 cd=0.111367 en_pos=6.424024 en_neg=6.312657 pcd=True subgoal_reg=0.0026587187716154382 
2026-01-21 09:48:26,210 :   149/   42 dest_loss=0.027079 future_loss=0.019053 offset_loss=0.021347 kld=0.023250 cd=-0.182283 en_pos=6.505411 en_neg=6.687695 pcd=True subgoal_reg=0.002672786905260808 
2026-01-21 09:48:41,806 :   155/   42 dest_loss=0.034174 future_loss=0.025103 offset_loss=0.027619 kld=0.024313 cd=0.029342 en_pos=6.418253 en_neg=6.388912 pcd=True subgoal_reg=0.0026221543211706684 
2026-01-21 09:48:57,429 :   161/   42 dest_loss=0.089564 future_loss=0.072702 offset_loss=0.086738 kld=0.026314 cd=-0.138288 en_pos=6.602188 en_neg=6.740476 pcd=True subgoal_reg=0.002960907354585235 
2026-01-21 09:49:13,065 :   167/   42 dest_loss=0.034568 future_loss=0.024740 offset_loss=0.026871 kld=0.025407 cd=0.096292 en_pos=6.583008 en_neg=6.486717 pcd=True subgoal_reg=0.0026808462307092943 
2026-01-21 09:49:28,689 :   173/   42 dest_loss=0.030821 future_loss=0.022773 offset_loss=0.022987 kld=0.023133 cd=0.088532 en_pos=6.420916 en_neg=6.332384 pcd=True subgoal_reg=0.0027062891237008024 
2026-01-21 09:49:44,235 :   179/   42 dest_loss=0.175204 future_loss=0.137548 offset_loss=0.139018 kld=0.024930 cd=0.037965 en_pos=6.637345 en_neg=6.599380 pcd=True subgoal_reg=0.002982150900192647 
2026-01-21 09:49:59,844 :   185/   42 dest_loss=0.032108 future_loss=0.023851 offset_loss=0.025250 kld=0.023712 cd=0.084023 en_pos=6.459631 en_neg=6.375608 pcd=True subgoal_reg=0.0028510218396557993 
2026-01-21 09:50:15,456 :   191/   42 dest_loss=0.036162 future_loss=0.023442 offset_loss=0.030870 kld=0.022917 cd=-0.103036 en_pos=6.162622 en_neg=6.265659 pcd=True subgoal_reg=0.0026053667368995583 
2026-01-21 09:50:31,050 :   197/   42 dest_loss=0.032411 future_loss=0.022430 offset_loss=0.024442 kld=0.023331 cd=-0.028570 en_pos=6.369044 en_neg=6.397614 pcd=True subgoal_reg=0.0028491866948493812 
2026-01-21 09:50:46,661 :   203/   42 dest_loss=0.164867 future_loss=0.137692 offset_loss=0.102088 kld=0.025379 cd=-0.092343 en_pos=6.596705 en_neg=6.689049 pcd=True subgoal_reg=0.0025927258837157834 
2026-01-21 09:51:02,076 :   209/   42 dest_loss=0.030899 future_loss=0.022081 offset_loss=0.022766 kld=0.022911 cd=0.032673 en_pos=6.506288 en_neg=6.473615 pcd=True subgoal_reg=0.0026067788046363503 
2026-01-21 09:51:17,765 :   215/   42 dest_loss=0.034546 future_loss=0.024329 offset_loss=0.026351 kld=0.023119 cd=-0.062187 en_pos=6.357335 en_neg=6.419521 pcd=True subgoal_reg=0.0025308347358518777 
2026-01-21 09:51:33,418 :   221/   42 dest_loss=0.031732 future_loss=0.022403 offset_loss=0.023898 kld=0.024172 cd=-0.064226 en_pos=6.653804 en_neg=6.718030 pcd=True subgoal_reg=0.0028929429075002003 
2026-01-21 09:51:49,036 :   227/   42 dest_loss=0.035328 future_loss=0.025345 offset_loss=0.027300 kld=0.024505 cd=0.203739 en_pos=6.523314 en_neg=6.319575 pcd=True subgoal_reg=0.0027163515063114395 
2026-01-21 09:52:04,628 :   233/   42 dest_loss=0.028603 future_loss=0.020628 offset_loss=0.022204 kld=0.023937 cd=-0.203256 en_pos=6.301574 en_neg=6.504829 pcd=True subgoal_reg=0.002749087750436011 
2026-01-21 09:52:20,184 :   239/   42 dest_loss=0.037603 future_loss=0.027387 offset_loss=0.028031 kld=0.024467 cd=0.006257 en_pos=6.397527 en_neg=6.391270 pcd=True subgoal_reg=0.0026209468754713585 
2026-01-21 09:52:35,751 :   245/   42 dest_loss=0.026864 future_loss=0.019943 offset_loss=0.022545 kld=0.023429 cd=0.162855 en_pos=6.368946 en_neg=6.206091 pcd=True subgoal_reg=0.002504231803707755 
2026-01-21 09:52:51,404 :   251/   42 dest_loss=0.095401 future_loss=0.088414 offset_loss=0.071512 kld=0.024070 cd=-0.271279 en_pos=6.218935 en_neg=6.490214 pcd=True subgoal_reg=0.0027117980255101817 
2026-01-21 09:53:06,970 :   257/   42 dest_loss=0.030110 future_loss=0.022043 offset_loss=0.024243 kld=0.024398 cd=0.104068 en_pos=6.317976 en_neg=6.213908 pcd=True subgoal_reg=0.0026333301737324964 
2026-01-21 09:53:22,561 :   263/   42 dest_loss=0.028715 future_loss=0.020342 offset_loss=0.021231 kld=0.023231 cd=-0.079941 en_pos=6.484405 en_neg=6.564346 pcd=True subgoal_reg=0.0028485239471506417 
2026-01-21 09:53:38,171 :   269/   42 dest_loss=0.029763 future_loss=0.021767 offset_loss=0.022891 kld=0.024165 cd=-0.114444 en_pos=6.333595 en_neg=6.448038 pcd=True subgoal_reg=0.0027400582797746263 
2026-01-21 09:53:53,752 :   275/   42 dest_loss=0.035270 future_loss=0.025845 offset_loss=0.027157 kld=0.023348 cd=-0.084887 en_pos=6.477850 en_neg=6.562737 pcd=True subgoal_reg=0.00268586367192374 
2026-01-21 09:54:09,355 :   281/   42 dest_loss=0.031912 future_loss=0.023162 offset_loss=0.025729 kld=0.023946 cd=0.111171 en_pos=6.530568 en_neg=6.419398 pcd=True subgoal_reg=0.0028915585989662262 
2026-01-21 09:54:24,754 :   287/   42 dest_loss=0.030300 future_loss=0.022628 offset_loss=0.023942 kld=0.024020 cd=0.242481 en_pos=6.653969 en_neg=6.411487 pcd=True subgoal_reg=0.0027572128763284965 
2026-01-21 09:54:40,321 :   293/   42 dest_loss=0.090188 future_loss=0.053567 offset_loss=0.080456 kld=0.024038 cd=-0.041565 en_pos=6.500240 en_neg=6.541805 pcd=True subgoal_reg=0.0028279444252944912 
2026-01-21 09:54:56,290 :   299/   42 dest_loss=0.037234 future_loss=0.028867 offset_loss=0.024165 kld=0.023668 cd=0.081692 en_pos=6.426610 en_neg=6.344918 pcd=True subgoal_reg=0.0030220799038310044 
2026-01-21 09:55:12,220 :   305/   42 dest_loss=0.029819 future_loss=0.021569 offset_loss=0.023552 kld=0.023555 cd=0.082669 en_pos=6.507918 en_neg=6.425250 pcd=True subgoal_reg=0.002725383943127527 
2026-01-21 09:55:27,869 :   311/   42 dest_loss=0.028381 future_loss=0.020789 offset_loss=0.022086 kld=0.024979 cd=0.137076 en_pos=6.422163 en_neg=6.285088 pcd=True subgoal_reg=0.0027754058182692747 
2026-01-21 09:55:43,535 :   317/   42 dest_loss=0.031624 future_loss=0.023043 offset_loss=0.024595 kld=0.024720 cd=-0.086769 en_pos=6.480455 en_neg=6.567225 pcd=True subgoal_reg=0.002689882054178906 
2026-01-21 09:55:59,260 :   323/   42 dest_loss=0.028465 future_loss=0.020772 offset_loss=0.022016 kld=0.023390 cd=-0.086302 en_pos=6.601176 en_neg=6.687478 pcd=True subgoal_reg=0.0028403162599163565 
2026-01-21 09:56:14,913 :   329/   42 dest_loss=0.029373 future_loss=0.020953 offset_loss=0.022632 kld=0.023406 cd=0.098281 en_pos=6.529384 en_neg=6.431103 pcd=True subgoal_reg=0.002800861213144454 
2026-01-21 09:56:30,478 :   335/   42 dest_loss=0.106888 future_loss=0.098834 offset_loss=0.070670 kld=0.024311 cd=0.100828 en_pos=6.429502 en_neg=6.328674 pcd=True subgoal_reg=0.0025971516531753634 
2026-01-21 09:56:46,120 :   341/   42 dest_loss=0.035885 future_loss=0.025832 offset_loss=0.028051 kld=0.024819 cd=0.120303 en_pos=6.642144 en_neg=6.521842 pcd=True subgoal_reg=0.002997637414994819 
2026-01-21 09:57:01,798 :   347/   42 dest_loss=0.039095 future_loss=0.029270 offset_loss=0.025073 kld=0.023654 cd=0.110659 en_pos=6.452717 en_neg=6.342058 pcd=True subgoal_reg=0.002853556099456117 
2026-01-21 09:57:17,439 :   353/   42 dest_loss=0.029835 future_loss=0.019769 offset_loss=0.027049 kld=0.023128 cd=-0.144263 en_pos=6.310738 en_neg=6.455001 pcd=True subgoal_reg=0.0028810801765592857 
2026-01-21 09:57:33,018 :   359/   42 dest_loss=0.031189 future_loss=0.021839 offset_loss=0.024755 kld=0.023174 cd=0.019229 en_pos=6.525460 en_neg=6.506230 pcd=True subgoal_reg=0.0027483254629433037 
2026-01-21 09:57:48,428 :   365/   42 dest_loss=0.034928 future_loss=0.024523 offset_loss=0.024818 kld=0.023415 cd=0.080070 en_pos=6.549500 en_neg=6.469429 pcd=True subgoal_reg=0.002690605431141139 
2026-01-21 09:58:04,101 :   371/   42 dest_loss=0.032127 future_loss=0.023807 offset_loss=0.022664 kld=0.023236 cd=0.045408 en_pos=6.558044 en_neg=6.512636 pcd=True subgoal_reg=0.0027772863844591914 
2026-01-21 09:58:19,699 :   377/   42 dest_loss=0.031914 future_loss=0.022915 offset_loss=0.024071 kld=0.022967 cd=0.269168 en_pos=6.514409 en_neg=6.245241 pcd=True subgoal_reg=0.002868196358078321 
2026-01-21 09:58:35,283 :   383/   42 dest_loss=0.027113 future_loss=0.019679 offset_loss=0.021226 kld=0.022638 cd=-0.082720 en_pos=6.295719 en_neg=6.378439 pcd=True subgoal_reg=0.002458787092816695 
2026-01-21 09:58:50,902 :   389/   42 dest_loss=0.170777 future_loss=0.134407 offset_loss=0.076369 kld=0.026115 cd=0.197631 en_pos=6.487120 en_neg=6.289489 pcd=True subgoal_reg=0.002597347086335638 
2026-01-21 09:59:06,526 :   395/   42 dest_loss=0.034150 future_loss=0.024369 offset_loss=0.025963 kld=0.024802 cd=0.180129 en_pos=6.597670 en_neg=6.417541 pcd=True subgoal_reg=0.0027591713533075156 
2026-01-21 09:59:22,135 :   401/   42 dest_loss=0.032407 future_loss=0.023363 offset_loss=0.025736 kld=0.024435 cd=-0.140663 en_pos=6.260511 en_neg=6.401175 pcd=True subgoal_reg=0.0027508455382373818 
2026-01-21 09:59:37,754 :   407/   42 dest_loss=0.029279 future_loss=0.020686 offset_loss=0.023771 kld=0.023269 cd=-0.141327 en_pos=6.437788 en_neg=6.579115 pcd=True subgoal_reg=0.002811554662082728 
2026-01-21 09:59:53,381 :   413/   42 dest_loss=0.032159 future_loss=0.023740 offset_loss=0.024756 kld=0.024849 cd=0.041270 en_pos=6.516452 en_neg=6.475182 pcd=True subgoal_reg=0.0028786324220833525 
2026-01-21 10:00:09,013 :   419/   42 dest_loss=0.029324 future_loss=0.021399 offset_loss=0.023984 kld=0.023629 cd=0.083755 en_pos=6.434619 en_neg=6.350865 pcd=True subgoal_reg=0.00254131337994745 
2026-01-21 10:00:24,657 :   425/   42 dest_loss=0.036191 future_loss=0.026231 offset_loss=0.028508 kld=0.024418 cd=0.172713 en_pos=6.543510 en_neg=6.370797 pcd=True subgoal_reg=0.0027068487489163443 
2026-01-21 10:00:40,236 :   431/   42 dest_loss=0.031682 future_loss=0.021278 offset_loss=0.029154 kld=0.023597 cd=0.120385 en_pos=6.590548 en_neg=6.470163 pcd=True subgoal_reg=0.0029802437684745076 
2026-01-21 10:00:55,894 :   437/   42 dest_loss=0.033318 future_loss=0.024443 offset_loss=0.025957 kld=0.024196 cd=-0.066194 en_pos=6.460707 en_neg=6.526901 pcd=True subgoal_reg=0.0028222497786648247 
2026-01-21 10:01:11,332 :   443/   42 dest_loss=0.032945 future_loss=0.023797 offset_loss=0.025878 kld=0.024749 cd=0.023997 en_pos=6.556046 en_neg=6.532049 pcd=True subgoal_reg=0.0026532360327184558 
2026-01-21 10:01:27,016 :   449/   42 dest_loss=0.109504 future_loss=0.082274 offset_loss=0.083853 kld=0.024941 cd=-0.014625 en_pos=6.292129 en_neg=6.306755 pcd=True subgoal_reg=0.0025434744930833615 
2026-01-21 10:01:42,676 :   455/   42 dest_loss=0.032102 future_loss=0.023421 offset_loss=0.025374 kld=0.024756 cd=0.211488 en_pos=6.621626 en_neg=6.410137 pcd=True subgoal_reg=0.0029634406208132198 
2026-01-21 10:01:58,329 :   461/   42 dest_loss=0.035551 future_loss=0.024217 offset_loss=0.026917 kld=0.023641 cd=-0.030049 en_pos=6.343824 en_neg=6.373874 pcd=True subgoal_reg=0.002935561789634 
2026-01-21 10:02:13,954 :   467/   42 dest_loss=0.027449 future_loss=0.019879 offset_loss=0.021532 kld=0.024482 cd=0.137642 en_pos=6.494236 en_neg=6.356594 pcd=True subgoal_reg=0.0026745634914980597 
2026-01-21 10:02:29,543 :   473/   42 dest_loss=0.035197 future_loss=0.025711 offset_loss=0.027804 kld=0.024933 cd=0.036369 en_pos=6.417072 en_neg=6.380703 pcd=True subgoal_reg=0.0031508568303411735 
2026-01-21 10:02:45,179 :   479/   42 dest_loss=0.034296 future_loss=0.024832 offset_loss=0.027301 kld=0.024727 cd=-0.080646 en_pos=6.316358 en_neg=6.397003 pcd=True subgoal_reg=0.0028561676678672426 
2026-01-21 10:03:00,789 :   485/   42 dest_loss=0.031300 future_loss=0.022755 offset_loss=0.025138 kld=0.024004 cd=-0.065924 en_pos=6.405793 en_neg=6.471717 pcd=True subgoal_reg=0.002738112594081519 
2026-01-21 10:03:16,454 :   491/   42 dest_loss=0.032581 future_loss=0.024239 offset_loss=0.025085 kld=0.023995 cd=-0.172679 en_pos=6.484418 en_neg=6.657097 pcd=True subgoal_reg=0.0026245521682458227 
2026-01-21 10:03:32,046 :   497/   42 dest_loss=0.035615 future_loss=0.026318 offset_loss=0.028024 kld=0.024889 cd=0.021180 en_pos=6.325818 en_neg=6.304639 pcd=True subgoal_reg=0.0028818822589349044 
2026-01-21 10:03:47,687 :   503/   42 dest_loss=0.038495 future_loss=0.027384 offset_loss=0.029695 kld=0.024395 cd=-0.027696 en_pos=6.357266 en_neg=6.384961 pcd=True subgoal_reg=0.0027270091717720253 
2026-01-21 10:04:03,318 :   509/   42 dest_loss=0.031120 future_loss=0.023348 offset_loss=0.024602 kld=0.024245 cd=-0.050307 en_pos=6.395037 en_neg=6.445343 pcd=True subgoal_reg=0.0026582953323517323 
2026-01-21 10:05:41,010 : Train Loss 93.46670160915238
2026-01-21 10:05:41,010 : Overall Loss 17.727920322384204
2026-01-21 10:05:41,010 : Dest Loss 23.87402449492721
2026-01-21 10:05:41,011 : Val ADE 0.11849825043318353
2026-01-21 10:05:41,011 : Val FDE 0.14184653219227114
2026-01-21 10:05:41,011 : Val Best ADE 0.11827046766743558
2026-01-21 10:05:41,011 : Val Best FDE 0.14213166484597517
2026-01-21 10:05:41,011 : ----->learning rate 4.8828125e-06
2026-01-21 10:05:57,138 :     5/   43 dest_loss=0.170593 future_loss=0.168895 offset_loss=0.117518 kld=0.027399 cd=-0.202235 en_pos=6.300621 en_neg=6.502855 pcd=True subgoal_reg=0.002906277194410937 
2026-01-21 10:06:13,061 :    11/   43 dest_loss=0.033750 future_loss=0.024795 offset_loss=0.023629 kld=0.023725 cd=0.140245 en_pos=6.486800 en_neg=6.346555 pcd=True subgoal_reg=0.0028887580416877157 
2026-01-21 10:06:28,966 :    17/   43 dest_loss=0.033455 future_loss=0.024087 offset_loss=0.025862 kld=0.025263 cd=-0.034314 en_pos=6.448514 en_neg=6.482828 pcd=True subgoal_reg=0.002831218722141593 
2026-01-21 10:06:44,883 :    23/   43 dest_loss=0.038275 future_loss=0.026035 offset_loss=0.032696 kld=0.024012 cd=0.029762 en_pos=6.362604 en_neg=6.332842 pcd=True subgoal_reg=0.002839889088797343 
2026-01-21 10:07:00,793 :    29/   43 dest_loss=0.027551 future_loss=0.019960 offset_loss=0.023046 kld=0.024604 cd=0.023198 en_pos=6.405295 en_neg=6.382097 pcd=True subgoal_reg=0.0028981323775061074 
2026-01-21 10:07:16,997 :    35/   43 dest_loss=0.032083 future_loss=0.023255 offset_loss=0.022666 kld=0.022867 cd=-0.021714 en_pos=6.350018 en_neg=6.371732 pcd=True subgoal_reg=0.0027129089066771357 
2026-01-21 10:07:34,024 :    41/   43 dest_loss=0.028111 future_loss=0.020212 offset_loss=0.021617 kld=0.022875 cd=-0.110044 en_pos=6.137374 en_neg=6.247418 pcd=True subgoal_reg=0.0026943150728409087 
2026-01-21 10:07:49,731 :    47/   43 dest_loss=0.030249 future_loss=0.020717 offset_loss=0.022998 kld=0.022726 cd=-0.170653 en_pos=6.314333 en_neg=6.484986 pcd=True subgoal_reg=0.0027072031894231022 
2026-01-21 10:08:05,759 :    53/   43 dest_loss=0.037257 future_loss=0.023837 offset_loss=0.032961 kld=0.023350 cd=0.000704 en_pos=6.340578 en_neg=6.339875 pcd=True subgoal_reg=0.0029312259706486994 
2026-01-21 10:08:21,681 :    59/   43 dest_loss=0.030298 future_loss=0.019798 offset_loss=0.028439 kld=0.023577 cd=0.022156 en_pos=6.325896 en_neg=6.303740 pcd=True subgoal_reg=0.0027312951650938517 
2026-01-21 10:08:37,708 :    65/   43 dest_loss=0.128394 future_loss=0.087715 offset_loss=0.120428 kld=0.022978 cd=-0.038664 en_pos=6.384076 en_neg=6.422739 pcd=True subgoal_reg=0.002768539425451329 
2026-01-21 10:08:53,470 :    71/   43 dest_loss=0.033127 future_loss=0.024039 offset_loss=0.026603 kld=0.025567 cd=-0.139188 en_pos=6.538364 en_neg=6.677551 pcd=True subgoal_reg=0.003134159938185273 
2026-01-21 10:09:09,279 :    77/   43 dest_loss=0.030891 future_loss=0.021380 offset_loss=0.024335 kld=0.023263 cd=-0.044174 en_pos=6.317368 en_neg=6.361542 pcd=True subgoal_reg=0.00270688711350671 
2026-01-21 10:09:25,138 :    83/   43 dest_loss=0.037798 future_loss=0.026450 offset_loss=0.027752 kld=0.024915 cd=0.097102 en_pos=6.658187 en_neg=6.561084 pcd=True subgoal_reg=0.0029785945504473225 
2026-01-21 10:09:40,848 :    89/   43 dest_loss=0.039320 future_loss=0.028029 offset_loss=0.029022 kld=0.025313 cd=0.044220 en_pos=6.476705 en_neg=6.432485 pcd=True subgoal_reg=0.002856438114077411 
2026-01-21 10:09:56,649 :    95/   43 dest_loss=0.036896 future_loss=0.025667 offset_loss=0.026859 kld=0.024072 cd=-0.127748 en_pos=6.379733 en_neg=6.507480 pcd=True subgoal_reg=0.0030713692621567924 
2026-01-21 10:10:12,423 :   101/   43 dest_loss=0.177196 future_loss=0.123581 offset_loss=0.156049 kld=0.023266 cd=0.201697 en_pos=6.328394 en_neg=6.126697 pcd=True subgoal_reg=0.0026332944874334196 
2026-01-21 10:10:28,312 :   107/   43 dest_loss=0.039542 future_loss=0.029359 offset_loss=0.031880 kld=0.024685 cd=0.059542 en_pos=6.464458 en_neg=6.404916 pcd=True subgoal_reg=0.0026877825635224987 
2026-01-21 10:10:44,438 :   113/   43 dest_loss=0.029815 future_loss=0.021424 offset_loss=0.023989 kld=0.024584 cd=0.024591 en_pos=6.497377 en_neg=6.472786 pcd=True subgoal_reg=0.0027888246633790657 
2026-01-21 10:11:01,009 :   119/   43 dest_loss=0.030958 future_loss=0.021509 offset_loss=0.023917 kld=0.023191 cd=0.027965 en_pos=6.486031 en_neg=6.458066 pcd=True subgoal_reg=0.0028004187957853454 
2026-01-21 10:11:17,069 :   125/   43 dest_loss=0.032090 future_loss=0.022724 offset_loss=0.026357 kld=0.022921 cd=-0.177905 en_pos=6.285360 en_neg=6.463265 pcd=True subgoal_reg=0.0025371896965656815 
2026-01-21 10:11:32,962 :   131/   43 dest_loss=0.033593 future_loss=0.024013 offset_loss=0.025425 kld=0.023090 cd=-0.221795 en_pos=6.252783 en_neg=6.474577 pcd=True subgoal_reg=0.0025853307715377706 
2026-01-21 10:11:48,818 :   137/   43 dest_loss=0.034368 future_loss=0.025573 offset_loss=0.025865 kld=0.024542 cd=-0.043521 en_pos=6.409001 en_neg=6.452523 pcd=True subgoal_reg=0.00275144619978967 
2026-01-21 10:12:04,771 :   143/   43 dest_loss=0.162161 future_loss=0.146524 offset_loss=0.085560 kld=0.026736 cd=-0.030754 en_pos=6.429218 en_neg=6.459972 pcd=True subgoal_reg=0.002731223078746712 
2026-01-21 10:12:20,817 :   149/   43 dest_loss=0.030643 future_loss=0.021685 offset_loss=0.025106 kld=0.024468 cd=0.060372 en_pos=6.443765 en_neg=6.383393 pcd=True subgoal_reg=0.0027163386873527273 
2026-01-21 10:12:36,796 :   155/   43 dest_loss=0.034090 future_loss=0.024963 offset_loss=0.027022 kld=0.025351 cd=0.010805 en_pos=6.423021 en_neg=6.412217 pcd=True subgoal_reg=0.0026855853048306268 
2026-01-21 10:12:52,755 :   161/   43 dest_loss=0.040685 future_loss=0.028581 offset_loss=0.032028 kld=0.025568 cd=0.056281 en_pos=6.639310 en_neg=6.583029 pcd=True subgoal_reg=0.0028511619970716675 
2026-01-21 10:13:08,604 :   167/   43 dest_loss=0.034517 future_loss=0.025726 offset_loss=0.026202 kld=0.023924 cd=-0.120351 en_pos=6.244416 en_neg=6.364767 pcd=True subgoal_reg=0.0026867329786440667 
2026-01-21 10:13:24,651 :   173/   43 dest_loss=0.026435 future_loss=0.019229 offset_loss=0.021379 kld=0.023269 cd=-0.029913 en_pos=6.424334 en_neg=6.454247 pcd=True subgoal_reg=0.0027611444133503913 
2026-01-21 10:13:40,544 :   179/   43 dest_loss=0.123743 future_loss=0.108760 offset_loss=0.117088 kld=0.024917 cd=-0.000893 en_pos=6.482685 en_neg=6.483579 pcd=True subgoal_reg=0.002810940515727765 
2026-01-21 10:13:56,516 :   185/   43 dest_loss=0.029079 future_loss=0.020639 offset_loss=0.023565 kld=0.024343 cd=-0.018252 en_pos=6.452864 en_neg=6.471117 pcd=True subgoal_reg=0.0025623009986546525 
2026-01-21 10:14:12,410 :   191/   43 dest_loss=0.092925 future_loss=0.098465 offset_loss=0.076606 kld=0.024557 cd=0.109676 en_pos=6.299962 en_neg=6.190286 pcd=True subgoal_reg=0.0025339906156755273 
2026-01-21 10:14:29,023 :   197/   43 dest_loss=0.038044 future_loss=0.027340 offset_loss=0.030182 kld=0.024296 cd=0.066330 en_pos=6.474955 en_neg=6.408625 pcd=True subgoal_reg=0.002524448081308746 
2026-01-21 10:14:44,911 :   203/   43 dest_loss=0.029912 future_loss=0.022277 offset_loss=0.023709 kld=0.024387 cd=-0.189246 en_pos=6.338390 en_neg=6.527636 pcd=True subgoal_reg=0.002797346945619855 
2026-01-21 10:15:00,832 :   209/   43 dest_loss=0.033427 future_loss=0.025597 offset_loss=0.021276 kld=0.023198 cd=0.098481 en_pos=6.528234 en_neg=6.429753 pcd=True subgoal_reg=0.0025878847076675777 
2026-01-21 10:15:16,802 :   215/   43 dest_loss=0.036516 future_loss=0.025838 offset_loss=0.028396 kld=0.024141 cd=0.162400 en_pos=6.445448 en_neg=6.283049 pcd=True subgoal_reg=0.0026080443940878955 
2026-01-21 10:15:32,830 :   221/   43 dest_loss=0.151063 future_loss=0.128686 offset_loss=0.111892 kld=0.026263 cd=0.132463 en_pos=6.551076 en_neg=6.418613 pcd=True subgoal_reg=0.0030734065568223546 
2026-01-21 10:15:48,731 :   227/   43 dest_loss=0.034874 future_loss=0.025156 offset_loss=0.026811 kld=0.024876 cd=-0.037290 en_pos=6.422682 en_neg=6.459972 pcd=True subgoal_reg=0.002582257950697527 
2026-01-21 10:16:04,660 :   233/   43 dest_loss=0.032641 future_loss=0.021048 offset_loss=0.027935 kld=0.023454 cd=-0.076414 en_pos=6.483122 en_neg=6.559537 pcd=True subgoal_reg=0.002870481214010923 
2026-01-21 10:16:20,766 :   239/   43 dest_loss=0.033287 future_loss=0.024490 offset_loss=0.025990 kld=0.024615 cd=-0.151142 en_pos=6.262892 en_neg=6.414034 pcd=True subgoal_reg=0.002696987032487963 
2026-01-21 10:16:37,338 :   245/   43 dest_loss=0.031951 future_loss=0.022740 offset_loss=0.025508 kld=0.023184 cd=0.047620 en_pos=6.372233 en_neg=6.324613 pcd=True subgoal_reg=0.002548114786458064 
2026-01-21 10:16:54,055 :   251/   43 dest_loss=0.027484 future_loss=0.019577 offset_loss=0.021342 kld=0.023525 cd=0.090301 en_pos=6.371514 en_neg=6.281213 pcd=True subgoal_reg=0.0027760917740516674 
2026-01-21 10:17:10,337 :   257/   43 dest_loss=0.039618 future_loss=0.027658 offset_loss=0.029913 kld=0.023951 cd=-0.012827 en_pos=6.552173 en_neg=6.565001 pcd=True subgoal_reg=0.0029424569137259733 
2026-01-21 10:17:26,480 :   263/   43 dest_loss=0.114329 future_loss=0.066221 offset_loss=0.118508 kld=0.025220 cd=0.272572 en_pos=6.667237 en_neg=6.394665 pcd=True subgoal_reg=0.002773394386194566 
2026-01-21 10:17:42,908 :   269/   43 dest_loss=0.033661 future_loss=0.024353 offset_loss=0.026305 kld=0.023940 cd=-0.002418 en_pos=6.313841 en_neg=6.316259 pcd=True subgoal_reg=0.0027386729151910455 
2026-01-21 10:17:59,432 :   275/   43 dest_loss=0.032687 future_loss=0.024379 offset_loss=0.022849 kld=0.022992 cd=0.132785 en_pos=6.440436 en_neg=6.307651 pcd=True subgoal_reg=0.0026189463923252335 
2026-01-21 10:18:16,089 :   281/   43 dest_loss=0.036538 future_loss=0.025740 offset_loss=0.028144 kld=0.023725 cd=-0.264297 en_pos=6.366689 en_neg=6.630986 pcd=True subgoal_reg=0.00273070459891965 
2026-01-21 10:18:34,186 :   287/   43 dest_loss=0.034723 future_loss=0.025405 offset_loss=0.028159 kld=0.024571 cd=-0.154852 en_pos=6.282460 en_neg=6.437313 pcd=True subgoal_reg=0.002605028205364155 
2026-01-21 10:18:51,756 :   293/   43 dest_loss=0.032573 future_loss=0.022766 offset_loss=0.024504 kld=0.023155 cd=0.101580 en_pos=6.269647 en_neg=6.168067 pcd=True subgoal_reg=0.0030558497630930504 
2026-01-21 10:19:08,266 :   299/   43 dest_loss=0.032373 future_loss=0.022641 offset_loss=0.025779 kld=0.023427 cd=-0.077036 en_pos=6.525038 en_neg=6.602075 pcd=True subgoal_reg=0.002816295034824262 
2026-01-21 10:19:24,681 :   305/   43 dest_loss=0.035228 future_loss=0.025770 offset_loss=0.027793 kld=0.025485 cd=-0.178001 en_pos=6.405830 en_neg=6.583831 pcd=True subgoal_reg=0.002723758982347349 
2026-01-21 10:19:41,448 :   311/   43 dest_loss=0.026479 future_loss=0.019772 offset_loss=0.021608 kld=0.025268 cd=0.175169 en_pos=6.624500 en_neg=6.449331 pcd=True subgoal_reg=0.002740138076586373 
2026-01-21 10:19:58,497 :   317/   43 dest_loss=0.036221 future_loss=0.025385 offset_loss=0.028280 kld=0.023747 cd=-0.034973 en_pos=6.388483 en_neg=6.423456 pcd=True subgoal_reg=0.002601656906723716 
2026-01-21 10:20:15,464 :   323/   43 dest_loss=0.031461 future_loss=0.024212 offset_loss=0.020457 kld=0.023171 cd=0.049600 en_pos=6.469736 en_neg=6.420136 pcd=True subgoal_reg=0.0026257057486409876 
2026-01-21 10:20:32,132 :   329/   43 dest_loss=0.028574 future_loss=0.020814 offset_loss=0.022600 kld=0.023618 cd=0.016279 en_pos=6.341856 en_neg=6.325577 pcd=True subgoal_reg=0.002854901306153647 
2026-01-21 10:20:48,519 :   335/   43 dest_loss=0.029446 future_loss=0.021722 offset_loss=0.021239 kld=0.023010 cd=-0.074188 en_pos=6.498481 en_neg=6.572669 pcd=True subgoal_reg=0.0028755693562613257 
2026-01-21 10:21:04,907 :   341/   43 dest_loss=0.025715 future_loss=0.018995 offset_loss=0.020849 kld=0.023722 cd=-0.094360 en_pos=6.382839 en_neg=6.477199 pcd=True subgoal_reg=0.0027922368891303466 
2026-01-21 10:21:22,921 :   347/   43 dest_loss=0.028095 future_loss=0.018855 offset_loss=0.026271 kld=0.023287 cd=-0.071750 en_pos=6.358970 en_neg=6.430720 pcd=True subgoal_reg=0.002808432579769194 
2026-01-21 10:21:40,851 :   353/   43 dest_loss=0.035417 future_loss=0.024769 offset_loss=0.027047 kld=0.024109 cd=-0.053096 en_pos=6.639376 en_neg=6.692472 pcd=True subgoal_reg=0.0029554880614697868 
2026-01-21 10:21:56,854 :   359/   43 dest_loss=0.030583 future_loss=0.022019 offset_loss=0.024049 kld=0.024618 cd=0.005290 en_pos=6.341264 en_neg=6.335974 pcd=True subgoal_reg=0.0026719003184707607 
2026-01-21 10:22:12,864 :   365/   43 dest_loss=0.031818 future_loss=0.022719 offset_loss=0.025064 kld=0.023819 cd=-0.055135 en_pos=6.428202 en_neg=6.483337 pcd=True subgoal_reg=0.003129658839250979 
2026-01-21 10:22:28,866 :   371/   43 dest_loss=0.031102 future_loss=0.021825 offset_loss=0.024371 kld=0.022515 cd=0.104330 en_pos=6.476583 en_neg=6.372253 pcd=True subgoal_reg=0.002723041483464384 
2026-01-21 10:22:44,902 :   377/   43 dest_loss=0.029864 future_loss=0.021638 offset_loss=0.024675 kld=0.023337 cd=0.095134 en_pos=6.428894 en_neg=6.333760 pcd=True subgoal_reg=0.0027788853292010944 
2026-01-21 10:23:01,254 :   383/   43 dest_loss=0.030781 future_loss=0.021658 offset_loss=0.023801 kld=0.023664 cd=-0.223527 en_pos=6.401916 en_neg=6.625443 pcd=True subgoal_reg=0.0028603129284143765 
2026-01-21 10:23:17,381 :   389/   43 dest_loss=0.030880 future_loss=0.021968 offset_loss=0.023898 kld=0.022961 cd=-0.316955 en_pos=6.330423 en_neg=6.647378 pcd=True subgoal_reg=0.0026112163037851454 
2026-01-21 10:23:33,407 :   395/   43 dest_loss=0.034556 future_loss=0.025394 offset_loss=0.023215 kld=0.023021 cd=0.137859 en_pos=6.554945 en_neg=6.417086 pcd=True subgoal_reg=0.002635608660963448 
2026-01-21 10:23:49,826 :   401/   43 dest_loss=0.033258 future_loss=0.022525 offset_loss=0.027898 kld=0.022742 cd=-0.104505 en_pos=6.350266 en_neg=6.454771 pcd=True subgoal_reg=0.0025887071893442703 
2026-01-21 10:24:06,531 :   407/   43 dest_loss=0.034434 future_loss=0.024894 offset_loss=0.026628 kld=0.023966 cd=0.110428 en_pos=6.608638 en_neg=6.498210 pcd=True subgoal_reg=0.0028127119624573003 
2026-01-21 10:24:23,946 :   413/   43 dest_loss=0.035593 future_loss=0.024444 offset_loss=0.027634 kld=0.023324 cd=-0.212230 en_pos=6.372754 en_neg=6.584984 pcd=True subgoal_reg=0.002813767835991908 
2026-01-21 10:24:41,206 :   419/   43 dest_loss=0.031072 future_loss=0.021745 offset_loss=0.024365 kld=0.023283 cd=-0.024064 en_pos=6.383725 en_neg=6.407789 pcd=True subgoal_reg=0.002599199788772929 
2026-01-21 10:24:57,532 :   425/   43 dest_loss=0.029955 future_loss=0.021442 offset_loss=0.024565 kld=0.023983 cd=-0.136067 en_pos=6.235140 en_neg=6.371206 pcd=True subgoal_reg=0.0023214221887395622 
2026-01-21 10:25:13,969 :   431/   43 dest_loss=0.030761 future_loss=0.022371 offset_loss=0.025458 kld=0.024097 cd=-0.042094 en_pos=6.545197 en_neg=6.587291 pcd=True subgoal_reg=0.0026651149315392907 
2026-01-21 10:25:31,718 :   437/   43 dest_loss=0.045226 future_loss=0.033361 offset_loss=0.029508 kld=0.024280 cd=-0.089255 en_pos=6.474553 en_neg=6.563808 pcd=True subgoal_reg=0.00301786436149442 
2026-01-21 10:25:49,486 :   443/   43 dest_loss=0.031516 future_loss=0.022957 offset_loss=0.024303 kld=0.025153 cd=0.031032 en_pos=6.611741 en_neg=6.580709 pcd=True subgoal_reg=0.002865472350700069 
2026-01-21 10:26:11,185 :   449/   43 dest_loss=0.028993 future_loss=0.020930 offset_loss=0.023290 kld=0.024467 cd=-0.115157 en_pos=6.234916 en_neg=6.350073 pcd=True subgoal_reg=0.002691622455539891 
2026-01-21 10:26:29,418 :   455/   43 dest_loss=0.164342 future_loss=0.144987 offset_loss=0.124732 kld=0.026428 cd=0.080500 en_pos=6.514780 en_neg=6.434280 pcd=True subgoal_reg=0.0027624202928107724 
2026-01-21 10:26:47,679 :   461/   43 dest_loss=0.032791 future_loss=0.024381 offset_loss=0.023853 kld=0.022846 cd=-0.018931 en_pos=6.500160 en_neg=6.519090 pcd=True subgoal_reg=0.0027226060962122394 
2026-01-21 10:27:05,917 :   467/   43 dest_loss=0.030569 future_loss=0.021993 offset_loss=0.023898 kld=0.023147 cd=-0.267592 en_pos=6.303947 en_neg=6.571539 pcd=True subgoal_reg=0.0025139126807125598 
2026-01-21 10:27:23,812 :   473/   43 dest_loss=0.026471 future_loss=0.019368 offset_loss=0.021082 kld=0.023983 cd=-0.184140 en_pos=6.421726 en_neg=6.605865 pcd=True subgoal_reg=0.002789696982166471 
2026-01-21 10:27:41,879 :   479/   43 dest_loss=0.031693 future_loss=0.024211 offset_loss=0.020042 kld=0.023790 cd=-0.140436 en_pos=6.544844 en_neg=6.685279 pcd=True subgoal_reg=0.002809497297402232 
2026-01-21 10:28:00,107 :   485/   43 dest_loss=0.038920 future_loss=0.028185 offset_loss=0.029593 kld=0.023140 cd=-0.266255 en_pos=6.173912 en_neg=6.440167 pcd=True subgoal_reg=0.0025897342464960733 
2026-01-21 10:28:19,333 :   491/   43 dest_loss=0.032882 future_loss=0.023164 offset_loss=0.026106 kld=0.024067 cd=-0.157812 en_pos=6.525646 en_neg=6.683458 pcd=True subgoal_reg=0.002915433818146766 
2026-01-21 10:28:38,009 :   497/   43 dest_loss=0.119737 future_loss=0.105576 offset_loss=0.058315 kld=0.025824 cd=-0.011938 en_pos=6.259755 en_neg=6.271693 pcd=True subgoal_reg=0.002747831625735901 
2026-01-21 10:28:56,481 :   503/   43 dest_loss=0.034076 future_loss=0.024361 offset_loss=0.027286 kld=0.022895 cd=-0.117565 en_pos=6.355933 en_neg=6.473498 pcd=True subgoal_reg=0.0024501437697514628 
2026-01-21 10:29:17,332 :   509/   43 dest_loss=0.087055 future_loss=0.072798 offset_loss=0.055026 kld=0.023805 cd=0.009903 en_pos=6.436697 en_neg=6.426793 pcd=True subgoal_reg=0.0026840311369916003 
2026-01-21 10:31:38,441 : Train Loss 83.6464455167828
2026-01-21 10:31:38,441 : Overall Loss 17.55239648084976
2026-01-21 10:31:38,441 : Dest Loss 23.439788495015353
2026-01-21 10:31:38,441 : Val ADE 0.11936783818567182
2026-01-21 10:31:38,441 : Val FDE 0.1415380362169152
2026-01-21 10:31:38,441 : Val Best ADE 0.11827046766743558
2026-01-21 10:31:38,441 : Val Best FDE 0.14213166484597517
2026-01-21 10:31:38,441 : ----->learning rate 4.8828125e-06
2026-01-21 10:31:57,301 :     5/   44 dest_loss=0.096646 future_loss=0.062676 offset_loss=0.098548 kld=0.023957 cd=-0.123217 en_pos=6.478694 en_neg=6.601910 pcd=True subgoal_reg=0.0028100883226425183 
2026-01-21 10:32:16,005 :    11/   44 dest_loss=0.038137 future_loss=0.027357 offset_loss=0.029584 kld=0.024818 cd=0.023189 en_pos=6.371577 en_neg=6.348388 pcd=True subgoal_reg=0.0026872328765224257 
2026-01-21 10:32:34,954 :    17/   44 dest_loss=0.030643 future_loss=0.021739 offset_loss=0.025279 kld=0.024305 cd=-0.088396 en_pos=6.260291 en_neg=6.348687 pcd=True subgoal_reg=0.002664615216319283 
2026-01-21 10:32:53,385 :    23/   44 dest_loss=0.047203 future_loss=0.036551 offset_loss=0.060543 kld=0.024207 cd=0.049381 en_pos=6.263065 en_neg=6.213684 pcd=True subgoal_reg=0.002467110189090167 
2026-01-21 10:33:15,000 :    29/   44 dest_loss=0.034868 future_loss=0.025376 offset_loss=0.026833 kld=0.025521 cd=-0.064877 en_pos=6.330183 en_neg=6.395060 pcd=True subgoal_reg=0.002980190010698127 
2026-01-21 10:33:33,132 :    35/   44 dest_loss=0.030218 future_loss=0.022274 offset_loss=0.024312 kld=0.023948 cd=0.056820 en_pos=6.399752 en_neg=6.342932 pcd=True subgoal_reg=0.0025709461977223634 
2026-01-21 10:33:49,799 :    41/   44 dest_loss=0.037522 future_loss=0.026182 offset_loss=0.029318 kld=0.022890 cd=0.065817 en_pos=6.337937 en_neg=6.272120 pcd=True subgoal_reg=0.0026711059237920012 
2026-01-21 10:34:08,116 :    47/   44 dest_loss=0.029676 future_loss=0.019093 offset_loss=0.027185 kld=0.023199 cd=-0.094558 en_pos=6.418110 en_neg=6.512667 pcd=True subgoal_reg=0.002809834504817622 
2026-01-21 10:34:25,334 :    53/   44 dest_loss=0.033469 future_loss=0.023761 offset_loss=0.026068 kld=0.023496 cd=0.106229 en_pos=6.500616 en_neg=6.394388 pcd=True subgoal_reg=0.002573576665757505 
2026-01-21 10:34:42,490 :    59/   44 dest_loss=0.038222 future_loss=0.028302 offset_loss=0.030171 kld=0.024109 cd=-0.280866 en_pos=6.285461 en_neg=6.566327 pcd=True subgoal_reg=0.002655243934275243 
2026-01-21 10:34:59,593 :    65/   44 dest_loss=0.031326 future_loss=0.022998 offset_loss=0.024679 kld=0.024099 cd=-0.133144 en_pos=6.292640 en_neg=6.425784 pcd=True subgoal_reg=0.0023498482111813214 
2026-01-21 10:35:16,403 :    71/   44 dest_loss=0.202824 future_loss=0.153298 offset_loss=0.097230 kld=0.026361 cd=-0.023705 en_pos=6.526603 en_neg=6.550308 pcd=True subgoal_reg=0.0029649520241412817 
2026-01-21 10:35:33,633 :    77/   44 dest_loss=0.024960 future_loss=0.018015 offset_loss=0.021301 kld=0.024283 cd=0.099371 en_pos=6.503386 en_neg=6.404015 pcd=True subgoal_reg=0.002816659274090739 
2026-01-21 10:35:50,593 :    83/   44 dest_loss=0.026565 future_loss=0.018788 offset_loss=0.022227 kld=0.023402 cd=0.191997 en_pos=6.606938 en_neg=6.414941 pcd=True subgoal_reg=0.002736943379589545 
2026-01-21 10:36:09,159 :    89/   44 dest_loss=0.032163 future_loss=0.022839 offset_loss=0.024947 kld=0.023862 cd=0.109956 en_pos=6.466468 en_neg=6.356513 pcd=True subgoal_reg=0.002971178242150669 
2026-01-21 10:36:27,450 :    95/   44 dest_loss=0.029307 future_loss=0.020653 offset_loss=0.023668 kld=0.024326 cd=-0.160861 en_pos=6.374756 en_neg=6.535617 pcd=True subgoal_reg=0.0027319982061464365 
2026-01-21 10:36:46,355 :   101/   44 dest_loss=0.030623 future_loss=0.021550 offset_loss=0.024527 kld=0.023137 cd=0.087213 en_pos=6.454089 en_neg=6.366875 pcd=True subgoal_reg=0.002768572724994445 
2026-01-21 10:37:04,991 :   107/   44 dest_loss=0.121381 future_loss=0.094535 offset_loss=0.063545 kld=0.025013 cd=-0.257756 en_pos=6.100950 en_neg=6.358706 pcd=True subgoal_reg=0.002553280330815271 
2026-01-21 10:37:23,195 :   113/   44 dest_loss=0.033418 future_loss=0.024535 offset_loss=0.026374 kld=0.023686 cd=-0.096357 en_pos=6.332047 en_neg=6.428404 pcd=True subgoal_reg=0.0028315712393227285 
2026-01-21 10:37:40,194 :   119/   44 dest_loss=0.030499 future_loss=0.021089 offset_loss=0.023865 kld=0.023452 cd=0.088560 en_pos=6.759386 en_neg=6.670825 pcd=True subgoal_reg=0.003015505028571043 
2026-01-21 10:37:57,097 :   125/   44 dest_loss=0.073299 future_loss=0.066293 offset_loss=0.053931 kld=0.023572 cd=0.123313 en_pos=6.417333 en_neg=6.294021 pcd=True subgoal_reg=0.0028032800940641137 
2026-01-21 10:38:14,628 :   131/   44 dest_loss=0.030770 future_loss=0.022645 offset_loss=0.021046 kld=0.023180 cd=0.135430 en_pos=6.586913 en_neg=6.451483 pcd=True subgoal_reg=0.002965939261478424 
2026-01-21 10:38:32,629 :   137/   44 dest_loss=0.033027 future_loss=0.023034 offset_loss=0.026571 kld=0.023785 cd=-0.198043 en_pos=6.434258 en_neg=6.632302 pcd=True subgoal_reg=0.0028859448359043072 
2026-01-21 10:38:51,089 :   143/   44 dest_loss=0.101573 future_loss=0.058378 offset_loss=0.070844 kld=0.026367 cd=-0.014550 en_pos=6.403803 en_neg=6.418353 pcd=True subgoal_reg=0.002891271887032803 
2026-01-21 10:39:10,045 :   149/   44 dest_loss=0.032066 future_loss=0.022629 offset_loss=0.025650 kld=0.025054 cd=0.075023 en_pos=6.374497 en_neg=6.299474 pcd=True subgoal_reg=0.0029913664955095935 
2026-01-21 10:39:29,280 :   155/   44 dest_loss=0.032830 future_loss=0.023735 offset_loss=0.025632 kld=0.024749 cd=0.152304 en_pos=6.472099 en_neg=6.319795 pcd=True subgoal_reg=0.00262384924671327 
2026-01-21 10:39:48,727 :   161/   44 dest_loss=0.029961 future_loss=0.021137 offset_loss=0.024048 kld=0.022759 cd=0.302208 en_pos=6.622853 en_neg=6.320644 pcd=True subgoal_reg=0.002814366075394599 
2026-01-21 10:40:07,896 :   167/   44 dest_loss=0.032785 future_loss=0.023845 offset_loss=0.025633 kld=0.023945 cd=0.210631 en_pos=6.522727 en_neg=6.312096 pcd=True subgoal_reg=0.002728388017745042 
2026-01-21 10:40:27,395 :   173/   44 dest_loss=0.031605 future_loss=0.022959 offset_loss=0.025210 kld=0.024174 cd=-0.138986 en_pos=6.323233 en_neg=6.462218 pcd=True subgoal_reg=0.0026612270373351527 
2026-01-21 10:40:49,388 :   179/   44 dest_loss=0.033732 future_loss=0.025144 offset_loss=0.023876 kld=0.024008 cd=-0.219685 en_pos=6.377509 en_neg=6.597194 pcd=True subgoal_reg=0.002739153373702204 
2026-01-21 10:41:08,560 :   185/   44 dest_loss=0.030751 future_loss=0.021908 offset_loss=0.024455 kld=0.023821 cd=-0.033488 en_pos=6.403929 en_neg=6.437417 pcd=True subgoal_reg=0.002799447164941059 
2026-01-21 10:41:27,279 :   191/   44 dest_loss=0.032645 future_loss=0.023468 offset_loss=0.025988 kld=0.024802 cd=0.205484 en_pos=6.523706 en_neg=6.318222 pcd=True subgoal_reg=0.0028083009061672377 
2026-01-21 10:41:44,671 :   197/   44 dest_loss=0.025720 future_loss=0.018983 offset_loss=0.021998 kld=0.024498 cd=0.087200 en_pos=6.629949 en_neg=6.542750 pcd=True subgoal_reg=0.0027352791599920996 
